ISO-10303-21;
HEADER;
FILE_DESCRIPTION(('Open CASCADE Model'),'2;1');
FILE_NAME('footprint_flange_107.step','2026-10-01T00:00:00',(''),(''),
  'Open CASCADE STEP processor 7.9.3','build123d 0.11.1','');
FILE_SCHEMA((
'AP242_MANAGED_MODEL_BASED_3D_ENGINEERING_MIM_LF {1 0 10303 442 1 1 4 }'
    ));
ENDSEC;
DATA;
#1 = APPLICATION_PROTOCOL_DEFINITION('international standard',
  'ap242_managed_model_based_3d_engineering',2013,#2);
#2 = APPLICATION_CONTEXT('Managed model based 3d engineering');
#3 = SHAPE_DEFINITION_REPRESENTATION(#4,#10);
#4 = PRODUCT_DEFINITION_SHAPE('','',#5);
#5 = PRODUCT_DEFINITION('design','',#6,#9);
#6 = PRODUCT_DEFINITION_FORMATION('','',#7);
#7 = PRODUCT('od_c11_back','od_c11_back','',(#8));
#8 = PRODUCT_CONTEXT('',#2,'mechanical');
#9 = PRODUCT_DEFINITION_CONTEXT('part definition',#2,'design');
#10 = ADVANCED_BREP_SHAPE_REPRESENTATION('',(#11,#15),#5055);
#11 = AXIS2_PLACEMENT_3D('',#12,#13,#14);
#12 = CARTESIAN_POINT('',(0.,0.,0.));
#13 = DIRECTION('',(0.,0.,1.));
#14 = DIRECTION('',(1.,0.,-0.));
#15 = MANIFOLD_SOLID_BREP('',#16);
#16 = CLOSED_SHELL('',(#17,#137,#1746,#1817,#1871,#1925,#1952,#2023,
    #2077,#2131,#2158,#2229,#2283,#2337,#2364,#2435,#2489,#2543,#2570,
    #2641,#2695,#2749,#2776,#2826,#2876,#2926,#2997,#3073,#3328,#3355,
    #3382,#3409,#3436,#3463,#3490,#3517,#3544,#3571,#3598,#3697,#3768,
    #3817,#3843,#3980,#4030,#4080,#4106,#4133,#4161,#4260,#4331,#4380,
    #4406,#4454,#4503,#4529,#4624,#4674,#4724,#4751,#4844,#4899,#4903,
    #4958,#4962,#5028));
#17 = ADVANCED_FACE('',(#18),#32,.F.);
#18 = FACE_BOUND('',#19,.F.);
#19 = EDGE_LOOP('',(#20,#55,#83,#111));
#20 = ORIENTED_EDGE('',*,*,#21,.F.);
#21 = EDGE_CURVE('',#22,#24,#26,.T.);
#22 = VERTEX_POINT('',#23);
#23 = CARTESIAN_POINT('',(-116.,0.,-302.));
#24 = VERTEX_POINT('',#25);
#25 = CARTESIAN_POINT('',(-116.,0.,-299.));
#26 = SURFACE_CURVE('',#27,(#31,#43),.PCURVE_S1.);
#27 = LINE('',#28,#29);
#28 = CARTESIAN_POINT('',(-116.,0.,-302.));
#29 = VECTOR('',#30,1.);
#30 = DIRECTION('',(0.,0.,1.));
#31 = PCURVE('',#32,#37);
#32 = PLANE('',#33);
#33 = AXIS2_PLACEMENT_3D('',#34,#35,#36);
#34 = CARTESIAN_POINT('',(-116.,0.,-302.));
#35 = DIRECTION('',(1.,0.,-0.));
#36 = DIRECTION('',(0.,0.,1.));
#37 = DEFINITIONAL_REPRESENTATION('',(#38),#42);
#38 = LINE('',#39,#40);
#39 = CARTESIAN_POINT('',(0.,0.));
#40 = VECTOR('',#41,1.);
#41 = DIRECTION('',(1.,0.));
#42 = ( GEOMETRIC_REPRESENTATION_CONTEXT(2) 
PARAMETRIC_REPRESENTATION_CONTEXT() REPRESENTATION_CONTEXT('2D SPACE',''
  ) );
#43 = PCURVE('',#44,#49);
#44 = PLANE('',#45);
#45 = AXIS2_PLACEMENT_3D('',#46,#47,#48);
#46 = CARTESIAN_POINT('',(-116.,0.,-302.));
#47 = DIRECTION('',(-0.,1.,0.));
#48 = DIRECTION('',(0.,0.,1.));
#49 = DEFINITIONAL_REPRESENTATION('',(#50),#54);
#50 = LINE('',#51,#52);
#51 = CARTESIAN_POINT('',(0.,0.));
#52 = VECTOR('',#53,1.);
#53 = DIRECTION('',(1.,0.));
#54 = ( GEOMETRIC_REPRESENTATION_CONTEXT(2) 
PARAMETRIC_REPRESENTATION_CONTEXT() REPRESENTATION_CONTEXT('2D SPACE',''
  ) );
#55 = ORIENTED_EDGE('',*,*,#56,.T.);
#56 = EDGE_CURVE('',#22,#57,#59,.T.);
#57 = VERTEX_POINT('',#58);
#58 = CARTESIAN_POINT('',(-116.,215.,-302.));
#59 = SURFACE_CURVE('',#60,(#64,#71),.PCURVE_S1.);
#60 = LINE('',#61,#62);
#61 = CARTESIAN_POINT('',(-116.,0.,-302.));
#62 = VECTOR('',#63,1.);
#63 = DIRECTION('',(-0.,1.,0.));
#64 = PCURVE('',#32,#65);
#65 = DEFINITIONAL_REPRESENTATION('',(#66),#70);
#66 = LINE('',#67,#68);
#67 = CARTESIAN_POINT('',(0.,0.));
#68 = VECTOR('',#69,1.);
#69 = DIRECTION('',(0.,-1.));
#70 = ( GEOMETRIC_REPRESENTATION_CONTEXT(2) 
PARAMETRIC_REPRESENTATION_CONTEXT() REPRESENTATION_CONTEXT('2D SPACE',''
  ) );
#71 = PCURVE('',#72,#77);
#72 = PLANE('',#73);
#73 = AXIS2_PLACEMENT_3D('',#74,#75,#76);
#74 = CARTESIAN_POINT('',(-116.,0.,-302.));
#75 = DIRECTION('',(0.,0.,1.));
#76 = DIRECTION('',(1.,0.,-0.));
#77 = DEFINITIONAL_REPRESENTATION('',(#78),#82);
#78 = LINE('',#79,#80);
#79 = CARTESIAN_POINT('',(0.,0.));
#80 = VECTOR('',#81,1.);
#81 = DIRECTION('',(0.,1.));
#82 = ( GEOMETRIC_REPRESENTATION_CONTEXT(2) 
PARAMETRIC_REPRESENTATION_CONTEXT() REPRESENTATION_CONTEXT('2D SPACE',''
  ) );
#83 = ORIENTED_EDGE('',*,*,#84,.T.);
#84 = EDGE_CURVE('',#57,#85,#87,.T.);
#85 = VERTEX_POINT('',#86);
#86 = CARTESIAN_POINT('',(-116.,215.,-299.));
#87 = SURFACE_CURVE('',#88,(#92,#99),.PCURVE_S1.);
#88 = LINE('',#89,#90);
#89 = CARTESIAN_POINT('',(-116.,215.,-302.));
#90 = VECTOR('',#91,1.);
#91 = DIRECTION('',(0.,0.,1.));
#92 = PCURVE('',#32,#93);
#93 = DEFINITIONAL_REPRESENTATION('',(#94),#98);
#94 = LINE('',#95,#96);
#95 = CARTESIAN_POINT('',(0.,-215.));
#96 = VECTOR('',#97,1.);
#97 = DIRECTION('',(1.,0.));
#98 = ( GEOMETRIC_REPRESENTATION_CONTEXT(2) 
PARAMETRIC_REPRESENTATION_CONTEXT() REPRESENTATION_CONTEXT('2D SPACE',''
  ) );
#99 = PCURVE('',#100,#105);
#100 = PLANE('',#101);
#101 = AXIS2_PLACEMENT_3D('',#102,#103,#104);
#102 = CARTESIAN_POINT('',(-116.,215.,-302.));
#103 = DIRECTION('',(-0.,1.,0.));
#104 = DIRECTION('',(0.,0.,1.));
#105 = DEFINITIONAL_REPRESENTATION('',(#106),#110);
#106 = LINE('',#107,#108);
#107 = CARTESIAN_POINT('',(0.,0.));
#108 = VECTOR('',#109,1.);
#109 = DIRECTION('',(1.,0.));
#110 = ( GEOMETRIC_REPRESENTATION_CONTEXT(2) 
PARAMETRIC_REPRESENTATION_CONTEXT() REPRESENTATION_CONTEXT('2D SPACE',''
  ) );
#111 = ORIENTED_EDGE('',*,*,#112,.F.);
#112 = EDGE_CURVE('',#24,#85,#113,.T.);
#113 = SURFACE_CURVE('',#114,(#118,#125),.PCURVE_S1.);
#114 = LINE('',#115,#116);
#115 = CARTESIAN_POINT('',(-116.,0.,-299.));
#116 = VECTOR('',#117,1.);
#117 = DIRECTION('',(-0.,1.,0.));
#118 = PCURVE('',#32,#119);
#119 = DEFINITIONAL_REPRESENTATION('',(#120),#124);
#120 = LINE('',#121,#122);
#121 = CARTESIAN_POINT('',(3.,0.));
#122 = VECTOR('',#123,1.);
#123 = DIRECTION('',(0.,-1.));
#124 = ( GEOMETRIC_REPRESENTATION_CONTEXT(2) 
PARAMETRIC_REPRESENTATION_CONTEXT() REPRESENTATION_CONTEXT('2D SPACE',''
  ) );
#125 = PCURVE('',#126,#131);
#126 = PLANE('',#127);
#127 = AXIS2_PLACEMENT_3D('',#128,#129,#130);
#128 = CARTESIAN_POINT('',(-116.,0.,-299.));
#129 = DIRECTION('',(0.,0.,1.));
#130 = DIRECTION('',(1.,0.,-0.));
#131 = DEFINITIONAL_REPRESENTATION('',(#132),#136);
#132 = LINE('',#133,#134);
#133 = CARTESIAN_POINT('',(0.,0.));
#134 = VECTOR('',#135,1.);
#135 = DIRECTION('',(0.,1.));
#136 = ( GEOMETRIC_REPRESENTATION_CONTEXT(2) 
PARAMETRIC_REPRESENTATION_CONTEXT() REPRESENTATION_CONTEXT('2D SPACE',''
  ) );
#137 = ADVANCED_FACE('',(#138,#1033,#1064,#1095,#1126,#1250,#1374,#1498,
    #1622),#126,.T.);
#138 = FACE_BOUND('',#139,.T.);
#139 = EDGE_LOOP('',(#140,#165,#193,#216,#244,#272,#300,#328,#356,#384,
    #412,#440,#468,#496,#524,#545,#546,#569,#597,#625,#653,#681,#709,
    #737,#765,#788,#816,#844,#872,#900,#928,#956,#984,#1007));
#140 = ORIENTED_EDGE('',*,*,#141,.T.);
#141 = EDGE_CURVE('',#142,#144,#146,.T.);
#142 = VERTEX_POINT('',#143);
#143 = CARTESIAN_POINT('',(107.,0.,-299.));
#144 = VERTEX_POINT('',#145);
#145 = CARTESIAN_POINT('',(116.,0.,-299.));
#146 = SURFACE_CURVE('',#147,(#151,#158),.PCURVE_S1.);
#147 = LINE('',#148,#149);
#148 = CARTESIAN_POINT('',(-116.,0.,-299.));
#149 = VECTOR('',#150,1.);
#150 = DIRECTION('',(1.,0.,-0.));
#151 = PCURVE('',#126,#152);
#152 = DEFINITIONAL_REPRESENTATION('',(#153),#157);
#153 = LINE('',#154,#155);
#154 = CARTESIAN_POINT('',(0.,0.));
#155 = VECTOR('',#156,1.);
#156 = DIRECTION('',(1.,0.));
#157 = ( GEOMETRIC_REPRESENTATION_CONTEXT(2) 
PARAMETRIC_REPRESENTATION_CONTEXT() REPRESENTATION_CONTEXT('2D SPACE',''
  ) );
#158 = PCURVE('',#44,#159);
#159 = DEFINITIONAL_REPRESENTATION('',(#160),#164);
#160 = LINE('',#161,#162);
#161 = CARTESIAN_POINT('',(3.,0.));
#162 = VECTOR('',#163,1.);
#163 = DIRECTION('',(0.,1.));
#164 = ( GEOMETRIC_REPRESENTATION_CONTEXT(2) 
PARAMETRIC_REPRESENTATION_CONTEXT() REPRESENTATION_CONTEXT('2D SPACE',''
  ) );
#165 = ORIENTED_EDGE('',*,*,#166,.T.);
#166 = EDGE_CURVE('',#144,#167,#169,.T.);
#167 = VERTEX_POINT('',#168);
#168 = CARTESIAN_POINT('',(116.,215.,-299.));
#169 = SURFACE_CURVE('',#170,(#174,#181),.PCURVE_S1.);
#170 = LINE('',#171,#172);
#171 = CARTESIAN_POINT('',(116.,0.,-299.));
#172 = VECTOR('',#173,1.);
#173 = DIRECTION('',(-0.,1.,0.));
#174 = PCURVE('',#126,#175);
#175 = DEFINITIONAL_REPRESENTATION('',(#176),#180);
#176 = LINE('',#177,#178);
#177 = CARTESIAN_POINT('',(232.,0.));
#178 = VECTOR('',#179,1.);
#179 = DIRECTION('',(0.,1.));
#180 = ( GEOMETRIC_REPRESENTATION_CONTEXT(2) 
PARAMETRIC_REPRESENTATION_CONTEXT() REPRESENTATION_CONTEXT('2D SPACE',''
  ) );
#181 = PCURVE('',#182,#187);
#182 = PLANE('',#183);
#183 = AXIS2_PLACEMENT_3D('',#184,#185,#186);
#184 = CARTESIAN_POINT('',(116.,0.,-302.));
#185 = DIRECTION('',(1.,0.,-0.));
#186 = DIRECTION('',(0.,0.,1.));
#187 = DEFINITIONAL_REPRESENTATION('',(#188),#192);
#188 = LINE('',#189,#190);
#189 = CARTESIAN_POINT('',(3.,0.));
#190 = VECTOR('',#191,1.);
#191 = DIRECTION('',(0.,-1.));
#192 = ( GEOMETRIC_REPRESENTATION_CONTEXT(2) 
PARAMETRIC_REPRESENTATION_CONTEXT() REPRESENTATION_CONTEXT('2D SPACE',''
  ) );
#193 = ORIENTED_EDGE('',*,*,#194,.F.);
#194 = EDGE_CURVE('',#195,#167,#197,.T.);
#195 = VERTEX_POINT('',#196);
#196 = CARTESIAN_POINT('',(114.,215.,-299.));
#197 = SURFACE_CURVE('',#198,(#202,#209),.PCURVE_S1.);
#198 = LINE('',#199,#200);
#199 = CARTESIAN_POINT('',(-116.,215.,-299.));
#200 = VECTOR('',#201,1.);
#201 = DIRECTION('',(1.,0.,-0.));
#202 = PCURVE('',#126,#203);
#203 = DEFINITIONAL_REPRESENTATION('',(#204),#208);
#204 = LINE('',#205,#206);
#205 = CARTESIAN_POINT('',(0.,215.));
#206 = VECTOR('',#207,1.);
#207 = DIRECTION('',(1.,0.));
#208 = ( GEOMETRIC_REPRESENTATION_CONTEXT(2) 
PARAMETRIC_REPRESENTATION_CONTEXT() REPRESENTATION_CONTEXT('2D SPACE',''
  ) );
#209 = PCURVE('',#100,#210);
#210 = DEFINITIONAL_REPRESENTATION('',(#211),#215);
#211 = LINE('',#212,#213);
#212 = CARTESIAN_POINT('',(3.,0.));
#213 = VECTOR('',#214,1.);
#214 = DIRECTION('',(0.,1.));
#215 = ( GEOMETRIC_REPRESENTATION_CONTEXT(2) 
PARAMETRIC_REPRESENTATION_CONTEXT() REPRESENTATION_CONTEXT('2D SPACE',''
  ) );
#216 = ORIENTED_EDGE('',*,*,#217,.F.);
#217 = EDGE_CURVE('',#218,#195,#220,.T.);
#218 = VERTEX_POINT('',#219);
#219 = CARTESIAN_POINT('',(114.,211.,-299.));
#220 = SURFACE_CURVE('',#221,(#225,#232),.PCURVE_S1.);
#221 = LINE('',#222,#223);
#222 = CARTESIAN_POINT('',(114.,211.,-299.));
#223 = VECTOR('',#224,1.);
#224 = DIRECTION('',(-0.,1.,0.));
#225 = PCURVE('',#126,#226);
#226 = DEFINITIONAL_REPRESENTATION('',(#227),#231);
#227 = LINE('',#228,#229);
#228 = CARTESIAN_POINT('',(230.,211.));
#229 = VECTOR('',#230,1.);
#230 = DIRECTION('',(0.,1.));
#231 = ( GEOMETRIC_REPRESENTATION_CONTEXT(2) 
PARAMETRIC_REPRESENTATION_CONTEXT() REPRESENTATION_CONTEXT('2D SPACE',''
  ) );
#232 = PCURVE('',#233,#238);
#233 = PLANE('',#234);
#234 = AXIS2_PLACEMENT_3D('',#235,#236,#237);
#235 = CARTESIAN_POINT('',(114.,211.,-299.));
#236 = DIRECTION('',(1.,0.,-0.));
#237 = DIRECTION('',(0.,0.,1.));
#238 = DEFINITIONAL_REPRESENTATION('',(#239),#243);
#239 = LINE('',#240,#241);
#240 = CARTESIAN_POINT('',(0.,0.));
#241 = VECTOR('',#242,1.);
#242 = DIRECTION('',(0.,-1.));
#243 = ( GEOMETRIC_REPRESENTATION_CONTEXT(2) 
PARAMETRIC_REPRESENTATION_CONTEXT() REPRESENTATION_CONTEXT('2D SPACE',''
  ) );
#244 = ORIENTED_EDGE('',*,*,#245,.F.);
#245 = EDGE_CURVE('',#246,#218,#248,.T.);
#246 = VERTEX_POINT('',#247);
#247 = CARTESIAN_POINT('',(96.,211.,-299.));
#248 = SURFACE_CURVE('',#249,(#253,#260),.PCURVE_S1.);
#249 = LINE('',#250,#251);
#250 = CARTESIAN_POINT('',(-114.,211.,-299.));
#251 = VECTOR('',#252,1.);
#252 = DIRECTION('',(1.,0.,-0.));
#253 = PCURVE('',#126,#254);
#254 = DEFINITIONAL_REPRESENTATION('',(#255),#259);
#255 = LINE('',#256,#257);
#256 = CARTESIAN_POINT('',(2.,211.));
#257 = VECTOR('',#258,1.);
#258 = DIRECTION('',(1.,0.));
#259 = ( GEOMETRIC_REPRESENTATION_CONTEXT(2) 
PARAMETRIC_REPRESENTATION_CONTEXT() REPRESENTATION_CONTEXT('2D SPACE',''
  ) );
#260 = PCURVE('',#261,#266);
#261 = PLANE('',#262);
#262 = AXIS2_PLACEMENT_3D('',#263,#264,#265);
#263 = CARTESIAN_POINT('',(-114.,211.,-299.));
#264 = DIRECTION('',(-0.,1.,0.));
#265 = DIRECTION('',(0.,0.,1.));
#266 = DEFINITIONAL_REPRESENTATION('',(#267),#271);
#267 = LINE('',#268,#269);
#268 = CARTESIAN_POINT('',(0.,0.));
#269 = VECTOR('',#270,1.);
#270 = DIRECTION('',(0.,1.));
#271 = ( GEOMETRIC_REPRESENTATION_CONTEXT(2) 
PARAMETRIC_REPRESENTATION_CONTEXT() REPRESENTATION_CONTEXT('2D SPACE',''
  ) );
#272 = ORIENTED_EDGE('',*,*,#273,.F.);
#273 = EDGE_CURVE('',#274,#246,#276,.T.);
#274 = VERTEX_POINT('',#275);
#275 = CARTESIAN_POINT('',(96.,203.,-299.));
#276 = SURFACE_CURVE('',#277,(#281,#288),.PCURVE_S1.);
#277 = LINE('',#278,#279);
#278 = CARTESIAN_POINT('',(96.,203.,-299.));
#279 = VECTOR('',#280,1.);
#280 = DIRECTION('',(-0.,1.,0.));
#281 = PCURVE('',#126,#282);
#282 = DEFINITIONAL_REPRESENTATION('',(#283),#287);
#283 = LINE('',#284,#285);
#284 = CARTESIAN_POINT('',(212.,203.));
#285 = VECTOR('',#286,1.);
#286 = DIRECTION('',(0.,1.));
#287 = ( GEOMETRIC_REPRESENTATION_CONTEXT(2) 
PARAMETRIC_REPRESENTATION_CONTEXT() REPRESENTATION_CONTEXT('2D SPACE',''
  ) );
#288 = PCURVE('',#289,#294);
#289 = PLANE('',#290);
#290 = AXIS2_PLACEMENT_3D('',#291,#292,#293);
#291 = CARTESIAN_POINT('',(96.,203.,-299.));
#292 = DIRECTION('',(1.,0.,-0.));
#293 = DIRECTION('',(0.,0.,1.));
#294 = DEFINITIONAL_REPRESENTATION('',(#295),#299);
#295 = LINE('',#296,#297);
#296 = CARTESIAN_POINT('',(0.,0.));
#297 = VECTOR('',#298,1.);
#298 = DIRECTION('',(0.,-1.));
#299 = ( GEOMETRIC_REPRESENTATION_CONTEXT(2) 
PARAMETRIC_REPRESENTATION_CONTEXT() REPRESENTATION_CONTEXT('2D SPACE',''
  ) );
#300 = ORIENTED_EDGE('',*,*,#301,.F.);
#301 = EDGE_CURVE('',#302,#274,#304,.T.);
#302 = VERTEX_POINT('',#303);
#303 = CARTESIAN_POINT('',(84.,203.,-299.));
#304 = SURFACE_CURVE('',#305,(#309,#316),.PCURVE_S1.);
#305 = LINE('',#306,#307);
#306 = CARTESIAN_POINT('',(84.,203.,-299.));
#307 = VECTOR('',#308,1.);
#308 = DIRECTION('',(1.,0.,-0.));
#309 = PCURVE('',#126,#310);
#310 = DEFINITIONAL_REPRESENTATION('',(#311),#315);
#311 = LINE('',#312,#313);
#312 = CARTESIAN_POINT('',(200.,203.));
#313 = VECTOR('',#314,1.);
#314 = DIRECTION('',(1.,0.));
#315 = ( GEOMETRIC_REPRESENTATION_CONTEXT(2) 
PARAMETRIC_REPRESENTATION_CONTEXT() REPRESENTATION_CONTEXT('2D SPACE',''
  ) );
#316 = PCURVE('',#317,#322);
#317 = PLANE('',#318);
#318 = AXIS2_PLACEMENT_3D('',#319,#320,#321);
#319 = CARTESIAN_POINT('',(84.,203.,-299.));
#320 = DIRECTION('',(-0.,1.,0.));
#321 = DIRECTION('',(0.,0.,1.));
#322 = DEFINITIONAL_REPRESENTATION('',(#323),#327);
#323 = LINE('',#324,#325);
#324 = CARTESIAN_POINT('',(0.,0.));
#325 = VECTOR('',#326,1.);
#326 = DIRECTION('',(0.,1.));
#327 = ( GEOMETRIC_REPRESENTATION_CONTEXT(2) 
PARAMETRIC_REPRESENTATION_CONTEXT() REPRESENTATION_CONTEXT('2D SPACE',''
  ) );
#328 = ORIENTED_EDGE('',*,*,#329,.T.);
#329 = EDGE_CURVE('',#302,#330,#332,.T.);
#330 = VERTEX_POINT('',#331);
#331 = CARTESIAN_POINT('',(84.,211.,-299.));
#332 = SURFACE_CURVE('',#333,(#337,#344),.PCURVE_S1.);
#333 = LINE('',#334,#335);
#334 = CARTESIAN_POINT('',(84.,203.,-299.));
#335 = VECTOR('',#336,1.);
#336 = DIRECTION('',(-0.,1.,0.));
#337 = PCURVE('',#126,#338);
#338 = DEFINITIONAL_REPRESENTATION('',(#339),#343);
#339 = LINE('',#340,#341);
#340 = CARTESIAN_POINT('',(200.,203.));
#341 = VECTOR('',#342,1.);
#342 = DIRECTION('',(0.,1.));
#343 = ( GEOMETRIC_REPRESENTATION_CONTEXT(2) 
PARAMETRIC_REPRESENTATION_CONTEXT() REPRESENTATION_CONTEXT('2D SPACE',''
  ) );
#344 = PCURVE('',#345,#350);
#345 = PLANE('',#346);
#346 = AXIS2_PLACEMENT_3D('',#347,#348,#349);
#347 = CARTESIAN_POINT('',(84.,203.,-299.));
#348 = DIRECTION('',(1.,0.,-0.));
#349 = DIRECTION('',(0.,0.,1.));
#350 = DEFINITIONAL_REPRESENTATION('',(#351),#355);
#351 = LINE('',#352,#353);
#352 = CARTESIAN_POINT('',(0.,0.));
#353 = VECTOR('',#354,1.);
#354 = DIRECTION('',(0.,-1.));
#355 = ( GEOMETRIC_REPRESENTATION_CONTEXT(2) 
PARAMETRIC_REPRESENTATION_CONTEXT() REPRESENTATION_CONTEXT('2D SPACE',''
  ) );
#356 = ORIENTED_EDGE('',*,*,#357,.F.);
#357 = EDGE_CURVE('',#358,#330,#360,.T.);
#358 = VERTEX_POINT('',#359);
#359 = CARTESIAN_POINT('',(-84.,211.,-299.));
#360 = SURFACE_CURVE('',#361,(#365,#372),.PCURVE_S1.);
#361 = LINE('',#362,#363);
#362 = CARTESIAN_POINT('',(-114.,211.,-299.));
#363 = VECTOR('',#364,1.);
#364 = DIRECTION('',(1.,0.,-0.));
#365 = PCURVE('',#126,#366);
#366 = DEFINITIONAL_REPRESENTATION('',(#367),#371);
#367 = LINE('',#368,#369);
#368 = CARTESIAN_POINT('',(2.,211.));
#369 = VECTOR('',#370,1.);
#370 = DIRECTION('',(1.,0.));
#371 = ( GEOMETRIC_REPRESENTATION_CONTEXT(2) 
PARAMETRIC_REPRESENTATION_CONTEXT() REPRESENTATION_CONTEXT('2D SPACE',''
  ) );
#372 = PCURVE('',#373,#378);
#373 = PLANE('',#374);
#374 = AXIS2_PLACEMENT_3D('',#375,#376,#377);
#375 = CARTESIAN_POINT('',(-114.,211.,-299.));
#376 = DIRECTION('',(-0.,1.,0.));
#377 = DIRECTION('',(0.,0.,1.));
#378 = DEFINITIONAL_REPRESENTATION('',(#379),#383);
#379 = LINE('',#380,#381);
#380 = CARTESIAN_POINT('',(0.,0.));
#381 = VECTOR('',#382,1.);
#382 = DIRECTION('',(0.,1.));
#383 = ( GEOMETRIC_REPRESENTATION_CONTEXT(2) 
PARAMETRIC_REPRESENTATION_CONTEXT() REPRESENTATION_CONTEXT('2D SPACE',''
  ) );
#384 = ORIENTED_EDGE('',*,*,#385,.F.);
#385 = EDGE_CURVE('',#386,#358,#388,.T.);
#386 = VERTEX_POINT('',#387);
#387 = CARTESIAN_POINT('',(-84.,203.,-299.));
#388 = SURFACE_CURVE('',#389,(#393,#400),.PCURVE_S1.);
#389 = LINE('',#390,#391);
#390 = CARTESIAN_POINT('',(-84.,203.,-299.));
#391 = VECTOR('',#392,1.);
#392 = DIRECTION('',(-0.,1.,0.));
#393 = PCURVE('',#126,#394);
#394 = DEFINITIONAL_REPRESENTATION('',(#395),#399);
#395 = LINE('',#396,#397);
#396 = CARTESIAN_POINT('',(32.,203.));
#397 = VECTOR('',#398,1.);
#398 = DIRECTION('',(0.,1.));
#399 = ( GEOMETRIC_REPRESENTATION_CONTEXT(2) 
PARAMETRIC_REPRESENTATION_CONTEXT() REPRESENTATION_CONTEXT('2D SPACE',''
  ) );
#400 = PCURVE('',#401,#406);
#401 = PLANE('',#402);
#402 = AXIS2_PLACEMENT_3D('',#403,#404,#405);
#403 = CARTESIAN_POINT('',(-84.,203.,-299.));
#404 = DIRECTION('',(1.,0.,-0.));
#405 = DIRECTION('',(0.,0.,1.));
#406 = DEFINITIONAL_REPRESENTATION('',(#407),#411);
#407 = LINE('',#408,#409);
#408 = CARTESIAN_POINT('',(0.,0.));
#409 = VECTOR('',#410,1.);
#410 = DIRECTION('',(0.,-1.));
#411 = ( GEOMETRIC_REPRESENTATION_CONTEXT(2) 
PARAMETRIC_REPRESENTATION_CONTEXT() REPRESENTATION_CONTEXT('2D SPACE',''
  ) );
#412 = ORIENTED_EDGE('',*,*,#413,.F.);
#413 = EDGE_CURVE('',#414,#386,#416,.T.);
#414 = VERTEX_POINT('',#415);
#415 = CARTESIAN_POINT('',(-96.,203.,-299.));
#416 = SURFACE_CURVE('',#417,(#421,#428),.PCURVE_S1.);
#417 = LINE('',#418,#419);
#418 = CARTESIAN_POINT('',(-96.,203.,-299.));
#419 = VECTOR('',#420,1.);
#420 = DIRECTION('',(1.,0.,-0.));
#421 = PCURVE('',#126,#422);
#422 = DEFINITIONAL_REPRESENTATION('',(#423),#427);
#423 = LINE('',#424,#425);
#424 = CARTESIAN_POINT('',(20.,203.));
#425 = VECTOR('',#426,1.);
#426 = DIRECTION('',(1.,0.));
#427 = ( GEOMETRIC_REPRESENTATION_CONTEXT(2) 
PARAMETRIC_REPRESENTATION_CONTEXT() REPRESENTATION_CONTEXT('2D SPACE',''
  ) );
#428 = PCURVE('',#429,#434);
#429 = PLANE('',#430);
#430 = AXIS2_PLACEMENT_3D('',#431,#432,#433);
#431 = CARTESIAN_POINT('',(-96.,203.,-299.));
#432 = DIRECTION('',(-0.,1.,0.));
#433 = DIRECTION('',(0.,0.,1.));
#434 = DEFINITIONAL_REPRESENTATION('',(#435),#439);
#435 = LINE('',#436,#437);
#436 = CARTESIAN_POINT('',(0.,0.));
#437 = VECTOR('',#438,1.);
#438 = DIRECTION('',(0.,1.));
#439 = ( GEOMETRIC_REPRESENTATION_CONTEXT(2) 
PARAMETRIC_REPRESENTATION_CONTEXT() REPRESENTATION_CONTEXT('2D SPACE',''
  ) );
#440 = ORIENTED_EDGE('',*,*,#441,.T.);
#441 = EDGE_CURVE('',#414,#442,#444,.T.);
#442 = VERTEX_POINT('',#443);
#443 = CARTESIAN_POINT('',(-96.,211.,-299.));
#444 = SURFACE_CURVE('',#445,(#449,#456),.PCURVE_S1.);
#445 = LINE('',#446,#447);
#446 = CARTESIAN_POINT('',(-96.,203.,-299.));
#447 = VECTOR('',#448,1.);
#448 = DIRECTION('',(-0.,1.,0.));
#449 = PCURVE('',#126,#450);
#450 = DEFINITIONAL_REPRESENTATION('',(#451),#455);
#451 = LINE('',#452,#453);
#452 = CARTESIAN_POINT('',(20.,203.));
#453 = VECTOR('',#454,1.);
#454 = DIRECTION('',(0.,1.));
#455 = ( GEOMETRIC_REPRESENTATION_CONTEXT(2) 
PARAMETRIC_REPRESENTATION_CONTEXT() REPRESENTATION_CONTEXT('2D SPACE',''
  ) );
#456 = PCURVE('',#457,#462);
#457 = PLANE('',#458);
#458 = AXIS2_PLACEMENT_3D('',#459,#460,#461);
#459 = CARTESIAN_POINT('',(-96.,203.,-299.));
#460 = DIRECTION('',(1.,0.,-0.));
#461 = DIRECTION('',(0.,0.,1.));
#462 = DEFINITIONAL_REPRESENTATION('',(#463),#467);
#463 = LINE('',#464,#465);
#464 = CARTESIAN_POINT('',(0.,0.));
#465 = VECTOR('',#466,1.);
#466 = DIRECTION('',(0.,-1.));
#467 = ( GEOMETRIC_REPRESENTATION_CONTEXT(2) 
PARAMETRIC_REPRESENTATION_CONTEXT() REPRESENTATION_CONTEXT('2D SPACE',''
  ) );
#468 = ORIENTED_EDGE('',*,*,#469,.F.);
#469 = EDGE_CURVE('',#470,#442,#472,.T.);
#470 = VERTEX_POINT('',#471);
#471 = CARTESIAN_POINT('',(-114.,211.,-299.));
#472 = SURFACE_CURVE('',#473,(#477,#484),.PCURVE_S1.);
#473 = LINE('',#474,#475);
#474 = CARTESIAN_POINT('',(-114.,211.,-299.));
#475 = VECTOR('',#476,1.);
#476 = DIRECTION('',(1.,0.,-0.));
#477 = PCURVE('',#126,#478);
#478 = DEFINITIONAL_REPRESENTATION('',(#479),#483);
#479 = LINE('',#480,#481);
#480 = CARTESIAN_POINT('',(2.,211.));
#481 = VECTOR('',#482,1.);
#482 = DIRECTION('',(1.,0.));
#483 = ( GEOMETRIC_REPRESENTATION_CONTEXT(2) 
PARAMETRIC_REPRESENTATION_CONTEXT() REPRESENTATION_CONTEXT('2D SPACE',''
  ) );
#484 = PCURVE('',#485,#490);
#485 = PLANE('',#486);
#486 = AXIS2_PLACEMENT_3D('',#487,#488,#489);
#487 = CARTESIAN_POINT('',(-114.,211.,-299.));
#488 = DIRECTION('',(-0.,1.,0.));
#489 = DIRECTION('',(0.,0.,1.));
#490 = DEFINITIONAL_REPRESENTATION('',(#491),#495);
#491 = LINE('',#492,#493);
#492 = CARTESIAN_POINT('',(0.,0.));
#493 = VECTOR('',#494,1.);
#494 = DIRECTION('',(0.,1.));
#495 = ( GEOMETRIC_REPRESENTATION_CONTEXT(2) 
PARAMETRIC_REPRESENTATION_CONTEXT() REPRESENTATION_CONTEXT('2D SPACE',''
  ) );
#496 = ORIENTED_EDGE('',*,*,#497,.T.);
#497 = EDGE_CURVE('',#470,#498,#500,.T.);
#498 = VERTEX_POINT('',#499);
#499 = CARTESIAN_POINT('',(-114.,215.,-299.));
#500 = SURFACE_CURVE('',#501,(#505,#512),.PCURVE_S1.);
#501 = LINE('',#502,#503);
#502 = CARTESIAN_POINT('',(-114.,211.,-299.));
#503 = VECTOR('',#504,1.);
#504 = DIRECTION('',(-0.,1.,0.));
#505 = PCURVE('',#126,#506);
#506 = DEFINITIONAL_REPRESENTATION('',(#507),#511);
#507 = LINE('',#508,#509);
#508 = CARTESIAN_POINT('',(2.,211.));
#509 = VECTOR('',#510,1.);
#510 = DIRECTION('',(0.,1.));
#511 = ( GEOMETRIC_REPRESENTATION_CONTEXT(2) 
PARAMETRIC_REPRESENTATION_CONTEXT() REPRESENTATION_CONTEXT('2D SPACE',''
  ) );
#512 = PCURVE('',#513,#518);
#513 = PLANE('',#514);
#514 = AXIS2_PLACEMENT_3D('',#515,#516,#517);
#515 = CARTESIAN_POINT('',(-114.,211.,-299.));
#516 = DIRECTION('',(1.,0.,-0.));
#517 = DIRECTION('',(0.,0.,1.));
#518 = DEFINITIONAL_REPRESENTATION('',(#519),#523);
#519 = LINE('',#520,#521);
#520 = CARTESIAN_POINT('',(0.,0.));
#521 = VECTOR('',#522,1.);
#522 = DIRECTION('',(0.,-1.));
#523 = ( GEOMETRIC_REPRESENTATION_CONTEXT(2) 
PARAMETRIC_REPRESENTATION_CONTEXT() REPRESENTATION_CONTEXT('2D SPACE',''
  ) );
#524 = ORIENTED_EDGE('',*,*,#525,.F.);
#525 = EDGE_CURVE('',#85,#498,#526,.T.);
#526 = SURFACE_CURVE('',#527,(#531,#538),.PCURVE_S1.);
#527 = LINE('',#528,#529);
#528 = CARTESIAN_POINT('',(-116.,215.,-299.));
#529 = VECTOR('',#530,1.);
#530 = DIRECTION('',(1.,0.,-0.));
#531 = PCURVE('',#126,#532);
#532 = DEFINITIONAL_REPRESENTATION('',(#533),#537);
#533 = LINE('',#534,#535);
#534 = CARTESIAN_POINT('',(0.,215.));
#535 = VECTOR('',#536,1.);
#536 = DIRECTION('',(1.,0.));
#537 = ( GEOMETRIC_REPRESENTATION_CONTEXT(2) 
PARAMETRIC_REPRESENTATION_CONTEXT() REPRESENTATION_CONTEXT('2D SPACE',''
  ) );
#538 = PCURVE('',#100,#539);
#539 = DEFINITIONAL_REPRESENTATION('',(#540),#544);
#540 = LINE('',#541,#542);
#541 = CARTESIAN_POINT('',(3.,0.));
#542 = VECTOR('',#543,1.);
#543 = DIRECTION('',(0.,1.));
#544 = ( GEOMETRIC_REPRESENTATION_CONTEXT(2) 
PARAMETRIC_REPRESENTATION_CONTEXT() REPRESENTATION_CONTEXT('2D SPACE',''
  ) );
#545 = ORIENTED_EDGE('',*,*,#112,.F.);
#546 = ORIENTED_EDGE('',*,*,#547,.T.);
#547 = EDGE_CURVE('',#24,#548,#550,.T.);
#548 = VERTEX_POINT('',#549);
#549 = CARTESIAN_POINT('',(-104.,0.,-299.));
#550 = SURFACE_CURVE('',#551,(#555,#562),.PCURVE_S1.);
#551 = LINE('',#552,#553);
#552 = CARTESIAN_POINT('',(-116.,0.,-299.));
#553 = VECTOR('',#554,1.);
#554 = DIRECTION('',(1.,0.,-0.));
#555 = PCURVE('',#126,#556);
#556 = DEFINITIONAL_REPRESENTATION('',(#557),#561);
#557 = LINE('',#558,#559);
#558 = CARTESIAN_POINT('',(0.,0.));
#559 = VECTOR('',#560,1.);
#560 = DIRECTION('',(1.,0.));
#561 = ( GEOMETRIC_REPRESENTATION_CONTEXT(2) 
PARAMETRIC_REPRESENTATION_CONTEXT() REPRESENTATION_CONTEXT('2D SPACE',''
  ) );
#562 = PCURVE('',#44,#563);
#563 = DEFINITIONAL_REPRESENTATION('',(#564),#568);
#564 = LINE('',#565,#566);
#565 = CARTESIAN_POINT('',(3.,0.));
#566 = VECTOR('',#567,1.);
#567 = DIRECTION('',(0.,1.));
#568 = ( GEOMETRIC_REPRESENTATION_CONTEXT(2) 
PARAMETRIC_REPRESENTATION_CONTEXT() REPRESENTATION_CONTEXT('2D SPACE',''
  ) );
#569 = ORIENTED_EDGE('',*,*,#570,.T.);
#570 = EDGE_CURVE('',#548,#571,#573,.T.);
#571 = VERTEX_POINT('',#572);
#572 = CARTESIAN_POINT('',(-104.,22.,-299.));
#573 = SURFACE_CURVE('',#574,(#578,#585),.PCURVE_S1.);
#574 = LINE('',#575,#576);
#575 = CARTESIAN_POINT('',(-104.,0.,-299.));
#576 = VECTOR('',#577,1.);
#577 = DIRECTION('',(0.,1.,0.));
#578 = PCURVE('',#126,#579);
#579 = DEFINITIONAL_REPRESENTATION('',(#580),#584);
#580 = LINE('',#581,#582);
#581 = CARTESIAN_POINT('',(12.,0.));
#582 = VECTOR('',#583,1.);
#583 = DIRECTION('',(0.,1.));
#584 = ( GEOMETRIC_REPRESENTATION_CONTEXT(2) 
PARAMETRIC_REPRESENTATION_CONTEXT() REPRESENTATION_CONTEXT('2D SPACE',''
  ) );
#585 = PCURVE('',#586,#591);
#586 = PLANE('',#587);
#587 = AXIS2_PLACEMENT_3D('',#588,#589,#590);
#588 = CARTESIAN_POINT('',(-104.,0.,-299.));
#589 = DIRECTION('',(1.,0.,-0.));
#590 = DIRECTION('',(0.,0.,1.));
#591 = DEFINITIONAL_REPRESENTATION('',(#592),#596);
#592 = LINE('',#593,#594);
#593 = CARTESIAN_POINT('',(0.,0.));
#594 = VECTOR('',#595,1.);
#595 = DIRECTION('',(0.,-1.));
#596 = ( GEOMETRIC_REPRESENTATION_CONTEXT(2) 
PARAMETRIC_REPRESENTATION_CONTEXT() REPRESENTATION_CONTEXT('2D SPACE',''
  ) );
#597 = ORIENTED_EDGE('',*,*,#598,.T.);
#598 = EDGE_CURVE('',#571,#599,#601,.T.);
#599 = VERTEX_POINT('',#600);
#600 = CARTESIAN_POINT('',(-100.,22.,-299.));
#601 = SURFACE_CURVE('',#602,(#606,#613),.PCURVE_S1.);
#602 = LINE('',#603,#604);
#603 = CARTESIAN_POINT('',(-104.,22.,-299.));
#604 = VECTOR('',#605,1.);
#605 = DIRECTION('',(1.,0.,0.));
#606 = PCURVE('',#126,#607);
#607 = DEFINITIONAL_REPRESENTATION('',(#608),#612);
#608 = LINE('',#609,#610);
#609 = CARTESIAN_POINT('',(12.,22.));
#610 = VECTOR('',#611,1.);
#611 = DIRECTION('',(1.,0.));
#612 = ( GEOMETRIC_REPRESENTATION_CONTEXT(2) 
PARAMETRIC_REPRESENTATION_CONTEXT() REPRESENTATION_CONTEXT('2D SPACE',''
  ) );
#613 = PCURVE('',#614,#619);
#614 = PLANE('',#615);
#615 = AXIS2_PLACEMENT_3D('',#616,#617,#618);
#616 = CARTESIAN_POINT('',(-104.,4.,-283.));
#617 = DIRECTION('',(-0.,0.66436383883,0.747409318684));
#618 = DIRECTION('',(0.,0.747409318684,-0.66436383883));
#619 = DEFINITIONAL_REPRESENTATION('',(#620),#624);
#620 = LINE('',#621,#622);
#621 = CARTESIAN_POINT('',(24.083189157585,0.));
#622 = VECTOR('',#623,1.);
#623 = DIRECTION('',(0.,-1.));
#624 = ( GEOMETRIC_REPRESENTATION_CONTEXT(2) 
PARAMETRIC_REPRESENTATION_CONTEXT() REPRESENTATION_CONTEXT('2D SPACE',''
  ) );
#625 = ORIENTED_EDGE('',*,*,#626,.T.);
#626 = EDGE_CURVE('',#599,#627,#629,.T.);
#627 = VERTEX_POINT('',#628);
#628 = CARTESIAN_POINT('',(-100.,4.,-299.));
#629 = SURFACE_CURVE('',#630,(#634,#641),.PCURVE_S1.);
#630 = LINE('',#631,#632);
#631 = CARTESIAN_POINT('',(-100.,22.,-299.));
#632 = VECTOR('',#633,1.);
#633 = DIRECTION('',(0.,-1.,0.));
#634 = PCURVE('',#126,#635);
#635 = DEFINITIONAL_REPRESENTATION('',(#636),#640);
#636 = LINE('',#637,#638);
#637 = CARTESIAN_POINT('',(16.,22.));
#638 = VECTOR('',#639,1.);
#639 = DIRECTION('',(0.,-1.));
#640 = ( GEOMETRIC_REPRESENTATION_CONTEXT(2) 
PARAMETRIC_REPRESENTATION_CONTEXT() REPRESENTATION_CONTEXT('2D SPACE',''
  ) );
#641 = PCURVE('',#642,#647);
#642 = PLANE('',#643);
#643 = AXIS2_PLACEMENT_3D('',#644,#645,#646);
#644 = CARTESIAN_POINT('',(-100.,10.520797289396,-293.4792027106));
#645 = DIRECTION('',(-1.,0.,-0.));
#646 = DIRECTION('',(0.,-1.,-0.));
#647 = DEFINITIONAL_REPRESENTATION('',(#648),#652);
#648 = LINE('',#649,#650);
#649 = CARTESIAN_POINT('',(-11.4792027106,-5.5207972894));
#650 = VECTOR('',#651,1.);
#651 = DIRECTION('',(1.,0.));
#652 = ( GEOMETRIC_REPRESENTATION_CONTEXT(2) 
PARAMETRIC_REPRESENTATION_CONTEXT() REPRESENTATION_CONTEXT('2D SPACE',''
  ) );
#653 = ORIENTED_EDGE('',*,*,#654,.T.);
#654 = EDGE_CURVE('',#627,#655,#657,.T.);
#655 = VERTEX_POINT('',#656);
#656 = CARTESIAN_POINT('',(-76.,4.,-299.));
#657 = SURFACE_CURVE('',#658,(#662,#669),.PCURVE_S1.);
#658 = LINE('',#659,#660);
#659 = CARTESIAN_POINT('',(-104.,4.,-299.));
#660 = VECTOR('',#661,1.);
#661 = DIRECTION('',(1.,0.,-0.));
#662 = PCURVE('',#126,#663);
#663 = DEFINITIONAL_REPRESENTATION('',(#664),#668);
#664 = LINE('',#665,#666);
#665 = CARTESIAN_POINT('',(12.,4.));
#666 = VECTOR('',#667,1.);
#667 = DIRECTION('',(1.,0.));
#668 = ( GEOMETRIC_REPRESENTATION_CONTEXT(2) 
PARAMETRIC_REPRESENTATION_CONTEXT() REPRESENTATION_CONTEXT('2D SPACE',''
  ) );
#669 = PCURVE('',#670,#675);
#670 = PLANE('',#671);
#671 = AXIS2_PLACEMENT_3D('',#672,#673,#674);
#672 = CARTESIAN_POINT('',(-104.,4.,-299.));
#673 = DIRECTION('',(-0.,1.,0.));
#674 = DIRECTION('',(0.,0.,1.));
#675 = DEFINITIONAL_REPRESENTATION('',(#676),#680);
#676 = LINE('',#677,#678);
#677 = CARTESIAN_POINT('',(0.,0.));
#678 = VECTOR('',#679,1.);
#679 = DIRECTION('',(0.,1.));
#680 = ( GEOMETRIC_REPRESENTATION_CONTEXT(2) 
PARAMETRIC_REPRESENTATION_CONTEXT() REPRESENTATION_CONTEXT('2D SPACE',''
  ) );
#681 = ORIENTED_EDGE('',*,*,#682,.F.);
#682 = EDGE_CURVE('',#683,#655,#685,.T.);
#683 = VERTEX_POINT('',#684);
#684 = CARTESIAN_POINT('',(-76.,34.,-299.));
#685 = SURFACE_CURVE('',#686,(#690,#697),.PCURVE_S1.);
#686 = LINE('',#687,#688);
#687 = CARTESIAN_POINT('',(-76.,34.,-299.));
#688 = VECTOR('',#689,1.);
#689 = DIRECTION('',(0.,-1.,0.));
#690 = PCURVE('',#126,#691);
#691 = DEFINITIONAL_REPRESENTATION('',(#692),#696);
#692 = LINE('',#693,#694);
#693 = CARTESIAN_POINT('',(40.,34.));
#694 = VECTOR('',#695,1.);
#695 = DIRECTION('',(0.,-1.));
#696 = ( GEOMETRIC_REPRESENTATION_CONTEXT(2) 
PARAMETRIC_REPRESENTATION_CONTEXT() REPRESENTATION_CONTEXT('2D SPACE',''
  ) );
#697 = PCURVE('',#698,#703);
#698 = PLANE('',#699);
#699 = AXIS2_PLACEMENT_3D('',#700,#701,#702);
#700 = CARTESIAN_POINT('',(-76.,16.,-294.));
#701 = DIRECTION('',(-1.,0.,-0.));
#702 = DIRECTION('',(0.,-1.,-0.));
#703 = DEFINITIONAL_REPRESENTATION('',(#704),#708);
#704 = LINE('',#705,#706);
#705 = CARTESIAN_POINT('',(-18.,-5.));
#706 = VECTOR('',#707,1.);
#707 = DIRECTION('',(1.,0.));
#708 = ( GEOMETRIC_REPRESENTATION_CONTEXT(2) 
PARAMETRIC_REPRESENTATION_CONTEXT() REPRESENTATION_CONTEXT('2D SPACE',''
  ) );
#709 = ORIENTED_EDGE('',*,*,#710,.T.);
#710 = EDGE_CURVE('',#683,#711,#713,.T.);
#711 = VERTEX_POINT('',#712);
#712 = CARTESIAN_POINT('',(-72.,34.,-299.));
#713 = SURFACE_CURVE('',#714,(#718,#725),.PCURVE_S1.);
#714 = LINE('',#715,#716);
#715 = CARTESIAN_POINT('',(-76.,34.,-299.));
#716 = VECTOR('',#717,1.);
#717 = DIRECTION('',(1.,0.,0.));
#718 = PCURVE('',#126,#719);
#719 = DEFINITIONAL_REPRESENTATION('',(#720),#724);
#720 = LINE('',#721,#722);
#721 = CARTESIAN_POINT('',(40.,34.));
#722 = VECTOR('',#723,1.);
#723 = DIRECTION('',(1.,0.));
#724 = ( GEOMETRIC_REPRESENTATION_CONTEXT(2) 
PARAMETRIC_REPRESENTATION_CONTEXT() REPRESENTATION_CONTEXT('2D SPACE',''
  ) );
#725 = PCURVE('',#726,#731);
#726 = PLANE('',#727);
#727 = AXIS2_PLACEMENT_3D('',#728,#729,#730);
#728 = CARTESIAN_POINT('',(-76.,4.,-283.));
#729 = DIRECTION('',(-0.,0.470588235294,0.882352941176));
#730 = DIRECTION('',(0.,0.882352941176,-0.470588235294));
#731 = DEFINITIONAL_REPRESENTATION('',(#732),#736);
#732 = LINE('',#733,#734);
#733 = CARTESIAN_POINT('',(34.,0.));
#734 = VECTOR('',#735,1.);
#735 = DIRECTION('',(0.,-1.));
#736 = ( GEOMETRIC_REPRESENTATION_CONTEXT(2) 
PARAMETRIC_REPRESENTATION_CONTEXT() REPRESENTATION_CONTEXT('2D SPACE',''
  ) );
#737 = ORIENTED_EDGE('',*,*,#738,.T.);
#738 = EDGE_CURVE('',#711,#739,#741,.T.);
#739 = VERTEX_POINT('',#740);
#740 = CARTESIAN_POINT('',(-72.,0.,-299.));
#741 = SURFACE_CURVE('',#742,(#746,#753),.PCURVE_S1.);
#742 = LINE('',#743,#744);
#743 = CARTESIAN_POINT('',(-72.,34.,-299.));
#744 = VECTOR('',#745,1.);
#745 = DIRECTION('',(0.,-1.,0.));
#746 = PCURVE('',#126,#747);
#747 = DEFINITIONAL_REPRESENTATION('',(#748),#752);
#748 = LINE('',#749,#750);
#749 = CARTESIAN_POINT('',(44.,34.));
#750 = VECTOR('',#751,1.);
#751 = DIRECTION('',(0.,-1.));
#752 = ( GEOMETRIC_REPRESENTATION_CONTEXT(2) 
PARAMETRIC_REPRESENTATION_CONTEXT() REPRESENTATION_CONTEXT('2D SPACE',''
  ) );
#753 = PCURVE('',#754,#759);
#754 = PLANE('',#755);
#755 = AXIS2_PLACEMENT_3D('',#756,#757,#758);
#756 = CARTESIAN_POINT('',(-72.,0.,-299.));
#757 = DIRECTION('',(1.,0.,-0.));
#758 = DIRECTION('',(0.,0.,1.));
#759 = DEFINITIONAL_REPRESENTATION('',(#760),#764);
#760 = LINE('',#761,#762);
#761 = CARTESIAN_POINT('',(0.,-34.));
#762 = VECTOR('',#763,1.);
#763 = DIRECTION('',(0.,1.));
#764 = ( GEOMETRIC_REPRESENTATION_CONTEXT(2) 
PARAMETRIC_REPRESENTATION_CONTEXT() REPRESENTATION_CONTEXT('2D SPACE',''
  ) );
#765 = ORIENTED_EDGE('',*,*,#766,.T.);
#766 = EDGE_CURVE('',#739,#767,#769,.T.);
#767 = VERTEX_POINT('',#768);
#768 = CARTESIAN_POINT('',(72.,0.,-299.));
#769 = SURFACE_CURVE('',#770,(#774,#781),.PCURVE_S1.);
#770 = LINE('',#771,#772);
#771 = CARTESIAN_POINT('',(-116.,0.,-299.));
#772 = VECTOR('',#773,1.);
#773 = DIRECTION('',(1.,0.,-0.));
#774 = PCURVE('',#126,#775);
#775 = DEFINITIONAL_REPRESENTATION('',(#776),#780);
#776 = LINE('',#777,#778);
#777 = CARTESIAN_POINT('',(0.,0.));
#778 = VECTOR('',#779,1.);
#779 = DIRECTION('',(1.,0.));
#780 = ( GEOMETRIC_REPRESENTATION_CONTEXT(2) 
PARAMETRIC_REPRESENTATION_CONTEXT() REPRESENTATION_CONTEXT('2D SPACE',''
  ) );
#781 = PCURVE('',#44,#782);
#782 = DEFINITIONAL_REPRESENTATION('',(#783),#787);
#783 = LINE('',#784,#785);
#784 = CARTESIAN_POINT('',(3.,0.));
#785 = VECTOR('',#786,1.);
#786 = DIRECTION('',(0.,1.));
#787 = ( GEOMETRIC_REPRESENTATION_CONTEXT(2) 
PARAMETRIC_REPRESENTATION_CONTEXT() REPRESENTATION_CONTEXT('2D SPACE',''
  ) );
#788 = ORIENTED_EDGE('',*,*,#789,.T.);
#789 = EDGE_CURVE('',#767,#790,#792,.T.);
#790 = VERTEX_POINT('',#791);
#791 = CARTESIAN_POINT('',(72.,34.,-299.));
#792 = SURFACE_CURVE('',#793,(#797,#804),.PCURVE_S1.);
#793 = LINE('',#794,#795);
#794 = CARTESIAN_POINT('',(72.,0.,-299.));
#795 = VECTOR('',#796,1.);
#796 = DIRECTION('',(0.,1.,0.));
#797 = PCURVE('',#126,#798);
#798 = DEFINITIONAL_REPRESENTATION('',(#799),#803);
#799 = LINE('',#800,#801);
#800 = CARTESIAN_POINT('',(188.,0.));
#801 = VECTOR('',#802,1.);
#802 = DIRECTION('',(0.,1.));
#803 = ( GEOMETRIC_REPRESENTATION_CONTEXT(2) 
PARAMETRIC_REPRESENTATION_CONTEXT() REPRESENTATION_CONTEXT('2D SPACE',''
  ) );
#804 = PCURVE('',#805,#810);
#805 = PLANE('',#806);
#806 = AXIS2_PLACEMENT_3D('',#807,#808,#809);
#807 = CARTESIAN_POINT('',(72.,0.,-299.));
#808 = DIRECTION('',(1.,0.,-0.));
#809 = DIRECTION('',(0.,0.,1.));
#810 = DEFINITIONAL_REPRESENTATION('',(#811),#815);
#811 = LINE('',#812,#813);
#812 = CARTESIAN_POINT('',(0.,0.));
#813 = VECTOR('',#814,1.);
#814 = DIRECTION('',(0.,-1.));
#815 = ( GEOMETRIC_REPRESENTATION_CONTEXT(2) 
PARAMETRIC_REPRESENTATION_CONTEXT() REPRESENTATION_CONTEXT('2D SPACE',''
  ) );
#816 = ORIENTED_EDGE('',*,*,#817,.T.);
#817 = EDGE_CURVE('',#790,#818,#820,.T.);
#818 = VERTEX_POINT('',#819);
#819 = CARTESIAN_POINT('',(76.,34.,-299.));
#820 = SURFACE_CURVE('',#821,(#825,#832),.PCURVE_S1.);
#821 = LINE('',#822,#823);
#822 = CARTESIAN_POINT('',(72.,34.,-299.));
#823 = VECTOR('',#824,1.);
#824 = DIRECTION('',(1.,0.,0.));
#825 = PCURVE('',#126,#826);
#826 = DEFINITIONAL_REPRESENTATION('',(#827),#831);
#827 = LINE('',#828,#829);
#828 = CARTESIAN_POINT('',(188.,34.));
#829 = VECTOR('',#830,1.);
#830 = DIRECTION('',(1.,0.));
#831 = ( GEOMETRIC_REPRESENTATION_CONTEXT(2) 
PARAMETRIC_REPRESENTATION_CONTEXT() REPRESENTATION_CONTEXT('2D SPACE',''
  ) );
#832 = PCURVE('',#833,#838);
#833 = PLANE('',#834);
#834 = AXIS2_PLACEMENT_3D('',#835,#836,#837);
#835 = CARTESIAN_POINT('',(72.,4.,-283.));
#836 = DIRECTION('',(-0.,0.470588235294,0.882352941176));
#837 = DIRECTION('',(0.,0.882352941176,-0.470588235294));
#838 = DEFINITIONAL_REPRESENTATION('',(#839),#843);
#839 = LINE('',#840,#841);
#840 = CARTESIAN_POINT('',(34.,0.));
#841 = VECTOR('',#842,1.);
#842 = DIRECTION('',(0.,-1.));
#843 = ( GEOMETRIC_REPRESENTATION_CONTEXT(2) 
PARAMETRIC_REPRESENTATION_CONTEXT() REPRESENTATION_CONTEXT('2D SPACE',''
  ) );
#844 = ORIENTED_EDGE('',*,*,#845,.T.);
#845 = EDGE_CURVE('',#818,#846,#848,.T.);
#846 = VERTEX_POINT('',#847);
#847 = CARTESIAN_POINT('',(76.,4.,-299.));
#848 = SURFACE_CURVE('',#849,(#853,#860),.PCURVE_S1.);
#849 = LINE('',#850,#851);
#850 = CARTESIAN_POINT('',(76.,34.,-299.));
#851 = VECTOR('',#852,1.);
#852 = DIRECTION('',(0.,-1.,0.));
#853 = PCURVE('',#126,#854);
#854 = DEFINITIONAL_REPRESENTATION('',(#855),#859);
#855 = LINE('',#856,#857);
#856 = CARTESIAN_POINT('',(192.,34.));
#857 = VECTOR('',#858,1.);
#858 = DIRECTION('',(0.,-1.));
#859 = ( GEOMETRIC_REPRESENTATION_CONTEXT(2) 
PARAMETRIC_REPRESENTATION_CONTEXT() REPRESENTATION_CONTEXT('2D SPACE',''
  ) );
#860 = PCURVE('',#861,#866);
#861 = PLANE('',#862);
#862 = AXIS2_PLACEMENT_3D('',#863,#864,#865);
#863 = CARTESIAN_POINT('',(76.,16.,-294.));
#864 = DIRECTION('',(-1.,0.,-0.));
#865 = DIRECTION('',(0.,-1.,-0.));
#866 = DEFINITIONAL_REPRESENTATION('',(#867),#871);
#867 = LINE('',#868,#869);
#868 = CARTESIAN_POINT('',(-18.,-5.));
#869 = VECTOR('',#870,1.);
#870 = DIRECTION('',(1.,0.));
#871 = ( GEOMETRIC_REPRESENTATION_CONTEXT(2) 
PARAMETRIC_REPRESENTATION_CONTEXT() REPRESENTATION_CONTEXT('2D SPACE',''
  ) );
#872 = ORIENTED_EDGE('',*,*,#873,.T.);
#873 = EDGE_CURVE('',#846,#874,#876,.T.);
#874 = VERTEX_POINT('',#875);
#875 = CARTESIAN_POINT('',(100.,4.,-299.));
#876 = SURFACE_CURVE('',#877,(#881,#888),.PCURVE_S1.);
#877 = LINE('',#878,#879);
#878 = CARTESIAN_POINT('',(72.,4.,-299.));
#879 = VECTOR('',#880,1.);
#880 = DIRECTION('',(1.,0.,-0.));
#881 = PCURVE('',#126,#882);
#882 = DEFINITIONAL_REPRESENTATION('',(#883),#887);
#883 = LINE('',#884,#885);
#884 = CARTESIAN_POINT('',(188.,4.));
#885 = VECTOR('',#886,1.);
#886 = DIRECTION('',(1.,0.));
#887 = ( GEOMETRIC_REPRESENTATION_CONTEXT(2) 
PARAMETRIC_REPRESENTATION_CONTEXT() REPRESENTATION_CONTEXT('2D SPACE',''
  ) );
#888 = PCURVE('',#889,#894);
#889 = PLANE('',#890);
#890 = AXIS2_PLACEMENT_3D('',#891,#892,#893);
#891 = CARTESIAN_POINT('',(104.,4.,-299.));
#892 = DIRECTION('',(-0.,1.,0.));
#893 = DIRECTION('',(0.,0.,1.));
#894 = DEFINITIONAL_REPRESENTATION('',(#895),#899);
#895 = LINE('',#896,#897);
#896 = CARTESIAN_POINT('',(0.,-32.));
#897 = VECTOR('',#898,1.);
#898 = DIRECTION('',(0.,1.));
#899 = ( GEOMETRIC_REPRESENTATION_CONTEXT(2) 
PARAMETRIC_REPRESENTATION_CONTEXT() REPRESENTATION_CONTEXT('2D SPACE',''
  ) );
#900 = ORIENTED_EDGE('',*,*,#901,.F.);
#901 = EDGE_CURVE('',#902,#874,#904,.T.);
#902 = VERTEX_POINT('',#903);
#903 = CARTESIAN_POINT('',(100.,22.,-299.));
#904 = SURFACE_CURVE('',#905,(#909,#916),.PCURVE_S1.);
#905 = LINE('',#906,#907);
#906 = CARTESIAN_POINT('',(100.,22.,-299.));
#907 = VECTOR('',#908,1.);
#908 = DIRECTION('',(0.,-1.,0.));
#909 = PCURVE('',#126,#910);
#910 = DEFINITIONAL_REPRESENTATION('',(#911),#915);
#911 = LINE('',#912,#913);
#912 = CARTESIAN_POINT('',(216.,22.));
#913 = VECTOR('',#914,1.);
#914 = DIRECTION('',(0.,-1.));
#915 = ( GEOMETRIC_REPRESENTATION_CONTEXT(2) 
PARAMETRIC_REPRESENTATION_CONTEXT() REPRESENTATION_CONTEXT('2D SPACE',''
  ) );
#916 = PCURVE('',#917,#922);
#917 = PLANE('',#918);
#918 = AXIS2_PLACEMENT_3D('',#919,#920,#921);
#919 = CARTESIAN_POINT('',(100.,10.520797289396,-293.4792027106));
#920 = DIRECTION('',(-1.,0.,-0.));
#921 = DIRECTION('',(0.,-1.,-0.));
#922 = DEFINITIONAL_REPRESENTATION('',(#923),#927);
#923 = LINE('',#924,#925);
#924 = CARTESIAN_POINT('',(-11.4792027106,-5.5207972894));
#925 = VECTOR('',#926,1.);
#926 = DIRECTION('',(1.,0.));
#927 = ( GEOMETRIC_REPRESENTATION_CONTEXT(2) 
PARAMETRIC_REPRESENTATION_CONTEXT() REPRESENTATION_CONTEXT('2D SPACE',''
  ) );
#928 = ORIENTED_EDGE('',*,*,#929,.T.);
#929 = EDGE_CURVE('',#902,#930,#932,.T.);
#930 = VERTEX_POINT('',#931);
#931 = CARTESIAN_POINT('',(104.,22.,-299.));
#932 = SURFACE_CURVE('',#933,(#937,#944),.PCURVE_S1.);
#933 = LINE('',#934,#935);
#934 = CARTESIAN_POINT('',(100.,22.,-299.));
#935 = VECTOR('',#936,1.);
#936 = DIRECTION('',(1.,0.,0.));
#937 = PCURVE('',#126,#938);
#938 = DEFINITIONAL_REPRESENTATION('',(#939),#943);
#939 = LINE('',#940,#941);
#940 = CARTESIAN_POINT('',(216.,22.));
#941 = VECTOR('',#942,1.);
#942 = DIRECTION('',(1.,0.));
#943 = ( GEOMETRIC_REPRESENTATION_CONTEXT(2) 
PARAMETRIC_REPRESENTATION_CONTEXT() REPRESENTATION_CONTEXT('2D SPACE',''
  ) );
#944 = PCURVE('',#945,#950);
#945 = PLANE('',#946);
#946 = AXIS2_PLACEMENT_3D('',#947,#948,#949);
#947 = CARTESIAN_POINT('',(100.,4.,-283.));
#948 = DIRECTION('',(-0.,0.66436383883,0.747409318684));
#949 = DIRECTION('',(0.,0.747409318684,-0.66436383883));
#950 = DEFINITIONAL_REPRESENTATION('',(#951),#955);
#951 = LINE('',#952,#953);
#952 = CARTESIAN_POINT('',(24.083189157585,0.));
#953 = VECTOR('',#954,1.);
#954 = DIRECTION('',(0.,-1.));
#955 = ( GEOMETRIC_REPRESENTATION_CONTEXT(2) 
PARAMETRIC_REPRESENTATION_CONTEXT() REPRESENTATION_CONTEXT('2D SPACE',''
  ) );
#956 = ORIENTED_EDGE('',*,*,#957,.T.);
#957 = EDGE_CURVE('',#930,#958,#960,.T.);
#958 = VERTEX_POINT('',#959);
#959 = CARTESIAN_POINT('',(104.,4.,-299.));
#960 = SURFACE_CURVE('',#961,(#965,#972),.PCURVE_S1.);
#961 = LINE('',#962,#963);
#962 = CARTESIAN_POINT('',(104.,22.,-299.));
#963 = VECTOR('',#964,1.);
#964 = DIRECTION('',(0.,-1.,0.));
#965 = PCURVE('',#126,#966);
#966 = DEFINITIONAL_REPRESENTATION('',(#967),#971);
#967 = LINE('',#968,#969);
#968 = CARTESIAN_POINT('',(220.,22.));
#969 = VECTOR('',#970,1.);
#970 = DIRECTION('',(0.,-1.));
#971 = ( GEOMETRIC_REPRESENTATION_CONTEXT(2) 
PARAMETRIC_REPRESENTATION_CONTEXT() REPRESENTATION_CONTEXT('2D SPACE',''
  ) );
#972 = PCURVE('',#973,#978);
#973 = PLANE('',#974);
#974 = AXIS2_PLACEMENT_3D('',#975,#976,#977);
#975 = CARTESIAN_POINT('',(104.,0.,-299.));
#976 = DIRECTION('',(1.,0.,-0.));
#977 = DIRECTION('',(0.,0.,1.));
#978 = DEFINITIONAL_REPRESENTATION('',(#979),#983);
#979 = LINE('',#980,#981);
#980 = CARTESIAN_POINT('',(0.,-22.));
#981 = VECTOR('',#982,1.);
#982 = DIRECTION('',(0.,1.));
#983 = ( GEOMETRIC_REPRESENTATION_CONTEXT(2) 
PARAMETRIC_REPRESENTATION_CONTEXT() REPRESENTATION_CONTEXT('2D SPACE',''
  ) );
#984 = ORIENTED_EDGE('',*,*,#985,.T.);
#985 = EDGE_CURVE('',#958,#986,#988,.T.);
#986 = VERTEX_POINT('',#987);
#987 = CARTESIAN_POINT('',(107.,4.,-299.));
#988 = SURFACE_CURVE('',#989,(#993,#1000),.PCURVE_S1.);
#989 = LINE('',#990,#991);
#990 = CARTESIAN_POINT('',(104.,4.,-299.));
#991 = VECTOR('',#992,1.);
#992 = DIRECTION('',(1.,0.,-0.));
#993 = PCURVE('',#126,#994);
#994 = DEFINITIONAL_REPRESENTATION('',(#995),#999);
#995 = LINE('',#996,#997);
#996 = CARTESIAN_POINT('',(220.,4.));
#997 = VECTOR('',#998,1.);
#998 = DIRECTION('',(1.,0.));
#999 = ( GEOMETRIC_REPRESENTATION_CONTEXT(2) 
PARAMETRIC_REPRESENTATION_CONTEXT() REPRESENTATION_CONTEXT('2D SPACE',''
  ) );
#1000 = PCURVE('',#889,#1001);
#1001 = DEFINITIONAL_REPRESENTATION('',(#1002),#1006);
#1002 = LINE('',#1003,#1004);
#1003 = CARTESIAN_POINT('',(0.,0.));
#1004 = VECTOR('',#1005,1.);
#1005 = DIRECTION('',(0.,1.));
#1006 = ( GEOMETRIC_REPRESENTATION_CONTEXT(2) 
PARAMETRIC_REPRESENTATION_CONTEXT() REPRESENTATION_CONTEXT('2D SPACE',''
  ) );
#1007 = ORIENTED_EDGE('',*,*,#1008,.F.);
#1008 = EDGE_CURVE('',#142,#986,#1009,.T.);
#1009 = SURFACE_CURVE('',#1010,(#1014,#1021),.PCURVE_S1.);
#1010 = LINE('',#1011,#1012);
#1011 = CARTESIAN_POINT('',(107.,0.,-299.));
#1012 = VECTOR('',#1013,1.);
#1013 = DIRECTION('',(-0.,1.,0.));
#1014 = PCURVE('',#126,#1015);
#1015 = DEFINITIONAL_REPRESENTATION('',(#1016),#1020);
#1016 = LINE('',#1017,#1018);
#1017 = CARTESIAN_POINT('',(223.,0.));
#1018 = VECTOR('',#1019,1.);
#1019 = DIRECTION('',(0.,1.));
#1020 = ( GEOMETRIC_REPRESENTATION_CONTEXT(2) 
PARAMETRIC_REPRESENTATION_CONTEXT() REPRESENTATION_CONTEXT('2D SPACE',''
  ) );
#1021 = PCURVE('',#1022,#1027);
#1022 = PLANE('',#1023);
#1023 = AXIS2_PLACEMENT_3D('',#1024,#1025,#1026);
#1024 = CARTESIAN_POINT('',(107.,0.,-299.));
#1025 = DIRECTION('',(1.,0.,-0.));
#1026 = DIRECTION('',(0.,0.,1.));
#1027 = DEFINITIONAL_REPRESENTATION('',(#1028),#1032);
#1028 = LINE('',#1029,#1030);
#1029 = CARTESIAN_POINT('',(0.,0.));
#1030 = VECTOR('',#1031,1.);
#1031 = DIRECTION('',(0.,-1.));
#1032 = ( GEOMETRIC_REPRESENTATION_CONTEXT(2) 
PARAMETRIC_REPRESENTATION_CONTEXT() REPRESENTATION_CONTEXT('2D SPACE',''
  ) );
#1033 = FACE_BOUND('',#1034,.T.);
#1034 = EDGE_LOOP('',(#1035));
#1035 = ORIENTED_EDGE('',*,*,#1036,.F.);
#1036 = EDGE_CURVE('',#1037,#1037,#1039,.T.);
#1037 = VERTEX_POINT('',#1038);
#1038 = CARTESIAN_POINT('',(-94.,30.,-299.));
#1039 = SURFACE_CURVE('',#1040,(#1045,#1052),.PCURVE_S1.);
#1040 = CIRCLE('',#1041,6.);
#1041 = AXIS2_PLACEMENT_3D('',#1042,#1043,#1044);
#1042 = CARTESIAN_POINT('',(-100.,30.,-299.));
#1043 = DIRECTION('',(0.,0.,1.));
#1044 = DIRECTION('',(1.,0.,-0.));
#1045 = PCURVE('',#126,#1046);
#1046 = DEFINITIONAL_REPRESENTATION('',(#1047),#1051);
#1047 = CIRCLE('',#1048,6.);
#1048 = AXIS2_PLACEMENT_2D('',#1049,#1050);
#1049 = CARTESIAN_POINT('',(16.,30.));
#1050 = DIRECTION('',(1.,0.));
#1051 = ( GEOMETRIC_REPRESENTATION_CONTEXT(2) 
PARAMETRIC_REPRESENTATION_CONTEXT() REPRESENTATION_CONTEXT('2D SPACE',''
  ) );
#1052 = PCURVE('',#1053,#1058);
#1053 = CYLINDRICAL_SURFACE('',#1054,6.);
#1054 = AXIS2_PLACEMENT_3D('',#1055,#1056,#1057);
#1055 = CARTESIAN_POINT('',(-100.,30.,-303.));
#1056 = DIRECTION('',(0.,0.,1.));
#1057 = DIRECTION('',(1.,0.,-0.));
#1058 = DEFINITIONAL_REPRESENTATION('',(#1059),#1063);
#1059 = LINE('',#1060,#1061);
#1060 = CARTESIAN_POINT('',(0.,4.));
#1061 = VECTOR('',#1062,1.);
#1062 = DIRECTION('',(1.,0.));
#1063 = ( GEOMETRIC_REPRESENTATION_CONTEXT(2) 
PARAMETRIC_REPRESENTATION_CONTEXT() REPRESENTATION_CONTEXT('2D SPACE',''
  ) );
#1064 = FACE_BOUND('',#1065,.T.);
#1065 = EDGE_LOOP('',(#1066));
#1066 = ORIENTED_EDGE('',*,*,#1067,.F.);
#1067 = EDGE_CURVE('',#1068,#1068,#1070,.T.);
#1068 = VERTEX_POINT('',#1069);
#1069 = CARTESIAN_POINT('',(-78.,30.,-299.));
#1070 = SURFACE_CURVE('',#1071,(#1076,#1083),.PCURVE_S1.);
#1071 = CIRCLE('',#1072,6.);
#1072 = AXIS2_PLACEMENT_3D('',#1073,#1074,#1075);
#1073 = CARTESIAN_POINT('',(-84.,30.,-299.));
#1074 = DIRECTION('',(0.,0.,1.));
#1075 = DIRECTION('',(1.,0.,-0.));
#1076 = PCURVE('',#126,#1077);
#1077 = DEFINITIONAL_REPRESENTATION('',(#1078),#1082);
#1078 = CIRCLE('',#1079,6.);
#1079 = AXIS2_PLACEMENT_2D('',#1080,#1081);
#1080 = CARTESIAN_POINT('',(32.,30.));
#1081 = DIRECTION('',(1.,0.));
#1082 = ( GEOMETRIC_REPRESENTATION_CONTEXT(2) 
PARAMETRIC_REPRESENTATION_CONTEXT() REPRESENTATION_CONTEXT('2D SPACE',''
  ) );
#1083 = PCURVE('',#1084,#1089);
#1084 = CYLINDRICAL_SURFACE('',#1085,6.);
#1085 = AXIS2_PLACEMENT_3D('',#1086,#1087,#1088);
#1086 = CARTESIAN_POINT('',(-84.,30.,-303.));
#1087 = DIRECTION('',(0.,0.,1.));
#1088 = DIRECTION('',(1.,0.,-0.));
#1089 = DEFINITIONAL_REPRESENTATION('',(#1090),#1094);
#1090 = LINE('',#1091,#1092);
#1091 = CARTESIAN_POINT('',(0.,4.));
#1092 = VECTOR('',#1093,1.);
#1093 = DIRECTION('',(1.,0.));
#1094 = ( GEOMETRIC_REPRESENTATION_CONTEXT(2) 
PARAMETRIC_REPRESENTATION_CONTEXT() REPRESENTATION_CONTEXT('2D SPACE',''
  ) );
#1095 = FACE_BOUND('',#1096,.T.);
#1096 = EDGE_LOOP('',(#1097));
#1097 = ORIENTED_EDGE('',*,*,#1098,.F.);
#1098 = EDGE_CURVE('',#1099,#1099,#1101,.T.);
#1099 = VERTEX_POINT('',#1100);
#1100 = CARTESIAN_POINT('',(101.,30.,-299.));
#1101 = SURFACE_CURVE('',#1102,(#1107,#1114),.PCURVE_S1.);
#1102 = CIRCLE('',#1103,6.);
#1103 = AXIS2_PLACEMENT_3D('',#1104,#1105,#1106);
#1104 = CARTESIAN_POINT('',(95.,30.,-299.));
#1105 = DIRECTION('',(0.,0.,1.));
#1106 = DIRECTION('',(1.,0.,-0.));
#1107 = PCURVE('',#126,#1108);
#1108 = DEFINITIONAL_REPRESENTATION('',(#1109),#1113);
#1109 = CIRCLE('',#1110,6.);
#1110 = AXIS2_PLACEMENT_2D('',#1111,#1112);
#1111 = CARTESIAN_POINT('',(211.,30.));
#1112 = DIRECTION('',(1.,0.));
#1113 = ( GEOMETRIC_REPRESENTATION_CONTEXT(2) 
PARAMETRIC_REPRESENTATION_CONTEXT() REPRESENTATION_CONTEXT('2D SPACE',''
  ) );
#1114 = PCURVE('',#1115,#1120);
#1115 = CYLINDRICAL_SURFACE('',#1116,6.);
#1116 = AXIS2_PLACEMENT_3D('',#1117,#1118,#1119);
#1117 = CARTESIAN_POINT('',(95.,30.,-303.));
#1118 = DIRECTION('',(0.,0.,1.));
#1119 = DIRECTION('',(1.,0.,-0.));
#1120 = DEFINITIONAL_REPRESENTATION('',(#1121),#1125);
#1121 = LINE('',#1122,#1123);
#1122 = CARTESIAN_POINT('',(0.,4.));
#1123 = VECTOR('',#1124,1.);
#1124 = DIRECTION('',(1.,0.));
#1125 = ( GEOMETRIC_REPRESENTATION_CONTEXT(2) 
PARAMETRIC_REPRESENTATION_CONTEXT() REPRESENTATION_CONTEXT('2D SPACE',''
  ) );
#1126 = FACE_BOUND('',#1127,.T.);
#1127 = EDGE_LOOP('',(#1128,#1158,#1191,#1219));
#1128 = ORIENTED_EDGE('',*,*,#1129,.F.);
#1129 = EDGE_CURVE('',#1130,#1132,#1134,.T.);
#1130 = VERTEX_POINT('',#1131);
#1131 = CARTESIAN_POINT('',(76.,178.,-299.));
#1132 = VERTEX_POINT('',#1133);
#1133 = CARTESIAN_POINT('',(76.,102.,-299.));
#1134 = SURFACE_CURVE('',#1135,(#1139,#1146),.PCURVE_S1.);
#1135 = LINE('',#1136,#1137);
#1136 = CARTESIAN_POINT('',(76.,51.,-299.));
#1137 = VECTOR('',#1138,1.);
#1138 = DIRECTION('',(-2.22044604925E-16,-1.,0.));
#1139 = PCURVE('',#126,#1140);
#1140 = DEFINITIONAL_REPRESENTATION('',(#1141),#1145);
#1141 = LINE('',#1142,#1143);
#1142 = CARTESIAN_POINT('',(192.,51.));
#1143 = VECTOR('',#1144,1.);
#1144 = DIRECTION('',(-2.22044604925E-16,-1.));
#1145 = ( GEOMETRIC_REPRESENTATION_CONTEXT(2) 
PARAMETRIC_REPRESENTATION_CONTEXT() REPRESENTATION_CONTEXT('2D SPACE',''
  ) );
#1146 = PCURVE('',#1147,#1152);
#1147 = PLANE('',#1148);
#1148 = AXIS2_PLACEMENT_3D('',#1149,#1150,#1151);
#1149 = CARTESIAN_POINT('',(76.,102.,-303.));
#1150 = DIRECTION('',(-1.,2.22044604925E-16,0.));
#1151 = DIRECTION('',(2.22044604925E-16,1.,0.));
#1152 = DEFINITIONAL_REPRESENTATION('',(#1153),#1157);
#1153 = LINE('',#1154,#1155);
#1154 = CARTESIAN_POINT('',(-51.,-4.));
#1155 = VECTOR('',#1156,1.);
#1156 = DIRECTION('',(-1.,-0.));
#1157 = ( GEOMETRIC_REPRESENTATION_CONTEXT(2) 
PARAMETRIC_REPRESENTATION_CONTEXT() REPRESENTATION_CONTEXT('2D SPACE',''
  ) );
#1158 = ORIENTED_EDGE('',*,*,#1159,.T.);
#1159 = EDGE_CURVE('',#1130,#1160,#1162,.T.);
#1160 = VERTEX_POINT('',#1161);
#1161 = CARTESIAN_POINT('',(80.,178.,-299.));
#1162 = SURFACE_CURVE('',#1163,(#1168,#1179),.PCURVE_S1.);
#1163 = CIRCLE('',#1164,2.);
#1164 = AXIS2_PLACEMENT_3D('',#1165,#1166,#1167);
#1165 = CARTESIAN_POINT('',(78.,178.,-299.));
#1166 = DIRECTION('',(-0.,0.,-1.));
#1167 = DIRECTION('',(-2.22044604925E-16,-1.,0.));
#1168 = PCURVE('',#126,#1169);
#1169 = DEFINITIONAL_REPRESENTATION('',(#1170),#1178);
#1170 = ( BOUNDED_CURVE() B_SPLINE_CURVE(2,(#1171,#1172,#1173,#1174,
#1175,#1176,#1177),.UNSPECIFIED.,.T.,.F.) B_SPLINE_CURVE_WITH_KNOTS((1,2
    ,2,2,2,1),(-2.094395102393,0.,2.094395102393,4.188790204786,
6.28318530718,8.377580409573),.UNSPECIFIED.) CURVE() 
GEOMETRIC_REPRESENTATION_ITEM() RATIONAL_B_SPLINE_CURVE((1.,0.5,1.,0.5,
1.,0.5,1.)) REPRESENTATION_ITEM('') );
#1171 = CARTESIAN_POINT('',(194.,176.));
#1172 = CARTESIAN_POINT('',(190.53589838486,176.));
#1173 = CARTESIAN_POINT('',(192.26794919243,179.));
#1174 = CARTESIAN_POINT('',(194.,182.));
#1175 = CARTESIAN_POINT('',(195.73205080756,179.));
#1176 = CARTESIAN_POINT('',(197.46410161513,176.));
#1177 = CARTESIAN_POINT('',(194.,176.));
#1178 = ( GEOMETRIC_REPRESENTATION_CONTEXT(2) 
PARAMETRIC_REPRESENTATION_CONTEXT() REPRESENTATION_CONTEXT('2D SPACE',''
  ) );
#1179 = PCURVE('',#1180,#1185);
#1180 = CYLINDRICAL_SURFACE('',#1181,2.);
#1181 = AXIS2_PLACEMENT_3D('',#1182,#1183,#1184);
#1182 = CARTESIAN_POINT('',(78.,178.,-303.));
#1183 = DIRECTION('',(-0.,0.,-1.));
#1184 = DIRECTION('',(-2.22044604925E-16,-1.,0.));
#1185 = DEFINITIONAL_REPRESENTATION('',(#1186),#1190);
#1186 = LINE('',#1187,#1188);
#1187 = CARTESIAN_POINT('',(0.,-4.));
#1188 = VECTOR('',#1189,1.);
#1189 = DIRECTION('',(1.,0.));
#1190 = ( GEOMETRIC_REPRESENTATION_CONTEXT(2) 
PARAMETRIC_REPRESENTATION_CONTEXT() REPRESENTATION_CONTEXT('2D SPACE',''
  ) );
#1191 = ORIENTED_EDGE('',*,*,#1192,.T.);
#1192 = EDGE_CURVE('',#1160,#1193,#1195,.T.);
#1193 = VERTEX_POINT('',#1194);
#1194 = CARTESIAN_POINT('',(80.,102.,-299.));
#1195 = SURFACE_CURVE('',#1196,(#1200,#1207),.PCURVE_S1.);
#1196 = LINE('',#1197,#1198);
#1197 = CARTESIAN_POINT('',(80.,70.,-299.));
#1198 = VECTOR('',#1199,1.);
#1199 = DIRECTION('',(-2.22044604925E-16,-1.,0.));
#1200 = PCURVE('',#126,#1201);
#1201 = DEFINITIONAL_REPRESENTATION('',(#1202),#1206);
#1202 = LINE('',#1203,#1204);
#1203 = CARTESIAN_POINT('',(196.,70.));
#1204 = VECTOR('',#1205,1.);
#1205 = DIRECTION('',(-2.22044604925E-16,-1.));
#1206 = ( GEOMETRIC_REPRESENTATION_CONTEXT(2) 
PARAMETRIC_REPRESENTATION_CONTEXT() REPRESENTATION_CONTEXT('2D SPACE',''
  ) );
#1207 = PCURVE('',#1208,#1213);
#1208 = PLANE('',#1209);
#1209 = AXIS2_PLACEMENT_3D('',#1210,#1211,#1212);
#1210 = CARTESIAN_POINT('',(80.,140.,-303.));
#1211 = DIRECTION('',(-1.,2.22044604925E-16,0.));
#1212 = DIRECTION('',(2.22044604925E-16,1.,0.));
#1213 = DEFINITIONAL_REPRESENTATION('',(#1214),#1218);
#1214 = LINE('',#1215,#1216);
#1215 = CARTESIAN_POINT('',(-70.,-4.));
#1216 = VECTOR('',#1217,1.);
#1217 = DIRECTION('',(-1.,-0.));
#1218 = ( GEOMETRIC_REPRESENTATION_CONTEXT(2) 
PARAMETRIC_REPRESENTATION_CONTEXT() REPRESENTATION_CONTEXT('2D SPACE',''
  ) );
#1219 = ORIENTED_EDGE('',*,*,#1220,.T.);
#1220 = EDGE_CURVE('',#1193,#1132,#1221,.T.);
#1221 = SURFACE_CURVE('',#1222,(#1227,#1238),.PCURVE_S1.);
#1222 = CIRCLE('',#1223,2.);
#1223 = AXIS2_PLACEMENT_3D('',#1224,#1225,#1226);
#1224 = CARTESIAN_POINT('',(78.,102.,-299.));
#1225 = DIRECTION('',(0.,0.,-1.));
#1226 = DIRECTION('',(2.22044604925E-16,1.,0.));
#1227 = PCURVE('',#126,#1228);
#1228 = DEFINITIONAL_REPRESENTATION('',(#1229),#1237);
#1229 = ( BOUNDED_CURVE() B_SPLINE_CURVE(2,(#1230,#1231,#1232,#1233,
#1234,#1235,#1236),.UNSPECIFIED.,.T.,.F.) B_SPLINE_CURVE_WITH_KNOTS((1,2
    ,2,2,2,1),(-2.094395102393,0.,2.094395102393,4.188790204786,
6.28318530718,8.377580409573),.UNSPECIFIED.) CURVE() 
GEOMETRIC_REPRESENTATION_ITEM() RATIONAL_B_SPLINE_CURVE((1.,0.5,1.,0.5,
1.,0.5,1.)) REPRESENTATION_ITEM('') );
#1230 = CARTESIAN_POINT('',(194.,104.));
#1231 = CARTESIAN_POINT('',(197.46410161513,104.));
#1232 = CARTESIAN_POINT('',(195.73205080756,101.));
#1233 = CARTESIAN_POINT('',(194.,98.));
#1234 = CARTESIAN_POINT('',(192.26794919243,101.));
#1235 = CARTESIAN_POINT('',(190.53589838486,104.));
#1236 = CARTESIAN_POINT('',(194.,104.));
#1237 = ( GEOMETRIC_REPRESENTATION_CONTEXT(2) 
PARAMETRIC_REPRESENTATION_CONTEXT() REPRESENTATION_CONTEXT('2D SPACE',''
  ) );
#1238 = PCURVE('',#1239,#1244);
#1239 = CYLINDRICAL_SURFACE('',#1240,2.);
#1240 = AXIS2_PLACEMENT_3D('',#1241,#1242,#1243);
#1241 = CARTESIAN_POINT('',(78.,102.,-303.));
#1242 = DIRECTION('',(0.,0.,-1.));
#1243 = DIRECTION('',(2.22044604925E-16,1.,0.));
#1244 = DEFINITIONAL_REPRESENTATION('',(#1245),#1249);
#1245 = LINE('',#1246,#1247);
#1246 = CARTESIAN_POINT('',(0.,-4.));
#1247 = VECTOR('',#1248,1.);
#1248 = DIRECTION('',(1.,0.));
#1249 = ( GEOMETRIC_REPRESENTATION_CONTEXT(2) 
PARAMETRIC_REPRESENTATION_CONTEXT() REPRESENTATION_CONTEXT('2D SPACE',''
  ) );
#1250 = FACE_BOUND('',#1251,.T.);
#1251 = EDGE_LOOP('',(#1252,#1282,#1315,#1343));
#1252 = ORIENTED_EDGE('',*,*,#1253,.F.);
#1253 = EDGE_CURVE('',#1254,#1256,#1258,.T.);
#1254 = VERTEX_POINT('',#1255);
#1255 = CARTESIAN_POINT('',(84.,178.,-299.));
#1256 = VERTEX_POINT('',#1257);
#1257 = CARTESIAN_POINT('',(84.,102.,-299.));
#1258 = SURFACE_CURVE('',#1259,(#1263,#1270),.PCURVE_S1.);
#1259 = LINE('',#1260,#1261);
#1260 = CARTESIAN_POINT('',(84.,51.,-299.));
#1261 = VECTOR('',#1262,1.);
#1262 = DIRECTION('',(-2.22044604925E-16,-1.,0.));
#1263 = PCURVE('',#126,#1264);
#1264 = DEFINITIONAL_REPRESENTATION('',(#1265),#1269);
#1265 = LINE('',#1266,#1267);
#1266 = CARTESIAN_POINT('',(200.,51.));
#1267 = VECTOR('',#1268,1.);
#1268 = DIRECTION('',(-2.22044604925E-16,-1.));
#1269 = ( GEOMETRIC_REPRESENTATION_CONTEXT(2) 
PARAMETRIC_REPRESENTATION_CONTEXT() REPRESENTATION_CONTEXT('2D SPACE',''
  ) );
#1270 = PCURVE('',#1271,#1276);
#1271 = PLANE('',#1272);
#1272 = AXIS2_PLACEMENT_3D('',#1273,#1274,#1275);
#1273 = CARTESIAN_POINT('',(84.,102.,-303.));
#1274 = DIRECTION('',(-1.,2.22044604925E-16,0.));
#1275 = DIRECTION('',(2.22044604925E-16,1.,0.));
#1276 = DEFINITIONAL_REPRESENTATION('',(#1277),#1281);
#1277 = LINE('',#1278,#1279);
#1278 = CARTESIAN_POINT('',(-51.,-4.));
#1279 = VECTOR('',#1280,1.);
#1280 = DIRECTION('',(-1.,-0.));
#1281 = ( GEOMETRIC_REPRESENTATION_CONTEXT(2) 
PARAMETRIC_REPRESENTATION_CONTEXT() REPRESENTATION_CONTEXT('2D SPACE',''
  ) );
#1282 = ORIENTED_EDGE('',*,*,#1283,.T.);
#1283 = EDGE_CURVE('',#1254,#1284,#1286,.T.);
#1284 = VERTEX_POINT('',#1285);
#1285 = CARTESIAN_POINT('',(88.,178.,-299.));
#1286 = SURFACE_CURVE('',#1287,(#1292,#1303),.PCURVE_S1.);
#1287 = CIRCLE('',#1288,2.);
#1288 = AXIS2_PLACEMENT_3D('',#1289,#1290,#1291);
#1289 = CARTESIAN_POINT('',(86.,178.,-299.));
#1290 = DIRECTION('',(-0.,0.,-1.));
#1291 = DIRECTION('',(-2.22044604925E-16,-1.,0.));
#1292 = PCURVE('',#126,#1293);
#1293 = DEFINITIONAL_REPRESENTATION('',(#1294),#1302);
#1294 = ( BOUNDED_CURVE() B_SPLINE_CURVE(2,(#1295,#1296,#1297,#1298,
#1299,#1300,#1301),.UNSPECIFIED.,.T.,.F.) B_SPLINE_CURVE_WITH_KNOTS((1,2
    ,2,2,2,1),(-2.094395102393,0.,2.094395102393,4.188790204786,
6.28318530718,8.377580409573),.UNSPECIFIED.) CURVE() 
GEOMETRIC_REPRESENTATION_ITEM() RATIONAL_B_SPLINE_CURVE((1.,0.5,1.,0.5,
1.,0.5,1.)) REPRESENTATION_ITEM('') );
#1295 = CARTESIAN_POINT('',(202.,176.));
#1296 = CARTESIAN_POINT('',(198.53589838486,176.));
#1297 = CARTESIAN_POINT('',(200.26794919243,179.));
#1298 = CARTESIAN_POINT('',(202.,182.));
#1299 = CARTESIAN_POINT('',(203.73205080756,179.));
#1300 = CARTESIAN_POINT('',(205.46410161513,176.));
#1301 = CARTESIAN_POINT('',(202.,176.));
#1302 = ( GEOMETRIC_REPRESENTATION_CONTEXT(2) 
PARAMETRIC_REPRESENTATION_CONTEXT() REPRESENTATION_CONTEXT('2D SPACE',''
  ) );
#1303 = PCURVE('',#1304,#1309);
#1304 = CYLINDRICAL_SURFACE('',#1305,2.);
#1305 = AXIS2_PLACEMENT_3D('',#1306,#1307,#1308);
#1306 = CARTESIAN_POINT('',(86.,178.,-303.));
#1307 = DIRECTION('',(-0.,0.,-1.));
#1308 = DIRECTION('',(-2.22044604925E-16,-1.,0.));
#1309 = DEFINITIONAL_REPRESENTATION('',(#1310),#1314);
#1310 = LINE('',#1311,#1312);
#1311 = CARTESIAN_POINT('',(0.,-4.));
#1312 = VECTOR('',#1313,1.);
#1313 = DIRECTION('',(1.,0.));
#1314 = ( GEOMETRIC_REPRESENTATION_CONTEXT(2) 
PARAMETRIC_REPRESENTATION_CONTEXT() REPRESENTATION_CONTEXT('2D SPACE',''
  ) );
#1315 = ORIENTED_EDGE('',*,*,#1316,.T.);
#1316 = EDGE_CURVE('',#1284,#1317,#1319,.T.);
#1317 = VERTEX_POINT('',#1318);
#1318 = CARTESIAN_POINT('',(88.,102.,-299.));
#1319 = SURFACE_CURVE('',#1320,(#1324,#1331),.PCURVE_S1.);
#1320 = LINE('',#1321,#1322);
#1321 = CARTESIAN_POINT('',(88.,70.,-299.));
#1322 = VECTOR('',#1323,1.);
#1323 = DIRECTION('',(-2.22044604925E-16,-1.,0.));
#1324 = PCURVE('',#126,#1325);
#1325 = DEFINITIONAL_REPRESENTATION('',(#1326),#1330);
#1326 = LINE('',#1327,#1328);
#1327 = CARTESIAN_POINT('',(204.,70.));
#1328 = VECTOR('',#1329,1.);
#1329 = DIRECTION('',(-2.22044604925E-16,-1.));
#1330 = ( GEOMETRIC_REPRESENTATION_CONTEXT(2) 
PARAMETRIC_REPRESENTATION_CONTEXT() REPRESENTATION_CONTEXT('2D SPACE',''
  ) );
#1331 = PCURVE('',#1332,#1337);
#1332 = PLANE('',#1333);
#1333 = AXIS2_PLACEMENT_3D('',#1334,#1335,#1336);
#1334 = CARTESIAN_POINT('',(88.,140.,-303.));
#1335 = DIRECTION('',(-1.,2.22044604925E-16,0.));
#1336 = DIRECTION('',(2.22044604925E-16,1.,0.));
#1337 = DEFINITIONAL_REPRESENTATION('',(#1338),#1342);
#1338 = LINE('',#1339,#1340);
#1339 = CARTESIAN_POINT('',(-70.,-4.));
#1340 = VECTOR('',#1341,1.);
#1341 = DIRECTION('',(-1.,-0.));
#1342 = ( GEOMETRIC_REPRESENTATION_CONTEXT(2) 
PARAMETRIC_REPRESENTATION_CONTEXT() REPRESENTATION_CONTEXT('2D SPACE',''
  ) );
#1343 = ORIENTED_EDGE('',*,*,#1344,.T.);
#1344 = EDGE_CURVE('',#1317,#1256,#1345,.T.);
#1345 = SURFACE_CURVE('',#1346,(#1351,#1362),.PCURVE_S1.);
#1346 = CIRCLE('',#1347,2.);
#1347 = AXIS2_PLACEMENT_3D('',#1348,#1349,#1350);
#1348 = CARTESIAN_POINT('',(86.,102.,-299.));
#1349 = DIRECTION('',(0.,0.,-1.));
#1350 = DIRECTION('',(2.22044604925E-16,1.,0.));
#1351 = PCURVE('',#126,#1352);
#1352 = DEFINITIONAL_REPRESENTATION('',(#1353),#1361);
#1353 = ( BOUNDED_CURVE() B_SPLINE_CURVE(2,(#1354,#1355,#1356,#1357,
#1358,#1359,#1360),.UNSPECIFIED.,.T.,.F.) B_SPLINE_CURVE_WITH_KNOTS((1,2
    ,2,2,2,1),(-2.094395102393,0.,2.094395102393,4.188790204786,
6.28318530718,8.377580409573),.UNSPECIFIED.) CURVE() 
GEOMETRIC_REPRESENTATION_ITEM() RATIONAL_B_SPLINE_CURVE((1.,0.5,1.,0.5,
1.,0.5,1.)) REPRESENTATION_ITEM('') );
#1354 = CARTESIAN_POINT('',(202.,104.));
#1355 = CARTESIAN_POINT('',(205.46410161513,104.));
#1356 = CARTESIAN_POINT('',(203.73205080756,101.));
#1357 = CARTESIAN_POINT('',(202.,98.));
#1358 = CARTESIAN_POINT('',(200.26794919243,101.));
#1359 = CARTESIAN_POINT('',(198.53589838486,104.));
#1360 = CARTESIAN_POINT('',(202.,104.));
#1361 = ( GEOMETRIC_REPRESENTATION_CONTEXT(2) 
PARAMETRIC_REPRESENTATION_CONTEXT() REPRESENTATION_CONTEXT('2D SPACE',''
  ) );
#1362 = PCURVE('',#1363,#1368);
#1363 = CYLINDRICAL_SURFACE('',#1364,2.);
#1364 = AXIS2_PLACEMENT_3D('',#1365,#1366,#1367);
#1365 = CARTESIAN_POINT('',(86.,102.,-303.));
#1366 = DIRECTION('',(0.,0.,-1.));
#1367 = DIRECTION('',(2.22044604925E-16,1.,0.));
#1368 = DEFINITIONAL_REPRESENTATION('',(#1369),#1373);
#1369 = LINE('',#1370,#1371);
#1370 = CARTESIAN_POINT('',(0.,-4.));
#1371 = VECTOR('',#1372,1.);
#1372 = DIRECTION('',(1.,0.));
#1373 = ( GEOMETRIC_REPRESENTATION_CONTEXT(2) 
PARAMETRIC_REPRESENTATION_CONTEXT() REPRESENTATION_CONTEXT('2D SPACE',''
  ) );
#1374 = FACE_BOUND('',#1375,.T.);
#1375 = EDGE_LOOP('',(#1376,#1406,#1439,#1467));
#1376 = ORIENTED_EDGE('',*,*,#1377,.F.);
#1377 = EDGE_CURVE('',#1378,#1380,#1382,.T.);
#1378 = VERTEX_POINT('',#1379);
#1379 = CARTESIAN_POINT('',(92.,178.,-299.));
#1380 = VERTEX_POINT('',#1381);
#1381 = CARTESIAN_POINT('',(92.,102.,-299.));
#1382 = SURFACE_CURVE('',#1383,(#1387,#1394),.PCURVE_S1.);
#1383 = LINE('',#1384,#1385);
#1384 = CARTESIAN_POINT('',(92.,51.,-299.));
#1385 = VECTOR('',#1386,1.);
#1386 = DIRECTION('',(-2.22044604925E-16,-1.,0.));
#1387 = PCURVE('',#126,#1388);
#1388 = DEFINITIONAL_REPRESENTATION('',(#1389),#1393);
#1389 = LINE('',#1390,#1391);
#1390 = CARTESIAN_POINT('',(208.,51.));
#1391 = VECTOR('',#1392,1.);
#1392 = DIRECTION('',(-2.22044604925E-16,-1.));
#1393 = ( GEOMETRIC_REPRESENTATION_CONTEXT(2) 
PARAMETRIC_REPRESENTATION_CONTEXT() REPRESENTATION_CONTEXT('2D SPACE',''
  ) );
#1394 = PCURVE('',#1395,#1400);
#1395 = PLANE('',#1396);
#1396 = AXIS2_PLACEMENT_3D('',#1397,#1398,#1399);
#1397 = CARTESIAN_POINT('',(92.,102.,-303.));
#1398 = DIRECTION('',(-1.,2.22044604925E-16,0.));
#1399 = DIRECTION('',(2.22044604925E-16,1.,0.));
#1400 = DEFINITIONAL_REPRESENTATION('',(#1401),#1405);
#1401 = LINE('',#1402,#1403);
#1402 = CARTESIAN_POINT('',(-51.,-4.));
#1403 = VECTOR('',#1404,1.);
#1404 = DIRECTION('',(-1.,-0.));
#1405 = ( GEOMETRIC_REPRESENTATION_CONTEXT(2) 
PARAMETRIC_REPRESENTATION_CONTEXT() REPRESENTATION_CONTEXT('2D SPACE',''
  ) );
#1406 = ORIENTED_EDGE('',*,*,#1407,.T.);
#1407 = EDGE_CURVE('',#1378,#1408,#1410,.T.);
#1408 = VERTEX_POINT('',#1409);
#1409 = CARTESIAN_POINT('',(96.,178.,-299.));
#1410 = SURFACE_CURVE('',#1411,(#1416,#1427),.PCURVE_S1.);
#1411 = CIRCLE('',#1412,2.);
#1412 = AXIS2_PLACEMENT_3D('',#1413,#1414,#1415);
#1413 = CARTESIAN_POINT('',(94.,178.,-299.));
#1414 = DIRECTION('',(-0.,0.,-1.));
#1415 = DIRECTION('',(-2.22044604925E-16,-1.,0.));
#1416 = PCURVE('',#126,#1417);
#1417 = DEFINITIONAL_REPRESENTATION('',(#1418),#1426);
#1418 = ( BOUNDED_CURVE() B_SPLINE_CURVE(2,(#1419,#1420,#1421,#1422,
#1423,#1424,#1425),.UNSPECIFIED.,.T.,.F.) B_SPLINE_CURVE_WITH_KNOTS((1,2
    ,2,2,2,1),(-2.094395102393,0.,2.094395102393,4.188790204786,
6.28318530718,8.377580409573),.UNSPECIFIED.) CURVE() 
GEOMETRIC_REPRESENTATION_ITEM() RATIONAL_B_SPLINE_CURVE((1.,0.5,1.,0.5,
1.,0.5,1.)) REPRESENTATION_ITEM('') );
#1419 = CARTESIAN_POINT('',(210.,176.));
#1420 = CARTESIAN_POINT('',(206.53589838486,176.));
#1421 = CARTESIAN_POINT('',(208.26794919243,179.));
#1422 = CARTESIAN_POINT('',(210.,182.));
#1423 = CARTESIAN_POINT('',(211.73205080756,179.));
#1424 = CARTESIAN_POINT('',(213.46410161513,176.));
#1425 = CARTESIAN_POINT('',(210.,176.));
#1426 = ( GEOMETRIC_REPRESENTATION_CONTEXT(2) 
PARAMETRIC_REPRESENTATION_CONTEXT() REPRESENTATION_CONTEXT('2D SPACE',''
  ) );
#1427 = PCURVE('',#1428,#1433);
#1428 = CYLINDRICAL_SURFACE('',#1429,2.);
#1429 = AXIS2_PLACEMENT_3D('',#1430,#1431,#1432);
#1430 = CARTESIAN_POINT('',(94.,178.,-303.));
#1431 = DIRECTION('',(-0.,0.,-1.));
#1432 = DIRECTION('',(-2.22044604925E-16,-1.,0.));
#1433 = DEFINITIONAL_REPRESENTATION('',(#1434),#1438);
#1434 = LINE('',#1435,#1436);
#1435 = CARTESIAN_POINT('',(0.,-4.));
#1436 = VECTOR('',#1437,1.);
#1437 = DIRECTION('',(1.,0.));
#1438 = ( GEOMETRIC_REPRESENTATION_CONTEXT(2) 
PARAMETRIC_REPRESENTATION_CONTEXT() REPRESENTATION_CONTEXT('2D SPACE',''
  ) );
#1439 = ORIENTED_EDGE('',*,*,#1440,.T.);
#1440 = EDGE_CURVE('',#1408,#1441,#1443,.T.);
#1441 = VERTEX_POINT('',#1442);
#1442 = CARTESIAN_POINT('',(96.,102.,-299.));
#1443 = SURFACE_CURVE('',#1444,(#1448,#1455),.PCURVE_S1.);
#1444 = LINE('',#1445,#1446);
#1445 = CARTESIAN_POINT('',(96.,70.,-299.));
#1446 = VECTOR('',#1447,1.);
#1447 = DIRECTION('',(-2.22044604925E-16,-1.,0.));
#1448 = PCURVE('',#126,#1449);
#1449 = DEFINITIONAL_REPRESENTATION('',(#1450),#1454);
#1450 = LINE('',#1451,#1452);
#1451 = CARTESIAN_POINT('',(212.,70.));
#1452 = VECTOR('',#1453,1.);
#1453 = DIRECTION('',(-2.22044604925E-16,-1.));
#1454 = ( GEOMETRIC_REPRESENTATION_CONTEXT(2) 
PARAMETRIC_REPRESENTATION_CONTEXT() REPRESENTATION_CONTEXT('2D SPACE',''
  ) );
#1455 = PCURVE('',#1456,#1461);
#1456 = PLANE('',#1457);
#1457 = AXIS2_PLACEMENT_3D('',#1458,#1459,#1460);
#1458 = CARTESIAN_POINT('',(96.,140.,-303.));
#1459 = DIRECTION('',(-1.,2.22044604925E-16,0.));
#1460 = DIRECTION('',(2.22044604925E-16,1.,0.));
#1461 = DEFINITIONAL_REPRESENTATION('',(#1462),#1466);
#1462 = LINE('',#1463,#1464);
#1463 = CARTESIAN_POINT('',(-70.,-4.));
#1464 = VECTOR('',#1465,1.);
#1465 = DIRECTION('',(-1.,-0.));
#1466 = ( GEOMETRIC_REPRESENTATION_CONTEXT(2) 
PARAMETRIC_REPRESENTATION_CONTEXT() REPRESENTATION_CONTEXT('2D SPACE',''
  ) );
#1467 = ORIENTED_EDGE('',*,*,#1468,.T.);
#1468 = EDGE_CURVE('',#1441,#1380,#1469,.T.);
#1469 = SURFACE_CURVE('',#1470,(#1475,#1486),.PCURVE_S1.);
#1470 = CIRCLE('',#1471,2.);
#1471 = AXIS2_PLACEMENT_3D('',#1472,#1473,#1474);
#1472 = CARTESIAN_POINT('',(94.,102.,-299.));
#1473 = DIRECTION('',(0.,0.,-1.));
#1474 = DIRECTION('',(2.22044604925E-16,1.,0.));
#1475 = PCURVE('',#126,#1476);
#1476 = DEFINITIONAL_REPRESENTATION('',(#1477),#1485);
#1477 = ( BOUNDED_CURVE() B_SPLINE_CURVE(2,(#1478,#1479,#1480,#1481,
#1482,#1483,#1484),.UNSPECIFIED.,.T.,.F.) B_SPLINE_CURVE_WITH_KNOTS((1,2
    ,2,2,2,1),(-2.094395102393,0.,2.094395102393,4.188790204786,
6.28318530718,8.377580409573),.UNSPECIFIED.) CURVE() 
GEOMETRIC_REPRESENTATION_ITEM() RATIONAL_B_SPLINE_CURVE((1.,0.5,1.,0.5,
1.,0.5,1.)) REPRESENTATION_ITEM('') );
#1478 = CARTESIAN_POINT('',(210.,104.));
#1479 = CARTESIAN_POINT('',(213.46410161513,104.));
#1480 = CARTESIAN_POINT('',(211.73205080756,101.));
#1481 = CARTESIAN_POINT('',(210.,98.));
#1482 = CARTESIAN_POINT('',(208.26794919243,101.));
#1483 = CARTESIAN_POINT('',(206.53589838486,104.));
#1484 = CARTESIAN_POINT('',(210.,104.));
#1485 = ( GEOMETRIC_REPRESENTATION_CONTEXT(2) 
PARAMETRIC_REPRESENTATION_CONTEXT() REPRESENTATION_CONTEXT('2D SPACE',''
  ) );
#1486 = PCURVE('',#1487,#1492);
#1487 = CYLINDRICAL_SURFACE('',#1488,2.);
#1488 = AXIS2_PLACEMENT_3D('',#1489,#1490,#1491);
#1489 = CARTESIAN_POINT('',(94.,102.,-303.));
#1490 = DIRECTION('',(0.,0.,-1.));
#1491 = DIRECTION('',(2.22044604925E-16,1.,0.));
#1492 = DEFINITIONAL_REPRESENTATION('',(#1493),#1497);
#1493 = LINE('',#1494,#1495);
#1494 = CARTESIAN_POINT('',(0.,-4.));
#1495 = VECTOR('',#1496,1.);
#1496 = DIRECTION('',(1.,0.));
#1497 = ( GEOMETRIC_REPRESENTATION_CONTEXT(2) 
PARAMETRIC_REPRESENTATION_CONTEXT() REPRESENTATION_CONTEXT('2D SPACE',''
  ) );
#1498 = FACE_BOUND('',#1499,.T.);
#1499 = EDGE_LOOP('',(#1500,#1530,#1563,#1591));
#1500 = ORIENTED_EDGE('',*,*,#1501,.F.);
#1501 = EDGE_CURVE('',#1502,#1504,#1506,.T.);
#1502 = VERTEX_POINT('',#1503);
#1503 = CARTESIAN_POINT('',(100.,178.,-299.));
#1504 = VERTEX_POINT('',#1505);
#1505 = CARTESIAN_POINT('',(100.,102.,-299.));
#1506 = SURFACE_CURVE('',#1507,(#1511,#1518),.PCURVE_S1.);
#1507 = LINE('',#1508,#1509);
#1508 = CARTESIAN_POINT('',(100.,51.,-299.));
#1509 = VECTOR('',#1510,1.);
#1510 = DIRECTION('',(-2.22044604925E-16,-1.,0.));
#1511 = PCURVE('',#126,#1512);
#1512 = DEFINITIONAL_REPRESENTATION('',(#1513),#1517);
#1513 = LINE('',#1514,#1515);
#1514 = CARTESIAN_POINT('',(216.,51.));
#1515 = VECTOR('',#1516,1.);
#1516 = DIRECTION('',(-2.22044604925E-16,-1.));
#1517 = ( GEOMETRIC_REPRESENTATION_CONTEXT(2) 
PARAMETRIC_REPRESENTATION_CONTEXT() REPRESENTATION_CONTEXT('2D SPACE',''
  ) );
#1518 = PCURVE('',#1519,#1524);
#1519 = PLANE('',#1520);
#1520 = AXIS2_PLACEMENT_3D('',#1521,#1522,#1523);
#1521 = CARTESIAN_POINT('',(100.,102.,-303.));
#1522 = DIRECTION('',(-1.,2.22044604925E-16,0.));
#1523 = DIRECTION('',(2.22044604925E-16,1.,0.));
#1524 = DEFINITIONAL_REPRESENTATION('',(#1525),#1529);
#1525 = LINE('',#1526,#1527);
#1526 = CARTESIAN_POINT('',(-51.,-4.));
#1527 = VECTOR('',#1528,1.);
#1528 = DIRECTION('',(-1.,-0.));
#1529 = ( GEOMETRIC_REPRESENTATION_CONTEXT(2) 
PARAMETRIC_REPRESENTATION_CONTEXT() REPRESENTATION_CONTEXT('2D SPACE',''
  ) );
#1530 = ORIENTED_EDGE('',*,*,#1531,.T.);
#1531 = EDGE_CURVE('',#1502,#1532,#1534,.T.);
#1532 = VERTEX_POINT('',#1533);
#1533 = CARTESIAN_POINT('',(104.,178.,-299.));
#1534 = SURFACE_CURVE('',#1535,(#1540,#1551),.PCURVE_S1.);
#1535 = CIRCLE('',#1536,2.);
#1536 = AXIS2_PLACEMENT_3D('',#1537,#1538,#1539);
#1537 = CARTESIAN_POINT('',(102.,178.,-299.));
#1538 = DIRECTION('',(-0.,0.,-1.));
#1539 = DIRECTION('',(-2.22044604925E-16,-1.,0.));
#1540 = PCURVE('',#126,#1541);
#1541 = DEFINITIONAL_REPRESENTATION('',(#1542),#1550);
#1542 = ( BOUNDED_CURVE() B_SPLINE_CURVE(2,(#1543,#1544,#1545,#1546,
#1547,#1548,#1549),.UNSPECIFIED.,.T.,.F.) B_SPLINE_CURVE_WITH_KNOTS((1,2
    ,2,2,2,1),(-2.094395102393,0.,2.094395102393,4.188790204786,
6.28318530718,8.377580409573),.UNSPECIFIED.) CURVE() 
GEOMETRIC_REPRESENTATION_ITEM() RATIONAL_B_SPLINE_CURVE((1.,0.5,1.,0.5,
1.,0.5,1.)) REPRESENTATION_ITEM('') );
#1543 = CARTESIAN_POINT('',(218.,176.));
#1544 = CARTESIAN_POINT('',(214.53589838486,176.));
#1545 = CARTESIAN_POINT('',(216.26794919243,179.));
#1546 = CARTESIAN_POINT('',(218.,182.));
#1547 = CARTESIAN_POINT('',(219.73205080756,179.));
#1548 = CARTESIAN_POINT('',(221.46410161513,176.));
#1549 = CARTESIAN_POINT('',(218.,176.));
#1550 = ( GEOMETRIC_REPRESENTATION_CONTEXT(2) 
PARAMETRIC_REPRESENTATION_CONTEXT() REPRESENTATION_CONTEXT('2D SPACE',''
  ) );
#1551 = PCURVE('',#1552,#1557);
#1552 = CYLINDRICAL_SURFACE('',#1553,2.);
#1553 = AXIS2_PLACEMENT_3D('',#1554,#1555,#1556);
#1554 = CARTESIAN_POINT('',(102.,178.,-303.));
#1555 = DIRECTION('',(-0.,0.,-1.));
#1556 = DIRECTION('',(-2.22044604925E-16,-1.,0.));
#1557 = DEFINITIONAL_REPRESENTATION('',(#1558),#1562);
#1558 = LINE('',#1559,#1560);
#1559 = CARTESIAN_POINT('',(0.,-4.));
#1560 = VECTOR('',#1561,1.);
#1561 = DIRECTION('',(1.,0.));
#1562 = ( GEOMETRIC_REPRESENTATION_CONTEXT(2) 
PARAMETRIC_REPRESENTATION_CONTEXT() REPRESENTATION_CONTEXT('2D SPACE',''
  ) );
#1563 = ORIENTED_EDGE('',*,*,#1564,.T.);
#1564 = EDGE_CURVE('',#1532,#1565,#1567,.T.);
#1565 = VERTEX_POINT('',#1566);
#1566 = CARTESIAN_POINT('',(104.,102.,-299.));
#1567 = SURFACE_CURVE('',#1568,(#1572,#1579),.PCURVE_S1.);
#1568 = LINE('',#1569,#1570);
#1569 = CARTESIAN_POINT('',(104.,70.,-299.));
#1570 = VECTOR('',#1571,1.);
#1571 = DIRECTION('',(-2.22044604925E-16,-1.,0.));
#1572 = PCURVE('',#126,#1573);
#1573 = DEFINITIONAL_REPRESENTATION('',(#1574),#1578);
#1574 = LINE('',#1575,#1576);
#1575 = CARTESIAN_POINT('',(220.,70.));
#1576 = VECTOR('',#1577,1.);
#1577 = DIRECTION('',(-2.22044604925E-16,-1.));
#1578 = ( GEOMETRIC_REPRESENTATION_CONTEXT(2) 
PARAMETRIC_REPRESENTATION_CONTEXT() REPRESENTATION_CONTEXT('2D SPACE',''
  ) );
#1579 = PCURVE('',#1580,#1585);
#1580 = PLANE('',#1581);
#1581 = AXIS2_PLACEMENT_3D('',#1582,#1583,#1584);
#1582 = CARTESIAN_POINT('',(104.,140.,-303.));
#1583 = DIRECTION('',(-1.,2.22044604925E-16,0.));
#1584 = DIRECTION('',(2.22044604925E-16,1.,0.));
#1585 = DEFINITIONAL_REPRESENTATION('',(#1586),#1590);
#1586 = LINE('',#1587,#1588);
#1587 = CARTESIAN_POINT('',(-70.,-4.));
#1588 = VECTOR('',#1589,1.);
#1589 = DIRECTION('',(-1.,-0.));
#1590 = ( GEOMETRIC_REPRESENTATION_CONTEXT(2) 
PARAMETRIC_REPRESENTATION_CONTEXT() REPRESENTATION_CONTEXT('2D SPACE',''
  ) );
#1591 = ORIENTED_EDGE('',*,*,#1592,.T.);
#1592 = EDGE_CURVE('',#1565,#1504,#1593,.T.);
#1593 = SURFACE_CURVE('',#1594,(#1599,#1610),.PCURVE_S1.);
#1594 = CIRCLE('',#1595,2.);
#1595 = AXIS2_PLACEMENT_3D('',#1596,#1597,#1598);
#1596 = CARTESIAN_POINT('',(102.,102.,-299.));
#1597 = DIRECTION('',(0.,0.,-1.));
#1598 = DIRECTION('',(2.22044604925E-16,1.,0.));
#1599 = PCURVE('',#126,#1600);
#1600 = DEFINITIONAL_REPRESENTATION('',(#1601),#1609);
#1601 = ( BOUNDED_CURVE() B_SPLINE_CURVE(2,(#1602,#1603,#1604,#1605,
#1606,#1607,#1608),.UNSPECIFIED.,.T.,.F.) B_SPLINE_CURVE_WITH_KNOTS((1,2
    ,2,2,2,1),(-2.094395102393,0.,2.094395102393,4.188790204786,
6.28318530718,8.377580409573),.UNSPECIFIED.) CURVE() 
GEOMETRIC_REPRESENTATION_ITEM() RATIONAL_B_SPLINE_CURVE((1.,0.5,1.,0.5,
1.,0.5,1.)) REPRESENTATION_ITEM('') );
#1602 = CARTESIAN_POINT('',(218.,104.));
#1603 = CARTESIAN_POINT('',(221.46410161513,104.));
#1604 = CARTESIAN_POINT('',(219.73205080756,101.));
#1605 = CARTESIAN_POINT('',(218.,98.));
#1606 = CARTESIAN_POINT('',(216.26794919243,101.));
#1607 = CARTESIAN_POINT('',(214.53589838486,104.));
#1608 = CARTESIAN_POINT('',(218.,104.));
#1609 = ( GEOMETRIC_REPRESENTATION_CONTEXT(2) 
PARAMETRIC_REPRESENTATION_CONTEXT() REPRESENTATION_CONTEXT('2D SPACE',''
  ) );
#1610 = PCURVE('',#1611,#1616);
#1611 = CYLINDRICAL_SURFACE('',#1612,2.);
#1612 = AXIS2_PLACEMENT_3D('',#1613,#1614,#1615);
#1613 = CARTESIAN_POINT('',(102.,102.,-303.));
#1614 = DIRECTION('',(0.,0.,-1.));
#1615 = DIRECTION('',(2.22044604925E-16,1.,0.));
#1616 = DEFINITIONAL_REPRESENTATION('',(#1617),#1621);
#1617 = LINE('',#1618,#1619);
#1618 = CARTESIAN_POINT('',(0.,-4.));
#1619 = VECTOR('',#1620,1.);
#1620 = DIRECTION('',(1.,0.));
#1621 = ( GEOMETRIC_REPRESENTATION_CONTEXT(2) 
PARAMETRIC_REPRESENTATION_CONTEXT() REPRESENTATION_CONTEXT('2D SPACE',''
  ) );
#1622 = FACE_BOUND('',#1623,.T.);
#1623 = EDGE_LOOP('',(#1624,#1654,#1687,#1715));
#1624 = ORIENTED_EDGE('',*,*,#1625,.F.);
#1625 = EDGE_CURVE('',#1626,#1628,#1630,.T.);
#1626 = VERTEX_POINT('',#1627);
#1627 = CARTESIAN_POINT('',(108.,178.,-299.));
#1628 = VERTEX_POINT('',#1629);
#1629 = CARTESIAN_POINT('',(108.,102.,-299.));
#1630 = SURFACE_CURVE('',#1631,(#1635,#1642),.PCURVE_S1.);
#1631 = LINE('',#1632,#1633);
#1632 = CARTESIAN_POINT('',(108.,51.,-299.));
#1633 = VECTOR('',#1634,1.);
#1634 = DIRECTION('',(-2.22044604925E-16,-1.,0.));
#1635 = PCURVE('',#126,#1636);
#1636 = DEFINITIONAL_REPRESENTATION('',(#1637),#1641);
#1637 = LINE('',#1638,#1639);
#1638 = CARTESIAN_POINT('',(224.,51.));
#1639 = VECTOR('',#1640,1.);
#1640 = DIRECTION('',(-2.22044604925E-16,-1.));
#1641 = ( GEOMETRIC_REPRESENTATION_CONTEXT(2) 
PARAMETRIC_REPRESENTATION_CONTEXT() REPRESENTATION_CONTEXT('2D SPACE',''
  ) );
#1642 = PCURVE('',#1643,#1648);
#1643 = PLANE('',#1644);
#1644 = AXIS2_PLACEMENT_3D('',#1645,#1646,#1647);
#1645 = CARTESIAN_POINT('',(108.,102.,-303.));
#1646 = DIRECTION('',(-1.,2.22044604925E-16,0.));
#1647 = DIRECTION('',(2.22044604925E-16,1.,0.));
#1648 = DEFINITIONAL_REPRESENTATION('',(#1649),#1653);
#1649 = LINE('',#1650,#1651);
#1650 = CARTESIAN_POINT('',(-51.,-4.));
#1651 = VECTOR('',#1652,1.);
#1652 = DIRECTION('',(-1.,-0.));
#1653 = ( GEOMETRIC_REPRESENTATION_CONTEXT(2) 
PARAMETRIC_REPRESENTATION_CONTEXT() REPRESENTATION_CONTEXT('2D SPACE',''
  ) );
#1654 = ORIENTED_EDGE('',*,*,#1655,.T.);
#1655 = EDGE_CURVE('',#1626,#1656,#1658,.T.);
#1656 = VERTEX_POINT('',#1657);
#1657 = CARTESIAN_POINT('',(112.,178.,-299.));
#1658 = SURFACE_CURVE('',#1659,(#1664,#1675),.PCURVE_S1.);
#1659 = CIRCLE('',#1660,2.);
#1660 = AXIS2_PLACEMENT_3D('',#1661,#1662,#1663);
#1661 = CARTESIAN_POINT('',(110.,178.,-299.));
#1662 = DIRECTION('',(-0.,0.,-1.));
#1663 = DIRECTION('',(-2.22044604925E-16,-1.,0.));
#1664 = PCURVE('',#126,#1665);
#1665 = DEFINITIONAL_REPRESENTATION('',(#1666),#1674);
#1666 = ( BOUNDED_CURVE() B_SPLINE_CURVE(2,(#1667,#1668,#1669,#1670,
#1671,#1672,#1673),.UNSPECIFIED.,.T.,.F.) B_SPLINE_CURVE_WITH_KNOTS((1,2
    ,2,2,2,1),(-2.094395102393,0.,2.094395102393,4.188790204786,
6.28318530718,8.377580409573),.UNSPECIFIED.) CURVE() 
GEOMETRIC_REPRESENTATION_ITEM() RATIONAL_B_SPLINE_CURVE((1.,0.5,1.,0.5,
1.,0.5,1.)) REPRESENTATION_ITEM('') );
#1667 = CARTESIAN_POINT('',(226.,176.));
#1668 = CARTESIAN_POINT('',(222.53589838486,176.));
#1669 = CARTESIAN_POINT('',(224.26794919243,179.));
#1670 = CARTESIAN_POINT('',(226.,182.));
#1671 = CARTESIAN_POINT('',(227.73205080756,179.));
#1672 = CARTESIAN_POINT('',(229.46410161513,176.));
#1673 = CARTESIAN_POINT('',(226.,176.));
#1674 = ( GEOMETRIC_REPRESENTATION_CONTEXT(2) 
PARAMETRIC_REPRESENTATION_CONTEXT() REPRESENTATION_CONTEXT('2D SPACE',''
  ) );
#1675 = PCURVE('',#1676,#1681);
#1676 = CYLINDRICAL_SURFACE('',#1677,2.);
#1677 = AXIS2_PLACEMENT_3D('',#1678,#1679,#1680);
#1678 = CARTESIAN_POINT('',(110.,178.,-303.));
#1679 = DIRECTION('',(-0.,0.,-1.));
#1680 = DIRECTION('',(-2.22044604925E-16,-1.,0.));
#1681 = DEFINITIONAL_REPRESENTATION('',(#1682),#1686);
#1682 = LINE('',#1683,#1684);
#1683 = CARTESIAN_POINT('',(0.,-4.));
#1684 = VECTOR('',#1685,1.);
#1685 = DIRECTION('',(1.,0.));
#1686 = ( GEOMETRIC_REPRESENTATION_CONTEXT(2) 
PARAMETRIC_REPRESENTATION_CONTEXT() REPRESENTATION_CONTEXT('2D SPACE',''
  ) );
#1687 = ORIENTED_EDGE('',*,*,#1688,.T.);
#1688 = EDGE_CURVE('',#1656,#1689,#1691,.T.);
#1689 = VERTEX_POINT('',#1690);
#1690 = CARTESIAN_POINT('',(112.,102.,-299.));
#1691 = SURFACE_CURVE('',#1692,(#1696,#1703),.PCURVE_S1.);
#1692 = LINE('',#1693,#1694);
#1693 = CARTESIAN_POINT('',(112.,70.,-299.));
#1694 = VECTOR('',#1695,1.);
#1695 = DIRECTION('',(-2.22044604925E-16,-1.,0.));
#1696 = PCURVE('',#126,#1697);
#1697 = DEFINITIONAL_REPRESENTATION('',(#1698),#1702);
#1698 = LINE('',#1699,#1700);
#1699 = CARTESIAN_POINT('',(228.,70.));
#1700 = VECTOR('',#1701,1.);
#1701 = DIRECTION('',(-2.22044604925E-16,-1.));
#1702 = ( GEOMETRIC_REPRESENTATION_CONTEXT(2) 
PARAMETRIC_REPRESENTATION_CONTEXT() REPRESENTATION_CONTEXT('2D SPACE',''
  ) );
#1703 = PCURVE('',#1704,#1709);
#1704 = PLANE('',#1705);
#1705 = AXIS2_PLACEMENT_3D('',#1706,#1707,#1708);
#1706 = CARTESIAN_POINT('',(112.,140.,-303.));
#1707 = DIRECTION('',(-1.,2.22044604925E-16,0.));
#1708 = DIRECTION('',(2.22044604925E-16,1.,0.));
#1709 = DEFINITIONAL_REPRESENTATION('',(#1710),#1714);
#1710 = LINE('',#1711,#1712);
#1711 = CARTESIAN_POINT('',(-70.,-4.));
#1712 = VECTOR('',#1713,1.);
#1713 = DIRECTION('',(-1.,-0.));
#1714 = ( GEOMETRIC_REPRESENTATION_CONTEXT(2) 
PARAMETRIC_REPRESENTATION_CONTEXT() REPRESENTATION_CONTEXT('2D SPACE',''
  ) );
#1715 = ORIENTED_EDGE('',*,*,#1716,.T.);
#1716 = EDGE_CURVE('',#1689,#1628,#1717,.T.);
#1717 = SURFACE_CURVE('',#1718,(#1723,#1734),.PCURVE_S1.);
#1718 = CIRCLE('',#1719,2.);
#1719 = AXIS2_PLACEMENT_3D('',#1720,#1721,#1722);
#1720 = CARTESIAN_POINT('',(110.,102.,-299.));
#1721 = DIRECTION('',(0.,0.,-1.));
#1722 = DIRECTION('',(2.22044604925E-16,1.,0.));
#1723 = PCURVE('',#126,#1724);
#1724 = DEFINITIONAL_REPRESENTATION('',(#1725),#1733);
#1725 = ( BOUNDED_CURVE() B_SPLINE_CURVE(2,(#1726,#1727,#1728,#1729,
#1730,#1731,#1732),.UNSPECIFIED.,.T.,.F.) B_SPLINE_CURVE_WITH_KNOTS((1,2
    ,2,2,2,1),(-2.094395102393,0.,2.094395102393,4.188790204786,
6.28318530718,8.377580409573),.UNSPECIFIED.) CURVE() 
GEOMETRIC_REPRESENTATION_ITEM() RATIONAL_B_SPLINE_CURVE((1.,0.5,1.,0.5,
1.,0.5,1.)) REPRESENTATION_ITEM('') );
#1726 = CARTESIAN_POINT('',(226.,104.));
#1727 = CARTESIAN_POINT('',(229.46410161513,104.));
#1728 = CARTESIAN_POINT('',(227.73205080756,101.));
#1729 = CARTESIAN_POINT('',(226.,98.));
#1730 = CARTESIAN_POINT('',(224.26794919243,101.));
#1731 = CARTESIAN_POINT('',(222.53589838486,104.));
#1732 = CARTESIAN_POINT('',(226.,104.));
#1733 = ( GEOMETRIC_REPRESENTATION_CONTEXT(2) 
PARAMETRIC_REPRESENTATION_CONTEXT() REPRESENTATION_CONTEXT('2D SPACE',''
  ) );
#1734 = PCURVE('',#1735,#1740);
#1735 = CYLINDRICAL_SURFACE('',#1736,2.);
#1736 = AXIS2_PLACEMENT_3D('',#1737,#1738,#1739);
#1737 = CARTESIAN_POINT('',(110.,102.,-303.));
#1738 = DIRECTION('',(0.,0.,-1.));
#1739 = DIRECTION('',(2.22044604925E-16,1.,0.));
#1740 = DEFINITIONAL_REPRESENTATION('',(#1741),#1745);
#1741 = LINE('',#1742,#1743);
#1742 = CARTESIAN_POINT('',(0.,-4.));
#1743 = VECTOR('',#1744,1.);
#1744 = DIRECTION('',(1.,0.));
#1745 = ( GEOMETRIC_REPRESENTATION_CONTEXT(2) 
PARAMETRIC_REPRESENTATION_CONTEXT() REPRESENTATION_CONTEXT('2D SPACE',''
  ) );
#1746 = ADVANCED_FACE('',(#1747),#1704,.T.);
#1747 = FACE_BOUND('',#1748,.T.);
#1748 = EDGE_LOOP('',(#1749,#1772,#1795,#1816));
#1749 = ORIENTED_EDGE('',*,*,#1750,.F.);
#1750 = EDGE_CURVE('',#1751,#1656,#1753,.T.);
#1751 = VERTEX_POINT('',#1752);
#1752 = CARTESIAN_POINT('',(112.,178.,-302.));
#1753 = SURFACE_CURVE('',#1754,(#1758,#1765),.PCURVE_S1.);
#1754 = LINE('',#1755,#1756);
#1755 = CARTESIAN_POINT('',(112.,178.,-303.));
#1756 = VECTOR('',#1757,1.);
#1757 = DIRECTION('',(0.,-0.,1.));
#1758 = PCURVE('',#1704,#1759);
#1759 = DEFINITIONAL_REPRESENTATION('',(#1760),#1764);
#1760 = LINE('',#1761,#1762);
#1761 = CARTESIAN_POINT('',(38.,0.));
#1762 = VECTOR('',#1763,1.);
#1763 = DIRECTION('',(0.,-1.));
#1764 = ( GEOMETRIC_REPRESENTATION_CONTEXT(2) 
PARAMETRIC_REPRESENTATION_CONTEXT() REPRESENTATION_CONTEXT('2D SPACE',''
  ) );
#1765 = PCURVE('',#1676,#1766);
#1766 = DEFINITIONAL_REPRESENTATION('',(#1767),#1771);
#1767 = LINE('',#1768,#1769);
#1768 = CARTESIAN_POINT('',(4.712388980385,0.));
#1769 = VECTOR('',#1770,1.);
#1770 = DIRECTION('',(0.,-1.));
#1771 = ( GEOMETRIC_REPRESENTATION_CONTEXT(2) 
PARAMETRIC_REPRESENTATION_CONTEXT() REPRESENTATION_CONTEXT('2D SPACE',''
  ) );
#1772 = ORIENTED_EDGE('',*,*,#1773,.T.);
#1773 = EDGE_CURVE('',#1751,#1774,#1776,.T.);
#1774 = VERTEX_POINT('',#1775);
#1775 = CARTESIAN_POINT('',(112.,102.,-302.));
#1776 = SURFACE_CURVE('',#1777,(#1781,#1788),.PCURVE_S1.);
#1777 = LINE('',#1778,#1779);
#1778 = CARTESIAN_POINT('',(112.,70.,-302.));
#1779 = VECTOR('',#1780,1.);
#1780 = DIRECTION('',(-2.22044604925E-16,-1.,0.));
#1781 = PCURVE('',#1704,#1782);
#1782 = DEFINITIONAL_REPRESENTATION('',(#1783),#1787);
#1783 = LINE('',#1784,#1785);
#1784 = CARTESIAN_POINT('',(-70.,-1.));
#1785 = VECTOR('',#1786,1.);
#1786 = DIRECTION('',(-1.,-0.));
#1787 = ( GEOMETRIC_REPRESENTATION_CONTEXT(2) 
PARAMETRIC_REPRESENTATION_CONTEXT() REPRESENTATION_CONTEXT('2D SPACE',''
  ) );
#1788 = PCURVE('',#72,#1789);
#1789 = DEFINITIONAL_REPRESENTATION('',(#1790),#1794);
#1790 = LINE('',#1791,#1792);
#1791 = CARTESIAN_POINT('',(228.,70.));
#1792 = VECTOR('',#1793,1.);
#1793 = DIRECTION('',(-2.22044604925E-16,-1.));
#1794 = ( GEOMETRIC_REPRESENTATION_CONTEXT(2) 
PARAMETRIC_REPRESENTATION_CONTEXT() REPRESENTATION_CONTEXT('2D SPACE',''
  ) );
#1795 = ORIENTED_EDGE('',*,*,#1796,.T.);
#1796 = EDGE_CURVE('',#1774,#1689,#1797,.T.);
#1797 = SURFACE_CURVE('',#1798,(#1802,#1809),.PCURVE_S1.);
#1798 = LINE('',#1799,#1800);
#1799 = CARTESIAN_POINT('',(112.,102.,-303.));
#1800 = VECTOR('',#1801,1.);
#1801 = DIRECTION('',(0.,-0.,1.));
#1802 = PCURVE('',#1704,#1803);
#1803 = DEFINITIONAL_REPRESENTATION('',(#1804),#1808);
#1804 = LINE('',#1805,#1806);
#1805 = CARTESIAN_POINT('',(-38.,-0.));
#1806 = VECTOR('',#1807,1.);
#1807 = DIRECTION('',(0.,-1.));
#1808 = ( GEOMETRIC_REPRESENTATION_CONTEXT(2) 
PARAMETRIC_REPRESENTATION_CONTEXT() REPRESENTATION_CONTEXT('2D SPACE',''
  ) );
#1809 = PCURVE('',#1735,#1810);
#1810 = DEFINITIONAL_REPRESENTATION('',(#1811),#1815);
#1811 = LINE('',#1812,#1813);
#1812 = CARTESIAN_POINT('',(1.570796326795,0.));
#1813 = VECTOR('',#1814,1.);
#1814 = DIRECTION('',(0.,-1.));
#1815 = ( GEOMETRIC_REPRESENTATION_CONTEXT(2) 
PARAMETRIC_REPRESENTATION_CONTEXT() REPRESENTATION_CONTEXT('2D SPACE',''
  ) );
#1816 = ORIENTED_EDGE('',*,*,#1688,.F.);
#1817 = ADVANCED_FACE('',(#1818),#1735,.F.);
#1818 = FACE_BOUND('',#1819,.F.);
#1819 = EDGE_LOOP('',(#1820,#1848,#1849,#1850));
#1820 = ORIENTED_EDGE('',*,*,#1821,.F.);
#1821 = EDGE_CURVE('',#1774,#1822,#1824,.T.);
#1822 = VERTEX_POINT('',#1823);
#1823 = CARTESIAN_POINT('',(108.,102.,-302.));
#1824 = SURFACE_CURVE('',#1825,(#1830,#1837),.PCURVE_S1.);
#1825 = CIRCLE('',#1826,2.);
#1826 = AXIS2_PLACEMENT_3D('',#1827,#1828,#1829);
#1827 = CARTESIAN_POINT('',(110.,102.,-302.));
#1828 = DIRECTION('',(0.,0.,-1.));
#1829 = DIRECTION('',(2.22044604925E-16,1.,0.));
#1830 = PCURVE('',#1735,#1831);
#1831 = DEFINITIONAL_REPRESENTATION('',(#1832),#1836);
#1832 = LINE('',#1833,#1834);
#1833 = CARTESIAN_POINT('',(0.,-1.));
#1834 = VECTOR('',#1835,1.);
#1835 = DIRECTION('',(1.,0.));
#1836 = ( GEOMETRIC_REPRESENTATION_CONTEXT(2) 
PARAMETRIC_REPRESENTATION_CONTEXT() REPRESENTATION_CONTEXT('2D SPACE',''
  ) );
#1837 = PCURVE('',#72,#1838);
#1838 = DEFINITIONAL_REPRESENTATION('',(#1839),#1847);
#1839 = ( BOUNDED_CURVE() B_SPLINE_CURVE(2,(#1840,#1841,#1842,#1843,
#1844,#1845,#1846),.UNSPECIFIED.,.T.,.F.) B_SPLINE_CURVE_WITH_KNOTS((1,2
    ,2,2,2,1),(-2.094395102393,0.,2.094395102393,4.188790204786,
6.28318530718,8.377580409573),.UNSPECIFIED.) CURVE() 
GEOMETRIC_REPRESENTATION_ITEM() RATIONAL_B_SPLINE_CURVE((1.,0.5,1.,0.5,
1.,0.5,1.)) REPRESENTATION_ITEM('') );
#1840 = CARTESIAN_POINT('',(226.,104.));
#1841 = CARTESIAN_POINT('',(229.46410161513,104.));
#1842 = CARTESIAN_POINT('',(227.73205080756,101.));
#1843 = CARTESIAN_POINT('',(226.,98.));
#1844 = CARTESIAN_POINT('',(224.26794919243,101.));
#1845 = CARTESIAN_POINT('',(222.53589838486,104.));
#1846 = CARTESIAN_POINT('',(226.,104.));
#1847 = ( GEOMETRIC_REPRESENTATION_CONTEXT(2) 
PARAMETRIC_REPRESENTATION_CONTEXT() REPRESENTATION_CONTEXT('2D SPACE',''
  ) );
#1848 = ORIENTED_EDGE('',*,*,#1796,.T.);
#1849 = ORIENTED_EDGE('',*,*,#1716,.T.);
#1850 = ORIENTED_EDGE('',*,*,#1851,.F.);
#1851 = EDGE_CURVE('',#1822,#1628,#1852,.T.);
#1852 = SURFACE_CURVE('',#1853,(#1857,#1864),.PCURVE_S1.);
#1853 = LINE('',#1854,#1855);
#1854 = CARTESIAN_POINT('',(108.,102.,-303.));
#1855 = VECTOR('',#1856,1.);
#1856 = DIRECTION('',(0.,-0.,1.));
#1857 = PCURVE('',#1735,#1858);
#1858 = DEFINITIONAL_REPRESENTATION('',(#1859),#1863);
#1859 = LINE('',#1860,#1861);
#1860 = CARTESIAN_POINT('',(4.712388980385,0.));
#1861 = VECTOR('',#1862,1.);
#1862 = DIRECTION('',(0.,-1.));
#1863 = ( GEOMETRIC_REPRESENTATION_CONTEXT(2) 
PARAMETRIC_REPRESENTATION_CONTEXT() REPRESENTATION_CONTEXT('2D SPACE',''
  ) );
#1864 = PCURVE('',#1643,#1865);
#1865 = DEFINITIONAL_REPRESENTATION('',(#1866),#1870);
#1866 = LINE('',#1867,#1868);
#1867 = CARTESIAN_POINT('',(0.,0.));
#1868 = VECTOR('',#1869,1.);
#1869 = DIRECTION('',(0.,-1.));
#1870 = ( GEOMETRIC_REPRESENTATION_CONTEXT(2) 
PARAMETRIC_REPRESENTATION_CONTEXT() REPRESENTATION_CONTEXT('2D SPACE',''
  ) );
#1871 = ADVANCED_FACE('',(#1872),#1676,.F.);
#1872 = FACE_BOUND('',#1873,.F.);
#1873 = EDGE_LOOP('',(#1874,#1902,#1923,#1924));
#1874 = ORIENTED_EDGE('',*,*,#1875,.F.);
#1875 = EDGE_CURVE('',#1876,#1751,#1878,.T.);
#1876 = VERTEX_POINT('',#1877);
#1877 = CARTESIAN_POINT('',(108.,178.,-302.));
#1878 = SURFACE_CURVE('',#1879,(#1884,#1891),.PCURVE_S1.);
#1879 = CIRCLE('',#1880,2.);
#1880 = AXIS2_PLACEMENT_3D('',#1881,#1882,#1883);
#1881 = CARTESIAN_POINT('',(110.,178.,-302.));
#1882 = DIRECTION('',(-0.,0.,-1.));
#1883 = DIRECTION('',(-2.22044604925E-16,-1.,0.));
#1884 = PCURVE('',#1676,#1885);
#1885 = DEFINITIONAL_REPRESENTATION('',(#1886),#1890);
#1886 = LINE('',#1887,#1888);
#1887 = CARTESIAN_POINT('',(0.,-1.));
#1888 = VECTOR('',#1889,1.);
#1889 = DIRECTION('',(1.,0.));
#1890 = ( GEOMETRIC_REPRESENTATION_CONTEXT(2) 
PARAMETRIC_REPRESENTATION_CONTEXT() REPRESENTATION_CONTEXT('2D SPACE',''
  ) );
#1891 = PCURVE('',#72,#1892);
#1892 = DEFINITIONAL_REPRESENTATION('',(#1893),#1901);
#1893 = ( BOUNDED_CURVE() B_SPLINE_CURVE(2,(#1894,#1895,#1896,#1897,
#1898,#1899,#1900),.UNSPECIFIED.,.T.,.F.) B_SPLINE_CURVE_WITH_KNOTS((1,2
    ,2,2,2,1),(-2.094395102393,0.,2.094395102393,4.188790204786,
6.28318530718,8.377580409573),.UNSPECIFIED.) CURVE() 
GEOMETRIC_REPRESENTATION_ITEM() RATIONAL_B_SPLINE_CURVE((1.,0.5,1.,0.5,
1.,0.5,1.)) REPRESENTATION_ITEM('') );
#1894 = CARTESIAN_POINT('',(226.,176.));
#1895 = CARTESIAN_POINT('',(222.53589838486,176.));
#1896 = CARTESIAN_POINT('',(224.26794919243,179.));
#1897 = CARTESIAN_POINT('',(226.,182.));
#1898 = CARTESIAN_POINT('',(227.73205080756,179.));
#1899 = CARTESIAN_POINT('',(229.46410161513,176.));
#1900 = CARTESIAN_POINT('',(226.,176.));
#1901 = ( GEOMETRIC_REPRESENTATION_CONTEXT(2) 
PARAMETRIC_REPRESENTATION_CONTEXT() REPRESENTATION_CONTEXT('2D SPACE',''
  ) );
#1902 = ORIENTED_EDGE('',*,*,#1903,.T.);
#1903 = EDGE_CURVE('',#1876,#1626,#1904,.T.);
#1904 = SURFACE_CURVE('',#1905,(#1909,#1916),.PCURVE_S1.);
#1905 = LINE('',#1906,#1907);
#1906 = CARTESIAN_POINT('',(108.,178.,-303.));
#1907 = VECTOR('',#1908,1.);
#1908 = DIRECTION('',(0.,-0.,1.));
#1909 = PCURVE('',#1676,#1910);
#1910 = DEFINITIONAL_REPRESENTATION('',(#1911),#1915);
#1911 = LINE('',#1912,#1913);
#1912 = CARTESIAN_POINT('',(1.570796326795,0.));
#1913 = VECTOR('',#1914,1.);
#1914 = DIRECTION('',(0.,-1.));
#1915 = ( GEOMETRIC_REPRESENTATION_CONTEXT(2) 
PARAMETRIC_REPRESENTATION_CONTEXT() REPRESENTATION_CONTEXT('2D SPACE',''
  ) );
#1916 = PCURVE('',#1643,#1917);
#1917 = DEFINITIONAL_REPRESENTATION('',(#1918),#1922);
#1918 = LINE('',#1919,#1920);
#1919 = CARTESIAN_POINT('',(76.,0.));
#1920 = VECTOR('',#1921,1.);
#1921 = DIRECTION('',(0.,-1.));
#1922 = ( GEOMETRIC_REPRESENTATION_CONTEXT(2) 
PARAMETRIC_REPRESENTATION_CONTEXT() REPRESENTATION_CONTEXT('2D SPACE',''
  ) );
#1923 = ORIENTED_EDGE('',*,*,#1655,.T.);
#1924 = ORIENTED_EDGE('',*,*,#1750,.F.);
#1925 = ADVANCED_FACE('',(#1926),#1643,.F.);
#1926 = FACE_BOUND('',#1927,.F.);
#1927 = EDGE_LOOP('',(#1928,#1949,#1950,#1951));
#1928 = ORIENTED_EDGE('',*,*,#1929,.T.);
#1929 = EDGE_CURVE('',#1876,#1822,#1930,.T.);
#1930 = SURFACE_CURVE('',#1931,(#1935,#1942),.PCURVE_S1.);
#1931 = LINE('',#1932,#1933);
#1932 = CARTESIAN_POINT('',(108.,51.,-302.));
#1933 = VECTOR('',#1934,1.);
#1934 = DIRECTION('',(-2.22044604925E-16,-1.,0.));
#1935 = PCURVE('',#1643,#1936);
#1936 = DEFINITIONAL_REPRESENTATION('',(#1937),#1941);
#1937 = LINE('',#1938,#1939);
#1938 = CARTESIAN_POINT('',(-51.,-1.));
#1939 = VECTOR('',#1940,1.);
#1940 = DIRECTION('',(-1.,-0.));
#1941 = ( GEOMETRIC_REPRESENTATION_CONTEXT(2) 
PARAMETRIC_REPRESENTATION_CONTEXT() REPRESENTATION_CONTEXT('2D SPACE',''
  ) );
#1942 = PCURVE('',#72,#1943);
#1943 = DEFINITIONAL_REPRESENTATION('',(#1944),#1948);
#1944 = LINE('',#1945,#1946);
#1945 = CARTESIAN_POINT('',(224.,51.));
#1946 = VECTOR('',#1947,1.);
#1947 = DIRECTION('',(-2.22044604925E-16,-1.));
#1948 = ( GEOMETRIC_REPRESENTATION_CONTEXT(2) 
PARAMETRIC_REPRESENTATION_CONTEXT() REPRESENTATION_CONTEXT('2D SPACE',''
  ) );
#1949 = ORIENTED_EDGE('',*,*,#1851,.T.);
#1950 = ORIENTED_EDGE('',*,*,#1625,.F.);
#1951 = ORIENTED_EDGE('',*,*,#1903,.F.);
#1952 = ADVANCED_FACE('',(#1953),#1580,.T.);
#1953 = FACE_BOUND('',#1954,.T.);
#1954 = EDGE_LOOP('',(#1955,#1978,#2001,#2022));
#1955 = ORIENTED_EDGE('',*,*,#1956,.F.);
#1956 = EDGE_CURVE('',#1957,#1532,#1959,.T.);
#1957 = VERTEX_POINT('',#1958);
#1958 = CARTESIAN_POINT('',(104.,178.,-302.));
#1959 = SURFACE_CURVE('',#1960,(#1964,#1971),.PCURVE_S1.);
#1960 = LINE('',#1961,#1962);
#1961 = CARTESIAN_POINT('',(104.,178.,-303.));
#1962 = VECTOR('',#1963,1.);
#1963 = DIRECTION('',(0.,-0.,1.));
#1964 = PCURVE('',#1580,#1965);
#1965 = DEFINITIONAL_REPRESENTATION('',(#1966),#1970);
#1966 = LINE('',#1967,#1968);
#1967 = CARTESIAN_POINT('',(38.,0.));
#1968 = VECTOR('',#1969,1.);
#1969 = DIRECTION('',(0.,-1.));
#1970 = ( GEOMETRIC_REPRESENTATION_CONTEXT(2) 
PARAMETRIC_REPRESENTATION_CONTEXT() REPRESENTATION_CONTEXT('2D SPACE',''
  ) );
#1971 = PCURVE('',#1552,#1972);
#1972 = DEFINITIONAL_REPRESENTATION('',(#1973),#1977);
#1973 = LINE('',#1974,#1975);
#1974 = CARTESIAN_POINT('',(4.712388980385,0.));
#1975 = VECTOR('',#1976,1.);
#1976 = DIRECTION('',(0.,-1.));
#1977 = ( GEOMETRIC_REPRESENTATION_CONTEXT(2) 
PARAMETRIC_REPRESENTATION_CONTEXT() REPRESENTATION_CONTEXT('2D SPACE',''
  ) );
#1978 = ORIENTED_EDGE('',*,*,#1979,.T.);
#1979 = EDGE_CURVE('',#1957,#1980,#1982,.T.);
#1980 = VERTEX_POINT('',#1981);
#1981 = CARTESIAN_POINT('',(104.,102.,-302.));
#1982 = SURFACE_CURVE('',#1983,(#1987,#1994),.PCURVE_S1.);
#1983 = LINE('',#1984,#1985);
#1984 = CARTESIAN_POINT('',(104.,70.,-302.));
#1985 = VECTOR('',#1986,1.);
#1986 = DIRECTION('',(-2.22044604925E-16,-1.,0.));
#1987 = PCURVE('',#1580,#1988);
#1988 = DEFINITIONAL_REPRESENTATION('',(#1989),#1993);
#1989 = LINE('',#1990,#1991);
#1990 = CARTESIAN_POINT('',(-70.,-1.));
#1991 = VECTOR('',#1992,1.);
#1992 = DIRECTION('',(-1.,-0.));
#1993 = ( GEOMETRIC_REPRESENTATION_CONTEXT(2) 
PARAMETRIC_REPRESENTATION_CONTEXT() REPRESENTATION_CONTEXT('2D SPACE',''
  ) );
#1994 = PCURVE('',#72,#1995);
#1995 = DEFINITIONAL_REPRESENTATION('',(#1996),#2000);
#1996 = LINE('',#1997,#1998);
#1997 = CARTESIAN_POINT('',(220.,70.));
#1998 = VECTOR('',#1999,1.);
#1999 = DIRECTION('',(-2.22044604925E-16,-1.));
#2000 = ( GEOMETRIC_REPRESENTATION_CONTEXT(2) 
PARAMETRIC_REPRESENTATION_CONTEXT() REPRESENTATION_CONTEXT('2D SPACE',''
  ) );
#2001 = ORIENTED_EDGE('',*,*,#2002,.T.);
#2002 = EDGE_CURVE('',#1980,#1565,#2003,.T.);
#2003 = SURFACE_CURVE('',#2004,(#2008,#2015),.PCURVE_S1.);
#2004 = LINE('',#2005,#2006);
#2005 = CARTESIAN_POINT('',(104.,102.,-303.));
#2006 = VECTOR('',#2007,1.);
#2007 = DIRECTION('',(0.,-0.,1.));
#2008 = PCURVE('',#1580,#2009);
#2009 = DEFINITIONAL_REPRESENTATION('',(#2010),#2014);
#2010 = LINE('',#2011,#2012);
#2011 = CARTESIAN_POINT('',(-38.,-0.));
#2012 = VECTOR('',#2013,1.);
#2013 = DIRECTION('',(0.,-1.));
#2014 = ( GEOMETRIC_REPRESENTATION_CONTEXT(2) 
PARAMETRIC_REPRESENTATION_CONTEXT() REPRESENTATION_CONTEXT('2D SPACE',''
  ) );
#2015 = PCURVE('',#1611,#2016);
#2016 = DEFINITIONAL_REPRESENTATION('',(#2017),#2021);
#2017 = LINE('',#2018,#2019);
#2018 = CARTESIAN_POINT('',(1.570796326795,0.));
#2019 = VECTOR('',#2020,1.);
#2020 = DIRECTION('',(0.,-1.));
#2021 = ( GEOMETRIC_REPRESENTATION_CONTEXT(2) 
PARAMETRIC_REPRESENTATION_CONTEXT() REPRESENTATION_CONTEXT('2D SPACE',''
  ) );
#2022 = ORIENTED_EDGE('',*,*,#1564,.F.);
#2023 = ADVANCED_FACE('',(#2024),#1611,.F.);
#2024 = FACE_BOUND('',#2025,.F.);
#2025 = EDGE_LOOP('',(#2026,#2054,#2055,#2056));
#2026 = ORIENTED_EDGE('',*,*,#2027,.F.);
#2027 = EDGE_CURVE('',#1980,#2028,#2030,.T.);
#2028 = VERTEX_POINT('',#2029);
#2029 = CARTESIAN_POINT('',(100.,102.,-302.));
#2030 = SURFACE_CURVE('',#2031,(#2036,#2043),.PCURVE_S1.);
#2031 = CIRCLE('',#2032,2.);
#2032 = AXIS2_PLACEMENT_3D('',#2033,#2034,#2035);
#2033 = CARTESIAN_POINT('',(102.,102.,-302.));
#2034 = DIRECTION('',(0.,0.,-1.));
#2035 = DIRECTION('',(2.22044604925E-16,1.,0.));
#2036 = PCURVE('',#1611,#2037);
#2037 = DEFINITIONAL_REPRESENTATION('',(#2038),#2042);
#2038 = LINE('',#2039,#2040);
#2039 = CARTESIAN_POINT('',(0.,-1.));
#2040 = VECTOR('',#2041,1.);
#2041 = DIRECTION('',(1.,0.));
#2042 = ( GEOMETRIC_REPRESENTATION_CONTEXT(2) 
PARAMETRIC_REPRESENTATION_CONTEXT() REPRESENTATION_CONTEXT('2D SPACE',''
  ) );
#2043 = PCURVE('',#72,#2044);
#2044 = DEFINITIONAL_REPRESENTATION('',(#2045),#2053);
#2045 = ( BOUNDED_CURVE() B_SPLINE_CURVE(2,(#2046,#2047,#2048,#2049,
#2050,#2051,#2052),.UNSPECIFIED.,.T.,.F.) B_SPLINE_CURVE_WITH_KNOTS((1,2
    ,2,2,2,1),(-2.094395102393,0.,2.094395102393,4.188790204786,
6.28318530718,8.377580409573),.UNSPECIFIED.) CURVE() 
GEOMETRIC_REPRESENTATION_ITEM() RATIONAL_B_SPLINE_CURVE((1.,0.5,1.,0.5,
1.,0.5,1.)) REPRESENTATION_ITEM('') );
#2046 = CARTESIAN_POINT('',(218.,104.));
#2047 = CARTESIAN_POINT('',(221.46410161513,104.));
#2048 = CARTESIAN_POINT('',(219.73205080756,101.));
#2049 = CARTESIAN_POINT('',(218.,98.));
#2050 = CARTESIAN_POINT('',(216.26794919243,101.));
#2051 = CARTESIAN_POINT('',(214.53589838486,104.));
#2052 = CARTESIAN_POINT('',(218.,104.));
#2053 = ( GEOMETRIC_REPRESENTATION_CONTEXT(2) 
PARAMETRIC_REPRESENTATION_CONTEXT() REPRESENTATION_CONTEXT('2D SPACE',''
  ) );
#2054 = ORIENTED_EDGE('',*,*,#2002,.T.);
#2055 = ORIENTED_EDGE('',*,*,#1592,.T.);
#2056 = ORIENTED_EDGE('',*,*,#2057,.F.);
#2057 = EDGE_CURVE('',#2028,#1504,#2058,.T.);
#2058 = SURFACE_CURVE('',#2059,(#2063,#2070),.PCURVE_S1.);
#2059 = LINE('',#2060,#2061);
#2060 = CARTESIAN_POINT('',(100.,102.,-303.));
#2061 = VECTOR('',#2062,1.);
#2062 = DIRECTION('',(0.,-0.,1.));
#2063 = PCURVE('',#1611,#2064);
#2064 = DEFINITIONAL_REPRESENTATION('',(#2065),#2069);
#2065 = LINE('',#2066,#2067);
#2066 = CARTESIAN_POINT('',(4.712388980385,0.));
#2067 = VECTOR('',#2068,1.);
#2068 = DIRECTION('',(0.,-1.));
#2069 = ( GEOMETRIC_REPRESENTATION_CONTEXT(2) 
PARAMETRIC_REPRESENTATION_CONTEXT() REPRESENTATION_CONTEXT('2D SPACE',''
  ) );
#2070 = PCURVE('',#1519,#2071);
#2071 = DEFINITIONAL_REPRESENTATION('',(#2072),#2076);
#2072 = LINE('',#2073,#2074);
#2073 = CARTESIAN_POINT('',(0.,0.));
#2074 = VECTOR('',#2075,1.);
#2075 = DIRECTION('',(0.,-1.));
#2076 = ( GEOMETRIC_REPRESENTATION_CONTEXT(2) 
PARAMETRIC_REPRESENTATION_CONTEXT() REPRESENTATION_CONTEXT('2D SPACE',''
  ) );
#2077 = ADVANCED_FACE('',(#2078),#1552,.F.);
#2078 = FACE_BOUND('',#2079,.F.);
#2079 = EDGE_LOOP('',(#2080,#2108,#2129,#2130));
#2080 = ORIENTED_EDGE('',*,*,#2081,.F.);
#2081 = EDGE_CURVE('',#2082,#1957,#2084,.T.);
#2082 = VERTEX_POINT('',#2083);
#2083 = CARTESIAN_POINT('',(100.,178.,-302.));
#2084 = SURFACE_CURVE('',#2085,(#2090,#2097),.PCURVE_S1.);
#2085 = CIRCLE('',#2086,2.);
#2086 = AXIS2_PLACEMENT_3D('',#2087,#2088,#2089);
#2087 = CARTESIAN_POINT('',(102.,178.,-302.));
#2088 = DIRECTION('',(-0.,0.,-1.));
#2089 = DIRECTION('',(-2.22044604925E-16,-1.,0.));
#2090 = PCURVE('',#1552,#2091);
#2091 = DEFINITIONAL_REPRESENTATION('',(#2092),#2096);
#2092 = LINE('',#2093,#2094);
#2093 = CARTESIAN_POINT('',(0.,-1.));
#2094 = VECTOR('',#2095,1.);
#2095 = DIRECTION('',(1.,0.));
#2096 = ( GEOMETRIC_REPRESENTATION_CONTEXT(2) 
PARAMETRIC_REPRESENTATION_CONTEXT() REPRESENTATION_CONTEXT('2D SPACE',''
  ) );
#2097 = PCURVE('',#72,#2098);
#2098 = DEFINITIONAL_REPRESENTATION('',(#2099),#2107);
#2099 = ( BOUNDED_CURVE() B_SPLINE_CURVE(2,(#2100,#2101,#2102,#2103,
#2104,#2105,#2106),.UNSPECIFIED.,.T.,.F.) B_SPLINE_CURVE_WITH_KNOTS((1,2
    ,2,2,2,1),(-2.094395102393,0.,2.094395102393,4.188790204786,
6.28318530718,8.377580409573),.UNSPECIFIED.) CURVE() 
GEOMETRIC_REPRESENTATION_ITEM() RATIONAL_B_SPLINE_CURVE((1.,0.5,1.,0.5,
1.,0.5,1.)) REPRESENTATION_ITEM('') );
#2100 = CARTESIAN_POINT('',(218.,176.));
#2101 = CARTESIAN_POINT('',(214.53589838486,176.));
#2102 = CARTESIAN_POINT('',(216.26794919243,179.));
#2103 = CARTESIAN_POINT('',(218.,182.));
#2104 = CARTESIAN_POINT('',(219.73205080756,179.));
#2105 = CARTESIAN_POINT('',(221.46410161513,176.));
#2106 = CARTESIAN_POINT('',(218.,176.));
#2107 = ( GEOMETRIC_REPRESENTATION_CONTEXT(2) 
PARAMETRIC_REPRESENTATION_CONTEXT() REPRESENTATION_CONTEXT('2D SPACE',''
  ) );
#2108 = ORIENTED_EDGE('',*,*,#2109,.T.);
#2109 = EDGE_CURVE('',#2082,#1502,#2110,.T.);
#2110 = SURFACE_CURVE('',#2111,(#2115,#2122),.PCURVE_S1.);
#2111 = LINE('',#2112,#2113);
#2112 = CARTESIAN_POINT('',(100.,178.,-303.));
#2113 = VECTOR('',#2114,1.);
#2114 = DIRECTION('',(0.,-0.,1.));
#2115 = PCURVE('',#1552,#2116);
#2116 = DEFINITIONAL_REPRESENTATION('',(#2117),#2121);
#2117 = LINE('',#2118,#2119);
#2118 = CARTESIAN_POINT('',(1.570796326795,0.));
#2119 = VECTOR('',#2120,1.);
#2120 = DIRECTION('',(0.,-1.));
#2121 = ( GEOMETRIC_REPRESENTATION_CONTEXT(2) 
PARAMETRIC_REPRESENTATION_CONTEXT() REPRESENTATION_CONTEXT('2D SPACE',''
  ) );
#2122 = PCURVE('',#1519,#2123);
#2123 = DEFINITIONAL_REPRESENTATION('',(#2124),#2128);
#2124 = LINE('',#2125,#2126);
#2125 = CARTESIAN_POINT('',(76.,0.));
#2126 = VECTOR('',#2127,1.);
#2127 = DIRECTION('',(0.,-1.));
#2128 = ( GEOMETRIC_REPRESENTATION_CONTEXT(2) 
PARAMETRIC_REPRESENTATION_CONTEXT() REPRESENTATION_CONTEXT('2D SPACE',''
  ) );
#2129 = ORIENTED_EDGE('',*,*,#1531,.T.);
#2130 = ORIENTED_EDGE('',*,*,#1956,.F.);
#2131 = ADVANCED_FACE('',(#2132),#1519,.F.);
#2132 = FACE_BOUND('',#2133,.F.);
#2133 = EDGE_LOOP('',(#2134,#2155,#2156,#2157));
#2134 = ORIENTED_EDGE('',*,*,#2135,.T.);
#2135 = EDGE_CURVE('',#2082,#2028,#2136,.T.);
#2136 = SURFACE_CURVE('',#2137,(#2141,#2148),.PCURVE_S1.);
#2137 = LINE('',#2138,#2139);
#2138 = CARTESIAN_POINT('',(100.,51.,-302.));
#2139 = VECTOR('',#2140,1.);
#2140 = DIRECTION('',(-2.22044604925E-16,-1.,0.));
#2141 = PCURVE('',#1519,#2142);
#2142 = DEFINITIONAL_REPRESENTATION('',(#2143),#2147);
#2143 = LINE('',#2144,#2145);
#2144 = CARTESIAN_POINT('',(-51.,-1.));
#2145 = VECTOR('',#2146,1.);
#2146 = DIRECTION('',(-1.,-0.));
#2147 = ( GEOMETRIC_REPRESENTATION_CONTEXT(2) 
PARAMETRIC_REPRESENTATION_CONTEXT() REPRESENTATION_CONTEXT('2D SPACE',''
  ) );
#2148 = PCURVE('',#72,#2149);
#2149 = DEFINITIONAL_REPRESENTATION('',(#2150),#2154);
#2150 = LINE('',#2151,#2152);
#2151 = CARTESIAN_POINT('',(216.,51.));
#2152 = VECTOR('',#2153,1.);
#2153 = DIRECTION('',(-2.22044604925E-16,-1.));
#2154 = ( GEOMETRIC_REPRESENTATION_CONTEXT(2) 
PARAMETRIC_REPRESENTATION_CONTEXT() REPRESENTATION_CONTEXT('2D SPACE',''
  ) );
#2155 = ORIENTED_EDGE('',*,*,#2057,.T.);
#2156 = ORIENTED_EDGE('',*,*,#1501,.F.);
#2157 = ORIENTED_EDGE('',*,*,#2109,.F.);
#2158 = ADVANCED_FACE('',(#2159),#1456,.T.);
#2159 = FACE_BOUND('',#2160,.T.);
#2160 = EDGE_LOOP('',(#2161,#2184,#2207,#2228));
#2161 = ORIENTED_EDGE('',*,*,#2162,.F.);
#2162 = EDGE_CURVE('',#2163,#1408,#2165,.T.);
#2163 = VERTEX_POINT('',#2164);
#2164 = CARTESIAN_POINT('',(96.,178.,-302.));
#2165 = SURFACE_CURVE('',#2166,(#2170,#2177),.PCURVE_S1.);
#2166 = LINE('',#2167,#2168);
#2167 = CARTESIAN_POINT('',(96.,178.,-303.));
#2168 = VECTOR('',#2169,1.);
#2169 = DIRECTION('',(0.,-0.,1.));
#2170 = PCURVE('',#1456,#2171);
#2171 = DEFINITIONAL_REPRESENTATION('',(#2172),#2176);
#2172 = LINE('',#2173,#2174);
#2173 = CARTESIAN_POINT('',(38.,0.));
#2174 = VECTOR('',#2175,1.);
#2175 = DIRECTION('',(0.,-1.));
#2176 = ( GEOMETRIC_REPRESENTATION_CONTEXT(2) 
PARAMETRIC_REPRESENTATION_CONTEXT() REPRESENTATION_CONTEXT('2D SPACE',''
  ) );
#2177 = PCURVE('',#1428,#2178);
#2178 = DEFINITIONAL_REPRESENTATION('',(#2179),#2183);
#2179 = LINE('',#2180,#2181);
#2180 = CARTESIAN_POINT('',(4.712388980385,0.));
#2181 = VECTOR('',#2182,1.);
#2182 = DIRECTION('',(0.,-1.));
#2183 = ( GEOMETRIC_REPRESENTATION_CONTEXT(2) 
PARAMETRIC_REPRESENTATION_CONTEXT() REPRESENTATION_CONTEXT('2D SPACE',''
  ) );
#2184 = ORIENTED_EDGE('',*,*,#2185,.T.);
#2185 = EDGE_CURVE('',#2163,#2186,#2188,.T.);
#2186 = VERTEX_POINT('',#2187);
#2187 = CARTESIAN_POINT('',(96.,102.,-302.));
#2188 = SURFACE_CURVE('',#2189,(#2193,#2200),.PCURVE_S1.);
#2189 = LINE('',#2190,#2191);
#2190 = CARTESIAN_POINT('',(96.,70.,-302.));
#2191 = VECTOR('',#2192,1.);
#2192 = DIRECTION('',(-2.22044604925E-16,-1.,0.));
#2193 = PCURVE('',#1456,#2194);
#2194 = DEFINITIONAL_REPRESENTATION('',(#2195),#2199);
#2195 = LINE('',#2196,#2197);
#2196 = CARTESIAN_POINT('',(-70.,-1.));
#2197 = VECTOR('',#2198,1.);
#2198 = DIRECTION('',(-1.,-0.));
#2199 = ( GEOMETRIC_REPRESENTATION_CONTEXT(2) 
PARAMETRIC_REPRESENTATION_CONTEXT() REPRESENTATION_CONTEXT('2D SPACE',''
  ) );
#2200 = PCURVE('',#72,#2201);
#2201 = DEFINITIONAL_REPRESENTATION('',(#2202),#2206);
#2202 = LINE('',#2203,#2204);
#2203 = CARTESIAN_POINT('',(212.,70.));
#2204 = VECTOR('',#2205,1.);
#2205 = DIRECTION('',(-2.22044604925E-16,-1.));
#2206 = ( GEOMETRIC_REPRESENTATION_CONTEXT(2) 
PARAMETRIC_REPRESENTATION_CONTEXT() REPRESENTATION_CONTEXT('2D SPACE',''
  ) );
#2207 = ORIENTED_EDGE('',*,*,#2208,.T.);
#2208 = EDGE_CURVE('',#2186,#1441,#2209,.T.);
#2209 = SURFACE_CURVE('',#2210,(#2214,#2221),.PCURVE_S1.);
#2210 = LINE('',#2211,#2212);
#2211 = CARTESIAN_POINT('',(96.,102.,-303.));
#2212 = VECTOR('',#2213,1.);
#2213 = DIRECTION('',(0.,-0.,1.));
#2214 = PCURVE('',#1456,#2215);
#2215 = DEFINITIONAL_REPRESENTATION('',(#2216),#2220);
#2216 = LINE('',#2217,#2218);
#2217 = CARTESIAN_POINT('',(-38.,-0.));
#2218 = VECTOR('',#2219,1.);
#2219 = DIRECTION('',(0.,-1.));
#2220 = ( GEOMETRIC_REPRESENTATION_CONTEXT(2) 
PARAMETRIC_REPRESENTATION_CONTEXT() REPRESENTATION_CONTEXT('2D SPACE',''
  ) );
#2221 = PCURVE('',#1487,#2222);
#2222 = DEFINITIONAL_REPRESENTATION('',(#2223),#2227);
#2223 = LINE('',#2224,#2225);
#2224 = CARTESIAN_POINT('',(1.570796326795,0.));
#2225 = VECTOR('',#2226,1.);
#2226 = DIRECTION('',(0.,-1.));
#2227 = ( GEOMETRIC_REPRESENTATION_CONTEXT(2) 
PARAMETRIC_REPRESENTATION_CONTEXT() REPRESENTATION_CONTEXT('2D SPACE',''
  ) );
#2228 = ORIENTED_EDGE('',*,*,#1440,.F.);
#2229 = ADVANCED_FACE('',(#2230),#1487,.F.);
#2230 = FACE_BOUND('',#2231,.F.);
#2231 = EDGE_LOOP('',(#2232,#2260,#2261,#2262));
#2232 = ORIENTED_EDGE('',*,*,#2233,.F.);
#2233 = EDGE_CURVE('',#2186,#2234,#2236,.T.);
#2234 = VERTEX_POINT('',#2235);
#2235 = CARTESIAN_POINT('',(92.,102.,-302.));
#2236 = SURFACE_CURVE('',#2237,(#2242,#2249),.PCURVE_S1.);
#2237 = CIRCLE('',#2238,2.);
#2238 = AXIS2_PLACEMENT_3D('',#2239,#2240,#2241);
#2239 = CARTESIAN_POINT('',(94.,102.,-302.));
#2240 = DIRECTION('',(0.,0.,-1.));
#2241 = DIRECTION('',(2.22044604925E-16,1.,0.));
#2242 = PCURVE('',#1487,#2243);
#2243 = DEFINITIONAL_REPRESENTATION('',(#2244),#2248);
#2244 = LINE('',#2245,#2246);
#2245 = CARTESIAN_POINT('',(0.,-1.));
#2246 = VECTOR('',#2247,1.);
#2247 = DIRECTION('',(1.,0.));
#2248 = ( GEOMETRIC_REPRESENTATION_CONTEXT(2) 
PARAMETRIC_REPRESENTATION_CONTEXT() REPRESENTATION_CONTEXT('2D SPACE',''
  ) );
#2249 = PCURVE('',#72,#2250);
#2250 = DEFINITIONAL_REPRESENTATION('',(#2251),#2259);
#2251 = ( BOUNDED_CURVE() B_SPLINE_CURVE(2,(#2252,#2253,#2254,#2255,
#2256,#2257,#2258),.UNSPECIFIED.,.T.,.F.) B_SPLINE_CURVE_WITH_KNOTS((1,2
    ,2,2,2,1),(-2.094395102393,0.,2.094395102393,4.188790204786,
6.28318530718,8.377580409573),.UNSPECIFIED.) CURVE() 
GEOMETRIC_REPRESENTATION_ITEM() RATIONAL_B_SPLINE_CURVE((1.,0.5,1.,0.5,
1.,0.5,1.)) REPRESENTATION_ITEM('') );
#2252 = CARTESIAN_POINT('',(210.,104.));
#2253 = CARTESIAN_POINT('',(213.46410161513,104.));
#2254 = CARTESIAN_POINT('',(211.73205080756,101.));
#2255 = CARTESIAN_POINT('',(210.,98.));
#2256 = CARTESIAN_POINT('',(208.26794919243,101.));
#2257 = CARTESIAN_POINT('',(206.53589838486,104.));
#2258 = CARTESIAN_POINT('',(210.,104.));
#2259 = ( GEOMETRIC_REPRESENTATION_CONTEXT(2) 
PARAMETRIC_REPRESENTATION_CONTEXT() REPRESENTATION_CONTEXT('2D SPACE',''
  ) );
#2260 = ORIENTED_EDGE('',*,*,#2208,.T.);
#2261 = ORIENTED_EDGE('',*,*,#1468,.T.);
#2262 = ORIENTED_EDGE('',*,*,#2263,.F.);
#2263 = EDGE_CURVE('',#2234,#1380,#2264,.T.);
#2264 = SURFACE_CURVE('',#2265,(#2269,#2276),.PCURVE_S1.);
#2265 = LINE('',#2266,#2267);
#2266 = CARTESIAN_POINT('',(92.,102.,-303.));
#2267 = VECTOR('',#2268,1.);
#2268 = DIRECTION('',(0.,-0.,1.));
#2269 = PCURVE('',#1487,#2270);
#2270 = DEFINITIONAL_REPRESENTATION('',(#2271),#2275);
#2271 = LINE('',#2272,#2273);
#2272 = CARTESIAN_POINT('',(4.712388980385,0.));
#2273 = VECTOR('',#2274,1.);
#2274 = DIRECTION('',(0.,-1.));
#2275 = ( GEOMETRIC_REPRESENTATION_CONTEXT(2) 
PARAMETRIC_REPRESENTATION_CONTEXT() REPRESENTATION_CONTEXT('2D SPACE',''
  ) );
#2276 = PCURVE('',#1395,#2277);
#2277 = DEFINITIONAL_REPRESENTATION('',(#2278),#2282);
#2278 = LINE('',#2279,#2280);
#2279 = CARTESIAN_POINT('',(0.,0.));
#2280 = VECTOR('',#2281,1.);
#2281 = DIRECTION('',(0.,-1.));
#2282 = ( GEOMETRIC_REPRESENTATION_CONTEXT(2) 
PARAMETRIC_REPRESENTATION_CONTEXT() REPRESENTATION_CONTEXT('2D SPACE',''
  ) );
#2283 = ADVANCED_FACE('',(#2284),#1428,.F.);
#2284 = FACE_BOUND('',#2285,.F.);
#2285 = EDGE_LOOP('',(#2286,#2314,#2335,#2336));
#2286 = ORIENTED_EDGE('',*,*,#2287,.F.);
#2287 = EDGE_CURVE('',#2288,#2163,#2290,.T.);
#2288 = VERTEX_POINT('',#2289);
#2289 = CARTESIAN_POINT('',(92.,178.,-302.));
#2290 = SURFACE_CURVE('',#2291,(#2296,#2303),.PCURVE_S1.);
#2291 = CIRCLE('',#2292,2.);
#2292 = AXIS2_PLACEMENT_3D('',#2293,#2294,#2295);
#2293 = CARTESIAN_POINT('',(94.,178.,-302.));
#2294 = DIRECTION('',(-0.,0.,-1.));
#2295 = DIRECTION('',(-2.22044604925E-16,-1.,0.));
#2296 = PCURVE('',#1428,#2297);
#2297 = DEFINITIONAL_REPRESENTATION('',(#2298),#2302);
#2298 = LINE('',#2299,#2300);
#2299 = CARTESIAN_POINT('',(0.,-1.));
#2300 = VECTOR('',#2301,1.);
#2301 = DIRECTION('',(1.,0.));
#2302 = ( GEOMETRIC_REPRESENTATION_CONTEXT(2) 
PARAMETRIC_REPRESENTATION_CONTEXT() REPRESENTATION_CONTEXT('2D SPACE',''
  ) );
#2303 = PCURVE('',#72,#2304);
#2304 = DEFINITIONAL_REPRESENTATION('',(#2305),#2313);
#2305 = ( BOUNDED_CURVE() B_SPLINE_CURVE(2,(#2306,#2307,#2308,#2309,
#2310,#2311,#2312),.UNSPECIFIED.,.T.,.F.) B_SPLINE_CURVE_WITH_KNOTS((1,2
    ,2,2,2,1),(-2.094395102393,0.,2.094395102393,4.188790204786,
6.28318530718,8.377580409573),.UNSPECIFIED.) CURVE() 
GEOMETRIC_REPRESENTATION_ITEM() RATIONAL_B_SPLINE_CURVE((1.,0.5,1.,0.5,
1.,0.5,1.)) REPRESENTATION_ITEM('') );
#2306 = CARTESIAN_POINT('',(210.,176.));
#2307 = CARTESIAN_POINT('',(206.53589838486,176.));
#2308 = CARTESIAN_POINT('',(208.26794919243,179.));
#2309 = CARTESIAN_POINT('',(210.,182.));
#2310 = CARTESIAN_POINT('',(211.73205080756,179.));
#2311 = CARTESIAN_POINT('',(213.46410161513,176.));
#2312 = CARTESIAN_POINT('',(210.,176.));
#2313 = ( GEOMETRIC_REPRESENTATION_CONTEXT(2) 
PARAMETRIC_REPRESENTATION_CONTEXT() REPRESENTATION_CONTEXT('2D SPACE',''
  ) );
#2314 = ORIENTED_EDGE('',*,*,#2315,.T.);
#2315 = EDGE_CURVE('',#2288,#1378,#2316,.T.);
#2316 = SURFACE_CURVE('',#2317,(#2321,#2328),.PCURVE_S1.);
#2317 = LINE('',#2318,#2319);
#2318 = CARTESIAN_POINT('',(92.,178.,-303.));
#2319 = VECTOR('',#2320,1.);
#2320 = DIRECTION('',(0.,-0.,1.));
#2321 = PCURVE('',#1428,#2322);
#2322 = DEFINITIONAL_REPRESENTATION('',(#2323),#2327);
#2323 = LINE('',#2324,#2325);
#2324 = CARTESIAN_POINT('',(1.570796326795,0.));
#2325 = VECTOR('',#2326,1.);
#2326 = DIRECTION('',(0.,-1.));
#2327 = ( GEOMETRIC_REPRESENTATION_CONTEXT(2) 
PARAMETRIC_REPRESENTATION_CONTEXT() REPRESENTATION_CONTEXT('2D SPACE',''
  ) );
#2328 = PCURVE('',#1395,#2329);
#2329 = DEFINITIONAL_REPRESENTATION('',(#2330),#2334);
#2330 = LINE('',#2331,#2332);
#2331 = CARTESIAN_POINT('',(76.,0.));
#2332 = VECTOR('',#2333,1.);
#2333 = DIRECTION('',(0.,-1.));
#2334 = ( GEOMETRIC_REPRESENTATION_CONTEXT(2) 
PARAMETRIC_REPRESENTATION_CONTEXT() REPRESENTATION_CONTEXT('2D SPACE',''
  ) );
#2335 = ORIENTED_EDGE('',*,*,#1407,.T.);
#2336 = ORIENTED_EDGE('',*,*,#2162,.F.);
#2337 = ADVANCED_FACE('',(#2338),#1395,.F.);
#2338 = FACE_BOUND('',#2339,.F.);
#2339 = EDGE_LOOP('',(#2340,#2361,#2362,#2363));
#2340 = ORIENTED_EDGE('',*,*,#2341,.T.);
#2341 = EDGE_CURVE('',#2288,#2234,#2342,.T.);
#2342 = SURFACE_CURVE('',#2343,(#2347,#2354),.PCURVE_S1.);
#2343 = LINE('',#2344,#2345);
#2344 = CARTESIAN_POINT('',(92.,51.,-302.));
#2345 = VECTOR('',#2346,1.);
#2346 = DIRECTION('',(-2.22044604925E-16,-1.,0.));
#2347 = PCURVE('',#1395,#2348);
#2348 = DEFINITIONAL_REPRESENTATION('',(#2349),#2353);
#2349 = LINE('',#2350,#2351);
#2350 = CARTESIAN_POINT('',(-51.,-1.));
#2351 = VECTOR('',#2352,1.);
#2352 = DIRECTION('',(-1.,-0.));
#2353 = ( GEOMETRIC_REPRESENTATION_CONTEXT(2) 
PARAMETRIC_REPRESENTATION_CONTEXT() REPRESENTATION_CONTEXT('2D SPACE',''
  ) );
#2354 = PCURVE('',#72,#2355);
#2355 = DEFINITIONAL_REPRESENTATION('',(#2356),#2360);
#2356 = LINE('',#2357,#2358);
#2357 = CARTESIAN_POINT('',(208.,51.));
#2358 = VECTOR('',#2359,1.);
#2359 = DIRECTION('',(-2.22044604925E-16,-1.));
#2360 = ( GEOMETRIC_REPRESENTATION_CONTEXT(2) 
PARAMETRIC_REPRESENTATION_CONTEXT() REPRESENTATION_CONTEXT('2D SPACE',''
  ) );
#2361 = ORIENTED_EDGE('',*,*,#2263,.T.);
#2362 = ORIENTED_EDGE('',*,*,#1377,.F.);
#2363 = ORIENTED_EDGE('',*,*,#2315,.F.);
#2364 = ADVANCED_FACE('',(#2365),#1332,.T.);
#2365 = FACE_BOUND('',#2366,.T.);
#2366 = EDGE_LOOP('',(#2367,#2390,#2413,#2434));
#2367 = ORIENTED_EDGE('',*,*,#2368,.F.);
#2368 = EDGE_CURVE('',#2369,#1284,#2371,.T.);
#2369 = VERTEX_POINT('',#2370);
#2370 = CARTESIAN_POINT('',(88.,178.,-302.));
#2371 = SURFACE_CURVE('',#2372,(#2376,#2383),.PCURVE_S1.);
#2372 = LINE('',#2373,#2374);
#2373 = CARTESIAN_POINT('',(88.,178.,-303.));
#2374 = VECTOR('',#2375,1.);
#2375 = DIRECTION('',(0.,-0.,1.));
#2376 = PCURVE('',#1332,#2377);
#2377 = DEFINITIONAL_REPRESENTATION('',(#2378),#2382);
#2378 = LINE('',#2379,#2380);
#2379 = CARTESIAN_POINT('',(38.,0.));
#2380 = VECTOR('',#2381,1.);
#2381 = DIRECTION('',(0.,-1.));
#2382 = ( GEOMETRIC_REPRESENTATION_CONTEXT(2) 
PARAMETRIC_REPRESENTATION_CONTEXT() REPRESENTATION_CONTEXT('2D SPACE',''
  ) );
#2383 = PCURVE('',#1304,#2384);
#2384 = DEFINITIONAL_REPRESENTATION('',(#2385),#2389);
#2385 = LINE('',#2386,#2387);
#2386 = CARTESIAN_POINT('',(4.712388980385,0.));
#2387 = VECTOR('',#2388,1.);
#2388 = DIRECTION('',(0.,-1.));
#2389 = ( GEOMETRIC_REPRESENTATION_CONTEXT(2) 
PARAMETRIC_REPRESENTATION_CONTEXT() REPRESENTATION_CONTEXT('2D SPACE',''
  ) );
#2390 = ORIENTED_EDGE('',*,*,#2391,.T.);
#2391 = EDGE_CURVE('',#2369,#2392,#2394,.T.);
#2392 = VERTEX_POINT('',#2393);
#2393 = CARTESIAN_POINT('',(88.,102.,-302.));
#2394 = SURFACE_CURVE('',#2395,(#2399,#2406),.PCURVE_S1.);
#2395 = LINE('',#2396,#2397);
#2396 = CARTESIAN_POINT('',(88.,70.,-302.));
#2397 = VECTOR('',#2398,1.);
#2398 = DIRECTION('',(-2.22044604925E-16,-1.,0.));
#2399 = PCURVE('',#1332,#2400);
#2400 = DEFINITIONAL_REPRESENTATION('',(#2401),#2405);
#2401 = LINE('',#2402,#2403);
#2402 = CARTESIAN_POINT('',(-70.,-1.));
#2403 = VECTOR('',#2404,1.);
#2404 = DIRECTION('',(-1.,-0.));
#2405 = ( GEOMETRIC_REPRESENTATION_CONTEXT(2) 
PARAMETRIC_REPRESENTATION_CONTEXT() REPRESENTATION_CONTEXT('2D SPACE',''
  ) );
#2406 = PCURVE('',#72,#2407);
#2407 = DEFINITIONAL_REPRESENTATION('',(#2408),#2412);
#2408 = LINE('',#2409,#2410);
#2409 = CARTESIAN_POINT('',(204.,70.));
#2410 = VECTOR('',#2411,1.);
#2411 = DIRECTION('',(-2.22044604925E-16,-1.));
#2412 = ( GEOMETRIC_REPRESENTATION_CONTEXT(2) 
PARAMETRIC_REPRESENTATION_CONTEXT() REPRESENTATION_CONTEXT('2D SPACE',''
  ) );
#2413 = ORIENTED_EDGE('',*,*,#2414,.T.);
#2414 = EDGE_CURVE('',#2392,#1317,#2415,.T.);
#2415 = SURFACE_CURVE('',#2416,(#2420,#2427),.PCURVE_S1.);
#2416 = LINE('',#2417,#2418);
#2417 = CARTESIAN_POINT('',(88.,102.,-303.));
#2418 = VECTOR('',#2419,1.);
#2419 = DIRECTION('',(0.,-0.,1.));
#2420 = PCURVE('',#1332,#2421);
#2421 = DEFINITIONAL_REPRESENTATION('',(#2422),#2426);
#2422 = LINE('',#2423,#2424);
#2423 = CARTESIAN_POINT('',(-38.,-0.));
#2424 = VECTOR('',#2425,1.);
#2425 = DIRECTION('',(0.,-1.));
#2426 = ( GEOMETRIC_REPRESENTATION_CONTEXT(2) 
PARAMETRIC_REPRESENTATION_CONTEXT() REPRESENTATION_CONTEXT('2D SPACE',''
  ) );
#2427 = PCURVE('',#1363,#2428);
#2428 = DEFINITIONAL_REPRESENTATION('',(#2429),#2433);
#2429 = LINE('',#2430,#2431);
#2430 = CARTESIAN_POINT('',(1.570796326795,0.));
#2431 = VECTOR('',#2432,1.);
#2432 = DIRECTION('',(0.,-1.));
#2433 = ( GEOMETRIC_REPRESENTATION_CONTEXT(2) 
PARAMETRIC_REPRESENTATION_CONTEXT() REPRESENTATION_CONTEXT('2D SPACE',''
  ) );
#2434 = ORIENTED_EDGE('',*,*,#1316,.F.);
#2435 = ADVANCED_FACE('',(#2436),#1363,.F.);
#2436 = FACE_BOUND('',#2437,.F.);
#2437 = EDGE_LOOP('',(#2438,#2466,#2467,#2468));
#2438 = ORIENTED_EDGE('',*,*,#2439,.F.);
#2439 = EDGE_CURVE('',#2392,#2440,#2442,.T.);
#2440 = VERTEX_POINT('',#2441);
#2441 = CARTESIAN_POINT('',(84.,102.,-302.));
#2442 = SURFACE_CURVE('',#2443,(#2448,#2455),.PCURVE_S1.);
#2443 = CIRCLE('',#2444,2.);
#2444 = AXIS2_PLACEMENT_3D('',#2445,#2446,#2447);
#2445 = CARTESIAN_POINT('',(86.,102.,-302.));
#2446 = DIRECTION('',(0.,0.,-1.));
#2447 = DIRECTION('',(2.22044604925E-16,1.,0.));
#2448 = PCURVE('',#1363,#2449);
#2449 = DEFINITIONAL_REPRESENTATION('',(#2450),#2454);
#2450 = LINE('',#2451,#2452);
#2451 = CARTESIAN_POINT('',(0.,-1.));
#2452 = VECTOR('',#2453,1.);
#2453 = DIRECTION('',(1.,0.));
#2454 = ( GEOMETRIC_REPRESENTATION_CONTEXT(2) 
PARAMETRIC_REPRESENTATION_CONTEXT() REPRESENTATION_CONTEXT('2D SPACE',''
  ) );
#2455 = PCURVE('',#72,#2456);
#2456 = DEFINITIONAL_REPRESENTATION('',(#2457),#2465);
#2457 = ( BOUNDED_CURVE() B_SPLINE_CURVE(2,(#2458,#2459,#2460,#2461,
#2462,#2463,#2464),.UNSPECIFIED.,.T.,.F.) B_SPLINE_CURVE_WITH_KNOTS((1,2
    ,2,2,2,1),(-2.094395102393,0.,2.094395102393,4.188790204786,
6.28318530718,8.377580409573),.UNSPECIFIED.) CURVE() 
GEOMETRIC_REPRESENTATION_ITEM() RATIONAL_B_SPLINE_CURVE((1.,0.5,1.,0.5,
1.,0.5,1.)) REPRESENTATION_ITEM('') );
#2458 = CARTESIAN_POINT('',(202.,104.));
#2459 = CARTESIAN_POINT('',(205.46410161513,104.));
#2460 = CARTESIAN_POINT('',(203.73205080756,101.));
#2461 = CARTESIAN_POINT('',(202.,98.));
#2462 = CARTESIAN_POINT('',(200.26794919243,101.));
#2463 = CARTESIAN_POINT('',(198.53589838486,104.));
#2464 = CARTESIAN_POINT('',(202.,104.));
#2465 = ( GEOMETRIC_REPRESENTATION_CONTEXT(2) 
PARAMETRIC_REPRESENTATION_CONTEXT() REPRESENTATION_CONTEXT('2D SPACE',''
  ) );
#2466 = ORIENTED_EDGE('',*,*,#2414,.T.);
#2467 = ORIENTED_EDGE('',*,*,#1344,.T.);
#2468 = ORIENTED_EDGE('',*,*,#2469,.F.);
#2469 = EDGE_CURVE('',#2440,#1256,#2470,.T.);
#2470 = SURFACE_CURVE('',#2471,(#2475,#2482),.PCURVE_S1.);
#2471 = LINE('',#2472,#2473);
#2472 = CARTESIAN_POINT('',(84.,102.,-303.));
#2473 = VECTOR('',#2474,1.);
#2474 = DIRECTION('',(0.,-0.,1.));
#2475 = PCURVE('',#1363,#2476);
#2476 = DEFINITIONAL_REPRESENTATION('',(#2477),#2481);
#2477 = LINE('',#2478,#2479);
#2478 = CARTESIAN_POINT('',(4.712388980385,0.));
#2479 = VECTOR('',#2480,1.);
#2480 = DIRECTION('',(0.,-1.));
#2481 = ( GEOMETRIC_REPRESENTATION_CONTEXT(2) 
PARAMETRIC_REPRESENTATION_CONTEXT() REPRESENTATION_CONTEXT('2D SPACE',''
  ) );
#2482 = PCURVE('',#1271,#2483);
#2483 = DEFINITIONAL_REPRESENTATION('',(#2484),#2488);
#2484 = LINE('',#2485,#2486);
#2485 = CARTESIAN_POINT('',(0.,0.));
#2486 = VECTOR('',#2487,1.);
#2487 = DIRECTION('',(0.,-1.));
#2488 = ( GEOMETRIC_REPRESENTATION_CONTEXT(2) 
PARAMETRIC_REPRESENTATION_CONTEXT() REPRESENTATION_CONTEXT('2D SPACE',''
  ) );
#2489 = ADVANCED_FACE('',(#2490),#1304,.F.);
#2490 = FACE_BOUND('',#2491,.F.);
#2491 = EDGE_LOOP('',(#2492,#2520,#2541,#2542));
#2492 = ORIENTED_EDGE('',*,*,#2493,.F.);
#2493 = EDGE_CURVE('',#2494,#2369,#2496,.T.);
#2494 = VERTEX_POINT('',#2495);
#2495 = CARTESIAN_POINT('',(84.,178.,-302.));
#2496 = SURFACE_CURVE('',#2497,(#2502,#2509),.PCURVE_S1.);
#2497 = CIRCLE('',#2498,2.);
#2498 = AXIS2_PLACEMENT_3D('',#2499,#2500,#2501);
#2499 = CARTESIAN_POINT('',(86.,178.,-302.));
#2500 = DIRECTION('',(-0.,0.,-1.));
#2501 = DIRECTION('',(-2.22044604925E-16,-1.,0.));
#2502 = PCURVE('',#1304,#2503);
#2503 = DEFINITIONAL_REPRESENTATION('',(#2504),#2508);
#2504 = LINE('',#2505,#2506);
#2505 = CARTESIAN_POINT('',(0.,-1.));
#2506 = VECTOR('',#2507,1.);
#2507 = DIRECTION('',(1.,0.));
#2508 = ( GEOMETRIC_REPRESENTATION_CONTEXT(2) 
PARAMETRIC_REPRESENTATION_CONTEXT() REPRESENTATION_CONTEXT('2D SPACE',''
  ) );
#2509 = PCURVE('',#72,#2510);
#2510 = DEFINITIONAL_REPRESENTATION('',(#2511),#2519);
#2511 = ( BOUNDED_CURVE() B_SPLINE_CURVE(2,(#2512,#2513,#2514,#2515,
#2516,#2517,#2518),.UNSPECIFIED.,.T.,.F.) B_SPLINE_CURVE_WITH_KNOTS((1,2
    ,2,2,2,1),(-2.094395102393,0.,2.094395102393,4.188790204786,
6.28318530718,8.377580409573),.UNSPECIFIED.) CURVE() 
GEOMETRIC_REPRESENTATION_ITEM() RATIONAL_B_SPLINE_CURVE((1.,0.5,1.,0.5,
1.,0.5,1.)) REPRESENTATION_ITEM('') );
#2512 = CARTESIAN_POINT('',(202.,176.));
#2513 = CARTESIAN_POINT('',(198.53589838486,176.));
#2514 = CARTESIAN_POINT('',(200.26794919243,179.));
#2515 = CARTESIAN_POINT('',(202.,182.));
#2516 = CARTESIAN_POINT('',(203.73205080756,179.));
#2517 = CARTESIAN_POINT('',(205.46410161513,176.));
#2518 = CARTESIAN_POINT('',(202.,176.));
#2519 = ( GEOMETRIC_REPRESENTATION_CONTEXT(2) 
PARAMETRIC_REPRESENTATION_CONTEXT() REPRESENTATION_CONTEXT('2D SPACE',''
  ) );
#2520 = ORIENTED_EDGE('',*,*,#2521,.T.);
#2521 = EDGE_CURVE('',#2494,#1254,#2522,.T.);
#2522 = SURFACE_CURVE('',#2523,(#2527,#2534),.PCURVE_S1.);
#2523 = LINE('',#2524,#2525);
#2524 = CARTESIAN_POINT('',(84.,178.,-303.));
#2525 = VECTOR('',#2526,1.);
#2526 = DIRECTION('',(0.,-0.,1.));
#2527 = PCURVE('',#1304,#2528);
#2528 = DEFINITIONAL_REPRESENTATION('',(#2529),#2533);
#2529 = LINE('',#2530,#2531);
#2530 = CARTESIAN_POINT('',(1.570796326795,0.));
#2531 = VECTOR('',#2532,1.);
#2532 = DIRECTION('',(0.,-1.));
#2533 = ( GEOMETRIC_REPRESENTATION_CONTEXT(2) 
PARAMETRIC_REPRESENTATION_CONTEXT() REPRESENTATION_CONTEXT('2D SPACE',''
  ) );
#2534 = PCURVE('',#1271,#2535);
#2535 = DEFINITIONAL_REPRESENTATION('',(#2536),#2540);
#2536 = LINE('',#2537,#2538);
#2537 = CARTESIAN_POINT('',(76.,0.));
#2538 = VECTOR('',#2539,1.);
#2539 = DIRECTION('',(0.,-1.));
#2540 = ( GEOMETRIC_REPRESENTATION_CONTEXT(2) 
PARAMETRIC_REPRESENTATION_CONTEXT() REPRESENTATION_CONTEXT('2D SPACE',''
  ) );
#2541 = ORIENTED_EDGE('',*,*,#1283,.T.);
#2542 = ORIENTED_EDGE('',*,*,#2368,.F.);
#2543 = ADVANCED_FACE('',(#2544),#1271,.F.);
#2544 = FACE_BOUND('',#2545,.F.);
#2545 = EDGE_LOOP('',(#2546,#2567,#2568,#2569));
#2546 = ORIENTED_EDGE('',*,*,#2547,.T.);
#2547 = EDGE_CURVE('',#2494,#2440,#2548,.T.);
#2548 = SURFACE_CURVE('',#2549,(#2553,#2560),.PCURVE_S1.);
#2549 = LINE('',#2550,#2551);
#2550 = CARTESIAN_POINT('',(84.,51.,-302.));
#2551 = VECTOR('',#2552,1.);
#2552 = DIRECTION('',(-2.22044604925E-16,-1.,0.));
#2553 = PCURVE('',#1271,#2554);
#2554 = DEFINITIONAL_REPRESENTATION('',(#2555),#2559);
#2555 = LINE('',#2556,#2557);
#2556 = CARTESIAN_POINT('',(-51.,-1.));
#2557 = VECTOR('',#2558,1.);
#2558 = DIRECTION('',(-1.,-0.));
#2559 = ( GEOMETRIC_REPRESENTATION_CONTEXT(2) 
PARAMETRIC_REPRESENTATION_CONTEXT() REPRESENTATION_CONTEXT('2D SPACE',''
  ) );
#2560 = PCURVE('',#72,#2561);
#2561 = DEFINITIONAL_REPRESENTATION('',(#2562),#2566);
#2562 = LINE('',#2563,#2564);
#2563 = CARTESIAN_POINT('',(200.,51.));
#2564 = VECTOR('',#2565,1.);
#2565 = DIRECTION('',(-2.22044604925E-16,-1.));
#2566 = ( GEOMETRIC_REPRESENTATION_CONTEXT(2) 
PARAMETRIC_REPRESENTATION_CONTEXT() REPRESENTATION_CONTEXT('2D SPACE',''
  ) );
#2567 = ORIENTED_EDGE('',*,*,#2469,.T.);
#2568 = ORIENTED_EDGE('',*,*,#1253,.F.);
#2569 = ORIENTED_EDGE('',*,*,#2521,.F.);
#2570 = ADVANCED_FACE('',(#2571),#1208,.T.);
#2571 = FACE_BOUND('',#2572,.T.);
#2572 = EDGE_LOOP('',(#2573,#2596,#2619,#2640));
#2573 = ORIENTED_EDGE('',*,*,#2574,.F.);
#2574 = EDGE_CURVE('',#2575,#1160,#2577,.T.);
#2575 = VERTEX_POINT('',#2576);
#2576 = CARTESIAN_POINT('',(80.,178.,-302.));
#2577 = SURFACE_CURVE('',#2578,(#2582,#2589),.PCURVE_S1.);
#2578 = LINE('',#2579,#2580);
#2579 = CARTESIAN_POINT('',(80.,178.,-303.));
#2580 = VECTOR('',#2581,1.);
#2581 = DIRECTION('',(0.,-0.,1.));
#2582 = PCURVE('',#1208,#2583);
#2583 = DEFINITIONAL_REPRESENTATION('',(#2584),#2588);
#2584 = LINE('',#2585,#2586);
#2585 = CARTESIAN_POINT('',(38.,0.));
#2586 = VECTOR('',#2587,1.);
#2587 = DIRECTION('',(0.,-1.));
#2588 = ( GEOMETRIC_REPRESENTATION_CONTEXT(2) 
PARAMETRIC_REPRESENTATION_CONTEXT() REPRESENTATION_CONTEXT('2D SPACE',''
  ) );
#2589 = PCURVE('',#1180,#2590);
#2590 = DEFINITIONAL_REPRESENTATION('',(#2591),#2595);
#2591 = LINE('',#2592,#2593);
#2592 = CARTESIAN_POINT('',(4.712388980385,0.));
#2593 = VECTOR('',#2594,1.);
#2594 = DIRECTION('',(0.,-1.));
#2595 = ( GEOMETRIC_REPRESENTATION_CONTEXT(2) 
PARAMETRIC_REPRESENTATION_CONTEXT() REPRESENTATION_CONTEXT('2D SPACE',''
  ) );
#2596 = ORIENTED_EDGE('',*,*,#2597,.T.);
#2597 = EDGE_CURVE('',#2575,#2598,#2600,.T.);
#2598 = VERTEX_POINT('',#2599);
#2599 = CARTESIAN_POINT('',(80.,102.,-302.));
#2600 = SURFACE_CURVE('',#2601,(#2605,#2612),.PCURVE_S1.);
#2601 = LINE('',#2602,#2603);
#2602 = CARTESIAN_POINT('',(80.,70.,-302.));
#2603 = VECTOR('',#2604,1.);
#2604 = DIRECTION('',(-2.22044604925E-16,-1.,0.));
#2605 = PCURVE('',#1208,#2606);
#2606 = DEFINITIONAL_REPRESENTATION('',(#2607),#2611);
#2607 = LINE('',#2608,#2609);
#2608 = CARTESIAN_POINT('',(-70.,-1.));
#2609 = VECTOR('',#2610,1.);
#2610 = DIRECTION('',(-1.,-0.));
#2611 = ( GEOMETRIC_REPRESENTATION_CONTEXT(2) 
PARAMETRIC_REPRESENTATION_CONTEXT() REPRESENTATION_CONTEXT('2D SPACE',''
  ) );
#2612 = PCURVE('',#72,#2613);
#2613 = DEFINITIONAL_REPRESENTATION('',(#2614),#2618);
#2614 = LINE('',#2615,#2616);
#2615 = CARTESIAN_POINT('',(196.,70.));
#2616 = VECTOR('',#2617,1.);
#2617 = DIRECTION('',(-2.22044604925E-16,-1.));
#2618 = ( GEOMETRIC_REPRESENTATION_CONTEXT(2) 
PARAMETRIC_REPRESENTATION_CONTEXT() REPRESENTATION_CONTEXT('2D SPACE',''
  ) );
#2619 = ORIENTED_EDGE('',*,*,#2620,.T.);
#2620 = EDGE_CURVE('',#2598,#1193,#2621,.T.);
#2621 = SURFACE_CURVE('',#2622,(#2626,#2633),.PCURVE_S1.);
#2622 = LINE('',#2623,#2624);
#2623 = CARTESIAN_POINT('',(80.,102.,-303.));
#2624 = VECTOR('',#2625,1.);
#2625 = DIRECTION('',(0.,-0.,1.));
#2626 = PCURVE('',#1208,#2627);
#2627 = DEFINITIONAL_REPRESENTATION('',(#2628),#2632);
#2628 = LINE('',#2629,#2630);
#2629 = CARTESIAN_POINT('',(-38.,-0.));
#2630 = VECTOR('',#2631,1.);
#2631 = DIRECTION('',(0.,-1.));
#2632 = ( GEOMETRIC_REPRESENTATION_CONTEXT(2) 
PARAMETRIC_REPRESENTATION_CONTEXT() REPRESENTATION_CONTEXT('2D SPACE',''
  ) );
#2633 = PCURVE('',#1239,#2634);
#2634 = DEFINITIONAL_REPRESENTATION('',(#2635),#2639);
#2635 = LINE('',#2636,#2637);
#2636 = CARTESIAN_POINT('',(1.570796326795,0.));
#2637 = VECTOR('',#2638,1.);
#2638 = DIRECTION('',(0.,-1.));
#2639 = ( GEOMETRIC_REPRESENTATION_CONTEXT(2) 
PARAMETRIC_REPRESENTATION_CONTEXT() REPRESENTATION_CONTEXT('2D SPACE',''
  ) );
#2640 = ORIENTED_EDGE('',*,*,#1192,.F.);
#2641 = ADVANCED_FACE('',(#2642),#1239,.F.);
#2642 = FACE_BOUND('',#2643,.F.);
#2643 = EDGE_LOOP('',(#2644,#2672,#2673,#2674));
#2644 = ORIENTED_EDGE('',*,*,#2645,.F.);
#2645 = EDGE_CURVE('',#2598,#2646,#2648,.T.);
#2646 = VERTEX_POINT('',#2647);
#2647 = CARTESIAN_POINT('',(76.,102.,-302.));
#2648 = SURFACE_CURVE('',#2649,(#2654,#2661),.PCURVE_S1.);
#2649 = CIRCLE('',#2650,2.);
#2650 = AXIS2_PLACEMENT_3D('',#2651,#2652,#2653);
#2651 = CARTESIAN_POINT('',(78.,102.,-302.));
#2652 = DIRECTION('',(0.,0.,-1.));
#2653 = DIRECTION('',(2.22044604925E-16,1.,0.));
#2654 = PCURVE('',#1239,#2655);
#2655 = DEFINITIONAL_REPRESENTATION('',(#2656),#2660);
#2656 = LINE('',#2657,#2658);
#2657 = CARTESIAN_POINT('',(0.,-1.));
#2658 = VECTOR('',#2659,1.);
#2659 = DIRECTION('',(1.,0.));
#2660 = ( GEOMETRIC_REPRESENTATION_CONTEXT(2) 
PARAMETRIC_REPRESENTATION_CONTEXT() REPRESENTATION_CONTEXT('2D SPACE',''
  ) );
#2661 = PCURVE('',#72,#2662);
#2662 = DEFINITIONAL_REPRESENTATION('',(#2663),#2671);
#2663 = ( BOUNDED_CURVE() B_SPLINE_CURVE(2,(#2664,#2665,#2666,#2667,
#2668,#2669,#2670),.UNSPECIFIED.,.T.,.F.) B_SPLINE_CURVE_WITH_KNOTS((1,2
    ,2,2,2,1),(-2.094395102393,0.,2.094395102393,4.188790204786,
6.28318530718,8.377580409573),.UNSPECIFIED.) CURVE() 
GEOMETRIC_REPRESENTATION_ITEM() RATIONAL_B_SPLINE_CURVE((1.,0.5,1.,0.5,
1.,0.5,1.)) REPRESENTATION_ITEM('') );
#2664 = CARTESIAN_POINT('',(194.,104.));
#2665 = CARTESIAN_POINT('',(197.46410161513,104.));
#2666 = CARTESIAN_POINT('',(195.73205080756,101.));
#2667 = CARTESIAN_POINT('',(194.,98.));
#2668 = CARTESIAN_POINT('',(192.26794919243,101.));
#2669 = CARTESIAN_POINT('',(190.53589838486,104.));
#2670 = CARTESIAN_POINT('',(194.,104.));
#2671 = ( GEOMETRIC_REPRESENTATION_CONTEXT(2) 
PARAMETRIC_REPRESENTATION_CONTEXT() REPRESENTATION_CONTEXT('2D SPACE',''
  ) );
#2672 = ORIENTED_EDGE('',*,*,#2620,.T.);
#2673 = ORIENTED_EDGE('',*,*,#1220,.T.);
#2674 = ORIENTED_EDGE('',*,*,#2675,.F.);
#2675 = EDGE_CURVE('',#2646,#1132,#2676,.T.);
#2676 = SURFACE_CURVE('',#2677,(#2681,#2688),.PCURVE_S1.);
#2677 = LINE('',#2678,#2679);
#2678 = CARTESIAN_POINT('',(76.,102.,-303.));
#2679 = VECTOR('',#2680,1.);
#2680 = DIRECTION('',(0.,-0.,1.));
#2681 = PCURVE('',#1239,#2682);
#2682 = DEFINITIONAL_REPRESENTATION('',(#2683),#2687);
#2683 = LINE('',#2684,#2685);
#2684 = CARTESIAN_POINT('',(4.712388980385,0.));
#2685 = VECTOR('',#2686,1.);
#2686 = DIRECTION('',(0.,-1.));
#2687 = ( GEOMETRIC_REPRESENTATION_CONTEXT(2) 
PARAMETRIC_REPRESENTATION_CONTEXT() REPRESENTATION_CONTEXT('2D SPACE',''
  ) );
#2688 = PCURVE('',#1147,#2689);
#2689 = DEFINITIONAL_REPRESENTATION('',(#2690),#2694);
#2690 = LINE('',#2691,#2692);
#2691 = CARTESIAN_POINT('',(0.,0.));
#2692 = VECTOR('',#2693,1.);
#2693 = DIRECTION('',(0.,-1.));
#2694 = ( GEOMETRIC_REPRESENTATION_CONTEXT(2) 
PARAMETRIC_REPRESENTATION_CONTEXT() REPRESENTATION_CONTEXT('2D SPACE',''
  ) );
#2695 = ADVANCED_FACE('',(#2696),#1180,.F.);
#2696 = FACE_BOUND('',#2697,.F.);
#2697 = EDGE_LOOP('',(#2698,#2726,#2747,#2748));
#2698 = ORIENTED_EDGE('',*,*,#2699,.F.);
#2699 = EDGE_CURVE('',#2700,#2575,#2702,.T.);
#2700 = VERTEX_POINT('',#2701);
#2701 = CARTESIAN_POINT('',(76.,178.,-302.));
#2702 = SURFACE_CURVE('',#2703,(#2708,#2715),.PCURVE_S1.);
#2703 = CIRCLE('',#2704,2.);
#2704 = AXIS2_PLACEMENT_3D('',#2705,#2706,#2707);
#2705 = CARTESIAN_POINT('',(78.,178.,-302.));
#2706 = DIRECTION('',(-0.,0.,-1.));
#2707 = DIRECTION('',(-2.22044604925E-16,-1.,0.));
#2708 = PCURVE('',#1180,#2709);
#2709 = DEFINITIONAL_REPRESENTATION('',(#2710),#2714);
#2710 = LINE('',#2711,#2712);
#2711 = CARTESIAN_POINT('',(0.,-1.));
#2712 = VECTOR('',#2713,1.);
#2713 = DIRECTION('',(1.,0.));
#2714 = ( GEOMETRIC_REPRESENTATION_CONTEXT(2) 
PARAMETRIC_REPRESENTATION_CONTEXT() REPRESENTATION_CONTEXT('2D SPACE',''
  ) );
#2715 = PCURVE('',#72,#2716);
#2716 = DEFINITIONAL_REPRESENTATION('',(#2717),#2725);
#2717 = ( BOUNDED_CURVE() B_SPLINE_CURVE(2,(#2718,#2719,#2720,#2721,
#2722,#2723,#2724),.UNSPECIFIED.,.T.,.F.) B_SPLINE_CURVE_WITH_KNOTS((1,2
    ,2,2,2,1),(-2.094395102393,0.,2.094395102393,4.188790204786,
6.28318530718,8.377580409573),.UNSPECIFIED.) CURVE() 
GEOMETRIC_REPRESENTATION_ITEM() RATIONAL_B_SPLINE_CURVE((1.,0.5,1.,0.5,
1.,0.5,1.)) REPRESENTATION_ITEM('') );
#2718 = CARTESIAN_POINT('',(194.,176.));
#2719 = CARTESIAN_POINT('',(190.53589838486,176.));
#2720 = CARTESIAN_POINT('',(192.26794919243,179.));
#2721 = CARTESIAN_POINT('',(194.,182.));
#2722 = CARTESIAN_POINT('',(195.73205080756,179.));
#2723 = CARTESIAN_POINT('',(197.46410161513,176.));
#2724 = CARTESIAN_POINT('',(194.,176.));
#2725 = ( GEOMETRIC_REPRESENTATION_CONTEXT(2) 
PARAMETRIC_REPRESENTATION_CONTEXT() REPRESENTATION_CONTEXT('2D SPACE',''
  ) );
#2726 = ORIENTED_EDGE('',*,*,#2727,.T.);
#2727 = EDGE_CURVE('',#2700,#1130,#2728,.T.);
#2728 = SURFACE_CURVE('',#2729,(#2733,#2740),.PCURVE_S1.);
#2729 = LINE('',#2730,#2731);
#2730 = CARTESIAN_POINT('',(76.,178.,-303.));
#2731 = VECTOR('',#2732,1.);
#2732 = DIRECTION('',(0.,-0.,1.));
#2733 = PCURVE('',#1180,#2734);
#2734 = DEFINITIONAL_REPRESENTATION('',(#2735),#2739);
#2735 = LINE('',#2736,#2737);
#2736 = CARTESIAN_POINT('',(1.570796326795,0.));
#2737 = VECTOR('',#2738,1.);
#2738 = DIRECTION('',(0.,-1.));
#2739 = ( GEOMETRIC_REPRESENTATION_CONTEXT(2) 
PARAMETRIC_REPRESENTATION_CONTEXT() REPRESENTATION_CONTEXT('2D SPACE',''
  ) );
#2740 = PCURVE('',#1147,#2741);
#2741 = DEFINITIONAL_REPRESENTATION('',(#2742),#2746);
#2742 = LINE('',#2743,#2744);
#2743 = CARTESIAN_POINT('',(76.,0.));
#2744 = VECTOR('',#2745,1.);
#2745 = DIRECTION('',(0.,-1.));
#2746 = ( GEOMETRIC_REPRESENTATION_CONTEXT(2) 
PARAMETRIC_REPRESENTATION_CONTEXT() REPRESENTATION_CONTEXT('2D SPACE',''
  ) );
#2747 = ORIENTED_EDGE('',*,*,#1159,.T.);
#2748 = ORIENTED_EDGE('',*,*,#2574,.F.);
#2749 = ADVANCED_FACE('',(#2750),#1147,.F.);
#2750 = FACE_BOUND('',#2751,.F.);
#2751 = EDGE_LOOP('',(#2752,#2773,#2774,#2775));
#2752 = ORIENTED_EDGE('',*,*,#2753,.T.);
#2753 = EDGE_CURVE('',#2700,#2646,#2754,.T.);
#2754 = SURFACE_CURVE('',#2755,(#2759,#2766),.PCURVE_S1.);
#2755 = LINE('',#2756,#2757);
#2756 = CARTESIAN_POINT('',(76.,51.,-302.));
#2757 = VECTOR('',#2758,1.);
#2758 = DIRECTION('',(-2.22044604925E-16,-1.,0.));
#2759 = PCURVE('',#1147,#2760);
#2760 = DEFINITIONAL_REPRESENTATION('',(#2761),#2765);
#2761 = LINE('',#2762,#2763);
#2762 = CARTESIAN_POINT('',(-51.,-1.));
#2763 = VECTOR('',#2764,1.);
#2764 = DIRECTION('',(-1.,-0.));
#2765 = ( GEOMETRIC_REPRESENTATION_CONTEXT(2) 
PARAMETRIC_REPRESENTATION_CONTEXT() REPRESENTATION_CONTEXT('2D SPACE',''
  ) );
#2766 = PCURVE('',#72,#2767);
#2767 = DEFINITIONAL_REPRESENTATION('',(#2768),#2772);
#2768 = LINE('',#2769,#2770);
#2769 = CARTESIAN_POINT('',(192.,51.));
#2770 = VECTOR('',#2771,1.);
#2771 = DIRECTION('',(-2.22044604925E-16,-1.));
#2772 = ( GEOMETRIC_REPRESENTATION_CONTEXT(2) 
PARAMETRIC_REPRESENTATION_CONTEXT() REPRESENTATION_CONTEXT('2D SPACE',''
  ) );
#2773 = ORIENTED_EDGE('',*,*,#2675,.T.);
#2774 = ORIENTED_EDGE('',*,*,#1129,.F.);
#2775 = ORIENTED_EDGE('',*,*,#2727,.F.);
#2776 = ADVANCED_FACE('',(#2777),#1115,.F.);
#2777 = FACE_BOUND('',#2778,.F.);
#2778 = EDGE_LOOP('',(#2779,#2780,#2803,#2825));
#2779 = ORIENTED_EDGE('',*,*,#1098,.F.);
#2780 = ORIENTED_EDGE('',*,*,#2781,.F.);
#2781 = EDGE_CURVE('',#2782,#1099,#2784,.T.);
#2782 = VERTEX_POINT('',#2783);
#2783 = CARTESIAN_POINT('',(101.,30.,-302.));
#2784 = SEAM_CURVE('',#2785,(#2789,#2796),.PCURVE_S1.);
#2785 = LINE('',#2786,#2787);
#2786 = CARTESIAN_POINT('',(101.,30.,-303.));
#2787 = VECTOR('',#2788,1.);
#2788 = DIRECTION('',(0.,0.,1.));
#2789 = PCURVE('',#1115,#2790);
#2790 = DEFINITIONAL_REPRESENTATION('',(#2791),#2795);
#2791 = LINE('',#2792,#2793);
#2792 = CARTESIAN_POINT('',(0.,-0.));
#2793 = VECTOR('',#2794,1.);
#2794 = DIRECTION('',(0.,1.));
#2795 = ( GEOMETRIC_REPRESENTATION_CONTEXT(2) 
PARAMETRIC_REPRESENTATION_CONTEXT() REPRESENTATION_CONTEXT('2D SPACE',''
  ) );
#2796 = PCURVE('',#1115,#2797);
#2797 = DEFINITIONAL_REPRESENTATION('',(#2798),#2802);
#2798 = LINE('',#2799,#2800);
#2799 = CARTESIAN_POINT('',(6.28318530718,-0.));
#2800 = VECTOR('',#2801,1.);
#2801 = DIRECTION('',(0.,1.));
#2802 = ( GEOMETRIC_REPRESENTATION_CONTEXT(2) 
PARAMETRIC_REPRESENTATION_CONTEXT() REPRESENTATION_CONTEXT('2D SPACE',''
  ) );
#2803 = ORIENTED_EDGE('',*,*,#2804,.T.);
#2804 = EDGE_CURVE('',#2782,#2782,#2805,.T.);
#2805 = SURFACE_CURVE('',#2806,(#2811,#2818),.PCURVE_S1.);
#2806 = CIRCLE('',#2807,6.);
#2807 = AXIS2_PLACEMENT_3D('',#2808,#2809,#2810);
#2808 = CARTESIAN_POINT('',(95.,30.,-302.));
#2809 = DIRECTION('',(0.,0.,1.));
#2810 = DIRECTION('',(1.,0.,-0.));
#2811 = PCURVE('',#1115,#2812);
#2812 = DEFINITIONAL_REPRESENTATION('',(#2813),#2817);
#2813 = LINE('',#2814,#2815);
#2814 = CARTESIAN_POINT('',(0.,1.));
#2815 = VECTOR('',#2816,1.);
#2816 = DIRECTION('',(1.,0.));
#2817 = ( GEOMETRIC_REPRESENTATION_CONTEXT(2) 
PARAMETRIC_REPRESENTATION_CONTEXT() REPRESENTATION_CONTEXT('2D SPACE',''
  ) );
#2818 = PCURVE('',#72,#2819);
#2819 = DEFINITIONAL_REPRESENTATION('',(#2820),#2824);
#2820 = CIRCLE('',#2821,6.);
#2821 = AXIS2_PLACEMENT_2D('',#2822,#2823);
#2822 = CARTESIAN_POINT('',(211.,30.));
#2823 = DIRECTION('',(1.,0.));
#2824 = ( GEOMETRIC_REPRESENTATION_CONTEXT(2) 
PARAMETRIC_REPRESENTATION_CONTEXT() REPRESENTATION_CONTEXT('2D SPACE',''
  ) );
#2825 = ORIENTED_EDGE('',*,*,#2781,.T.);
#2826 = ADVANCED_FACE('',(#2827),#1084,.F.);
#2827 = FACE_BOUND('',#2828,.F.);
#2828 = EDGE_LOOP('',(#2829,#2830,#2853,#2875));
#2829 = ORIENTED_EDGE('',*,*,#1067,.F.);
#2830 = ORIENTED_EDGE('',*,*,#2831,.F.);
#2831 = EDGE_CURVE('',#2832,#1068,#2834,.T.);
#2832 = VERTEX_POINT('',#2833);
#2833 = CARTESIAN_POINT('',(-78.,30.,-302.));
#2834 = SEAM_CURVE('',#2835,(#2839,#2846),.PCURVE_S1.);
#2835 = LINE('',#2836,#2837);
#2836 = CARTESIAN_POINT('',(-78.,30.,-303.));
#2837 = VECTOR('',#2838,1.);
#2838 = DIRECTION('',(0.,0.,1.));
#2839 = PCURVE('',#1084,#2840);
#2840 = DEFINITIONAL_REPRESENTATION('',(#2841),#2845);
#2841 = LINE('',#2842,#2843);
#2842 = CARTESIAN_POINT('',(0.,-0.));
#2843 = VECTOR('',#2844,1.);
#2844 = DIRECTION('',(0.,1.));
#2845 = ( GEOMETRIC_REPRESENTATION_CONTEXT(2) 
PARAMETRIC_REPRESENTATION_CONTEXT() REPRESENTATION_CONTEXT('2D SPACE',''
  ) );
#2846 = PCURVE('',#1084,#2847);
#2847 = DEFINITIONAL_REPRESENTATION('',(#2848),#2852);
#2848 = LINE('',#2849,#2850);
#2849 = CARTESIAN_POINT('',(6.28318530718,-0.));
#2850 = VECTOR('',#2851,1.);
#2851 = DIRECTION('',(0.,1.));
#2852 = ( GEOMETRIC_REPRESENTATION_CONTEXT(2) 
PARAMETRIC_REPRESENTATION_CONTEXT() REPRESENTATION_CONTEXT('2D SPACE',''
  ) );
#2853 = ORIENTED_EDGE('',*,*,#2854,.T.);
#2854 = EDGE_CURVE('',#2832,#2832,#2855,.T.);
#2855 = SURFACE_CURVE('',#2856,(#2861,#2868),.PCURVE_S1.);
#2856 = CIRCLE('',#2857,6.);
#2857 = AXIS2_PLACEMENT_3D('',#2858,#2859,#2860);
#2858 = CARTESIAN_POINT('',(-84.,30.,-302.));
#2859 = DIRECTION('',(0.,0.,1.));
#2860 = DIRECTION('',(1.,0.,-0.));
#2861 = PCURVE('',#1084,#2862);
#2862 = DEFINITIONAL_REPRESENTATION('',(#2863),#2867);
#2863 = LINE('',#2864,#2865);
#2864 = CARTESIAN_POINT('',(0.,1.));
#2865 = VECTOR('',#2866,1.);
#2866 = DIRECTION('',(1.,0.));
#2867 = ( GEOMETRIC_REPRESENTATION_CONTEXT(2) 
PARAMETRIC_REPRESENTATION_CONTEXT() REPRESENTATION_CONTEXT('2D SPACE',''
  ) );
#2868 = PCURVE('',#72,#2869);
#2869 = DEFINITIONAL_REPRESENTATION('',(#2870),#2874);
#2870 = CIRCLE('',#2871,6.);
#2871 = AXIS2_PLACEMENT_2D('',#2872,#2873);
#2872 = CARTESIAN_POINT('',(32.,30.));
#2873 = DIRECTION('',(1.,0.));
#2874 = ( GEOMETRIC_REPRESENTATION_CONTEXT(2) 
PARAMETRIC_REPRESENTATION_CONTEXT() REPRESENTATION_CONTEXT('2D SPACE',''
  ) );
#2875 = ORIENTED_EDGE('',*,*,#2831,.T.);
#2876 = ADVANCED_FACE('',(#2877),#1053,.F.);
#2877 = FACE_BOUND('',#2878,.F.);
#2878 = EDGE_LOOP('',(#2879,#2880,#2903,#2925));
#2879 = ORIENTED_EDGE('',*,*,#1036,.F.);
#2880 = ORIENTED_EDGE('',*,*,#2881,.F.);
#2881 = EDGE_CURVE('',#2882,#1037,#2884,.T.);
#2882 = VERTEX_POINT('',#2883);
#2883 = CARTESIAN_POINT('',(-94.,30.,-302.));
#2884 = SEAM_CURVE('',#2885,(#2889,#2896),.PCURVE_S1.);
#2885 = LINE('',#2886,#2887);
#2886 = CARTESIAN_POINT('',(-94.,30.,-303.));
#2887 = VECTOR('',#2888,1.);
#2888 = DIRECTION('',(0.,0.,1.));
#2889 = PCURVE('',#1053,#2890);
#2890 = DEFINITIONAL_REPRESENTATION('',(#2891),#2895);
#2891 = LINE('',#2892,#2893);
#2892 = CARTESIAN_POINT('',(0.,-0.));
#2893 = VECTOR('',#2894,1.);
#2894 = DIRECTION('',(0.,1.));
#2895 = ( GEOMETRIC_REPRESENTATION_CONTEXT(2) 
PARAMETRIC_REPRESENTATION_CONTEXT() REPRESENTATION_CONTEXT('2D SPACE',''
  ) );
#2896 = PCURVE('',#1053,#2897);
#2897 = DEFINITIONAL_REPRESENTATION('',(#2898),#2902);
#2898 = LINE('',#2899,#2900);
#2899 = CARTESIAN_POINT('',(6.28318530718,-0.));
#2900 = VECTOR('',#2901,1.);
#2901 = DIRECTION('',(0.,1.));
#2902 = ( GEOMETRIC_REPRESENTATION_CONTEXT(2) 
PARAMETRIC_REPRESENTATION_CONTEXT() REPRESENTATION_CONTEXT('2D SPACE',''
  ) );
#2903 = ORIENTED_EDGE('',*,*,#2904,.T.);
#2904 = EDGE_CURVE('',#2882,#2882,#2905,.T.);
#2905 = SURFACE_CURVE('',#2906,(#2911,#2918),.PCURVE_S1.);
#2906 = CIRCLE('',#2907,6.);
#2907 = AXIS2_PLACEMENT_3D('',#2908,#2909,#2910);
#2908 = CARTESIAN_POINT('',(-100.,30.,-302.));
#2909 = DIRECTION('',(0.,0.,1.));
#2910 = DIRECTION('',(1.,0.,-0.));
#2911 = PCURVE('',#1053,#2912);
#2912 = DEFINITIONAL_REPRESENTATION('',(#2913),#2917);
#2913 = LINE('',#2914,#2915);
#2914 = CARTESIAN_POINT('',(0.,1.));
#2915 = VECTOR('',#2916,1.);
#2916 = DIRECTION('',(1.,0.));
#2917 = ( GEOMETRIC_REPRESENTATION_CONTEXT(2) 
PARAMETRIC_REPRESENTATION_CONTEXT() REPRESENTATION_CONTEXT('2D SPACE',''
  ) );
#2918 = PCURVE('',#72,#2919);
#2919 = DEFINITIONAL_REPRESENTATION('',(#2920),#2924);
#2920 = CIRCLE('',#2921,6.);
#2921 = AXIS2_PLACEMENT_2D('',#2922,#2923);
#2922 = CARTESIAN_POINT('',(16.,30.));
#2923 = DIRECTION('',(1.,0.));
#2924 = ( GEOMETRIC_REPRESENTATION_CONTEXT(2) 
PARAMETRIC_REPRESENTATION_CONTEXT() REPRESENTATION_CONTEXT('2D SPACE',''
  ) );
#2925 = ORIENTED_EDGE('',*,*,#2881,.T.);
#2926 = ADVANCED_FACE('',(#2927),#182,.T.);
#2927 = FACE_BOUND('',#2928,.T.);
#2928 = EDGE_LOOP('',(#2929,#2952,#2975,#2996));
#2929 = ORIENTED_EDGE('',*,*,#2930,.F.);
#2930 = EDGE_CURVE('',#2931,#144,#2933,.T.);
#2931 = VERTEX_POINT('',#2932);
#2932 = CARTESIAN_POINT('',(116.,0.,-302.));
#2933 = SURFACE_CURVE('',#2934,(#2938,#2945),.PCURVE_S1.);
#2934 = LINE('',#2935,#2936);
#2935 = CARTESIAN_POINT('',(116.,0.,-302.));
#2936 = VECTOR('',#2937,1.);
#2937 = DIRECTION('',(0.,0.,1.));
#2938 = PCURVE('',#182,#2939);
#2939 = DEFINITIONAL_REPRESENTATION('',(#2940),#2944);
#2940 = LINE('',#2941,#2942);
#2941 = CARTESIAN_POINT('',(0.,0.));
#2942 = VECTOR('',#2943,1.);
#2943 = DIRECTION('',(1.,0.));
#2944 = ( GEOMETRIC_REPRESENTATION_CONTEXT(2) 
PARAMETRIC_REPRESENTATION_CONTEXT() REPRESENTATION_CONTEXT('2D SPACE',''
  ) );
#2945 = PCURVE('',#44,#2946);
#2946 = DEFINITIONAL_REPRESENTATION('',(#2947),#2951);
#2947 = LINE('',#2948,#2949);
#2948 = CARTESIAN_POINT('',(0.,232.));
#2949 = VECTOR('',#2950,1.);
#2950 = DIRECTION('',(1.,0.));
#2951 = ( GEOMETRIC_REPRESENTATION_CONTEXT(2) 
PARAMETRIC_REPRESENTATION_CONTEXT() REPRESENTATION_CONTEXT('2D SPACE',''
  ) );
#2952 = ORIENTED_EDGE('',*,*,#2953,.T.);
#2953 = EDGE_CURVE('',#2931,#2954,#2956,.T.);
#2954 = VERTEX_POINT('',#2955);
#2955 = CARTESIAN_POINT('',(116.,215.,-302.));
#2956 = SURFACE_CURVE('',#2957,(#2961,#2968),.PCURVE_S1.);
#2957 = LINE('',#2958,#2959);
#2958 = CARTESIAN_POINT('',(116.,0.,-302.));
#2959 = VECTOR('',#2960,1.);
#2960 = DIRECTION('',(-0.,1.,0.));
#2961 = PCURVE('',#182,#2962);
#2962 = DEFINITIONAL_REPRESENTATION('',(#2963),#2967);
#2963 = LINE('',#2964,#2965);
#2964 = CARTESIAN_POINT('',(0.,0.));
#2965 = VECTOR('',#2966,1.);
#2966 = DIRECTION('',(0.,-1.));
#2967 = ( GEOMETRIC_REPRESENTATION_CONTEXT(2) 
PARAMETRIC_REPRESENTATION_CONTEXT() REPRESENTATION_CONTEXT('2D SPACE',''
  ) );
#2968 = PCURVE('',#72,#2969);
#2969 = DEFINITIONAL_REPRESENTATION('',(#2970),#2974);
#2970 = LINE('',#2971,#2972);
#2971 = CARTESIAN_POINT('',(232.,0.));
#2972 = VECTOR('',#2973,1.);
#2973 = DIRECTION('',(0.,1.));
#2974 = ( GEOMETRIC_REPRESENTATION_CONTEXT(2) 
PARAMETRIC_REPRESENTATION_CONTEXT() REPRESENTATION_CONTEXT('2D SPACE',''
  ) );
#2975 = ORIENTED_EDGE('',*,*,#2976,.T.);
#2976 = EDGE_CURVE('',#2954,#167,#2977,.T.);
#2977 = SURFACE_CURVE('',#2978,(#2982,#2989),.PCURVE_S1.);
#2978 = LINE('',#2979,#2980);
#2979 = CARTESIAN_POINT('',(116.,215.,-302.));
#2980 = VECTOR('',#2981,1.);
#2981 = DIRECTION('',(0.,0.,1.));
#2982 = PCURVE('',#182,#2983);
#2983 = DEFINITIONAL_REPRESENTATION('',(#2984),#2988);
#2984 = LINE('',#2985,#2986);
#2985 = CARTESIAN_POINT('',(0.,-215.));
#2986 = VECTOR('',#2987,1.);
#2987 = DIRECTION('',(1.,0.));
#2988 = ( GEOMETRIC_REPRESENTATION_CONTEXT(2) 
PARAMETRIC_REPRESENTATION_CONTEXT() REPRESENTATION_CONTEXT('2D SPACE',''
  ) );
#2989 = PCURVE('',#100,#2990);
#2990 = DEFINITIONAL_REPRESENTATION('',(#2991),#2995);
#2991 = LINE('',#2992,#2993);
#2992 = CARTESIAN_POINT('',(0.,232.));
#2993 = VECTOR('',#2994,1.);
#2994 = DIRECTION('',(1.,0.));
#2995 = ( GEOMETRIC_REPRESENTATION_CONTEXT(2) 
PARAMETRIC_REPRESENTATION_CONTEXT() REPRESENTATION_CONTEXT('2D SPACE',''
  ) );
#2996 = ORIENTED_EDGE('',*,*,#166,.F.);
#2997 = ADVANCED_FACE('',(#2998),#233,.T.);
#2998 = FACE_BOUND('',#2999,.T.);
#2999 = EDGE_LOOP('',(#3000,#3023,#3024,#3047));
#3000 = ORIENTED_EDGE('',*,*,#3001,.F.);
#3001 = EDGE_CURVE('',#218,#3002,#3004,.T.);
#3002 = VERTEX_POINT('',#3003);
#3003 = CARTESIAN_POINT('',(114.,211.,-287.));
#3004 = SURFACE_CURVE('',#3005,(#3009,#3016),.PCURVE_S1.);
#3005 = LINE('',#3006,#3007);
#3006 = CARTESIAN_POINT('',(114.,211.,-299.));
#3007 = VECTOR('',#3008,1.);
#3008 = DIRECTION('',(0.,0.,1.));
#3009 = PCURVE('',#233,#3010);
#3010 = DEFINITIONAL_REPRESENTATION('',(#3011),#3015);
#3011 = LINE('',#3012,#3013);
#3012 = CARTESIAN_POINT('',(0.,0.));
#3013 = VECTOR('',#3014,1.);
#3014 = DIRECTION('',(1.,0.));
#3015 = ( GEOMETRIC_REPRESENTATION_CONTEXT(2) 
PARAMETRIC_REPRESENTATION_CONTEXT() REPRESENTATION_CONTEXT('2D SPACE',''
  ) );
#3016 = PCURVE('',#261,#3017);
#3017 = DEFINITIONAL_REPRESENTATION('',(#3018),#3022);
#3018 = LINE('',#3019,#3020);
#3019 = CARTESIAN_POINT('',(0.,228.));
#3020 = VECTOR('',#3021,1.);
#3021 = DIRECTION('',(1.,0.));
#3022 = ( GEOMETRIC_REPRESENTATION_CONTEXT(2) 
PARAMETRIC_REPRESENTATION_CONTEXT() REPRESENTATION_CONTEXT('2D SPACE',''
  ) );
#3023 = ORIENTED_EDGE('',*,*,#217,.T.);
#3024 = ORIENTED_EDGE('',*,*,#3025,.T.);
#3025 = EDGE_CURVE('',#195,#3026,#3028,.T.);
#3026 = VERTEX_POINT('',#3027);
#3027 = CARTESIAN_POINT('',(114.,215.,-287.));
#3028 = SURFACE_CURVE('',#3029,(#3033,#3040),.PCURVE_S1.);
#3029 = LINE('',#3030,#3031);
#3030 = CARTESIAN_POINT('',(114.,215.,-299.));
#3031 = VECTOR('',#3032,1.);
#3032 = DIRECTION('',(0.,0.,1.));
#3033 = PCURVE('',#233,#3034);
#3034 = DEFINITIONAL_REPRESENTATION('',(#3035),#3039);
#3035 = LINE('',#3036,#3037);
#3036 = CARTESIAN_POINT('',(0.,-4.));
#3037 = VECTOR('',#3038,1.);
#3038 = DIRECTION('',(1.,0.));
#3039 = ( GEOMETRIC_REPRESENTATION_CONTEXT(2) 
PARAMETRIC_REPRESENTATION_CONTEXT() REPRESENTATION_CONTEXT('2D SPACE',''
  ) );
#3040 = PCURVE('',#100,#3041);
#3041 = DEFINITIONAL_REPRESENTATION('',(#3042),#3046);
#3042 = LINE('',#3043,#3044);
#3043 = CARTESIAN_POINT('',(3.,230.));
#3044 = VECTOR('',#3045,1.);
#3045 = DIRECTION('',(1.,0.));
#3046 = ( GEOMETRIC_REPRESENTATION_CONTEXT(2) 
PARAMETRIC_REPRESENTATION_CONTEXT() REPRESENTATION_CONTEXT('2D SPACE',''
  ) );
#3047 = ORIENTED_EDGE('',*,*,#3048,.F.);
#3048 = EDGE_CURVE('',#3002,#3026,#3049,.T.);
#3049 = SURFACE_CURVE('',#3050,(#3054,#3061),.PCURVE_S1.);
#3050 = LINE('',#3051,#3052);
#3051 = CARTESIAN_POINT('',(114.,211.,-287.));
#3052 = VECTOR('',#3053,1.);
#3053 = DIRECTION('',(-0.,1.,0.));
#3054 = PCURVE('',#233,#3055);
#3055 = DEFINITIONAL_REPRESENTATION('',(#3056),#3060);
#3056 = LINE('',#3057,#3058);
#3057 = CARTESIAN_POINT('',(12.,0.));
#3058 = VECTOR('',#3059,1.);
#3059 = DIRECTION('',(0.,-1.));
#3060 = ( GEOMETRIC_REPRESENTATION_CONTEXT(2) 
PARAMETRIC_REPRESENTATION_CONTEXT() REPRESENTATION_CONTEXT('2D SPACE',''
  ) );
#3061 = PCURVE('',#3062,#3067);
#3062 = PLANE('',#3063);
#3063 = AXIS2_PLACEMENT_3D('',#3064,#3065,#3066);
#3064 = CARTESIAN_POINT('',(-114.,211.,-287.));
#3065 = DIRECTION('',(0.,0.,1.));
#3066 = DIRECTION('',(1.,0.,-0.));
#3067 = DEFINITIONAL_REPRESENTATION('',(#3068),#3072);
#3068 = LINE('',#3069,#3070);
#3069 = CARTESIAN_POINT('',(228.,0.));
#3070 = VECTOR('',#3071,1.);
#3071 = DIRECTION('',(0.,1.));
#3072 = ( GEOMETRIC_REPRESENTATION_CONTEXT(2) 
PARAMETRIC_REPRESENTATION_CONTEXT() REPRESENTATION_CONTEXT('2D SPACE',''
  ) );
#3073 = ADVANCED_FACE('',(#3074),#3062,.T.);
#3074 = FACE_BOUND('',#3075,.T.);
#3075 = EDGE_LOOP('',(#3076,#3101,#3124,#3147,#3170,#3193,#3216,#3239,
    #3262,#3285,#3306,#3307));
#3076 = ORIENTED_EDGE('',*,*,#3077,.F.);
#3077 = EDGE_CURVE('',#3078,#3080,#3082,.T.);
#3078 = VERTEX_POINT('',#3079);
#3079 = CARTESIAN_POINT('',(-114.,211.,-287.));
#3080 = VERTEX_POINT('',#3081);
#3081 = CARTESIAN_POINT('',(-114.,215.,-287.));
#3082 = SURFACE_CURVE('',#3083,(#3087,#3094),.PCURVE_S1.);
#3083 = LINE('',#3084,#3085);
#3084 = CARTESIAN_POINT('',(-114.,211.,-287.));
#3085 = VECTOR('',#3086,1.);
#3086 = DIRECTION('',(-0.,1.,0.));
#3087 = PCURVE('',#3062,#3088);
#3088 = DEFINITIONAL_REPRESENTATION('',(#3089),#3093);
#3089 = LINE('',#3090,#3091);
#3090 = CARTESIAN_POINT('',(0.,0.));
#3091 = VECTOR('',#3092,1.);
#3092 = DIRECTION('',(0.,1.));
#3093 = ( GEOMETRIC_REPRESENTATION_CONTEXT(2) 
PARAMETRIC_REPRESENTATION_CONTEXT() REPRESENTATION_CONTEXT('2D SPACE',''
  ) );
#3094 = PCURVE('',#513,#3095);
#3095 = DEFINITIONAL_REPRESENTATION('',(#3096),#3100);
#3096 = LINE('',#3097,#3098);
#3097 = CARTESIAN_POINT('',(12.,0.));
#3098 = VECTOR('',#3099,1.);
#3099 = DIRECTION('',(0.,-1.));
#3100 = ( GEOMETRIC_REPRESENTATION_CONTEXT(2) 
PARAMETRIC_REPRESENTATION_CONTEXT() REPRESENTATION_CONTEXT('2D SPACE',''
  ) );
#3101 = ORIENTED_EDGE('',*,*,#3102,.T.);
#3102 = EDGE_CURVE('',#3078,#3103,#3105,.T.);
#3103 = VERTEX_POINT('',#3104);
#3104 = CARTESIAN_POINT('',(-96.,211.,-287.));
#3105 = SURFACE_CURVE('',#3106,(#3110,#3117),.PCURVE_S1.);
#3106 = LINE('',#3107,#3108);
#3107 = CARTESIAN_POINT('',(-114.,211.,-287.));
#3108 = VECTOR('',#3109,1.);
#3109 = DIRECTION('',(1.,0.,-0.));
#3110 = PCURVE('',#3062,#3111);
#3111 = DEFINITIONAL_REPRESENTATION('',(#3112),#3116);
#3112 = LINE('',#3113,#3114);
#3113 = CARTESIAN_POINT('',(0.,0.));
#3114 = VECTOR('',#3115,1.);
#3115 = DIRECTION('',(1.,0.));
#3116 = ( GEOMETRIC_REPRESENTATION_CONTEXT(2) 
PARAMETRIC_REPRESENTATION_CONTEXT() REPRESENTATION_CONTEXT('2D SPACE',''
  ) );
#3117 = PCURVE('',#485,#3118);
#3118 = DEFINITIONAL_REPRESENTATION('',(#3119),#3123);
#3119 = LINE('',#3120,#3121);
#3120 = CARTESIAN_POINT('',(12.,0.));
#3121 = VECTOR('',#3122,1.);
#3122 = DIRECTION('',(0.,1.));
#3123 = ( GEOMETRIC_REPRESENTATION_CONTEXT(2) 
PARAMETRIC_REPRESENTATION_CONTEXT() REPRESENTATION_CONTEXT('2D SPACE',''
  ) );
#3124 = ORIENTED_EDGE('',*,*,#3125,.F.);
#3125 = EDGE_CURVE('',#3126,#3103,#3128,.T.);
#3126 = VERTEX_POINT('',#3127);
#3127 = CARTESIAN_POINT('',(-96.,203.,-287.));
#3128 = SURFACE_CURVE('',#3129,(#3133,#3140),.PCURVE_S1.);
#3129 = LINE('',#3130,#3131);
#3130 = CARTESIAN_POINT('',(-96.,203.,-287.));
#3131 = VECTOR('',#3132,1.);
#3132 = DIRECTION('',(-0.,1.,0.));
#3133 = PCURVE('',#3062,#3134);
#3134 = DEFINITIONAL_REPRESENTATION('',(#3135),#3139);
#3135 = LINE('',#3136,#3137);
#3136 = CARTESIAN_POINT('',(18.,-8.));
#3137 = VECTOR('',#3138,1.);
#3138 = DIRECTION('',(0.,1.));
#3139 = ( GEOMETRIC_REPRESENTATION_CONTEXT(2) 
PARAMETRIC_REPRESENTATION_CONTEXT() REPRESENTATION_CONTEXT('2D SPACE',''
  ) );
#3140 = PCURVE('',#457,#3141);
#3141 = DEFINITIONAL_REPRESENTATION('',(#3142),#3146);
#3142 = LINE('',#3143,#3144);
#3143 = CARTESIAN_POINT('',(12.,0.));
#3144 = VECTOR('',#3145,1.);
#3145 = DIRECTION('',(0.,-1.));
#3146 = ( GEOMETRIC_REPRESENTATION_CONTEXT(2) 
PARAMETRIC_REPRESENTATION_CONTEXT() REPRESENTATION_CONTEXT('2D SPACE',''
  ) );
#3147 = ORIENTED_EDGE('',*,*,#3148,.T.);
#3148 = EDGE_CURVE('',#3126,#3149,#3151,.T.);
#3149 = VERTEX_POINT('',#3150);
#3150 = CARTESIAN_POINT('',(-84.,203.,-287.));
#3151 = SURFACE_CURVE('',#3152,(#3156,#3163),.PCURVE_S1.);
#3152 = LINE('',#3153,#3154);
#3153 = CARTESIAN_POINT('',(-96.,203.,-287.));
#3154 = VECTOR('',#3155,1.);
#3155 = DIRECTION('',(1.,0.,-0.));
#3156 = PCURVE('',#3062,#3157);
#3157 = DEFINITIONAL_REPRESENTATION('',(#3158),#3162);
#3158 = LINE('',#3159,#3160);
#3159 = CARTESIAN_POINT('',(18.,-8.));
#3160 = VECTOR('',#3161,1.);
#3161 = DIRECTION('',(1.,0.));
#3162 = ( GEOMETRIC_REPRESENTATION_CONTEXT(2) 
PARAMETRIC_REPRESENTATION_CONTEXT() REPRESENTATION_CONTEXT('2D SPACE',''
  ) );
#3163 = PCURVE('',#429,#3164);
#3164 = DEFINITIONAL_REPRESENTATION('',(#3165),#3169);
#3165 = LINE('',#3166,#3167);
#3166 = CARTESIAN_POINT('',(12.,0.));
#3167 = VECTOR('',#3168,1.);
#3168 = DIRECTION('',(0.,1.));
#3169 = ( GEOMETRIC_REPRESENTATION_CONTEXT(2) 
PARAMETRIC_REPRESENTATION_CONTEXT() REPRESENTATION_CONTEXT('2D SPACE',''
  ) );
#3170 = ORIENTED_EDGE('',*,*,#3171,.T.);
#3171 = EDGE_CURVE('',#3149,#3172,#3174,.T.);
#3172 = VERTEX_POINT('',#3173);
#3173 = CARTESIAN_POINT('',(-84.,211.,-287.));
#3174 = SURFACE_CURVE('',#3175,(#3179,#3186),.PCURVE_S1.);
#3175 = LINE('',#3176,#3177);
#3176 = CARTESIAN_POINT('',(-84.,203.,-287.));
#3177 = VECTOR('',#3178,1.);
#3178 = DIRECTION('',(-0.,1.,0.));
#3179 = PCURVE('',#3062,#3180);
#3180 = DEFINITIONAL_REPRESENTATION('',(#3181),#3185);
#3181 = LINE('',#3182,#3183);
#3182 = CARTESIAN_POINT('',(30.,-8.));
#3183 = VECTOR('',#3184,1.);
#3184 = DIRECTION('',(0.,1.));
#3185 = ( GEOMETRIC_REPRESENTATION_CONTEXT(2) 
PARAMETRIC_REPRESENTATION_CONTEXT() REPRESENTATION_CONTEXT('2D SPACE',''
  ) );
#3186 = PCURVE('',#401,#3187);
#3187 = DEFINITIONAL_REPRESENTATION('',(#3188),#3192);
#3188 = LINE('',#3189,#3190);
#3189 = CARTESIAN_POINT('',(12.,0.));
#3190 = VECTOR('',#3191,1.);
#3191 = DIRECTION('',(0.,-1.));
#3192 = ( GEOMETRIC_REPRESENTATION_CONTEXT(2) 
PARAMETRIC_REPRESENTATION_CONTEXT() REPRESENTATION_CONTEXT('2D SPACE',''
  ) );
#3193 = ORIENTED_EDGE('',*,*,#3194,.T.);
#3194 = EDGE_CURVE('',#3172,#3195,#3197,.T.);
#3195 = VERTEX_POINT('',#3196);
#3196 = CARTESIAN_POINT('',(84.,211.,-287.));
#3197 = SURFACE_CURVE('',#3198,(#3202,#3209),.PCURVE_S1.);
#3198 = LINE('',#3199,#3200);
#3199 = CARTESIAN_POINT('',(-114.,211.,-287.));
#3200 = VECTOR('',#3201,1.);
#3201 = DIRECTION('',(1.,0.,-0.));
#3202 = PCURVE('',#3062,#3203);
#3203 = DEFINITIONAL_REPRESENTATION('',(#3204),#3208);
#3204 = LINE('',#3205,#3206);
#3205 = CARTESIAN_POINT('',(0.,0.));
#3206 = VECTOR('',#3207,1.);
#3207 = DIRECTION('',(1.,0.));
#3208 = ( GEOMETRIC_REPRESENTATION_CONTEXT(2) 
PARAMETRIC_REPRESENTATION_CONTEXT() REPRESENTATION_CONTEXT('2D SPACE',''
  ) );
#3209 = PCURVE('',#373,#3210);
#3210 = DEFINITIONAL_REPRESENTATION('',(#3211),#3215);
#3211 = LINE('',#3212,#3213);
#3212 = CARTESIAN_POINT('',(12.,0.));
#3213 = VECTOR('',#3214,1.);
#3214 = DIRECTION('',(0.,1.));
#3215 = ( GEOMETRIC_REPRESENTATION_CONTEXT(2) 
PARAMETRIC_REPRESENTATION_CONTEXT() REPRESENTATION_CONTEXT('2D SPACE',''
  ) );
#3216 = ORIENTED_EDGE('',*,*,#3217,.F.);
#3217 = EDGE_CURVE('',#3218,#3195,#3220,.T.);
#3218 = VERTEX_POINT('',#3219);
#3219 = CARTESIAN_POINT('',(84.,203.,-287.));
#3220 = SURFACE_CURVE('',#3221,(#3225,#3232),.PCURVE_S1.);
#3221 = LINE('',#3222,#3223);
#3222 = CARTESIAN_POINT('',(84.,203.,-287.));
#3223 = VECTOR('',#3224,1.);
#3224 = DIRECTION('',(-0.,1.,0.));
#3225 = PCURVE('',#3062,#3226);
#3226 = DEFINITIONAL_REPRESENTATION('',(#3227),#3231);
#3227 = LINE('',#3228,#3229);
#3228 = CARTESIAN_POINT('',(198.,-8.));
#3229 = VECTOR('',#3230,1.);
#3230 = DIRECTION('',(0.,1.));
#3231 = ( GEOMETRIC_REPRESENTATION_CONTEXT(2) 
PARAMETRIC_REPRESENTATION_CONTEXT() REPRESENTATION_CONTEXT('2D SPACE',''
  ) );
#3232 = PCURVE('',#345,#3233);
#3233 = DEFINITIONAL_REPRESENTATION('',(#3234),#3238);
#3234 = LINE('',#3235,#3236);
#3235 = CARTESIAN_POINT('',(12.,0.));
#3236 = VECTOR('',#3237,1.);
#3237 = DIRECTION('',(0.,-1.));
#3238 = ( GEOMETRIC_REPRESENTATION_CONTEXT(2) 
PARAMETRIC_REPRESENTATION_CONTEXT() REPRESENTATION_CONTEXT('2D SPACE',''
  ) );
#3239 = ORIENTED_EDGE('',*,*,#3240,.T.);
#3240 = EDGE_CURVE('',#3218,#3241,#3243,.T.);
#3241 = VERTEX_POINT('',#3242);
#3242 = CARTESIAN_POINT('',(96.,203.,-287.));
#3243 = SURFACE_CURVE('',#3244,(#3248,#3255),.PCURVE_S1.);
#3244 = LINE('',#3245,#3246);
#3245 = CARTESIAN_POINT('',(84.,203.,-287.));
#3246 = VECTOR('',#3247,1.);
#3247 = DIRECTION('',(1.,0.,-0.));
#3248 = PCURVE('',#3062,#3249);
#3249 = DEFINITIONAL_REPRESENTATION('',(#3250),#3254);
#3250 = LINE('',#3251,#3252);
#3251 = CARTESIAN_POINT('',(198.,-8.));
#3252 = VECTOR('',#3253,1.);
#3253 = DIRECTION('',(1.,0.));
#3254 = ( GEOMETRIC_REPRESENTATION_CONTEXT(2) 
PARAMETRIC_REPRESENTATION_CONTEXT() REPRESENTATION_CONTEXT('2D SPACE',''
  ) );
#3255 = PCURVE('',#317,#3256);
#3256 = DEFINITIONAL_REPRESENTATION('',(#3257),#3261);
#3257 = LINE('',#3258,#3259);
#3258 = CARTESIAN_POINT('',(12.,0.));
#3259 = VECTOR('',#3260,1.);
#3260 = DIRECTION('',(0.,1.));
#3261 = ( GEOMETRIC_REPRESENTATION_CONTEXT(2) 
PARAMETRIC_REPRESENTATION_CONTEXT() REPRESENTATION_CONTEXT('2D SPACE',''
  ) );
#3262 = ORIENTED_EDGE('',*,*,#3263,.T.);
#3263 = EDGE_CURVE('',#3241,#3264,#3266,.T.);
#3264 = VERTEX_POINT('',#3265);
#3265 = CARTESIAN_POINT('',(96.,211.,-287.));
#3266 = SURFACE_CURVE('',#3267,(#3271,#3278),.PCURVE_S1.);
#3267 = LINE('',#3268,#3269);
#3268 = CARTESIAN_POINT('',(96.,203.,-287.));
#3269 = VECTOR('',#3270,1.);
#3270 = DIRECTION('',(-0.,1.,0.));
#3271 = PCURVE('',#3062,#3272);
#3272 = DEFINITIONAL_REPRESENTATION('',(#3273),#3277);
#3273 = LINE('',#3274,#3275);
#3274 = CARTESIAN_POINT('',(210.,-8.));
#3275 = VECTOR('',#3276,1.);
#3276 = DIRECTION('',(0.,1.));
#3277 = ( GEOMETRIC_REPRESENTATION_CONTEXT(2) 
PARAMETRIC_REPRESENTATION_CONTEXT() REPRESENTATION_CONTEXT('2D SPACE',''
  ) );
#3278 = PCURVE('',#289,#3279);
#3279 = DEFINITIONAL_REPRESENTATION('',(#3280),#3284);
#3280 = LINE('',#3281,#3282);
#3281 = CARTESIAN_POINT('',(12.,0.));
#3282 = VECTOR('',#3283,1.);
#3283 = DIRECTION('',(0.,-1.));
#3284 = ( GEOMETRIC_REPRESENTATION_CONTEXT(2) 
PARAMETRIC_REPRESENTATION_CONTEXT() REPRESENTATION_CONTEXT('2D SPACE',''
  ) );
#3285 = ORIENTED_EDGE('',*,*,#3286,.T.);
#3286 = EDGE_CURVE('',#3264,#3002,#3287,.T.);
#3287 = SURFACE_CURVE('',#3288,(#3292,#3299),.PCURVE_S1.);
#3288 = LINE('',#3289,#3290);
#3289 = CARTESIAN_POINT('',(-114.,211.,-287.));
#3290 = VECTOR('',#3291,1.);
#3291 = DIRECTION('',(1.,0.,-0.));
#3292 = PCURVE('',#3062,#3293);
#3293 = DEFINITIONAL_REPRESENTATION('',(#3294),#3298);
#3294 = LINE('',#3295,#3296);
#3295 = CARTESIAN_POINT('',(0.,0.));
#3296 = VECTOR('',#3297,1.);
#3297 = DIRECTION('',(1.,0.));
#3298 = ( GEOMETRIC_REPRESENTATION_CONTEXT(2) 
PARAMETRIC_REPRESENTATION_CONTEXT() REPRESENTATION_CONTEXT('2D SPACE',''
  ) );
#3299 = PCURVE('',#261,#3300);
#3300 = DEFINITIONAL_REPRESENTATION('',(#3301),#3305);
#3301 = LINE('',#3302,#3303);
#3302 = CARTESIAN_POINT('',(12.,0.));
#3303 = VECTOR('',#3304,1.);
#3304 = DIRECTION('',(0.,1.));
#3305 = ( GEOMETRIC_REPRESENTATION_CONTEXT(2) 
PARAMETRIC_REPRESENTATION_CONTEXT() REPRESENTATION_CONTEXT('2D SPACE',''
  ) );
#3306 = ORIENTED_EDGE('',*,*,#3048,.T.);
#3307 = ORIENTED_EDGE('',*,*,#3308,.F.);
#3308 = EDGE_CURVE('',#3080,#3026,#3309,.T.);
#3309 = SURFACE_CURVE('',#3310,(#3314,#3321),.PCURVE_S1.);
#3310 = LINE('',#3311,#3312);
#3311 = CARTESIAN_POINT('',(-114.,215.,-287.));
#3312 = VECTOR('',#3313,1.);
#3313 = DIRECTION('',(1.,0.,-0.));
#3314 = PCURVE('',#3062,#3315);
#3315 = DEFINITIONAL_REPRESENTATION('',(#3316),#3320);
#3316 = LINE('',#3317,#3318);
#3317 = CARTESIAN_POINT('',(0.,4.));
#3318 = VECTOR('',#3319,1.);
#3319 = DIRECTION('',(1.,0.));
#3320 = ( GEOMETRIC_REPRESENTATION_CONTEXT(2) 
PARAMETRIC_REPRESENTATION_CONTEXT() REPRESENTATION_CONTEXT('2D SPACE',''
  ) );
#3321 = PCURVE('',#100,#3322);
#3322 = DEFINITIONAL_REPRESENTATION('',(#3323),#3327);
#3323 = LINE('',#3324,#3325);
#3324 = CARTESIAN_POINT('',(15.,2.));
#3325 = VECTOR('',#3326,1.);
#3326 = DIRECTION('',(0.,1.));
#3327 = ( GEOMETRIC_REPRESENTATION_CONTEXT(2) 
PARAMETRIC_REPRESENTATION_CONTEXT() REPRESENTATION_CONTEXT('2D SPACE',''
  ) );
#3328 = ADVANCED_FACE('',(#3329),#261,.F.);
#3329 = FACE_BOUND('',#3330,.F.);
#3330 = EDGE_LOOP('',(#3331,#3332,#3353,#3354));
#3331 = ORIENTED_EDGE('',*,*,#245,.F.);
#3332 = ORIENTED_EDGE('',*,*,#3333,.T.);
#3333 = EDGE_CURVE('',#246,#3264,#3334,.T.);
#3334 = SURFACE_CURVE('',#3335,(#3339,#3346),.PCURVE_S1.);
#3335 = LINE('',#3336,#3337);
#3336 = CARTESIAN_POINT('',(96.,211.,-299.));
#3337 = VECTOR('',#3338,1.);
#3338 = DIRECTION('',(0.,0.,1.));
#3339 = PCURVE('',#261,#3340);
#3340 = DEFINITIONAL_REPRESENTATION('',(#3341),#3345);
#3341 = LINE('',#3342,#3343);
#3342 = CARTESIAN_POINT('',(0.,210.));
#3343 = VECTOR('',#3344,1.);
#3344 = DIRECTION('',(1.,0.));
#3345 = ( GEOMETRIC_REPRESENTATION_CONTEXT(2) 
PARAMETRIC_REPRESENTATION_CONTEXT() REPRESENTATION_CONTEXT('2D SPACE',''
  ) );
#3346 = PCURVE('',#289,#3347);
#3347 = DEFINITIONAL_REPRESENTATION('',(#3348),#3352);
#3348 = LINE('',#3349,#3350);
#3349 = CARTESIAN_POINT('',(0.,-8.));
#3350 = VECTOR('',#3351,1.);
#3351 = DIRECTION('',(1.,0.));
#3352 = ( GEOMETRIC_REPRESENTATION_CONTEXT(2) 
PARAMETRIC_REPRESENTATION_CONTEXT() REPRESENTATION_CONTEXT('2D SPACE',''
  ) );
#3353 = ORIENTED_EDGE('',*,*,#3286,.T.);
#3354 = ORIENTED_EDGE('',*,*,#3001,.F.);
#3355 = ADVANCED_FACE('',(#3356),#289,.T.);
#3356 = FACE_BOUND('',#3357,.T.);
#3357 = EDGE_LOOP('',(#3358,#3379,#3380,#3381));
#3358 = ORIENTED_EDGE('',*,*,#3359,.F.);
#3359 = EDGE_CURVE('',#274,#3241,#3360,.T.);
#3360 = SURFACE_CURVE('',#3361,(#3365,#3372),.PCURVE_S1.);
#3361 = LINE('',#3362,#3363);
#3362 = CARTESIAN_POINT('',(96.,203.,-299.));
#3363 = VECTOR('',#3364,1.);
#3364 = DIRECTION('',(0.,0.,1.));
#3365 = PCURVE('',#289,#3366);
#3366 = DEFINITIONAL_REPRESENTATION('',(#3367),#3371);
#3367 = LINE('',#3368,#3369);
#3368 = CARTESIAN_POINT('',(0.,0.));
#3369 = VECTOR('',#3370,1.);
#3370 = DIRECTION('',(1.,0.));
#3371 = ( GEOMETRIC_REPRESENTATION_CONTEXT(2) 
PARAMETRIC_REPRESENTATION_CONTEXT() REPRESENTATION_CONTEXT('2D SPACE',''
  ) );
#3372 = PCURVE('',#317,#3373);
#3373 = DEFINITIONAL_REPRESENTATION('',(#3374),#3378);
#3374 = LINE('',#3375,#3376);
#3375 = CARTESIAN_POINT('',(0.,12.));
#3376 = VECTOR('',#3377,1.);
#3377 = DIRECTION('',(1.,0.));
#3378 = ( GEOMETRIC_REPRESENTATION_CONTEXT(2) 
PARAMETRIC_REPRESENTATION_CONTEXT() REPRESENTATION_CONTEXT('2D SPACE',''
  ) );
#3379 = ORIENTED_EDGE('',*,*,#273,.T.);
#3380 = ORIENTED_EDGE('',*,*,#3333,.T.);
#3381 = ORIENTED_EDGE('',*,*,#3263,.F.);
#3382 = ADVANCED_FACE('',(#3383),#317,.F.);
#3383 = FACE_BOUND('',#3384,.F.);
#3384 = EDGE_LOOP('',(#3385,#3386,#3407,#3408));
#3385 = ORIENTED_EDGE('',*,*,#301,.F.);
#3386 = ORIENTED_EDGE('',*,*,#3387,.T.);
#3387 = EDGE_CURVE('',#302,#3218,#3388,.T.);
#3388 = SURFACE_CURVE('',#3389,(#3393,#3400),.PCURVE_S1.);
#3389 = LINE('',#3390,#3391);
#3390 = CARTESIAN_POINT('',(84.,203.,-299.));
#3391 = VECTOR('',#3392,1.);
#3392 = DIRECTION('',(0.,0.,1.));
#3393 = PCURVE('',#317,#3394);
#3394 = DEFINITIONAL_REPRESENTATION('',(#3395),#3399);
#3395 = LINE('',#3396,#3397);
#3396 = CARTESIAN_POINT('',(0.,0.));
#3397 = VECTOR('',#3398,1.);
#3398 = DIRECTION('',(1.,0.));
#3399 = ( GEOMETRIC_REPRESENTATION_CONTEXT(2) 
PARAMETRIC_REPRESENTATION_CONTEXT() REPRESENTATION_CONTEXT('2D SPACE',''
  ) );
#3400 = PCURVE('',#345,#3401);
#3401 = DEFINITIONAL_REPRESENTATION('',(#3402),#3406);
#3402 = LINE('',#3403,#3404);
#3403 = CARTESIAN_POINT('',(0.,0.));
#3404 = VECTOR('',#3405,1.);
#3405 = DIRECTION('',(1.,0.));
#3406 = ( GEOMETRIC_REPRESENTATION_CONTEXT(2) 
PARAMETRIC_REPRESENTATION_CONTEXT() REPRESENTATION_CONTEXT('2D SPACE',''
  ) );
#3407 = ORIENTED_EDGE('',*,*,#3240,.T.);
#3408 = ORIENTED_EDGE('',*,*,#3359,.F.);
#3409 = ADVANCED_FACE('',(#3410),#345,.F.);
#3410 = FACE_BOUND('',#3411,.F.);
#3411 = EDGE_LOOP('',(#3412,#3413,#3414,#3435));
#3412 = ORIENTED_EDGE('',*,*,#3387,.F.);
#3413 = ORIENTED_EDGE('',*,*,#329,.T.);
#3414 = ORIENTED_EDGE('',*,*,#3415,.T.);
#3415 = EDGE_CURVE('',#330,#3195,#3416,.T.);
#3416 = SURFACE_CURVE('',#3417,(#3421,#3428),.PCURVE_S1.);
#3417 = LINE('',#3418,#3419);
#3418 = CARTESIAN_POINT('',(84.,211.,-299.));
#3419 = VECTOR('',#3420,1.);
#3420 = DIRECTION('',(0.,0.,1.));
#3421 = PCURVE('',#345,#3422);
#3422 = DEFINITIONAL_REPRESENTATION('',(#3423),#3427);
#3423 = LINE('',#3424,#3425);
#3424 = CARTESIAN_POINT('',(0.,-8.));
#3425 = VECTOR('',#3426,1.);
#3426 = DIRECTION('',(1.,0.));
#3427 = ( GEOMETRIC_REPRESENTATION_CONTEXT(2) 
PARAMETRIC_REPRESENTATION_CONTEXT() REPRESENTATION_CONTEXT('2D SPACE',''
  ) );
#3428 = PCURVE('',#373,#3429);
#3429 = DEFINITIONAL_REPRESENTATION('',(#3430),#3434);
#3430 = LINE('',#3431,#3432);
#3431 = CARTESIAN_POINT('',(0.,198.));
#3432 = VECTOR('',#3433,1.);
#3433 = DIRECTION('',(1.,0.));
#3434 = ( GEOMETRIC_REPRESENTATION_CONTEXT(2) 
PARAMETRIC_REPRESENTATION_CONTEXT() REPRESENTATION_CONTEXT('2D SPACE',''
  ) );
#3435 = ORIENTED_EDGE('',*,*,#3217,.F.);
#3436 = ADVANCED_FACE('',(#3437),#373,.F.);
#3437 = FACE_BOUND('',#3438,.F.);
#3438 = EDGE_LOOP('',(#3439,#3440,#3461,#3462));
#3439 = ORIENTED_EDGE('',*,*,#357,.F.);
#3440 = ORIENTED_EDGE('',*,*,#3441,.T.);
#3441 = EDGE_CURVE('',#358,#3172,#3442,.T.);
#3442 = SURFACE_CURVE('',#3443,(#3447,#3454),.PCURVE_S1.);
#3443 = LINE('',#3444,#3445);
#3444 = CARTESIAN_POINT('',(-84.,211.,-299.));
#3445 = VECTOR('',#3446,1.);
#3446 = DIRECTION('',(0.,0.,1.));
#3447 = PCURVE('',#373,#3448);
#3448 = DEFINITIONAL_REPRESENTATION('',(#3449),#3453);
#3449 = LINE('',#3450,#3451);
#3450 = CARTESIAN_POINT('',(0.,30.));
#3451 = VECTOR('',#3452,1.);
#3452 = DIRECTION('',(1.,0.));
#3453 = ( GEOMETRIC_REPRESENTATION_CONTEXT(2) 
PARAMETRIC_REPRESENTATION_CONTEXT() REPRESENTATION_CONTEXT('2D SPACE',''
  ) );
#3454 = PCURVE('',#401,#3455);
#3455 = DEFINITIONAL_REPRESENTATION('',(#3456),#3460);
#3456 = LINE('',#3457,#3458);
#3457 = CARTESIAN_POINT('',(0.,-8.));
#3458 = VECTOR('',#3459,1.);
#3459 = DIRECTION('',(1.,0.));
#3460 = ( GEOMETRIC_REPRESENTATION_CONTEXT(2) 
PARAMETRIC_REPRESENTATION_CONTEXT() REPRESENTATION_CONTEXT('2D SPACE',''
  ) );
#3461 = ORIENTED_EDGE('',*,*,#3194,.T.);
#3462 = ORIENTED_EDGE('',*,*,#3415,.F.);
#3463 = ADVANCED_FACE('',(#3464),#401,.T.);
#3464 = FACE_BOUND('',#3465,.T.);
#3465 = EDGE_LOOP('',(#3466,#3487,#3488,#3489));
#3466 = ORIENTED_EDGE('',*,*,#3467,.F.);
#3467 = EDGE_CURVE('',#386,#3149,#3468,.T.);
#3468 = SURFACE_CURVE('',#3469,(#3473,#3480),.PCURVE_S1.);
#3469 = LINE('',#3470,#3471);
#3470 = CARTESIAN_POINT('',(-84.,203.,-299.));
#3471 = VECTOR('',#3472,1.);
#3472 = DIRECTION('',(0.,0.,1.));
#3473 = PCURVE('',#401,#3474);
#3474 = DEFINITIONAL_REPRESENTATION('',(#3475),#3479);
#3475 = LINE('',#3476,#3477);
#3476 = CARTESIAN_POINT('',(0.,0.));
#3477 = VECTOR('',#3478,1.);
#3478 = DIRECTION('',(1.,0.));
#3479 = ( GEOMETRIC_REPRESENTATION_CONTEXT(2) 
PARAMETRIC_REPRESENTATION_CONTEXT() REPRESENTATION_CONTEXT('2D SPACE',''
  ) );
#3480 = PCURVE('',#429,#3481);
#3481 = DEFINITIONAL_REPRESENTATION('',(#3482),#3486);
#3482 = LINE('',#3483,#3484);
#3483 = CARTESIAN_POINT('',(0.,12.));
#3484 = VECTOR('',#3485,1.);
#3485 = DIRECTION('',(1.,0.));
#3486 = ( GEOMETRIC_REPRESENTATION_CONTEXT(2) 
PARAMETRIC_REPRESENTATION_CONTEXT() REPRESENTATION_CONTEXT('2D SPACE',''
  ) );
#3487 = ORIENTED_EDGE('',*,*,#385,.T.);
#3488 = ORIENTED_EDGE('',*,*,#3441,.T.);
#3489 = ORIENTED_EDGE('',*,*,#3171,.F.);
#3490 = ADVANCED_FACE('',(#3491),#429,.F.);
#3491 = FACE_BOUND('',#3492,.F.);
#3492 = EDGE_LOOP('',(#3493,#3494,#3515,#3516));
#3493 = ORIENTED_EDGE('',*,*,#413,.F.);
#3494 = ORIENTED_EDGE('',*,*,#3495,.T.);
#3495 = EDGE_CURVE('',#414,#3126,#3496,.T.);
#3496 = SURFACE_CURVE('',#3497,(#3501,#3508),.PCURVE_S1.);
#3497 = LINE('',#3498,#3499);
#3498 = CARTESIAN_POINT('',(-96.,203.,-299.));
#3499 = VECTOR('',#3500,1.);
#3500 = DIRECTION('',(0.,0.,1.));
#3501 = PCURVE('',#429,#3502);
#3502 = DEFINITIONAL_REPRESENTATION('',(#3503),#3507);
#3503 = LINE('',#3504,#3505);
#3504 = CARTESIAN_POINT('',(0.,0.));
#3505 = VECTOR('',#3506,1.);
#3506 = DIRECTION('',(1.,0.));
#3507 = ( GEOMETRIC_REPRESENTATION_CONTEXT(2) 
PARAMETRIC_REPRESENTATION_CONTEXT() REPRESENTATION_CONTEXT('2D SPACE',''
  ) );
#3508 = PCURVE('',#457,#3509);
#3509 = DEFINITIONAL_REPRESENTATION('',(#3510),#3514);
#3510 = LINE('',#3511,#3512);
#3511 = CARTESIAN_POINT('',(0.,0.));
#3512 = VECTOR('',#3513,1.);
#3513 = DIRECTION('',(1.,0.));
#3514 = ( GEOMETRIC_REPRESENTATION_CONTEXT(2) 
PARAMETRIC_REPRESENTATION_CONTEXT() REPRESENTATION_CONTEXT('2D SPACE',''
  ) );
#3515 = ORIENTED_EDGE('',*,*,#3148,.T.);
#3516 = ORIENTED_EDGE('',*,*,#3467,.F.);
#3517 = ADVANCED_FACE('',(#3518),#457,.F.);
#3518 = FACE_BOUND('',#3519,.F.);
#3519 = EDGE_LOOP('',(#3520,#3521,#3522,#3543));
#3520 = ORIENTED_EDGE('',*,*,#3495,.F.);
#3521 = ORIENTED_EDGE('',*,*,#441,.T.);
#3522 = ORIENTED_EDGE('',*,*,#3523,.T.);
#3523 = EDGE_CURVE('',#442,#3103,#3524,.T.);
#3524 = SURFACE_CURVE('',#3525,(#3529,#3536),.PCURVE_S1.);
#3525 = LINE('',#3526,#3527);
#3526 = CARTESIAN_POINT('',(-96.,211.,-299.));
#3527 = VECTOR('',#3528,1.);
#3528 = DIRECTION('',(0.,0.,1.));
#3529 = PCURVE('',#457,#3530);
#3530 = DEFINITIONAL_REPRESENTATION('',(#3531),#3535);
#3531 = LINE('',#3532,#3533);
#3532 = CARTESIAN_POINT('',(0.,-8.));
#3533 = VECTOR('',#3534,1.);
#3534 = DIRECTION('',(1.,0.));
#3535 = ( GEOMETRIC_REPRESENTATION_CONTEXT(2) 
PARAMETRIC_REPRESENTATION_CONTEXT() REPRESENTATION_CONTEXT('2D SPACE',''
  ) );
#3536 = PCURVE('',#485,#3537);
#3537 = DEFINITIONAL_REPRESENTATION('',(#3538),#3542);
#3538 = LINE('',#3539,#3540);
#3539 = CARTESIAN_POINT('',(0.,18.));
#3540 = VECTOR('',#3541,1.);
#3541 = DIRECTION('',(1.,0.));
#3542 = ( GEOMETRIC_REPRESENTATION_CONTEXT(2) 
PARAMETRIC_REPRESENTATION_CONTEXT() REPRESENTATION_CONTEXT('2D SPACE',''
  ) );
#3543 = ORIENTED_EDGE('',*,*,#3125,.F.);
#3544 = ADVANCED_FACE('',(#3545),#485,.F.);
#3545 = FACE_BOUND('',#3546,.F.);
#3546 = EDGE_LOOP('',(#3547,#3548,#3569,#3570));
#3547 = ORIENTED_EDGE('',*,*,#469,.F.);
#3548 = ORIENTED_EDGE('',*,*,#3549,.T.);
#3549 = EDGE_CURVE('',#470,#3078,#3550,.T.);
#3550 = SURFACE_CURVE('',#3551,(#3555,#3562),.PCURVE_S1.);
#3551 = LINE('',#3552,#3553);
#3552 = CARTESIAN_POINT('',(-114.,211.,-299.));
#3553 = VECTOR('',#3554,1.);
#3554 = DIRECTION('',(0.,0.,1.));
#3555 = PCURVE('',#485,#3556);
#3556 = DEFINITIONAL_REPRESENTATION('',(#3557),#3561);
#3557 = LINE('',#3558,#3559);
#3558 = CARTESIAN_POINT('',(0.,0.));
#3559 = VECTOR('',#3560,1.);
#3560 = DIRECTION('',(1.,0.));
#3561 = ( GEOMETRIC_REPRESENTATION_CONTEXT(2) 
PARAMETRIC_REPRESENTATION_CONTEXT() REPRESENTATION_CONTEXT('2D SPACE',''
  ) );
#3562 = PCURVE('',#513,#3563);
#3563 = DEFINITIONAL_REPRESENTATION('',(#3564),#3568);
#3564 = LINE('',#3565,#3566);
#3565 = CARTESIAN_POINT('',(0.,0.));
#3566 = VECTOR('',#3567,1.);
#3567 = DIRECTION('',(1.,0.));
#3568 = ( GEOMETRIC_REPRESENTATION_CONTEXT(2) 
PARAMETRIC_REPRESENTATION_CONTEXT() REPRESENTATION_CONTEXT('2D SPACE',''
  ) );
#3569 = ORIENTED_EDGE('',*,*,#3102,.T.);
#3570 = ORIENTED_EDGE('',*,*,#3523,.F.);
#3571 = ADVANCED_FACE('',(#3572),#513,.F.);
#3572 = FACE_BOUND('',#3573,.F.);
#3573 = EDGE_LOOP('',(#3574,#3575,#3576,#3597));
#3574 = ORIENTED_EDGE('',*,*,#3549,.F.);
#3575 = ORIENTED_EDGE('',*,*,#497,.T.);
#3576 = ORIENTED_EDGE('',*,*,#3577,.T.);
#3577 = EDGE_CURVE('',#498,#3080,#3578,.T.);
#3578 = SURFACE_CURVE('',#3579,(#3583,#3590),.PCURVE_S1.);
#3579 = LINE('',#3580,#3581);
#3580 = CARTESIAN_POINT('',(-114.,215.,-299.));
#3581 = VECTOR('',#3582,1.);
#3582 = DIRECTION('',(0.,0.,1.));
#3583 = PCURVE('',#513,#3584);
#3584 = DEFINITIONAL_REPRESENTATION('',(#3585),#3589);
#3585 = LINE('',#3586,#3587);
#3586 = CARTESIAN_POINT('',(0.,-4.));
#3587 = VECTOR('',#3588,1.);
#3588 = DIRECTION('',(1.,0.));
#3589 = ( GEOMETRIC_REPRESENTATION_CONTEXT(2) 
PARAMETRIC_REPRESENTATION_CONTEXT() REPRESENTATION_CONTEXT('2D SPACE',''
  ) );
#3590 = PCURVE('',#100,#3591);
#3591 = DEFINITIONAL_REPRESENTATION('',(#3592),#3596);
#3592 = LINE('',#3593,#3594);
#3593 = CARTESIAN_POINT('',(3.,2.));
#3594 = VECTOR('',#3595,1.);
#3595 = DIRECTION('',(1.,0.));
#3596 = ( GEOMETRIC_REPRESENTATION_CONTEXT(2) 
PARAMETRIC_REPRESENTATION_CONTEXT() REPRESENTATION_CONTEXT('2D SPACE',''
  ) );
#3597 = ORIENTED_EDGE('',*,*,#3077,.F.);
#3598 = ADVANCED_FACE('',(#3599),#586,.F.);
#3599 = FACE_BOUND('',#3600,.F.);
#3600 = EDGE_LOOP('',(#3601,#3624,#3625,#3648,#3671));
#3601 = ORIENTED_EDGE('',*,*,#3602,.F.);
#3602 = EDGE_CURVE('',#548,#3603,#3605,.T.);
#3603 = VERTEX_POINT('',#3604);
#3604 = CARTESIAN_POINT('',(-104.,0.,-277.));
#3605 = SURFACE_CURVE('',#3606,(#3610,#3617),.PCURVE_S1.);
#3606 = LINE('',#3607,#3608);
#3607 = CARTESIAN_POINT('',(-104.,0.,-299.));
#3608 = VECTOR('',#3609,1.);
#3609 = DIRECTION('',(0.,0.,1.));
#3610 = PCURVE('',#586,#3611);
#3611 = DEFINITIONAL_REPRESENTATION('',(#3612),#3616);
#3612 = LINE('',#3613,#3614);
#3613 = CARTESIAN_POINT('',(0.,0.));
#3614 = VECTOR('',#3615,1.);
#3615 = DIRECTION('',(1.,0.));
#3616 = ( GEOMETRIC_REPRESENTATION_CONTEXT(2) 
PARAMETRIC_REPRESENTATION_CONTEXT() REPRESENTATION_CONTEXT('2D SPACE',''
  ) );
#3617 = PCURVE('',#44,#3618);
#3618 = DEFINITIONAL_REPRESENTATION('',(#3619),#3623);
#3619 = LINE('',#3620,#3621);
#3620 = CARTESIAN_POINT('',(3.,12.));
#3621 = VECTOR('',#3622,1.);
#3622 = DIRECTION('',(1.,0.));
#3623 = ( GEOMETRIC_REPRESENTATION_CONTEXT(2) 
PARAMETRIC_REPRESENTATION_CONTEXT() REPRESENTATION_CONTEXT('2D SPACE',''
  ) );
#3624 = ORIENTED_EDGE('',*,*,#570,.T.);
#3625 = ORIENTED_EDGE('',*,*,#3626,.F.);
#3626 = EDGE_CURVE('',#3627,#571,#3629,.T.);
#3627 = VERTEX_POINT('',#3628);
#3628 = CARTESIAN_POINT('',(-104.,4.,-283.));
#3629 = SURFACE_CURVE('',#3630,(#3634,#3641),.PCURVE_S1.);
#3630 = LINE('',#3631,#3632);
#3631 = CARTESIAN_POINT('',(-104.,4.,-283.));
#3632 = VECTOR('',#3633,1.);
#3633 = DIRECTION('',(0.,0.747409318684,-0.66436383883));
#3634 = PCURVE('',#586,#3635);
#3635 = DEFINITIONAL_REPRESENTATION('',(#3636),#3640);
#3636 = LINE('',#3637,#3638);
#3637 = CARTESIAN_POINT('',(16.,-4.));
#3638 = VECTOR('',#3639,1.);
#3639 = DIRECTION('',(-0.66436383883,-0.747409318684));
#3640 = ( GEOMETRIC_REPRESENTATION_CONTEXT(2) 
PARAMETRIC_REPRESENTATION_CONTEXT() REPRESENTATION_CONTEXT('2D SPACE',''
  ) );
#3641 = PCURVE('',#614,#3642);
#3642 = DEFINITIONAL_REPRESENTATION('',(#3643),#3647);
#3643 = LINE('',#3644,#3645);
#3644 = CARTESIAN_POINT('',(0.,0.));
#3645 = VECTOR('',#3646,1.);
#3646 = DIRECTION('',(1.,0.));
#3647 = ( GEOMETRIC_REPRESENTATION_CONTEXT(2) 
PARAMETRIC_REPRESENTATION_CONTEXT() REPRESENTATION_CONTEXT('2D SPACE',''
  ) );
#3648 = ORIENTED_EDGE('',*,*,#3649,.T.);
#3649 = EDGE_CURVE('',#3627,#3650,#3652,.T.);
#3650 = VERTEX_POINT('',#3651);
#3651 = CARTESIAN_POINT('',(-104.,4.,-277.));
#3652 = SURFACE_CURVE('',#3653,(#3657,#3664),.PCURVE_S1.);
#3653 = LINE('',#3654,#3655);
#3654 = CARTESIAN_POINT('',(-104.,4.,-299.));
#3655 = VECTOR('',#3656,1.);
#3656 = DIRECTION('',(0.,0.,1.));
#3657 = PCURVE('',#586,#3658);
#3658 = DEFINITIONAL_REPRESENTATION('',(#3659),#3663);
#3659 = LINE('',#3660,#3661);
#3660 = CARTESIAN_POINT('',(0.,-4.));
#3661 = VECTOR('',#3662,1.);
#3662 = DIRECTION('',(1.,0.));
#3663 = ( GEOMETRIC_REPRESENTATION_CONTEXT(2) 
PARAMETRIC_REPRESENTATION_CONTEXT() REPRESENTATION_CONTEXT('2D SPACE',''
  ) );
#3664 = PCURVE('',#670,#3665);
#3665 = DEFINITIONAL_REPRESENTATION('',(#3666),#3670);
#3666 = LINE('',#3667,#3668);
#3667 = CARTESIAN_POINT('',(0.,0.));
#3668 = VECTOR('',#3669,1.);
#3669 = DIRECTION('',(1.,0.));
#3670 = ( GEOMETRIC_REPRESENTATION_CONTEXT(2) 
PARAMETRIC_REPRESENTATION_CONTEXT() REPRESENTATION_CONTEXT('2D SPACE',''
  ) );
#3671 = ORIENTED_EDGE('',*,*,#3672,.F.);
#3672 = EDGE_CURVE('',#3603,#3650,#3673,.T.);
#3673 = SURFACE_CURVE('',#3674,(#3678,#3685),.PCURVE_S1.);
#3674 = LINE('',#3675,#3676);
#3675 = CARTESIAN_POINT('',(-104.,0.,-277.));
#3676 = VECTOR('',#3677,1.);
#3677 = DIRECTION('',(-0.,1.,0.));
#3678 = PCURVE('',#586,#3679);
#3679 = DEFINITIONAL_REPRESENTATION('',(#3680),#3684);
#3680 = LINE('',#3681,#3682);
#3681 = CARTESIAN_POINT('',(22.,0.));
#3682 = VECTOR('',#3683,1.);
#3683 = DIRECTION('',(0.,-1.));
#3684 = ( GEOMETRIC_REPRESENTATION_CONTEXT(2) 
PARAMETRIC_REPRESENTATION_CONTEXT() REPRESENTATION_CONTEXT('2D SPACE',''
  ) );
#3685 = PCURVE('',#3686,#3691);
#3686 = PLANE('',#3687);
#3687 = AXIS2_PLACEMENT_3D('',#3688,#3689,#3690);
#3688 = CARTESIAN_POINT('',(-104.,0.,-277.));
#3689 = DIRECTION('',(0.,0.,1.));
#3690 = DIRECTION('',(1.,0.,-0.));
#3691 = DEFINITIONAL_REPRESENTATION('',(#3692),#3696);
#3692 = LINE('',#3693,#3694);
#3693 = CARTESIAN_POINT('',(0.,0.));
#3694 = VECTOR('',#3695,1.);
#3695 = DIRECTION('',(0.,1.));
#3696 = ( GEOMETRIC_REPRESENTATION_CONTEXT(2) 
PARAMETRIC_REPRESENTATION_CONTEXT() REPRESENTATION_CONTEXT('2D SPACE',''
  ) );
#3697 = ADVANCED_FACE('',(#3698),#3686,.T.);
#3698 = FACE_BOUND('',#3699,.T.);
#3699 = EDGE_LOOP('',(#3700,#3701,#3724,#3747));
#3700 = ORIENTED_EDGE('',*,*,#3672,.F.);
#3701 = ORIENTED_EDGE('',*,*,#3702,.T.);
#3702 = EDGE_CURVE('',#3603,#3703,#3705,.T.);
#3703 = VERTEX_POINT('',#3704);
#3704 = CARTESIAN_POINT('',(-72.,0.,-277.));
#3705 = SURFACE_CURVE('',#3706,(#3710,#3717),.PCURVE_S1.);
#3706 = LINE('',#3707,#3708);
#3707 = CARTESIAN_POINT('',(-104.,0.,-277.));
#3708 = VECTOR('',#3709,1.);
#3709 = DIRECTION('',(1.,0.,-0.));
#3710 = PCURVE('',#3686,#3711);
#3711 = DEFINITIONAL_REPRESENTATION('',(#3712),#3716);
#3712 = LINE('',#3713,#3714);
#3713 = CARTESIAN_POINT('',(0.,0.));
#3714 = VECTOR('',#3715,1.);
#3715 = DIRECTION('',(1.,0.));
#3716 = ( GEOMETRIC_REPRESENTATION_CONTEXT(2) 
PARAMETRIC_REPRESENTATION_CONTEXT() REPRESENTATION_CONTEXT('2D SPACE',''
  ) );
#3717 = PCURVE('',#44,#3718);
#3718 = DEFINITIONAL_REPRESENTATION('',(#3719),#3723);
#3719 = LINE('',#3720,#3721);
#3720 = CARTESIAN_POINT('',(25.,12.));
#3721 = VECTOR('',#3722,1.);
#3722 = DIRECTION('',(0.,1.));
#3723 = ( GEOMETRIC_REPRESENTATION_CONTEXT(2) 
PARAMETRIC_REPRESENTATION_CONTEXT() REPRESENTATION_CONTEXT('2D SPACE',''
  ) );
#3724 = ORIENTED_EDGE('',*,*,#3725,.T.);
#3725 = EDGE_CURVE('',#3703,#3726,#3728,.T.);
#3726 = VERTEX_POINT('',#3727);
#3727 = CARTESIAN_POINT('',(-72.,4.,-277.));
#3728 = SURFACE_CURVE('',#3729,(#3733,#3740),.PCURVE_S1.);
#3729 = LINE('',#3730,#3731);
#3730 = CARTESIAN_POINT('',(-72.,0.,-277.));
#3731 = VECTOR('',#3732,1.);
#3732 = DIRECTION('',(-0.,1.,0.));
#3733 = PCURVE('',#3686,#3734);
#3734 = DEFINITIONAL_REPRESENTATION('',(#3735),#3739);
#3735 = LINE('',#3736,#3737);
#3736 = CARTESIAN_POINT('',(32.,0.));
#3737 = VECTOR('',#3738,1.);
#3738 = DIRECTION('',(0.,1.));
#3739 = ( GEOMETRIC_REPRESENTATION_CONTEXT(2) 
PARAMETRIC_REPRESENTATION_CONTEXT() REPRESENTATION_CONTEXT('2D SPACE',''
  ) );
#3740 = PCURVE('',#754,#3741);
#3741 = DEFINITIONAL_REPRESENTATION('',(#3742),#3746);
#3742 = LINE('',#3743,#3744);
#3743 = CARTESIAN_POINT('',(22.,0.));
#3744 = VECTOR('',#3745,1.);
#3745 = DIRECTION('',(0.,-1.));
#3746 = ( GEOMETRIC_REPRESENTATION_CONTEXT(2) 
PARAMETRIC_REPRESENTATION_CONTEXT() REPRESENTATION_CONTEXT('2D SPACE',''
  ) );
#3747 = ORIENTED_EDGE('',*,*,#3748,.F.);
#3748 = EDGE_CURVE('',#3650,#3726,#3749,.T.);
#3749 = SURFACE_CURVE('',#3750,(#3754,#3761),.PCURVE_S1.);
#3750 = LINE('',#3751,#3752);
#3751 = CARTESIAN_POINT('',(-104.,4.,-277.));
#3752 = VECTOR('',#3753,1.);
#3753 = DIRECTION('',(1.,0.,-0.));
#3754 = PCURVE('',#3686,#3755);
#3755 = DEFINITIONAL_REPRESENTATION('',(#3756),#3760);
#3756 = LINE('',#3757,#3758);
#3757 = CARTESIAN_POINT('',(0.,4.));
#3758 = VECTOR('',#3759,1.);
#3759 = DIRECTION('',(1.,0.));
#3760 = ( GEOMETRIC_REPRESENTATION_CONTEXT(2) 
PARAMETRIC_REPRESENTATION_CONTEXT() REPRESENTATION_CONTEXT('2D SPACE',''
  ) );
#3761 = PCURVE('',#670,#3762);
#3762 = DEFINITIONAL_REPRESENTATION('',(#3763),#3767);
#3763 = LINE('',#3764,#3765);
#3764 = CARTESIAN_POINT('',(22.,0.));
#3765 = VECTOR('',#3766,1.);
#3766 = DIRECTION('',(0.,1.));
#3767 = ( GEOMETRIC_REPRESENTATION_CONTEXT(2) 
PARAMETRIC_REPRESENTATION_CONTEXT() REPRESENTATION_CONTEXT('2D SPACE',''
  ) );
#3768 = ADVANCED_FACE('',(#3769),#614,.T.);
#3769 = FACE_BOUND('',#3770,.T.);
#3770 = EDGE_LOOP('',(#3771,#3794,#3815,#3816));
#3771 = ORIENTED_EDGE('',*,*,#3772,.T.);
#3772 = EDGE_CURVE('',#3627,#3773,#3775,.T.);
#3773 = VERTEX_POINT('',#3774);
#3774 = CARTESIAN_POINT('',(-100.,4.,-283.));
#3775 = SURFACE_CURVE('',#3776,(#3780,#3787),.PCURVE_S1.);
#3776 = LINE('',#3777,#3778);
#3777 = CARTESIAN_POINT('',(-104.,4.,-283.));
#3778 = VECTOR('',#3779,1.);
#3779 = DIRECTION('',(1.,0.,0.));
#3780 = PCURVE('',#614,#3781);
#3781 = DEFINITIONAL_REPRESENTATION('',(#3782),#3786);
#3782 = LINE('',#3783,#3784);
#3783 = CARTESIAN_POINT('',(0.,0.));
#3784 = VECTOR('',#3785,1.);
#3785 = DIRECTION('',(0.,-1.));
#3786 = ( GEOMETRIC_REPRESENTATION_CONTEXT(2) 
PARAMETRIC_REPRESENTATION_CONTEXT() REPRESENTATION_CONTEXT('2D SPACE',''
  ) );
#3787 = PCURVE('',#670,#3788);
#3788 = DEFINITIONAL_REPRESENTATION('',(#3789),#3793);
#3789 = LINE('',#3790,#3791);
#3790 = CARTESIAN_POINT('',(16.,0.));
#3791 = VECTOR('',#3792,1.);
#3792 = DIRECTION('',(0.,1.));
#3793 = ( GEOMETRIC_REPRESENTATION_CONTEXT(2) 
PARAMETRIC_REPRESENTATION_CONTEXT() REPRESENTATION_CONTEXT('2D SPACE',''
  ) );
#3794 = ORIENTED_EDGE('',*,*,#3795,.T.);
#3795 = EDGE_CURVE('',#3773,#599,#3796,.T.);
#3796 = SURFACE_CURVE('',#3797,(#3801,#3808),.PCURVE_S1.);
#3797 = LINE('',#3798,#3799);
#3798 = CARTESIAN_POINT('',(-100.,4.,-283.));
#3799 = VECTOR('',#3800,1.);
#3800 = DIRECTION('',(0.,0.747409318684,-0.66436383883));
#3801 = PCURVE('',#614,#3802);
#3802 = DEFINITIONAL_REPRESENTATION('',(#3803),#3807);
#3803 = LINE('',#3804,#3805);
#3804 = CARTESIAN_POINT('',(0.,-4.));
#3805 = VECTOR('',#3806,1.);
#3806 = DIRECTION('',(1.,0.));
#3807 = ( GEOMETRIC_REPRESENTATION_CONTEXT(2) 
PARAMETRIC_REPRESENTATION_CONTEXT() REPRESENTATION_CONTEXT('2D SPACE',''
  ) );
#3808 = PCURVE('',#642,#3809);
#3809 = DEFINITIONAL_REPRESENTATION('',(#3810),#3814);
#3810 = LINE('',#3811,#3812);
#3811 = CARTESIAN_POINT('',(6.520797289396,10.4792027106));
#3812 = VECTOR('',#3813,1.);
#3813 = DIRECTION('',(-0.747409318684,-0.66436383883));
#3814 = ( GEOMETRIC_REPRESENTATION_CONTEXT(2) 
PARAMETRIC_REPRESENTATION_CONTEXT() REPRESENTATION_CONTEXT('2D SPACE',''
  ) );
#3815 = ORIENTED_EDGE('',*,*,#598,.F.);
#3816 = ORIENTED_EDGE('',*,*,#3626,.F.);
#3817 = ADVANCED_FACE('',(#3818),#642,.F.);
#3818 = FACE_BOUND('',#3819,.F.);
#3819 = EDGE_LOOP('',(#3820,#3841,#3842));
#3820 = ORIENTED_EDGE('',*,*,#3821,.T.);
#3821 = EDGE_CURVE('',#627,#3773,#3822,.T.);
#3822 = SURFACE_CURVE('',#3823,(#3827,#3834),.PCURVE_S1.);
#3823 = LINE('',#3824,#3825);
#3824 = CARTESIAN_POINT('',(-100.,4.,-299.));
#3825 = VECTOR('',#3826,1.);
#3826 = DIRECTION('',(0.,0.,1.));
#3827 = PCURVE('',#642,#3828);
#3828 = DEFINITIONAL_REPRESENTATION('',(#3829),#3833);
#3829 = LINE('',#3830,#3831);
#3830 = CARTESIAN_POINT('',(6.520797289396,-5.5207972894));
#3831 = VECTOR('',#3832,1.);
#3832 = DIRECTION('',(0.,1.));
#3833 = ( GEOMETRIC_REPRESENTATION_CONTEXT(2) 
PARAMETRIC_REPRESENTATION_CONTEXT() REPRESENTATION_CONTEXT('2D SPACE',''
  ) );
#3834 = PCURVE('',#670,#3835);
#3835 = DEFINITIONAL_REPRESENTATION('',(#3836),#3840);
#3836 = LINE('',#3837,#3838);
#3837 = CARTESIAN_POINT('',(0.,4.));
#3838 = VECTOR('',#3839,1.);
#3839 = DIRECTION('',(1.,0.));
#3840 = ( GEOMETRIC_REPRESENTATION_CONTEXT(2) 
PARAMETRIC_REPRESENTATION_CONTEXT() REPRESENTATION_CONTEXT('2D SPACE',''
  ) );
#3841 = ORIENTED_EDGE('',*,*,#3795,.T.);
#3842 = ORIENTED_EDGE('',*,*,#626,.T.);
#3843 = ADVANCED_FACE('',(#3844,#3918,#3949),#670,.T.);
#3844 = FACE_BOUND('',#3845,.T.);
#3845 = EDGE_LOOP('',(#3846,#3847,#3848,#3849,#3850,#3851,#3874,#3897));
#3846 = ORIENTED_EDGE('',*,*,#654,.F.);
#3847 = ORIENTED_EDGE('',*,*,#3821,.T.);
#3848 = ORIENTED_EDGE('',*,*,#3772,.F.);
#3849 = ORIENTED_EDGE('',*,*,#3649,.T.);
#3850 = ORIENTED_EDGE('',*,*,#3748,.T.);
#3851 = ORIENTED_EDGE('',*,*,#3852,.F.);
#3852 = EDGE_CURVE('',#3853,#3726,#3855,.T.);
#3853 = VERTEX_POINT('',#3854);
#3854 = CARTESIAN_POINT('',(-72.,4.,-283.));
#3855 = SURFACE_CURVE('',#3856,(#3860,#3867),.PCURVE_S1.);
#3856 = LINE('',#3857,#3858);
#3857 = CARTESIAN_POINT('',(-72.,4.,-299.));
#3858 = VECTOR('',#3859,1.);
#3859 = DIRECTION('',(0.,0.,1.));
#3860 = PCURVE('',#670,#3861);
#3861 = DEFINITIONAL_REPRESENTATION('',(#3862),#3866);
#3862 = LINE('',#3863,#3864);
#3863 = CARTESIAN_POINT('',(0.,32.));
#3864 = VECTOR('',#3865,1.);
#3865 = DIRECTION('',(1.,0.));
#3866 = ( GEOMETRIC_REPRESENTATION_CONTEXT(2) 
PARAMETRIC_REPRESENTATION_CONTEXT() REPRESENTATION_CONTEXT('2D SPACE',''
  ) );
#3867 = PCURVE('',#754,#3868);
#3868 = DEFINITIONAL_REPRESENTATION('',(#3869),#3873);
#3869 = LINE('',#3870,#3871);
#3870 = CARTESIAN_POINT('',(0.,-4.));
#3871 = VECTOR('',#3872,1.);
#3872 = DIRECTION('',(1.,0.));
#3873 = ( GEOMETRIC_REPRESENTATION_CONTEXT(2) 
PARAMETRIC_REPRESENTATION_CONTEXT() REPRESENTATION_CONTEXT('2D SPACE',''
  ) );
#3874 = ORIENTED_EDGE('',*,*,#3875,.F.);
#3875 = EDGE_CURVE('',#3876,#3853,#3878,.T.);
#3876 = VERTEX_POINT('',#3877);
#3877 = CARTESIAN_POINT('',(-76.,4.,-283.));
#3878 = SURFACE_CURVE('',#3879,(#3883,#3890),.PCURVE_S1.);
#3879 = LINE('',#3880,#3881);
#3880 = CARTESIAN_POINT('',(-76.,4.,-283.));
#3881 = VECTOR('',#3882,1.);
#3882 = DIRECTION('',(1.,0.,0.));
#3883 = PCURVE('',#670,#3884);
#3884 = DEFINITIONAL_REPRESENTATION('',(#3885),#3889);
#3885 = LINE('',#3886,#3887);
#3886 = CARTESIAN_POINT('',(16.,28.));
#3887 = VECTOR('',#3888,1.);
#3888 = DIRECTION('',(0.,1.));
#3889 = ( GEOMETRIC_REPRESENTATION_CONTEXT(2) 
PARAMETRIC_REPRESENTATION_CONTEXT() REPRESENTATION_CONTEXT('2D SPACE',''
  ) );
#3890 = PCURVE('',#726,#3891);
#3891 = DEFINITIONAL_REPRESENTATION('',(#3892),#3896);
#3892 = LINE('',#3893,#3894);
#3893 = CARTESIAN_POINT('',(0.,0.));
#3894 = VECTOR('',#3895,1.);
#3895 = DIRECTION('',(0.,-1.));
#3896 = ( GEOMETRIC_REPRESENTATION_CONTEXT(2) 
PARAMETRIC_REPRESENTATION_CONTEXT() REPRESENTATION_CONTEXT('2D SPACE',''
  ) );
#3897 = ORIENTED_EDGE('',*,*,#3898,.F.);
#3898 = EDGE_CURVE('',#655,#3876,#3899,.T.);
#3899 = SURFACE_CURVE('',#3900,(#3904,#3911),.PCURVE_S1.);
#3900 = LINE('',#3901,#3902);
#3901 = CARTESIAN_POINT('',(-76.,4.,-299.));
#3902 = VECTOR('',#3903,1.);
#3903 = DIRECTION('',(0.,0.,1.));
#3904 = PCURVE('',#670,#3905);
#3905 = DEFINITIONAL_REPRESENTATION('',(#3906),#3910);
#3906 = LINE('',#3907,#3908);
#3907 = CARTESIAN_POINT('',(0.,28.));
#3908 = VECTOR('',#3909,1.);
#3909 = DIRECTION('',(1.,0.));
#3910 = ( GEOMETRIC_REPRESENTATION_CONTEXT(2) 
PARAMETRIC_REPRESENTATION_CONTEXT() REPRESENTATION_CONTEXT('2D SPACE',''
  ) );
#3911 = PCURVE('',#698,#3912);
#3912 = DEFINITIONAL_REPRESENTATION('',(#3913),#3917);
#3913 = LINE('',#3914,#3915);
#3914 = CARTESIAN_POINT('',(12.,-5.));
#3915 = VECTOR('',#3916,1.);
#3916 = DIRECTION('',(0.,1.));
#3917 = ( GEOMETRIC_REPRESENTATION_CONTEXT(2) 
PARAMETRIC_REPRESENTATION_CONTEXT() REPRESENTATION_CONTEXT('2D SPACE',''
  ) );
#3918 = FACE_BOUND('',#3919,.T.);
#3919 = EDGE_LOOP('',(#3920));
#3920 = ORIENTED_EDGE('',*,*,#3921,.F.);
#3921 = EDGE_CURVE('',#3922,#3922,#3924,.T.);
#3922 = VERTEX_POINT('',#3923);
#3923 = CARTESIAN_POINT('',(-93.3,4.,-282.));
#3924 = SURFACE_CURVE('',#3925,(#3930,#3937),.PCURVE_S1.);
#3925 = CIRCLE('',#3926,1.7);
#3926 = AXIS2_PLACEMENT_3D('',#3927,#3928,#3929);
#3927 = CARTESIAN_POINT('',(-95.,4.,-282.));
#3928 = DIRECTION('',(-0.,1.,0.));
#3929 = DIRECTION('',(1.,0.,0.));
#3930 = PCURVE('',#670,#3931);
#3931 = DEFINITIONAL_REPRESENTATION('',(#3932),#3936);
#3932 = CIRCLE('',#3933,1.7);
#3933 = AXIS2_PLACEMENT_2D('',#3934,#3935);
#3934 = CARTESIAN_POINT('',(17.,9.));
#3935 = DIRECTION('',(0.,1.));
#3936 = ( GEOMETRIC_REPRESENTATION_CONTEXT(2) 
PARAMETRIC_REPRESENTATION_CONTEXT() REPRESENTATION_CONTEXT('2D SPACE',''
  ) );
#3937 = PCURVE('',#3938,#3943);
#3938 = CYLINDRICAL_SURFACE('',#3939,1.7);
#3939 = AXIS2_PLACEMENT_3D('',#3940,#3941,#3942);
#3940 = CARTESIAN_POINT('',(-95.,-1.,-282.));
#3941 = DIRECTION('',(0.,1.,0.));
#3942 = DIRECTION('',(1.,0.,0.));
#3943 = DEFINITIONAL_REPRESENTATION('',(#3944),#3948);
#3944 = LINE('',#3945,#3946);
#3945 = CARTESIAN_POINT('',(0.,5.));
#3946 = VECTOR('',#3947,1.);
#3947 = DIRECTION('',(1.,0.));
#3948 = ( GEOMETRIC_REPRESENTATION_CONTEXT(2) 
PARAMETRIC_REPRESENTATION_CONTEXT() REPRESENTATION_CONTEXT('2D SPACE',''
  ) );
#3949 = FACE_BOUND('',#3950,.T.);
#3950 = EDGE_LOOP('',(#3951));
#3951 = ORIENTED_EDGE('',*,*,#3952,.F.);
#3952 = EDGE_CURVE('',#3953,#3953,#3955,.T.);
#3953 = VERTEX_POINT('',#3954);
#3954 = CARTESIAN_POINT('',(-79.3,4.,-282.));
#3955 = SURFACE_CURVE('',#3956,(#3961,#3968),.PCURVE_S1.);
#3956 = CIRCLE('',#3957,1.7);
#3957 = AXIS2_PLACEMENT_3D('',#3958,#3959,#3960);
#3958 = CARTESIAN_POINT('',(-81.,4.,-282.));
#3959 = DIRECTION('',(-0.,1.,0.));
#3960 = DIRECTION('',(1.,0.,0.));
#3961 = PCURVE('',#670,#3962);
#3962 = DEFINITIONAL_REPRESENTATION('',(#3963),#3967);
#3963 = CIRCLE('',#3964,1.7);
#3964 = AXIS2_PLACEMENT_2D('',#3965,#3966);
#3965 = CARTESIAN_POINT('',(17.,23.));
#3966 = DIRECTION('',(0.,1.));
#3967 = ( GEOMETRIC_REPRESENTATION_CONTEXT(2) 
PARAMETRIC_REPRESENTATION_CONTEXT() REPRESENTATION_CONTEXT('2D SPACE',''
  ) );
#3968 = PCURVE('',#3969,#3974);
#3969 = CYLINDRICAL_SURFACE('',#3970,1.7);
#3970 = AXIS2_PLACEMENT_3D('',#3971,#3972,#3973);
#3971 = CARTESIAN_POINT('',(-81.,-1.,-282.));
#3972 = DIRECTION('',(0.,1.,0.));
#3973 = DIRECTION('',(1.,0.,0.));
#3974 = DEFINITIONAL_REPRESENTATION('',(#3975),#3979);
#3975 = LINE('',#3976,#3977);
#3976 = CARTESIAN_POINT('',(0.,5.));
#3977 = VECTOR('',#3978,1.);
#3978 = DIRECTION('',(1.,0.));
#3979 = ( GEOMETRIC_REPRESENTATION_CONTEXT(2) 
PARAMETRIC_REPRESENTATION_CONTEXT() REPRESENTATION_CONTEXT('2D SPACE',''
  ) );
#3980 = ADVANCED_FACE('',(#3981),#3969,.F.);
#3981 = FACE_BOUND('',#3982,.F.);
#3982 = EDGE_LOOP('',(#3983,#3984,#4007,#4029));
#3983 = ORIENTED_EDGE('',*,*,#3952,.F.);
#3984 = ORIENTED_EDGE('',*,*,#3985,.F.);
#3985 = EDGE_CURVE('',#3986,#3953,#3988,.T.);
#3986 = VERTEX_POINT('',#3987);
#3987 = CARTESIAN_POINT('',(-79.3,0.,-282.));
#3988 = SEAM_CURVE('',#3989,(#3993,#4000),.PCURVE_S1.);
#3989 = LINE('',#3990,#3991);
#3990 = CARTESIAN_POINT('',(-79.3,-1.,-282.));
#3991 = VECTOR('',#3992,1.);
#3992 = DIRECTION('',(0.,1.,0.));
#3993 = PCURVE('',#3969,#3994);
#3994 = DEFINITIONAL_REPRESENTATION('',(#3995),#3999);
#3995 = LINE('',#3996,#3997);
#3996 = CARTESIAN_POINT('',(0.,-0.));
#3997 = VECTOR('',#3998,1.);
#3998 = DIRECTION('',(0.,1.));
#3999 = ( GEOMETRIC_REPRESENTATION_CONTEXT(2) 
PARAMETRIC_REPRESENTATION_CONTEXT() REPRESENTATION_CONTEXT('2D SPACE',''
  ) );
#4000 = PCURVE('',#3969,#4001);
#4001 = DEFINITIONAL_REPRESENTATION('',(#4002),#4006);
#4002 = LINE('',#4003,#4004);
#4003 = CARTESIAN_POINT('',(6.28318530718,-0.));
#4004 = VECTOR('',#4005,1.);
#4005 = DIRECTION('',(0.,1.));
#4006 = ( GEOMETRIC_REPRESENTATION_CONTEXT(2) 
PARAMETRIC_REPRESENTATION_CONTEXT() REPRESENTATION_CONTEXT('2D SPACE',''
  ) );
#4007 = ORIENTED_EDGE('',*,*,#4008,.T.);
#4008 = EDGE_CURVE('',#3986,#3986,#4009,.T.);
#4009 = SURFACE_CURVE('',#4010,(#4015,#4022),.PCURVE_S1.);
#4010 = CIRCLE('',#4011,1.7);
#4011 = AXIS2_PLACEMENT_3D('',#4012,#4013,#4014);
#4012 = CARTESIAN_POINT('',(-81.,0.,-282.));
#4013 = DIRECTION('',(-0.,1.,0.));
#4014 = DIRECTION('',(1.,0.,0.));
#4015 = PCURVE('',#3969,#4016);
#4016 = DEFINITIONAL_REPRESENTATION('',(#4017),#4021);
#4017 = LINE('',#4018,#4019);
#4018 = CARTESIAN_POINT('',(0.,1.));
#4019 = VECTOR('',#4020,1.);
#4020 = DIRECTION('',(1.,0.));
#4021 = ( GEOMETRIC_REPRESENTATION_CONTEXT(2) 
PARAMETRIC_REPRESENTATION_CONTEXT() REPRESENTATION_CONTEXT('2D SPACE',''
  ) );
#4022 = PCURVE('',#44,#4023);
#4023 = DEFINITIONAL_REPRESENTATION('',(#4024),#4028);
#4024 = CIRCLE('',#4025,1.7);
#4025 = AXIS2_PLACEMENT_2D('',#4026,#4027);
#4026 = CARTESIAN_POINT('',(20.,35.));
#4027 = DIRECTION('',(0.,1.));
#4028 = ( GEOMETRIC_REPRESENTATION_CONTEXT(2) 
PARAMETRIC_REPRESENTATION_CONTEXT() REPRESENTATION_CONTEXT('2D SPACE',''
  ) );
#4029 = ORIENTED_EDGE('',*,*,#3985,.T.);
#4030 = ADVANCED_FACE('',(#4031),#3938,.F.);
#4031 = FACE_BOUND('',#4032,.F.);
#4032 = EDGE_LOOP('',(#4033,#4034,#4057,#4079));
#4033 = ORIENTED_EDGE('',*,*,#3921,.F.);
#4034 = ORIENTED_EDGE('',*,*,#4035,.F.);
#4035 = EDGE_CURVE('',#4036,#3922,#4038,.T.);
#4036 = VERTEX_POINT('',#4037);
#4037 = CARTESIAN_POINT('',(-93.3,0.,-282.));
#4038 = SEAM_CURVE('',#4039,(#4043,#4050),.PCURVE_S1.);
#4039 = LINE('',#4040,#4041);
#4040 = CARTESIAN_POINT('',(-93.3,-1.,-282.));
#4041 = VECTOR('',#4042,1.);
#4042 = DIRECTION('',(0.,1.,0.));
#4043 = PCURVE('',#3938,#4044);
#4044 = DEFINITIONAL_REPRESENTATION('',(#4045),#4049);
#4045 = LINE('',#4046,#4047);
#4046 = CARTESIAN_POINT('',(0.,-0.));
#4047 = VECTOR('',#4048,1.);
#4048 = DIRECTION('',(0.,1.));
#4049 = ( GEOMETRIC_REPRESENTATION_CONTEXT(2) 
PARAMETRIC_REPRESENTATION_CONTEXT() REPRESENTATION_CONTEXT('2D SPACE',''
  ) );
#4050 = PCURVE('',#3938,#4051);
#4051 = DEFINITIONAL_REPRESENTATION('',(#4052),#4056);
#4052 = LINE('',#4053,#4054);
#4053 = CARTESIAN_POINT('',(6.28318530718,-0.));
#4054 = VECTOR('',#4055,1.);
#4055 = DIRECTION('',(0.,1.));
#4056 = ( GEOMETRIC_REPRESENTATION_CONTEXT(2) 
PARAMETRIC_REPRESENTATION_CONTEXT() REPRESENTATION_CONTEXT('2D SPACE',''
  ) );
#4057 = ORIENTED_EDGE('',*,*,#4058,.T.);
#4058 = EDGE_CURVE('',#4036,#4036,#4059,.T.);
#4059 = SURFACE_CURVE('',#4060,(#4065,#4072),.PCURVE_S1.);
#4060 = CIRCLE('',#4061,1.7);
#4061 = AXIS2_PLACEMENT_3D('',#4062,#4063,#4064);
#4062 = CARTESIAN_POINT('',(-95.,0.,-282.));
#4063 = DIRECTION('',(-0.,1.,0.));
#4064 = DIRECTION('',(1.,0.,0.));
#4065 = PCURVE('',#3938,#4066);
#4066 = DEFINITIONAL_REPRESENTATION('',(#4067),#4071);
#4067 = LINE('',#4068,#4069);
#4068 = CARTESIAN_POINT('',(0.,1.));
#4069 = VECTOR('',#4070,1.);
#4070 = DIRECTION('',(1.,0.));
#4071 = ( GEOMETRIC_REPRESENTATION_CONTEXT(2) 
PARAMETRIC_REPRESENTATION_CONTEXT() REPRESENTATION_CONTEXT('2D SPACE',''
  ) );
#4072 = PCURVE('',#44,#4073);
#4073 = DEFINITIONAL_REPRESENTATION('',(#4074),#4078);
#4074 = CIRCLE('',#4075,1.7);
#4075 = AXIS2_PLACEMENT_2D('',#4076,#4077);
#4076 = CARTESIAN_POINT('',(20.,21.));
#4077 = DIRECTION('',(0.,1.));
#4078 = ( GEOMETRIC_REPRESENTATION_CONTEXT(2) 
PARAMETRIC_REPRESENTATION_CONTEXT() REPRESENTATION_CONTEXT('2D SPACE',''
  ) );
#4079 = ORIENTED_EDGE('',*,*,#4035,.T.);
#4080 = ADVANCED_FACE('',(#4081),#698,.T.);
#4081 = FACE_BOUND('',#4082,.T.);
#4082 = EDGE_LOOP('',(#4083,#4084,#4105));
#4083 = ORIENTED_EDGE('',*,*,#3898,.T.);
#4084 = ORIENTED_EDGE('',*,*,#4085,.T.);
#4085 = EDGE_CURVE('',#3876,#683,#4086,.T.);
#4086 = SURFACE_CURVE('',#4087,(#4091,#4098),.PCURVE_S1.);
#4087 = LINE('',#4088,#4089);
#4088 = CARTESIAN_POINT('',(-76.,4.,-283.));
#4089 = VECTOR('',#4090,1.);
#4090 = DIRECTION('',(0.,0.882352941176,-0.470588235294));
#4091 = PCURVE('',#698,#4092);
#4092 = DEFINITIONAL_REPRESENTATION('',(#4093),#4097);
#4093 = LINE('',#4094,#4095);
#4094 = CARTESIAN_POINT('',(12.,11.));
#4095 = VECTOR('',#4096,1.);
#4096 = DIRECTION('',(-0.882352941176,-0.470588235294));
#4097 = ( GEOMETRIC_REPRESENTATION_CONTEXT(2) 
PARAMETRIC_REPRESENTATION_CONTEXT() REPRESENTATION_CONTEXT('2D SPACE',''
  ) );
#4098 = PCURVE('',#726,#4099);
#4099 = DEFINITIONAL_REPRESENTATION('',(#4100),#4104);
#4100 = LINE('',#4101,#4102);
#4101 = CARTESIAN_POINT('',(0.,0.));
#4102 = VECTOR('',#4103,1.);
#4103 = DIRECTION('',(1.,0.));
#4104 = ( GEOMETRIC_REPRESENTATION_CONTEXT(2) 
PARAMETRIC_REPRESENTATION_CONTEXT() REPRESENTATION_CONTEXT('2D SPACE',''
  ) );
#4105 = ORIENTED_EDGE('',*,*,#682,.T.);
#4106 = ADVANCED_FACE('',(#4107),#726,.T.);
#4107 = FACE_BOUND('',#4108,.T.);
#4108 = EDGE_LOOP('',(#4109,#4110,#4131,#4132));
#4109 = ORIENTED_EDGE('',*,*,#3875,.T.);
#4110 = ORIENTED_EDGE('',*,*,#4111,.T.);
#4111 = EDGE_CURVE('',#3853,#711,#4112,.T.);
#4112 = SURFACE_CURVE('',#4113,(#4117,#4124),.PCURVE_S1.);
#4113 = LINE('',#4114,#4115);
#4114 = CARTESIAN_POINT('',(-72.,4.,-283.));
#4115 = VECTOR('',#4116,1.);
#4116 = DIRECTION('',(0.,0.882352941176,-0.470588235294));
#4117 = PCURVE('',#726,#4118);
#4118 = DEFINITIONAL_REPRESENTATION('',(#4119),#4123);
#4119 = LINE('',#4120,#4121);
#4120 = CARTESIAN_POINT('',(0.,-4.));
#4121 = VECTOR('',#4122,1.);
#4122 = DIRECTION('',(1.,0.));
#4123 = ( GEOMETRIC_REPRESENTATION_CONTEXT(2) 
PARAMETRIC_REPRESENTATION_CONTEXT() REPRESENTATION_CONTEXT('2D SPACE',''
  ) );
#4124 = PCURVE('',#754,#4125);
#4125 = DEFINITIONAL_REPRESENTATION('',(#4126),#4130);
#4126 = LINE('',#4127,#4128);
#4127 = CARTESIAN_POINT('',(16.,-4.));
#4128 = VECTOR('',#4129,1.);
#4129 = DIRECTION('',(-0.470588235294,-0.882352941176));
#4130 = ( GEOMETRIC_REPRESENTATION_CONTEXT(2) 
PARAMETRIC_REPRESENTATION_CONTEXT() REPRESENTATION_CONTEXT('2D SPACE',''
  ) );
#4131 = ORIENTED_EDGE('',*,*,#710,.F.);
#4132 = ORIENTED_EDGE('',*,*,#4085,.F.);
#4133 = ADVANCED_FACE('',(#4134),#754,.T.);
#4134 = FACE_BOUND('',#4135,.T.);
#4135 = EDGE_LOOP('',(#4136,#4157,#4158,#4159,#4160));
#4136 = ORIENTED_EDGE('',*,*,#4137,.F.);
#4137 = EDGE_CURVE('',#739,#3703,#4138,.T.);
#4138 = SURFACE_CURVE('',#4139,(#4143,#4150),.PCURVE_S1.);
#4139 = LINE('',#4140,#4141);
#4140 = CARTESIAN_POINT('',(-72.,0.,-299.));
#4141 = VECTOR('',#4142,1.);
#4142 = DIRECTION('',(0.,0.,1.));
#4143 = PCURVE('',#754,#4144);
#4144 = DEFINITIONAL_REPRESENTATION('',(#4145),#4149);
#4145 = LINE('',#4146,#4147);
#4146 = CARTESIAN_POINT('',(0.,0.));
#4147 = VECTOR('',#4148,1.);
#4148 = DIRECTION('',(1.,0.));
#4149 = ( GEOMETRIC_REPRESENTATION_CONTEXT(2) 
PARAMETRIC_REPRESENTATION_CONTEXT() REPRESENTATION_CONTEXT('2D SPACE',''
  ) );
#4150 = PCURVE('',#44,#4151);
#4151 = DEFINITIONAL_REPRESENTATION('',(#4152),#4156);
#4152 = LINE('',#4153,#4154);
#4153 = CARTESIAN_POINT('',(3.,44.));
#4154 = VECTOR('',#4155,1.);
#4155 = DIRECTION('',(1.,0.));
#4156 = ( GEOMETRIC_REPRESENTATION_CONTEXT(2) 
PARAMETRIC_REPRESENTATION_CONTEXT() REPRESENTATION_CONTEXT('2D SPACE',''
  ) );
#4157 = ORIENTED_EDGE('',*,*,#738,.F.);
#4158 = ORIENTED_EDGE('',*,*,#4111,.F.);
#4159 = ORIENTED_EDGE('',*,*,#3852,.T.);
#4160 = ORIENTED_EDGE('',*,*,#3725,.F.);
#4161 = ADVANCED_FACE('',(#4162),#805,.F.);
#4162 = FACE_BOUND('',#4163,.F.);
#4163 = EDGE_LOOP('',(#4164,#4187,#4188,#4211,#4234));
#4164 = ORIENTED_EDGE('',*,*,#4165,.F.);
#4165 = EDGE_CURVE('',#767,#4166,#4168,.T.);
#4166 = VERTEX_POINT('',#4167);
#4167 = CARTESIAN_POINT('',(72.,0.,-277.));
#4168 = SURFACE_CURVE('',#4169,(#4173,#4180),.PCURVE_S1.);
#4169 = LINE('',#4170,#4171);
#4170 = CARTESIAN_POINT('',(72.,0.,-299.));
#4171 = VECTOR('',#4172,1.);
#4172 = DIRECTION('',(0.,0.,1.));
#4173 = PCURVE('',#805,#4174);
#4174 = DEFINITIONAL_REPRESENTATION('',(#4175),#4179);
#4175 = LINE('',#4176,#4177);
#4176 = CARTESIAN_POINT('',(0.,0.));
#4177 = VECTOR('',#4178,1.);
#4178 = DIRECTION('',(1.,0.));
#4179 = ( GEOMETRIC_REPRESENTATION_CONTEXT(2) 
PARAMETRIC_REPRESENTATION_CONTEXT() REPRESENTATION_CONTEXT('2D SPACE',''
  ) );
#4180 = PCURVE('',#44,#4181);
#4181 = DEFINITIONAL_REPRESENTATION('',(#4182),#4186);
#4182 = LINE('',#4183,#4184);
#4183 = CARTESIAN_POINT('',(3.,188.));
#4184 = VECTOR('',#4185,1.);
#4185 = DIRECTION('',(1.,0.));
#4186 = ( GEOMETRIC_REPRESENTATION_CONTEXT(2) 
PARAMETRIC_REPRESENTATION_CONTEXT() REPRESENTATION_CONTEXT('2D SPACE',''
  ) );
#4187 = ORIENTED_EDGE('',*,*,#789,.T.);
#4188 = ORIENTED_EDGE('',*,*,#4189,.F.);
#4189 = EDGE_CURVE('',#4190,#790,#4192,.T.);
#4190 = VERTEX_POINT('',#4191);
#4191 = CARTESIAN_POINT('',(72.,4.,-283.));
#4192 = SURFACE_CURVE('',#4193,(#4197,#4204),.PCURVE_S1.);
#4193 = LINE('',#4194,#4195);
#4194 = CARTESIAN_POINT('',(72.,4.,-283.));
#4195 = VECTOR('',#4196,1.);
#4196 = DIRECTION('',(0.,0.882352941176,-0.470588235294));
#4197 = PCURVE('',#805,#4198);
#4198 = DEFINITIONAL_REPRESENTATION('',(#4199),#4203);
#4199 = LINE('',#4200,#4201);
#4200 = CARTESIAN_POINT('',(16.,-4.));
#4201 = VECTOR('',#4202,1.);
#4202 = DIRECTION('',(-0.470588235294,-0.882352941176));
#4203 = ( GEOMETRIC_REPRESENTATION_CONTEXT(2) 
PARAMETRIC_REPRESENTATION_CONTEXT() REPRESENTATION_CONTEXT('2D SPACE',''
  ) );
#4204 = PCURVE('',#833,#4205);
#4205 = DEFINITIONAL_REPRESENTATION('',(#4206),#4210);
#4206 = LINE('',#4207,#4208);
#4207 = CARTESIAN_POINT('',(0.,0.));
#4208 = VECTOR('',#4209,1.);
#4209 = DIRECTION('',(1.,0.));
#4210 = ( GEOMETRIC_REPRESENTATION_CONTEXT(2) 
PARAMETRIC_REPRESENTATION_CONTEXT() REPRESENTATION_CONTEXT('2D SPACE',''
  ) );
#4211 = ORIENTED_EDGE('',*,*,#4212,.T.);
#4212 = EDGE_CURVE('',#4190,#4213,#4215,.T.);
#4213 = VERTEX_POINT('',#4214);
#4214 = CARTESIAN_POINT('',(72.,4.,-277.));
#4215 = SURFACE_CURVE('',#4216,(#4220,#4227),.PCURVE_S1.);
#4216 = LINE('',#4217,#4218);
#4217 = CARTESIAN_POINT('',(72.,4.,-299.));
#4218 = VECTOR('',#4219,1.);
#4219 = DIRECTION('',(0.,0.,1.));
#4220 = PCURVE('',#805,#4221);
#4221 = DEFINITIONAL_REPRESENTATION('',(#4222),#4226);
#4222 = LINE('',#4223,#4224);
#4223 = CARTESIAN_POINT('',(0.,-4.));
#4224 = VECTOR('',#4225,1.);
#4225 = DIRECTION('',(1.,0.));
#4226 = ( GEOMETRIC_REPRESENTATION_CONTEXT(2) 
PARAMETRIC_REPRESENTATION_CONTEXT() REPRESENTATION_CONTEXT('2D SPACE',''
  ) );
#4227 = PCURVE('',#889,#4228);
#4228 = DEFINITIONAL_REPRESENTATION('',(#4229),#4233);
#4229 = LINE('',#4230,#4231);
#4230 = CARTESIAN_POINT('',(0.,-32.));
#4231 = VECTOR('',#4232,1.);
#4232 = DIRECTION('',(1.,0.));
#4233 = ( GEOMETRIC_REPRESENTATION_CONTEXT(2) 
PARAMETRIC_REPRESENTATION_CONTEXT() REPRESENTATION_CONTEXT('2D SPACE',''
  ) );
#4234 = ORIENTED_EDGE('',*,*,#4235,.F.);
#4235 = EDGE_CURVE('',#4166,#4213,#4236,.T.);
#4236 = SURFACE_CURVE('',#4237,(#4241,#4248),.PCURVE_S1.);
#4237 = LINE('',#4238,#4239);
#4238 = CARTESIAN_POINT('',(72.,0.,-277.));
#4239 = VECTOR('',#4240,1.);
#4240 = DIRECTION('',(-0.,1.,0.));
#4241 = PCURVE('',#805,#4242);
#4242 = DEFINITIONAL_REPRESENTATION('',(#4243),#4247);
#4243 = LINE('',#4244,#4245);
#4244 = CARTESIAN_POINT('',(22.,0.));
#4245 = VECTOR('',#4246,1.);
#4246 = DIRECTION('',(0.,-1.));
#4247 = ( GEOMETRIC_REPRESENTATION_CONTEXT(2) 
PARAMETRIC_REPRESENTATION_CONTEXT() REPRESENTATION_CONTEXT('2D SPACE',''
  ) );
#4248 = PCURVE('',#4249,#4254);
#4249 = PLANE('',#4250);
#4250 = AXIS2_PLACEMENT_3D('',#4251,#4252,#4253);
#4251 = CARTESIAN_POINT('',(72.,0.,-277.));
#4252 = DIRECTION('',(0.,0.,1.));
#4253 = DIRECTION('',(1.,0.,-0.));
#4254 = DEFINITIONAL_REPRESENTATION('',(#4255),#4259);
#4255 = LINE('',#4256,#4257);
#4256 = CARTESIAN_POINT('',(0.,0.));
#4257 = VECTOR('',#4258,1.);
#4258 = DIRECTION('',(0.,1.));
#4259 = ( GEOMETRIC_REPRESENTATION_CONTEXT(2) 
PARAMETRIC_REPRESENTATION_CONTEXT() REPRESENTATION_CONTEXT('2D SPACE',''
  ) );
#4260 = ADVANCED_FACE('',(#4261),#4249,.T.);
#4261 = FACE_BOUND('',#4262,.T.);
#4262 = EDGE_LOOP('',(#4263,#4264,#4287,#4310));
#4263 = ORIENTED_EDGE('',*,*,#4235,.F.);
#4264 = ORIENTED_EDGE('',*,*,#4265,.F.);
#4265 = EDGE_CURVE('',#4266,#4166,#4268,.T.);
#4266 = VERTEX_POINT('',#4267);
#4267 = CARTESIAN_POINT('',(107.,0.,-277.));
#4268 = SURFACE_CURVE('',#4269,(#4273,#4280),.PCURVE_S1.);
#4269 = LINE('',#4270,#4271);
#4270 = CARTESIAN_POINT('',(107.,0.,-277.));
#4271 = VECTOR('',#4272,1.);
#4272 = DIRECTION('',(-1.,0.,0.));
#4273 = PCURVE('',#4249,#4274);
#4274 = DEFINITIONAL_REPRESENTATION('',(#4275),#4279);
#4275 = LINE('',#4276,#4277);
#4276 = CARTESIAN_POINT('',(35.,0.));
#4277 = VECTOR('',#4278,1.);
#4278 = DIRECTION('',(-1.,0.));
#4279 = ( GEOMETRIC_REPRESENTATION_CONTEXT(2) 
PARAMETRIC_REPRESENTATION_CONTEXT() REPRESENTATION_CONTEXT('2D SPACE',''
  ) );
#4280 = PCURVE('',#44,#4281);
#4281 = DEFINITIONAL_REPRESENTATION('',(#4282),#4286);
#4282 = LINE('',#4283,#4284);
#4283 = CARTESIAN_POINT('',(25.,223.));
#4284 = VECTOR('',#4285,1.);
#4285 = DIRECTION('',(0.,-1.));
#4286 = ( GEOMETRIC_REPRESENTATION_CONTEXT(2) 
PARAMETRIC_REPRESENTATION_CONTEXT() REPRESENTATION_CONTEXT('2D SPACE',''
  ) );
#4287 = ORIENTED_EDGE('',*,*,#4288,.T.);
#4288 = EDGE_CURVE('',#4266,#4289,#4291,.T.);
#4289 = VERTEX_POINT('',#4290);
#4290 = CARTESIAN_POINT('',(107.,4.,-277.));
#4291 = SURFACE_CURVE('',#4292,(#4296,#4303),.PCURVE_S1.);
#4292 = LINE('',#4293,#4294);
#4293 = CARTESIAN_POINT('',(107.,0.,-277.));
#4294 = VECTOR('',#4295,1.);
#4295 = DIRECTION('',(-0.,1.,0.));
#4296 = PCURVE('',#4249,#4297);
#4297 = DEFINITIONAL_REPRESENTATION('',(#4298),#4302);
#4298 = LINE('',#4299,#4300);
#4299 = CARTESIAN_POINT('',(35.,0.));
#4300 = VECTOR('',#4301,1.);
#4301 = DIRECTION('',(0.,1.));
#4302 = ( GEOMETRIC_REPRESENTATION_CONTEXT(2) 
PARAMETRIC_REPRESENTATION_CONTEXT() REPRESENTATION_CONTEXT('2D SPACE',''
  ) );
#4303 = PCURVE('',#1022,#4304);
#4304 = DEFINITIONAL_REPRESENTATION('',(#4305),#4309);
#4305 = LINE('',#4306,#4307);
#4306 = CARTESIAN_POINT('',(22.,0.));
#4307 = VECTOR('',#4308,1.);
#4308 = DIRECTION('',(0.,-1.));
#4309 = ( GEOMETRIC_REPRESENTATION_CONTEXT(2) 
PARAMETRIC_REPRESENTATION_CONTEXT() REPRESENTATION_CONTEXT('2D SPACE',''
  ) );
#4310 = ORIENTED_EDGE('',*,*,#4311,.T.);
#4311 = EDGE_CURVE('',#4289,#4213,#4312,.T.);
#4312 = SURFACE_CURVE('',#4313,(#4317,#4324),.PCURVE_S1.);
#4313 = LINE('',#4314,#4315);
#4314 = CARTESIAN_POINT('',(107.,4.,-277.));
#4315 = VECTOR('',#4316,1.);
#4316 = DIRECTION('',(-1.,0.,0.));
#4317 = PCURVE('',#4249,#4318);
#4318 = DEFINITIONAL_REPRESENTATION('',(#4319),#4323);
#4319 = LINE('',#4320,#4321);
#4320 = CARTESIAN_POINT('',(35.,4.));
#4321 = VECTOR('',#4322,1.);
#4322 = DIRECTION('',(-1.,0.));
#4323 = ( GEOMETRIC_REPRESENTATION_CONTEXT(2) 
PARAMETRIC_REPRESENTATION_CONTEXT() REPRESENTATION_CONTEXT('2D SPACE',''
  ) );
#4324 = PCURVE('',#889,#4325);
#4325 = DEFINITIONAL_REPRESENTATION('',(#4326),#4330);
#4326 = LINE('',#4327,#4328);
#4327 = CARTESIAN_POINT('',(22.,3.));
#4328 = VECTOR('',#4329,1.);
#4329 = DIRECTION('',(0.,-1.));
#4330 = ( GEOMETRIC_REPRESENTATION_CONTEXT(2) 
PARAMETRIC_REPRESENTATION_CONTEXT() REPRESENTATION_CONTEXT('2D SPACE',''
  ) );
#4331 = ADVANCED_FACE('',(#4332),#833,.T.);
#4332 = FACE_BOUND('',#4333,.T.);
#4333 = EDGE_LOOP('',(#4334,#4357,#4378,#4379));
#4334 = ORIENTED_EDGE('',*,*,#4335,.T.);
#4335 = EDGE_CURVE('',#4190,#4336,#4338,.T.);
#4336 = VERTEX_POINT('',#4337);
#4337 = CARTESIAN_POINT('',(76.,4.,-283.));
#4338 = SURFACE_CURVE('',#4339,(#4343,#4350),.PCURVE_S1.);
#4339 = LINE('',#4340,#4341);
#4340 = CARTESIAN_POINT('',(72.,4.,-283.));
#4341 = VECTOR('',#4342,1.);
#4342 = DIRECTION('',(1.,0.,0.));
#4343 = PCURVE('',#833,#4344);
#4344 = DEFINITIONAL_REPRESENTATION('',(#4345),#4349);
#4345 = LINE('',#4346,#4347);
#4346 = CARTESIAN_POINT('',(0.,0.));
#4347 = VECTOR('',#4348,1.);
#4348 = DIRECTION('',(0.,-1.));
#4349 = ( GEOMETRIC_REPRESENTATION_CONTEXT(2) 
PARAMETRIC_REPRESENTATION_CONTEXT() REPRESENTATION_CONTEXT('2D SPACE',''
  ) );
#4350 = PCURVE('',#889,#4351);
#4351 = DEFINITIONAL_REPRESENTATION('',(#4352),#4356);
#4352 = LINE('',#4353,#4354);
#4353 = CARTESIAN_POINT('',(16.,-32.));
#4354 = VECTOR('',#4355,1.);
#4355 = DIRECTION('',(0.,1.));
#4356 = ( GEOMETRIC_REPRESENTATION_CONTEXT(2) 
PARAMETRIC_REPRESENTATION_CONTEXT() REPRESENTATION_CONTEXT('2D SPACE',''
  ) );
#4357 = ORIENTED_EDGE('',*,*,#4358,.T.);
#4358 = EDGE_CURVE('',#4336,#818,#4359,.T.);
#4359 = SURFACE_CURVE('',#4360,(#4364,#4371),.PCURVE_S1.);
#4360 = LINE('',#4361,#4362);
#4361 = CARTESIAN_POINT('',(76.,4.,-283.));
#4362 = VECTOR('',#4363,1.);
#4363 = DIRECTION('',(0.,0.882352941176,-0.470588235294));
#4364 = PCURVE('',#833,#4365);
#4365 = DEFINITIONAL_REPRESENTATION('',(#4366),#4370);
#4366 = LINE('',#4367,#4368);
#4367 = CARTESIAN_POINT('',(0.,-4.));
#4368 = VECTOR('',#4369,1.);
#4369 = DIRECTION('',(1.,0.));
#4370 = ( GEOMETRIC_REPRESENTATION_CONTEXT(2) 
PARAMETRIC_REPRESENTATION_CONTEXT() REPRESENTATION_CONTEXT('2D SPACE',''
  ) );
#4371 = PCURVE('',#861,#4372);
#4372 = DEFINITIONAL_REPRESENTATION('',(#4373),#4377);
#4373 = LINE('',#4374,#4375);
#4374 = CARTESIAN_POINT('',(12.,11.));
#4375 = VECTOR('',#4376,1.);
#4376 = DIRECTION('',(-0.882352941176,-0.470588235294));
#4377 = ( GEOMETRIC_REPRESENTATION_CONTEXT(2) 
PARAMETRIC_REPRESENTATION_CONTEXT() REPRESENTATION_CONTEXT('2D SPACE',''
  ) );
#4378 = ORIENTED_EDGE('',*,*,#817,.F.);
#4379 = ORIENTED_EDGE('',*,*,#4189,.F.);
#4380 = ADVANCED_FACE('',(#4381),#861,.F.);
#4381 = FACE_BOUND('',#4382,.F.);
#4382 = EDGE_LOOP('',(#4383,#4404,#4405));
#4383 = ORIENTED_EDGE('',*,*,#4384,.T.);
#4384 = EDGE_CURVE('',#846,#4336,#4385,.T.);
#4385 = SURFACE_CURVE('',#4386,(#4390,#4397),.PCURVE_S1.);
#4386 = LINE('',#4387,#4388);
#4387 = CARTESIAN_POINT('',(76.,4.,-299.));
#4388 = VECTOR('',#4389,1.);
#4389 = DIRECTION('',(0.,0.,1.));
#4390 = PCURVE('',#861,#4391);
#4391 = DEFINITIONAL_REPRESENTATION('',(#4392),#4396);
#4392 = LINE('',#4393,#4394);
#4393 = CARTESIAN_POINT('',(12.,-5.));
#4394 = VECTOR('',#4395,1.);
#4395 = DIRECTION('',(0.,1.));
#4396 = ( GEOMETRIC_REPRESENTATION_CONTEXT(2) 
PARAMETRIC_REPRESENTATION_CONTEXT() REPRESENTATION_CONTEXT('2D SPACE',''
  ) );
#4397 = PCURVE('',#889,#4398);
#4398 = DEFINITIONAL_REPRESENTATION('',(#4399),#4403);
#4399 = LINE('',#4400,#4401);
#4400 = CARTESIAN_POINT('',(0.,-28.));
#4401 = VECTOR('',#4402,1.);
#4402 = DIRECTION('',(1.,0.));
#4403 = ( GEOMETRIC_REPRESENTATION_CONTEXT(2) 
PARAMETRIC_REPRESENTATION_CONTEXT() REPRESENTATION_CONTEXT('2D SPACE',''
  ) );
#4404 = ORIENTED_EDGE('',*,*,#4358,.T.);
#4405 = ORIENTED_EDGE('',*,*,#845,.T.);
#4406 = ADVANCED_FACE('',(#4407),#917,.T.);
#4407 = FACE_BOUND('',#4408,.T.);
#4408 = EDGE_LOOP('',(#4409,#4432,#4453));
#4409 = ORIENTED_EDGE('',*,*,#4410,.T.);
#4410 = EDGE_CURVE('',#874,#4411,#4413,.T.);
#4411 = VERTEX_POINT('',#4412);
#4412 = CARTESIAN_POINT('',(100.,4.,-283.));
#4413 = SURFACE_CURVE('',#4414,(#4418,#4425),.PCURVE_S1.);
#4414 = LINE('',#4415,#4416);
#4415 = CARTESIAN_POINT('',(100.,4.,-299.));
#4416 = VECTOR('',#4417,1.);
#4417 = DIRECTION('',(0.,0.,1.));
#4418 = PCURVE('',#917,#4419);
#4419 = DEFINITIONAL_REPRESENTATION('',(#4420),#4424);
#4420 = LINE('',#4421,#4422);
#4421 = CARTESIAN_POINT('',(6.520797289396,-5.5207972894));
#4422 = VECTOR('',#4423,1.);
#4423 = DIRECTION('',(0.,1.));
#4424 = ( GEOMETRIC_REPRESENTATION_CONTEXT(2) 
PARAMETRIC_REPRESENTATION_CONTEXT() REPRESENTATION_CONTEXT('2D SPACE',''
  ) );
#4425 = PCURVE('',#889,#4426);
#4426 = DEFINITIONAL_REPRESENTATION('',(#4427),#4431);
#4427 = LINE('',#4428,#4429);
#4428 = CARTESIAN_POINT('',(0.,-4.));
#4429 = VECTOR('',#4430,1.);
#4430 = DIRECTION('',(1.,0.));
#4431 = ( GEOMETRIC_REPRESENTATION_CONTEXT(2) 
PARAMETRIC_REPRESENTATION_CONTEXT() REPRESENTATION_CONTEXT('2D SPACE',''
  ) );
#4432 = ORIENTED_EDGE('',*,*,#4433,.T.);
#4433 = EDGE_CURVE('',#4411,#902,#4434,.T.);
#4434 = SURFACE_CURVE('',#4435,(#4439,#4446),.PCURVE_S1.);
#4435 = LINE('',#4436,#4437);
#4436 = CARTESIAN_POINT('',(100.,4.,-283.));
#4437 = VECTOR('',#4438,1.);
#4438 = DIRECTION('',(0.,0.747409318684,-0.66436383883));
#4439 = PCURVE('',#917,#4440);
#4440 = DEFINITIONAL_REPRESENTATION('',(#4441),#4445);
#4441 = LINE('',#4442,#4443);
#4442 = CARTESIAN_POINT('',(6.520797289396,10.4792027106));
#4443 = VECTOR('',#4444,1.);
#4444 = DIRECTION('',(-0.747409318684,-0.66436383883));
#4445 = ( GEOMETRIC_REPRESENTATION_CONTEXT(2) 
PARAMETRIC_REPRESENTATION_CONTEXT() REPRESENTATION_CONTEXT('2D SPACE',''
  ) );
#4446 = PCURVE('',#945,#4447);
#4447 = DEFINITIONAL_REPRESENTATION('',(#4448),#4452);
#4448 = LINE('',#4449,#4450);
#4449 = CARTESIAN_POINT('',(0.,0.));
#4450 = VECTOR('',#4451,1.);
#4451 = DIRECTION('',(1.,0.));
#4452 = ( GEOMETRIC_REPRESENTATION_CONTEXT(2) 
PARAMETRIC_REPRESENTATION_CONTEXT() REPRESENTATION_CONTEXT('2D SPACE',''
  ) );
#4453 = ORIENTED_EDGE('',*,*,#901,.T.);
#4454 = ADVANCED_FACE('',(#4455),#945,.T.);
#4455 = FACE_BOUND('',#4456,.T.);
#4456 = EDGE_LOOP('',(#4457,#4480,#4501,#4502));
#4457 = ORIENTED_EDGE('',*,*,#4458,.T.);
#4458 = EDGE_CURVE('',#4411,#4459,#4461,.T.);
#4459 = VERTEX_POINT('',#4460);
#4460 = CARTESIAN_POINT('',(104.,4.,-283.));
#4461 = SURFACE_CURVE('',#4462,(#4466,#4473),.PCURVE_S1.);
#4462 = LINE('',#4463,#4464);
#4463 = CARTESIAN_POINT('',(100.,4.,-283.));
#4464 = VECTOR('',#4465,1.);
#4465 = DIRECTION('',(1.,0.,0.));
#4466 = PCURVE('',#945,#4467);
#4467 = DEFINITIONAL_REPRESENTATION('',(#4468),#4472);
#4468 = LINE('',#4469,#4470);
#4469 = CARTESIAN_POINT('',(0.,0.));
#4470 = VECTOR('',#4471,1.);
#4471 = DIRECTION('',(0.,-1.));
#4472 = ( GEOMETRIC_REPRESENTATION_CONTEXT(2) 
PARAMETRIC_REPRESENTATION_CONTEXT() REPRESENTATION_CONTEXT('2D SPACE',''
  ) );
#4473 = PCURVE('',#889,#4474);
#4474 = DEFINITIONAL_REPRESENTATION('',(#4475),#4479);
#4475 = LINE('',#4476,#4477);
#4476 = CARTESIAN_POINT('',(16.,-4.));
#4477 = VECTOR('',#4478,1.);
#4478 = DIRECTION('',(0.,1.));
#4479 = ( GEOMETRIC_REPRESENTATION_CONTEXT(2) 
PARAMETRIC_REPRESENTATION_CONTEXT() REPRESENTATION_CONTEXT('2D SPACE',''
  ) );
#4480 = ORIENTED_EDGE('',*,*,#4481,.T.);
#4481 = EDGE_CURVE('',#4459,#930,#4482,.T.);
#4482 = SURFACE_CURVE('',#4483,(#4487,#4494),.PCURVE_S1.);
#4483 = LINE('',#4484,#4485);
#4484 = CARTESIAN_POINT('',(104.,4.,-283.));
#4485 = VECTOR('',#4486,1.);
#4486 = DIRECTION('',(0.,0.747409318684,-0.66436383883));
#4487 = PCURVE('',#945,#4488);
#4488 = DEFINITIONAL_REPRESENTATION('',(#4489),#4493);
#4489 = LINE('',#4490,#4491);
#4490 = CARTESIAN_POINT('',(0.,-4.));
#4491 = VECTOR('',#4492,1.);
#4492 = DIRECTION('',(1.,0.));
#4493 = ( GEOMETRIC_REPRESENTATION_CONTEXT(2) 
PARAMETRIC_REPRESENTATION_CONTEXT() REPRESENTATION_CONTEXT('2D SPACE',''
  ) );
#4494 = PCURVE('',#973,#4495);
#4495 = DEFINITIONAL_REPRESENTATION('',(#4496),#4500);
#4496 = LINE('',#4497,#4498);
#4497 = CARTESIAN_POINT('',(16.,-4.));
#4498 = VECTOR('',#4499,1.);
#4499 = DIRECTION('',(-0.66436383883,-0.747409318684));
#4500 = ( GEOMETRIC_REPRESENTATION_CONTEXT(2) 
PARAMETRIC_REPRESENTATION_CONTEXT() REPRESENTATION_CONTEXT('2D SPACE',''
  ) );
#4501 = ORIENTED_EDGE('',*,*,#929,.F.);
#4502 = ORIENTED_EDGE('',*,*,#4433,.F.);
#4503 = ADVANCED_FACE('',(#4504),#973,.T.);
#4504 = FACE_BOUND('',#4505,.T.);
#4505 = EDGE_LOOP('',(#4506,#4527,#4528));
#4506 = ORIENTED_EDGE('',*,*,#4507,.F.);
#4507 = EDGE_CURVE('',#958,#4459,#4508,.T.);
#4508 = SURFACE_CURVE('',#4509,(#4513,#4520),.PCURVE_S1.);
#4509 = LINE('',#4510,#4511);
#4510 = CARTESIAN_POINT('',(104.,4.,-299.));
#4511 = VECTOR('',#4512,1.);
#4512 = DIRECTION('',(0.,0.,1.));
#4513 = PCURVE('',#973,#4514);
#4514 = DEFINITIONAL_REPRESENTATION('',(#4515),#4519);
#4515 = LINE('',#4516,#4517);
#4516 = CARTESIAN_POINT('',(0.,-4.));
#4517 = VECTOR('',#4518,1.);
#4518 = DIRECTION('',(1.,0.));
#4519 = ( GEOMETRIC_REPRESENTATION_CONTEXT(2) 
PARAMETRIC_REPRESENTATION_CONTEXT() REPRESENTATION_CONTEXT('2D SPACE',''
  ) );
#4520 = PCURVE('',#889,#4521);
#4521 = DEFINITIONAL_REPRESENTATION('',(#4522),#4526);
#4522 = LINE('',#4523,#4524);
#4523 = CARTESIAN_POINT('',(0.,0.));
#4524 = VECTOR('',#4525,1.);
#4525 = DIRECTION('',(1.,0.));
#4526 = ( GEOMETRIC_REPRESENTATION_CONTEXT(2) 
PARAMETRIC_REPRESENTATION_CONTEXT() REPRESENTATION_CONTEXT('2D SPACE',''
  ) );
#4527 = ORIENTED_EDGE('',*,*,#957,.F.);
#4528 = ORIENTED_EDGE('',*,*,#4481,.F.);
#4529 = ADVANCED_FACE('',(#4530,#4562,#4593),#889,.T.);
#4530 = FACE_BOUND('',#4531,.T.);
#4531 = EDGE_LOOP('',(#4532,#4533,#4534,#4535,#4536,#4537,#4538,#4539,
    #4540,#4541));
#4532 = ORIENTED_EDGE('',*,*,#985,.F.);
#4533 = ORIENTED_EDGE('',*,*,#4507,.T.);
#4534 = ORIENTED_EDGE('',*,*,#4458,.F.);
#4535 = ORIENTED_EDGE('',*,*,#4410,.F.);
#4536 = ORIENTED_EDGE('',*,*,#873,.F.);
#4537 = ORIENTED_EDGE('',*,*,#4384,.T.);
#4538 = ORIENTED_EDGE('',*,*,#4335,.F.);
#4539 = ORIENTED_EDGE('',*,*,#4212,.T.);
#4540 = ORIENTED_EDGE('',*,*,#4311,.F.);
#4541 = ORIENTED_EDGE('',*,*,#4542,.F.);
#4542 = EDGE_CURVE('',#986,#4289,#4543,.T.);
#4543 = SURFACE_CURVE('',#4544,(#4548,#4555),.PCURVE_S1.);
#4544 = LINE('',#4545,#4546);
#4545 = CARTESIAN_POINT('',(107.,4.,-299.));
#4546 = VECTOR('',#4547,1.);
#4547 = DIRECTION('',(0.,0.,1.));
#4548 = PCURVE('',#889,#4549);
#4549 = DEFINITIONAL_REPRESENTATION('',(#4550),#4554);
#4550 = LINE('',#4551,#4552);
#4551 = CARTESIAN_POINT('',(0.,3.));
#4552 = VECTOR('',#4553,1.);
#4553 = DIRECTION('',(1.,0.));
#4554 = ( GEOMETRIC_REPRESENTATION_CONTEXT(2) 
PARAMETRIC_REPRESENTATION_CONTEXT() REPRESENTATION_CONTEXT('2D SPACE',''
  ) );
#4555 = PCURVE('',#1022,#4556);
#4556 = DEFINITIONAL_REPRESENTATION('',(#4557),#4561);
#4557 = LINE('',#4558,#4559);
#4558 = CARTESIAN_POINT('',(0.,-4.));
#4559 = VECTOR('',#4560,1.);
#4560 = DIRECTION('',(1.,0.));
#4561 = ( GEOMETRIC_REPRESENTATION_CONTEXT(2) 
PARAMETRIC_REPRESENTATION_CONTEXT() REPRESENTATION_CONTEXT('2D SPACE',''
  ) );
#4562 = FACE_BOUND('',#4563,.T.);
#4563 = EDGE_LOOP('',(#4564));
#4564 = ORIENTED_EDGE('',*,*,#4565,.F.);
#4565 = EDGE_CURVE('',#4566,#4566,#4568,.T.);
#4566 = VERTEX_POINT('',#4567);
#4567 = CARTESIAN_POINT('',(96.7,4.,-282.));
#4568 = SURFACE_CURVE('',#4569,(#4574,#4581),.PCURVE_S1.);
#4569 = CIRCLE('',#4570,1.7);
#4570 = AXIS2_PLACEMENT_3D('',#4571,#4572,#4573);
#4571 = CARTESIAN_POINT('',(95.,4.,-282.));
#4572 = DIRECTION('',(-0.,1.,0.));
#4573 = DIRECTION('',(1.,0.,0.));
#4574 = PCURVE('',#889,#4575);
#4575 = DEFINITIONAL_REPRESENTATION('',(#4576),#4580);
#4576 = CIRCLE('',#4577,1.7);
#4577 = AXIS2_PLACEMENT_2D('',#4578,#4579);
#4578 = CARTESIAN_POINT('',(17.,-9.));
#4579 = DIRECTION('',(0.,1.));
#4580 = ( GEOMETRIC_REPRESENTATION_CONTEXT(2) 
PARAMETRIC_REPRESENTATION_CONTEXT() REPRESENTATION_CONTEXT('2D SPACE',''
  ) );
#4581 = PCURVE('',#4582,#4587);
#4582 = CYLINDRICAL_SURFACE('',#4583,1.7);
#4583 = AXIS2_PLACEMENT_3D('',#4584,#4585,#4586);
#4584 = CARTESIAN_POINT('',(95.,-1.,-282.));
#4585 = DIRECTION('',(0.,1.,0.));
#4586 = DIRECTION('',(1.,0.,0.));
#4587 = DEFINITIONAL_REPRESENTATION('',(#4588),#4592);
#4588 = LINE('',#4589,#4590);
#4589 = CARTESIAN_POINT('',(0.,5.));
#4590 = VECTOR('',#4591,1.);
#4591 = DIRECTION('',(1.,0.));
#4592 = ( GEOMETRIC_REPRESENTATION_CONTEXT(2) 
PARAMETRIC_REPRESENTATION_CONTEXT() REPRESENTATION_CONTEXT('2D SPACE',''
  ) );
#4593 = FACE_BOUND('',#4594,.T.);
#4594 = EDGE_LOOP('',(#4595));
#4595 = ORIENTED_EDGE('',*,*,#4596,.F.);
#4596 = EDGE_CURVE('',#4597,#4597,#4599,.T.);
#4597 = VERTEX_POINT('',#4598);
#4598 = CARTESIAN_POINT('',(82.7,4.,-282.));
#4599 = SURFACE_CURVE('',#4600,(#4605,#4612),.PCURVE_S1.);
#4600 = CIRCLE('',#4601,1.7);
#4601 = AXIS2_PLACEMENT_3D('',#4602,#4603,#4604);
#4602 = CARTESIAN_POINT('',(81.,4.,-282.));
#4603 = DIRECTION('',(-0.,1.,0.));
#4604 = DIRECTION('',(1.,0.,0.));
#4605 = PCURVE('',#889,#4606);
#4606 = DEFINITIONAL_REPRESENTATION('',(#4607),#4611);
#4607 = CIRCLE('',#4608,1.7);
#4608 = AXIS2_PLACEMENT_2D('',#4609,#4610);
#4609 = CARTESIAN_POINT('',(17.,-23.));
#4610 = DIRECTION('',(0.,1.));
#4611 = ( GEOMETRIC_REPRESENTATION_CONTEXT(2) 
PARAMETRIC_REPRESENTATION_CONTEXT() REPRESENTATION_CONTEXT('2D SPACE',''
  ) );
#4612 = PCURVE('',#4613,#4618);
#4613 = CYLINDRICAL_SURFACE('',#4614,1.7);
#4614 = AXIS2_PLACEMENT_3D('',#4615,#4616,#4617);
#4615 = CARTESIAN_POINT('',(81.,-1.,-282.));
#4616 = DIRECTION('',(0.,1.,0.));
#4617 = DIRECTION('',(1.,0.,0.));
#4618 = DEFINITIONAL_REPRESENTATION('',(#4619),#4623);
#4619 = LINE('',#4620,#4621);
#4620 = CARTESIAN_POINT('',(0.,5.));
#4621 = VECTOR('',#4622,1.);
#4622 = DIRECTION('',(1.,0.));
#4623 = ( GEOMETRIC_REPRESENTATION_CONTEXT(2) 
PARAMETRIC_REPRESENTATION_CONTEXT() REPRESENTATION_CONTEXT('2D SPACE',''
  ) );
#4624 = ADVANCED_FACE('',(#4625),#4613,.F.);
#4625 = FACE_BOUND('',#4626,.F.);
#4626 = EDGE_LOOP('',(#4627,#4628,#4651,#4673));
#4627 = ORIENTED_EDGE('',*,*,#4596,.F.);
#4628 = ORIENTED_EDGE('',*,*,#4629,.F.);
#4629 = EDGE_CURVE('',#4630,#4597,#4632,.T.);
#4630 = VERTEX_POINT('',#4631);
#4631 = CARTESIAN_POINT('',(82.7,0.,-282.));
#4632 = SEAM_CURVE('',#4633,(#4637,#4644),.PCURVE_S1.);
#4633 = LINE('',#4634,#4635);
#4634 = CARTESIAN_POINT('',(82.7,-1.,-282.));
#4635 = VECTOR('',#4636,1.);
#4636 = DIRECTION('',(0.,1.,0.));
#4637 = PCURVE('',#4613,#4638);
#4638 = DEFINITIONAL_REPRESENTATION('',(#4639),#4643);
#4639 = LINE('',#4640,#4641);
#4640 = CARTESIAN_POINT('',(0.,-0.));
#4641 = VECTOR('',#4642,1.);
#4642 = DIRECTION('',(0.,1.));
#4643 = ( GEOMETRIC_REPRESENTATION_CONTEXT(2) 
PARAMETRIC_REPRESENTATION_CONTEXT() REPRESENTATION_CONTEXT('2D SPACE',''
  ) );
#4644 = PCURVE('',#4613,#4645);
#4645 = DEFINITIONAL_REPRESENTATION('',(#4646),#4650);
#4646 = LINE('',#4647,#4648);
#4647 = CARTESIAN_POINT('',(6.28318530718,-0.));
#4648 = VECTOR('',#4649,1.);
#4649 = DIRECTION('',(0.,1.));
#4650 = ( GEOMETRIC_REPRESENTATION_CONTEXT(2) 
PARAMETRIC_REPRESENTATION_CONTEXT() REPRESENTATION_CONTEXT('2D SPACE',''
  ) );
#4651 = ORIENTED_EDGE('',*,*,#4652,.T.);
#4652 = EDGE_CURVE('',#4630,#4630,#4653,.T.);
#4653 = SURFACE_CURVE('',#4654,(#4659,#4666),.PCURVE_S1.);
#4654 = CIRCLE('',#4655,1.7);
#4655 = AXIS2_PLACEMENT_3D('',#4656,#4657,#4658);
#4656 = CARTESIAN_POINT('',(81.,0.,-282.));
#4657 = DIRECTION('',(-0.,1.,0.));
#4658 = DIRECTION('',(1.,0.,0.));
#4659 = PCURVE('',#4613,#4660);
#4660 = DEFINITIONAL_REPRESENTATION('',(#4661),#4665);
#4661 = LINE('',#4662,#4663);
#4662 = CARTESIAN_POINT('',(0.,1.));
#4663 = VECTOR('',#4664,1.);
#4664 = DIRECTION('',(1.,0.));
#4665 = ( GEOMETRIC_REPRESENTATION_CONTEXT(2) 
PARAMETRIC_REPRESENTATION_CONTEXT() REPRESENTATION_CONTEXT('2D SPACE',''
  ) );
#4666 = PCURVE('',#44,#4667);
#4667 = DEFINITIONAL_REPRESENTATION('',(#4668),#4672);
#4668 = CIRCLE('',#4669,1.7);
#4669 = AXIS2_PLACEMENT_2D('',#4670,#4671);
#4670 = CARTESIAN_POINT('',(20.,197.));
#4671 = DIRECTION('',(0.,1.));
#4672 = ( GEOMETRIC_REPRESENTATION_CONTEXT(2) 
PARAMETRIC_REPRESENTATION_CONTEXT() REPRESENTATION_CONTEXT('2D SPACE',''
  ) );
#4673 = ORIENTED_EDGE('',*,*,#4629,.T.);
#4674 = ADVANCED_FACE('',(#4675),#4582,.F.);
#4675 = FACE_BOUND('',#4676,.F.);
#4676 = EDGE_LOOP('',(#4677,#4678,#4701,#4723));
#4677 = ORIENTED_EDGE('',*,*,#4565,.F.);
#4678 = ORIENTED_EDGE('',*,*,#4679,.F.);
#4679 = EDGE_CURVE('',#4680,#4566,#4682,.T.);
#4680 = VERTEX_POINT('',#4681);
#4681 = CARTESIAN_POINT('',(96.7,0.,-282.));
#4682 = SEAM_CURVE('',#4683,(#4687,#4694),.PCURVE_S1.);
#4683 = LINE('',#4684,#4685);
#4684 = CARTESIAN_POINT('',(96.7,-1.,-282.));
#4685 = VECTOR('',#4686,1.);
#4686 = DIRECTION('',(0.,1.,0.));
#4687 = PCURVE('',#4582,#4688);
#4688 = DEFINITIONAL_REPRESENTATION('',(#4689),#4693);
#4689 = LINE('',#4690,#4691);
#4690 = CARTESIAN_POINT('',(0.,-0.));
#4691 = VECTOR('',#4692,1.);
#4692 = DIRECTION('',(0.,1.));
#4693 = ( GEOMETRIC_REPRESENTATION_CONTEXT(2) 
PARAMETRIC_REPRESENTATION_CONTEXT() REPRESENTATION_CONTEXT('2D SPACE',''
  ) );
#4694 = PCURVE('',#4582,#4695);
#4695 = DEFINITIONAL_REPRESENTATION('',(#4696),#4700);
#4696 = LINE('',#4697,#4698);
#4697 = CARTESIAN_POINT('',(6.28318530718,-0.));
#4698 = VECTOR('',#4699,1.);
#4699 = DIRECTION('',(0.,1.));
#4700 = ( GEOMETRIC_REPRESENTATION_CONTEXT(2) 
PARAMETRIC_REPRESENTATION_CONTEXT() REPRESENTATION_CONTEXT('2D SPACE',''
  ) );
#4701 = ORIENTED_EDGE('',*,*,#4702,.T.);
#4702 = EDGE_CURVE('',#4680,#4680,#4703,.T.);
#4703 = SURFACE_CURVE('',#4704,(#4709,#4716),.PCURVE_S1.);
#4704 = CIRCLE('',#4705,1.7);
#4705 = AXIS2_PLACEMENT_3D('',#4706,#4707,#4708);
#4706 = CARTESIAN_POINT('',(95.,0.,-282.));
#4707 = DIRECTION('',(-0.,1.,0.));
#4708 = DIRECTION('',(1.,0.,0.));
#4709 = PCURVE('',#4582,#4710);
#4710 = DEFINITIONAL_REPRESENTATION('',(#4711),#4715);
#4711 = LINE('',#4712,#4713);
#4712 = CARTESIAN_POINT('',(0.,1.));
#4713 = VECTOR('',#4714,1.);
#4714 = DIRECTION('',(1.,0.));
#4715 = ( GEOMETRIC_REPRESENTATION_CONTEXT(2) 
PARAMETRIC_REPRESENTATION_CONTEXT() REPRESENTATION_CONTEXT('2D SPACE',''
  ) );
#4716 = PCURVE('',#44,#4717);
#4717 = DEFINITIONAL_REPRESENTATION('',(#4718),#4722);
#4718 = CIRCLE('',#4719,1.7);
#4719 = AXIS2_PLACEMENT_2D('',#4720,#4721);
#4720 = CARTESIAN_POINT('',(20.,211.));
#4721 = DIRECTION('',(0.,1.));
#4722 = ( GEOMETRIC_REPRESENTATION_CONTEXT(2) 
PARAMETRIC_REPRESENTATION_CONTEXT() REPRESENTATION_CONTEXT('2D SPACE',''
  ) );
#4723 = ORIENTED_EDGE('',*,*,#4679,.T.);
#4724 = ADVANCED_FACE('',(#4725),#1022,.T.);
#4725 = FACE_BOUND('',#4726,.T.);
#4726 = EDGE_LOOP('',(#4727,#4748,#4749,#4750));
#4727 = ORIENTED_EDGE('',*,*,#4728,.F.);
#4728 = EDGE_CURVE('',#142,#4266,#4729,.T.);
#4729 = SURFACE_CURVE('',#4730,(#4734,#4741),.PCURVE_S1.);
#4730 = LINE('',#4731,#4732);
#4731 = CARTESIAN_POINT('',(107.,0.,-299.));
#4732 = VECTOR('',#4733,1.);
#4733 = DIRECTION('',(0.,0.,1.));
#4734 = PCURVE('',#1022,#4735);
#4735 = DEFINITIONAL_REPRESENTATION('',(#4736),#4740);
#4736 = LINE('',#4737,#4738);
#4737 = CARTESIAN_POINT('',(0.,0.));
#4738 = VECTOR('',#4739,1.);
#4739 = DIRECTION('',(1.,0.));
#4740 = ( GEOMETRIC_REPRESENTATION_CONTEXT(2) 
PARAMETRIC_REPRESENTATION_CONTEXT() REPRESENTATION_CONTEXT('2D SPACE',''
  ) );
#4741 = PCURVE('',#44,#4742);
#4742 = DEFINITIONAL_REPRESENTATION('',(#4743),#4747);
#4743 = LINE('',#4744,#4745);
#4744 = CARTESIAN_POINT('',(3.,223.));
#4745 = VECTOR('',#4746,1.);
#4746 = DIRECTION('',(1.,0.));
#4747 = ( GEOMETRIC_REPRESENTATION_CONTEXT(2) 
PARAMETRIC_REPRESENTATION_CONTEXT() REPRESENTATION_CONTEXT('2D SPACE',''
  ) );
#4748 = ORIENTED_EDGE('',*,*,#1008,.T.);
#4749 = ORIENTED_EDGE('',*,*,#4542,.T.);
#4750 = ORIENTED_EDGE('',*,*,#4288,.F.);
#4751 = ADVANCED_FACE('',(#4752,#4782,#4813),#100,.T.);
#4752 = FACE_BOUND('',#4753,.T.);
#4753 = EDGE_LOOP('',(#4754,#4775,#4776,#4777,#4778,#4779,#4780,#4781));
#4754 = ORIENTED_EDGE('',*,*,#4755,.F.);
#4755 = EDGE_CURVE('',#57,#2954,#4756,.T.);
#4756 = SURFACE_CURVE('',#4757,(#4761,#4768),.PCURVE_S1.);
#4757 = LINE('',#4758,#4759);
#4758 = CARTESIAN_POINT('',(-116.,215.,-302.));
#4759 = VECTOR('',#4760,1.);
#4760 = DIRECTION('',(1.,0.,-0.));
#4761 = PCURVE('',#100,#4762);
#4762 = DEFINITIONAL_REPRESENTATION('',(#4763),#4767);
#4763 = LINE('',#4764,#4765);
#4764 = CARTESIAN_POINT('',(0.,0.));
#4765 = VECTOR('',#4766,1.);
#4766 = DIRECTION('',(0.,1.));
#4767 = ( GEOMETRIC_REPRESENTATION_CONTEXT(2) 
PARAMETRIC_REPRESENTATION_CONTEXT() REPRESENTATION_CONTEXT('2D SPACE',''
  ) );
#4768 = PCURVE('',#72,#4769);
#4769 = DEFINITIONAL_REPRESENTATION('',(#4770),#4774);
#4770 = LINE('',#4771,#4772);
#4771 = CARTESIAN_POINT('',(0.,215.));
#4772 = VECTOR('',#4773,1.);
#4773 = DIRECTION('',(1.,0.));
#4774 = ( GEOMETRIC_REPRESENTATION_CONTEXT(2) 
PARAMETRIC_REPRESENTATION_CONTEXT() REPRESENTATION_CONTEXT('2D SPACE',''
  ) );
#4775 = ORIENTED_EDGE('',*,*,#84,.T.);
#4776 = ORIENTED_EDGE('',*,*,#525,.T.);
#4777 = ORIENTED_EDGE('',*,*,#3577,.T.);
#4778 = ORIENTED_EDGE('',*,*,#3308,.T.);
#4779 = ORIENTED_EDGE('',*,*,#3025,.F.);
#4780 = ORIENTED_EDGE('',*,*,#194,.T.);
#4781 = ORIENTED_EDGE('',*,*,#2976,.F.);
#4782 = FACE_BOUND('',#4783,.T.);
#4783 = EDGE_LOOP('',(#4784));
#4784 = ORIENTED_EDGE('',*,*,#4785,.F.);
#4785 = EDGE_CURVE('',#4786,#4786,#4788,.T.);
#4786 = VERTEX_POINT('',#4787);
#4787 = CARTESIAN_POINT('',(-88.,215.,-293.));
#4788 = SURFACE_CURVE('',#4789,(#4794,#4801),.PCURVE_S1.);
#4789 = CIRCLE('',#4790,2.);
#4790 = AXIS2_PLACEMENT_3D('',#4791,#4792,#4793);
#4791 = CARTESIAN_POINT('',(-90.,215.,-293.));
#4792 = DIRECTION('',(-0.,1.,0.));
#4793 = DIRECTION('',(1.,0.,0.));
#4794 = PCURVE('',#100,#4795);
#4795 = DEFINITIONAL_REPRESENTATION('',(#4796),#4800);
#4796 = CIRCLE('',#4797,2.);
#4797 = AXIS2_PLACEMENT_2D('',#4798,#4799);
#4798 = CARTESIAN_POINT('',(9.,26.));
#4799 = DIRECTION('',(0.,1.));
#4800 = ( GEOMETRIC_REPRESENTATION_CONTEXT(2) 
PARAMETRIC_REPRESENTATION_CONTEXT() REPRESENTATION_CONTEXT('2D SPACE',''
  ) );
#4801 = PCURVE('',#4802,#4807);
#4802 = CYLINDRICAL_SURFACE('',#4803,2.);
#4803 = AXIS2_PLACEMENT_3D('',#4804,#4805,#4806);
#4804 = CARTESIAN_POINT('',(-90.,209.,-293.));
#4805 = DIRECTION('',(0.,1.,0.));
#4806 = DIRECTION('',(1.,0.,0.));
#4807 = DEFINITIONAL_REPRESENTATION('',(#4808),#4812);
#4808 = LINE('',#4809,#4810);
#4809 = CARTESIAN_POINT('',(0.,6.));
#4810 = VECTOR('',#4811,1.);
#4811 = DIRECTION('',(1.,0.));
#4812 = ( GEOMETRIC_REPRESENTATION_CONTEXT(2) 
PARAMETRIC_REPRESENTATION_CONTEXT() REPRESENTATION_CONTEXT('2D SPACE',''
  ) );
#4813 = FACE_BOUND('',#4814,.T.);
#4814 = EDGE_LOOP('',(#4815));
#4815 = ORIENTED_EDGE('',*,*,#4816,.F.);
#4816 = EDGE_CURVE('',#4817,#4817,#4819,.T.);
#4817 = VERTEX_POINT('',#4818);
#4818 = CARTESIAN_POINT('',(92.,215.,-293.));
#4819 = SURFACE_CURVE('',#4820,(#4825,#4832),.PCURVE_S1.);
#4820 = CIRCLE('',#4821,2.);
#4821 = AXIS2_PLACEMENT_3D('',#4822,#4823,#4824);
#4822 = CARTESIAN_POINT('',(90.,215.,-293.));
#4823 = DIRECTION('',(-0.,1.,0.));
#4824 = DIRECTION('',(1.,0.,0.));
#4825 = PCURVE('',#100,#4826);
#4826 = DEFINITIONAL_REPRESENTATION('',(#4827),#4831);
#4827 = CIRCLE('',#4828,2.);
#4828 = AXIS2_PLACEMENT_2D('',#4829,#4830);
#4829 = CARTESIAN_POINT('',(9.,206.));
#4830 = DIRECTION('',(0.,1.));
#4831 = ( GEOMETRIC_REPRESENTATION_CONTEXT(2) 
PARAMETRIC_REPRESENTATION_CONTEXT() REPRESENTATION_CONTEXT('2D SPACE',''
  ) );
#4832 = PCURVE('',#4833,#4838);
#4833 = CYLINDRICAL_SURFACE('',#4834,2.);
#4834 = AXIS2_PLACEMENT_3D('',#4835,#4836,#4837);
#4835 = CARTESIAN_POINT('',(90.,209.,-293.));
#4836 = DIRECTION('',(0.,1.,0.));
#4837 = DIRECTION('',(1.,0.,0.));
#4838 = DEFINITIONAL_REPRESENTATION('',(#4839),#4843);
#4839 = LINE('',#4840,#4841);
#4840 = CARTESIAN_POINT('',(0.,6.));
#4841 = VECTOR('',#4842,1.);
#4842 = DIRECTION('',(1.,0.));
#4843 = ( GEOMETRIC_REPRESENTATION_CONTEXT(2) 
PARAMETRIC_REPRESENTATION_CONTEXT() REPRESENTATION_CONTEXT('2D SPACE',''
  ) );
#4844 = ADVANCED_FACE('',(#4845),#4833,.F.);
#4845 = FACE_BOUND('',#4846,.F.);
#4846 = EDGE_LOOP('',(#4847,#4848,#4871,#4898));
#4847 = ORIENTED_EDGE('',*,*,#4816,.F.);
#4848 = ORIENTED_EDGE('',*,*,#4849,.F.);
#4849 = EDGE_CURVE('',#4850,#4817,#4852,.T.);
#4850 = VERTEX_POINT('',#4851);
#4851 = CARTESIAN_POINT('',(92.,209.,-293.));
#4852 = SEAM_CURVE('',#4853,(#4857,#4864),.PCURVE_S1.);
#4853 = LINE('',#4854,#4855);
#4854 = CARTESIAN_POINT('',(92.,209.,-293.));
#4855 = VECTOR('',#4856,1.);
#4856 = DIRECTION('',(0.,1.,0.));
#4857 = PCURVE('',#4833,#4858);
#4858 = DEFINITIONAL_REPRESENTATION('',(#4859),#4863);
#4859 = LINE('',#4860,#4861);
#4860 = CARTESIAN_POINT('',(0.,-0.));
#4861 = VECTOR('',#4862,1.);
#4862 = DIRECTION('',(0.,1.));
#4863 = ( GEOMETRIC_REPRESENTATION_CONTEXT(2) 
PARAMETRIC_REPRESENTATION_CONTEXT() REPRESENTATION_CONTEXT('2D SPACE',''
  ) );
#4864 = PCURVE('',#4833,#4865);
#4865 = DEFINITIONAL_REPRESENTATION('',(#4866),#4870);
#4866 = LINE('',#4867,#4868);
#4867 = CARTESIAN_POINT('',(6.28318530718,-0.));
#4868 = VECTOR('',#4869,1.);
#4869 = DIRECTION('',(0.,1.));
#4870 = ( GEOMETRIC_REPRESENTATION_CONTEXT(2) 
PARAMETRIC_REPRESENTATION_CONTEXT() REPRESENTATION_CONTEXT('2D SPACE',''
  ) );
#4871 = ORIENTED_EDGE('',*,*,#4872,.T.);
#4872 = EDGE_CURVE('',#4850,#4850,#4873,.T.);
#4873 = SURFACE_CURVE('',#4874,(#4879,#4886),.PCURVE_S1.);
#4874 = CIRCLE('',#4875,2.);
#4875 = AXIS2_PLACEMENT_3D('',#4876,#4877,#4878);
#4876 = CARTESIAN_POINT('',(90.,209.,-293.));
#4877 = DIRECTION('',(-0.,1.,0.));
#4878 = DIRECTION('',(1.,0.,0.));
#4879 = PCURVE('',#4833,#4880);
#4880 = DEFINITIONAL_REPRESENTATION('',(#4881),#4885);
#4881 = LINE('',#4882,#4883);
#4882 = CARTESIAN_POINT('',(0.,0.));
#4883 = VECTOR('',#4884,1.);
#4884 = DIRECTION('',(1.,0.));
#4885 = ( GEOMETRIC_REPRESENTATION_CONTEXT(2) 
PARAMETRIC_REPRESENTATION_CONTEXT() REPRESENTATION_CONTEXT('2D SPACE',''
  ) );
#4886 = PCURVE('',#4887,#4892);
#4887 = PLANE('',#4888);
#4888 = AXIS2_PLACEMENT_3D('',#4889,#4890,#4891);
#4889 = CARTESIAN_POINT('',(90.,209.,-293.));
#4890 = DIRECTION('',(0.,1.,0.));
#4891 = DIRECTION('',(1.,0.,0.));
#4892 = DEFINITIONAL_REPRESENTATION('',(#4893),#4897);
#4893 = CIRCLE('',#4894,2.);
#4894 = AXIS2_PLACEMENT_2D('',#4895,#4896);
#4895 = CARTESIAN_POINT('',(0.,0.));
#4896 = DIRECTION('',(1.,0.));
#4897 = ( GEOMETRIC_REPRESENTATION_CONTEXT(2) 
PARAMETRIC_REPRESENTATION_CONTEXT() REPRESENTATION_CONTEXT('2D SPACE',''
  ) );
#4898 = ORIENTED_EDGE('',*,*,#4849,.T.);
#4899 = ADVANCED_FACE('',(#4900),#4887,.T.);
#4900 = FACE_BOUND('',#4901,.F.);
#4901 = EDGE_LOOP('',(#4902));
#4902 = ORIENTED_EDGE('',*,*,#4872,.F.);
#4903 = ADVANCED_FACE('',(#4904),#4802,.F.);
#4904 = FACE_BOUND('',#4905,.F.);
#4905 = EDGE_LOOP('',(#4906,#4907,#4930,#4957));
#4906 = ORIENTED_EDGE('',*,*,#4785,.F.);
#4907 = ORIENTED_EDGE('',*,*,#4908,.F.);
#4908 = EDGE_CURVE('',#4909,#4786,#4911,.T.);
#4909 = VERTEX_POINT('',#4910);
#4910 = CARTESIAN_POINT('',(-88.,209.,-293.));
#4911 = SEAM_CURVE('',#4912,(#4916,#4923),.PCURVE_S1.);
#4912 = LINE('',#4913,#4914);
#4913 = CARTESIAN_POINT('',(-88.,209.,-293.));
#4914 = VECTOR('',#4915,1.);
#4915 = DIRECTION('',(0.,1.,0.));
#4916 = PCURVE('',#4802,#4917);
#4917 = DEFINITIONAL_REPRESENTATION('',(#4918),#4922);
#4918 = LINE('',#4919,#4920);
#4919 = CARTESIAN_POINT('',(0.,-0.));
#4920 = VECTOR('',#4921,1.);
#4921 = DIRECTION('',(0.,1.));
#4922 = ( GEOMETRIC_REPRESENTATION_CONTEXT(2) 
PARAMETRIC_REPRESENTATION_CONTEXT() REPRESENTATION_CONTEXT('2D SPACE',''
  ) );
#4923 = PCURVE('',#4802,#4924);
#4924 = DEFINITIONAL_REPRESENTATION('',(#4925),#4929);
#4925 = LINE('',#4926,#4927);
#4926 = CARTESIAN_POINT('',(6.28318530718,-0.));
#4927 = VECTOR('',#4928,1.);
#4928 = DIRECTION('',(0.,1.));
#4929 = ( GEOMETRIC_REPRESENTATION_CONTEXT(2) 
PARAMETRIC_REPRESENTATION_CONTEXT() REPRESENTATION_CONTEXT('2D SPACE',''
  ) );
#4930 = ORIENTED_EDGE('',*,*,#4931,.T.);
#4931 = EDGE_CURVE('',#4909,#4909,#4932,.T.);
#4932 = SURFACE_CURVE('',#4933,(#4938,#4945),.PCURVE_S1.);
#4933 = CIRCLE('',#4934,2.);
#4934 = AXIS2_PLACEMENT_3D('',#4935,#4936,#4937);
#4935 = CARTESIAN_POINT('',(-90.,209.,-293.));
#4936 = DIRECTION('',(-0.,1.,0.));
#4937 = DIRECTION('',(1.,0.,0.));
#4938 = PCURVE('',#4802,#4939);
#4939 = DEFINITIONAL_REPRESENTATION('',(#4940),#4944);
#4940 = LINE('',#4941,#4942);
#4941 = CARTESIAN_POINT('',(0.,0.));
#4942 = VECTOR('',#4943,1.);
#4943 = DIRECTION('',(1.,0.));
#4944 = ( GEOMETRIC_REPRESENTATION_CONTEXT(2) 
PARAMETRIC_REPRESENTATION_CONTEXT() REPRESENTATION_CONTEXT('2D SPACE',''
  ) );
#4945 = PCURVE('',#4946,#4951);
#4946 = PLANE('',#4947);
#4947 = AXIS2_PLACEMENT_3D('',#4948,#4949,#4950);
#4948 = CARTESIAN_POINT('',(-90.,209.,-293.));
#4949 = DIRECTION('',(0.,1.,0.));
#4950 = DIRECTION('',(1.,0.,0.));
#4951 = DEFINITIONAL_REPRESENTATION('',(#4952),#4956);
#4952 = CIRCLE('',#4953,2.);
#4953 = AXIS2_PLACEMENT_2D('',#4954,#4955);
#4954 = CARTESIAN_POINT('',(0.,0.));
#4955 = DIRECTION('',(1.,0.));
#4956 = ( GEOMETRIC_REPRESENTATION_CONTEXT(2) 
PARAMETRIC_REPRESENTATION_CONTEXT() REPRESENTATION_CONTEXT('2D SPACE',''
  ) );
#4957 = ORIENTED_EDGE('',*,*,#4908,.T.);
#4958 = ADVANCED_FACE('',(#4959),#4946,.T.);
#4959 = FACE_BOUND('',#4960,.F.);
#4960 = EDGE_LOOP('',(#4961));
#4961 = ORIENTED_EDGE('',*,*,#4931,.F.);
#4962 = ADVANCED_FACE('',(#4963,#4989,#4992,#4995,#4998,#5004,#5010,
    #5016,#5022),#72,.F.);
#4963 = FACE_BOUND('',#4964,.F.);
#4964 = EDGE_LOOP('',(#4965,#4966,#4987,#4988));
#4965 = ORIENTED_EDGE('',*,*,#56,.F.);
#4966 = ORIENTED_EDGE('',*,*,#4967,.T.);
#4967 = EDGE_CURVE('',#22,#2931,#4968,.T.);
#4968 = SURFACE_CURVE('',#4969,(#4973,#4980),.PCURVE_S1.);
#4969 = LINE('',#4970,#4971);
#4970 = CARTESIAN_POINT('',(-116.,0.,-302.));
#4971 = VECTOR('',#4972,1.);
#4972 = DIRECTION('',(1.,0.,-0.));
#4973 = PCURVE('',#72,#4974);
#4974 = DEFINITIONAL_REPRESENTATION('',(#4975),#4979);
#4975 = LINE('',#4976,#4977);
#4976 = CARTESIAN_POINT('',(0.,0.));
#4977 = VECTOR('',#4978,1.);
#4978 = DIRECTION('',(1.,0.));
#4979 = ( GEOMETRIC_REPRESENTATION_CONTEXT(2) 
PARAMETRIC_REPRESENTATION_CONTEXT() REPRESENTATION_CONTEXT('2D SPACE',''
  ) );
#4980 = PCURVE('',#44,#4981);
#4981 = DEFINITIONAL_REPRESENTATION('',(#4982),#4986);
#4982 = LINE('',#4983,#4984);
#4983 = CARTESIAN_POINT('',(0.,0.));
#4984 = VECTOR('',#4985,1.);
#4985 = DIRECTION('',(0.,1.));
#4986 = ( GEOMETRIC_REPRESENTATION_CONTEXT(2) 
PARAMETRIC_REPRESENTATION_CONTEXT() REPRESENTATION_CONTEXT('2D SPACE',''
  ) );
#4987 = ORIENTED_EDGE('',*,*,#2953,.T.);
#4988 = ORIENTED_EDGE('',*,*,#4755,.F.);
#4989 = FACE_BOUND('',#4990,.F.);
#4990 = EDGE_LOOP('',(#4991));
#4991 = ORIENTED_EDGE('',*,*,#2904,.F.);
#4992 = FACE_BOUND('',#4993,.F.);
#4993 = EDGE_LOOP('',(#4994));
#4994 = ORIENTED_EDGE('',*,*,#2854,.F.);
#4995 = FACE_BOUND('',#4996,.F.);
#4996 = EDGE_LOOP('',(#4997));
#4997 = ORIENTED_EDGE('',*,*,#2804,.F.);
#4998 = FACE_BOUND('',#4999,.F.);
#4999 = EDGE_LOOP('',(#5000,#5001,#5002,#5003));
#5000 = ORIENTED_EDGE('',*,*,#2753,.F.);
#5001 = ORIENTED_EDGE('',*,*,#2699,.T.);
#5002 = ORIENTED_EDGE('',*,*,#2597,.T.);
#5003 = ORIENTED_EDGE('',*,*,#2645,.T.);
#5004 = FACE_BOUND('',#5005,.F.);
#5005 = EDGE_LOOP('',(#5006,#5007,#5008,#5009));
#5006 = ORIENTED_EDGE('',*,*,#2547,.F.);
#5007 = ORIENTED_EDGE('',*,*,#2493,.T.);
#5008 = ORIENTED_EDGE('',*,*,#2391,.T.);
#5009 = ORIENTED_EDGE('',*,*,#2439,.T.);
#5010 = FACE_BOUND('',#5011,.F.);
#5011 = EDGE_LOOP('',(#5012,#5013,#5014,#5015));
#5012 = ORIENTED_EDGE('',*,*,#2341,.F.);
#5013 = ORIENTED_EDGE('',*,*,#2287,.T.);
#5014 = ORIENTED_EDGE('',*,*,#2185,.T.);
#5015 = ORIENTED_EDGE('',*,*,#2233,.T.);
#5016 = FACE_BOUND('',#5017,.F.);
#5017 = EDGE_LOOP('',(#5018,#5019,#5020,#5021));
#5018 = ORIENTED_EDGE('',*,*,#2135,.F.);
#5019 = ORIENTED_EDGE('',*,*,#2081,.T.);
#5020 = ORIENTED_EDGE('',*,*,#1979,.T.);
#5021 = ORIENTED_EDGE('',*,*,#2027,.T.);
#5022 = FACE_BOUND('',#5023,.F.);
#5023 = EDGE_LOOP('',(#5024,#5025,#5026,#5027));
#5024 = ORIENTED_EDGE('',*,*,#1929,.F.);
#5025 = ORIENTED_EDGE('',*,*,#1875,.T.);
#5026 = ORIENTED_EDGE('',*,*,#1773,.T.);
#5027 = ORIENTED_EDGE('',*,*,#1821,.T.);
#5028 = ADVANCED_FACE('',(#5029,#5043,#5046,#5049,#5052),#44,.F.);
#5029 = FACE_BOUND('',#5030,.F.);
#5030 = EDGE_LOOP('',(#5031,#5032,#5033,#5034,#5035,#5036,#5037,#5038,
    #5039,#5040,#5041,#5042));
#5031 = ORIENTED_EDGE('',*,*,#4967,.F.);
#5032 = ORIENTED_EDGE('',*,*,#21,.T.);
#5033 = ORIENTED_EDGE('',*,*,#547,.T.);
#5034 = ORIENTED_EDGE('',*,*,#3602,.T.);
#5035 = ORIENTED_EDGE('',*,*,#3702,.T.);
#5036 = ORIENTED_EDGE('',*,*,#4137,.F.);
#5037 = ORIENTED_EDGE('',*,*,#766,.T.);
#5038 = ORIENTED_EDGE('',*,*,#4165,.T.);
#5039 = ORIENTED_EDGE('',*,*,#4265,.F.);
#5040 = ORIENTED_EDGE('',*,*,#4728,.F.);
#5041 = ORIENTED_EDGE('',*,*,#141,.T.);
#5042 = ORIENTED_EDGE('',*,*,#2930,.F.);
#5043 = FACE_BOUND('',#5044,.F.);
#5044 = EDGE_LOOP('',(#5045));
#5045 = ORIENTED_EDGE('',*,*,#4058,.F.);
#5046 = FACE_BOUND('',#5047,.F.);
#5047 = EDGE_LOOP('',(#5048));
#5048 = ORIENTED_EDGE('',*,*,#4008,.F.);
#5049 = FACE_BOUND('',#5050,.F.);
#5050 = EDGE_LOOP('',(#5051));
#5051 = ORIENTED_EDGE('',*,*,#4652,.F.);
#5052 = FACE_BOUND('',#5053,.F.);
#5053 = EDGE_LOOP('',(#5054));
#5054 = ORIENTED_EDGE('',*,*,#4702,.F.);
#5055 = ( GEOMETRIC_REPRESENTATION_CONTEXT(3) 
GLOBAL_UNCERTAINTY_ASSIGNED_CONTEXT((#5059)) 
GLOBAL_UNIT_ASSIGNED_CONTEXT((#5056,#5057,#5058)) REPRESENTATION_CONTEXT
('Context #1','3D Context with UNIT and UNCERTAINTY') );
#5056 = ( LENGTH_UNIT() NAMED_UNIT(*) SI_UNIT(.MILLI.,.METRE.) );
#5057 = ( NAMED_UNIT(*) PLANE_ANGLE_UNIT() SI_UNIT($,.RADIAN.) );
#5058 = ( NAMED_UNIT(*) SI_UNIT($,.STERADIAN.) SOLID_ANGLE_UNIT() );
#5059 = UNCERTAINTY_MEASURE_WITH_UNIT(LENGTH_MEASURE(1.E-07),#5056,
  'distance_accuracy_value','confusion accuracy');
#5060 = PRODUCT_RELATED_PRODUCT_CATEGORY('part',$,(#7));
ENDSEC;
END-ISO-10303-21;
