ISO-10303-21;
HEADER;
FILE_DESCRIPTION(('Open CASCADE Model'),'2;1');
FILE_NAME('Open CASCADE Shape Model','2026-09-25T13:22:08',('Author'),(
    'Open CASCADE'),'Open CASCADE STEP processor 8.0','Open CASCADE 8.0'
  ,'Unknown');
FILE_SCHEMA(('AUTOMOTIVE_DESIGN { 1 0 10303 214 1 1 1 1 }'));
ENDSEC;
DATA;
#1 = APPLICATION_PROTOCOL_DEFINITION('international standard',
  'automotive_design',2000,#2);
#2 = APPLICATION_CONTEXT(
  'core data for automotive mechanical design processes');
#3 = SHAPE_DEFINITION_REPRESENTATION(#4,#10);
#4 = PRODUCT_DEFINITION_SHAPE('','',#5);
#5 = PRODUCT_DEFINITION('design','',#6,#9);
#6 = PRODUCT_DEFINITION_FORMATION('','',#7);
#7 = PRODUCT('OD-H24','OD-H24 Flowmeter','',(#8));
#8 = PRODUCT_CONTEXT('',#2,'mechanical');
#9 = PRODUCT_DEFINITION_CONTEXT('part definition',#2,'design');
#10 = ADVANCED_BREP_SHAPE_REPRESENTATION('',(#11,#15),#15692);
#11 = AXIS2_PLACEMENT_3D('',#12,#13,#14);
#12 = CARTESIAN_POINT('',(0.,0.,0.));
#13 = DIRECTION('',(0.,0.,1.));
#14 = DIRECTION('',(1.,0.,-0.));
#15 = MANIFOLD_SOLID_BREP('OD-H24 Flowmeter',#16);
#16 = CLOSED_SHELL('',(#17,#367,#421,#632,#1474,#1550,#1633,#1668,#3151,
    #3227,#3298,#3325,#3419,#3492,#3497,#3737,#3786,#3841,#3896,#3945,
    #3972,#4020,#4069,#4096,#4144,#4193,#4220,#4301,#4400,#4521,#4571,
    #4620,#4674,#4723,#4773,#4822,#4854,#4930,#4957,#4984,#5061,#5110,
    #5164,#5213,#5263,#5312,#5366,#5393,#5470,#5519,#5573,#5622,#5672,
    #5721,#5775,#5802,#5879,#5928,#5982,#6031,#6081,#6130,#6184,#6211,
    #6218,#6225,#6232,#6239,#6294,#6329,#7020,#7026,#7037,#7048,#7059,
    #7070,#7125,#7747,#7823,#7872,#7921,#7948,#8024,#8073,#8122,#8149,
    #8337,#8386,#8435,#8554,#8630,#8679,#8728,#8755,#8943,#8992,#9041,
    #9160,#9348,#9397,#9538,#9565,#9620,#9674,#9729,#9850,#9971,#9998,
    #10025,#10052,#10079,#10086,#10207,#10234,#10261,#10288,#10315,
    #10322,#10349,#10376,#10403,#10430,#10437,#10492,#10527,#10582,
    #10658,#10712,#10766,#10798,#10874,#10928,#10982,#11014,#11090,
    #11144,#11198,#11230,#11285,#11976,#12031,#12107,#12156,#12205,
    #12232,#12308,#12357,#12406,#12433,#12509,#12558,#12607,#12634,
    #12693,#13088,#13236,#13285,#13402,#13550,#13599,#13738,#13788,
    #13936,#13985,#14102,#14250,#14299,#14416,#14471,#14478,#14485,
    #14492,#14531,#14559,#14608,#14656,#14781,#14829,#14857,#14885,
    #14939,#14967,#14974,#15004,#15011,#15041,#15048,#15076,#15083,
    #15138,#15193,#15248,#15303,#15358,#15362,#15366,#15370,#15425,
    #15480,#15535,#15594,#15633,#15688));
#17 = ADVANCED_FACE('',(#18),#31,.T.);
#18 = FACE_BOUND('',#19,.T.);
#19 = EDGE_LOOP('',(#20,#54,#77,#105,#238,#275,#345,#366));
#20 = ORIENTED_EDGE('',*,*,#21,.T.);
#21 = EDGE_CURVE('',#22,#22,#24,.T.);
#22 = VERTEX_POINT('',#23);
#23 = CARTESIAN_POINT('',(20.256528828384,-1.240354659576E-15,
    13.063361910109));
#24 = SURFACE_CURVE('',#25,(#30,#42),.PCURVE_S1.);
#25 = CIRCLE('',#26,20.256528828384);
#26 = AXIS2_PLACEMENT_3D('',#27,#28,#29);
#27 = CARTESIAN_POINT('',(0.,0.,13.063361910109));
#28 = DIRECTION('',(0.,-0.,1.));
#29 = DIRECTION('',(1.,-6.123233995737E-17,-0.));
#30 = PCURVE('',#31,#36);
#31 = CONICAL_SURFACE('',#32,20.25,1.659598654591E-02);
#32 = AXIS2_PLACEMENT_3D('',#33,#34,#35);
#33 = CARTESIAN_POINT('',(0.,0.,12.67));
#34 = DIRECTION('',(0.,0.,1.));
#35 = DIRECTION('',(1.,0.,-0.));
#36 = DEFINITIONAL_REPRESENTATION('',(#37),#41);
#37 = LINE('',#38,#39);
#38 = CARTESIAN_POINT('',(0.,0.393361910109));
#39 = VECTOR('',#40,1.);
#40 = DIRECTION('',(1.,0.));
#41 = ( GEOMETRIC_REPRESENTATION_CONTEXT(2) 
PARAMETRIC_REPRESENTATION_CONTEXT() REPRESENTATION_CONTEXT('2D SPACE',''
  ) );
#42 = PCURVE('',#43,#48);
#43 = TOROIDAL_SURFACE('',#44,19.856583912473,0.4);
#44 = AXIS2_PLACEMENT_3D('',#45,#46,#47);
#45 = CARTESIAN_POINT('',(0.,0.,13.07));
#46 = DIRECTION('',(-0.,0.,-1.));
#47 = DIRECTION('',(1.,-6.123233995737E-17,-0.));
#48 = DEFINITIONAL_REPRESENTATION('',(#49),#53);
#49 = LINE('',#50,#51);
#50 = CARTESIAN_POINT('',(6.28318530718,1.659598654681E-02));
#51 = VECTOR('',#52,1.);
#52 = DIRECTION('',(-1.,0.));
#53 = ( GEOMETRIC_REPRESENTATION_CONTEXT(2) 
PARAMETRIC_REPRESENTATION_CONTEXT() REPRESENTATION_CONTEXT('2D SPACE',''
  ) );
#54 = ORIENTED_EDGE('',*,*,#55,.T.);
#55 = EDGE_CURVE('',#22,#56,#58,.T.);
#56 = VERTEX_POINT('',#57);
#57 = CARTESIAN_POINT('',(20.359876230127,-1.246682862813E-15,
    19.290042865164));
#58 = SEAM_CURVE('',#59,(#63,#70),.PCURVE_S1.);
#59 = LINE('',#60,#61);
#60 = CARTESIAN_POINT('',(20.25,0.,12.67));
#61 = VECTOR('',#62,1.);
#62 = DIRECTION('',(1.659522472657E-02,0.,0.999862289776));
#63 = PCURVE('',#31,#64);
#64 = DEFINITIONAL_REPRESENTATION('',(#65),#69);
#65 = LINE('',#66,#67);
#66 = CARTESIAN_POINT('',(6.28318530718,0.));
#67 = VECTOR('',#68,1.);
#68 = DIRECTION('',(0.,1.));
#69 = ( GEOMETRIC_REPRESENTATION_CONTEXT(2) 
PARAMETRIC_REPRESENTATION_CONTEXT() REPRESENTATION_CONTEXT('2D SPACE',''
  ) );
#70 = PCURVE('',#31,#71);
#71 = DEFINITIONAL_REPRESENTATION('',(#72),#76);
#72 = LINE('',#73,#74);
#73 = CARTESIAN_POINT('',(4.138911435803E-13,0.));
#74 = VECTOR('',#75,1.);
#75 = DIRECTION('',(0.,1.));
#76 = ( GEOMETRIC_REPRESENTATION_CONTEXT(2) 
PARAMETRIC_REPRESENTATION_CONTEXT() REPRESENTATION_CONTEXT('2D SPACE',''
  ) );
#77 = ORIENTED_EDGE('',*,*,#78,.F.);
#78 = EDGE_CURVE('',#79,#56,#81,.T.);
#79 = VERTEX_POINT('',#80);
#80 = CARTESIAN_POINT('',(0.922430362361,-20.33896954943,19.290042865164
    ));
#81 = SURFACE_CURVE('',#82,(#87,#94),.PCURVE_S1.);
#82 = CIRCLE('',#83,20.359876230127);
#83 = AXIS2_PLACEMENT_3D('',#84,#85,#86);
#84 = CARTESIAN_POINT('',(0.,0.,19.290042865164));
#85 = DIRECTION('',(0.,0.,1.));
#86 = DIRECTION('',(1.,-6.123233995737E-17,0.));
#87 = PCURVE('',#31,#88);
#88 = DEFINITIONAL_REPRESENTATION('',(#89),#93);
#89 = LINE('',#90,#91);
#90 = CARTESIAN_POINT('',(0.,6.620042865164));
#91 = VECTOR('',#92,1.);
#92 = DIRECTION('',(1.,0.));
#93 = ( GEOMETRIC_REPRESENTATION_CONTEXT(2) 
PARAMETRIC_REPRESENTATION_CONTEXT() REPRESENTATION_CONTEXT('2D SPACE',''
  ) );
#94 = PCURVE('',#95,#100);
#95 = TOROIDAL_SURFACE('',#96,19.759958856262,0.6);
#96 = AXIS2_PLACEMENT_3D('',#97,#98,#99);
#97 = CARTESIAN_POINT('',(0.,0.,19.3));
#98 = DIRECTION('',(0.,0.,1.));
#99 = DIRECTION('',(1.,-6.123233995737E-17,0.));
#100 = DEFINITIONAL_REPRESENTATION('',(#101),#104);
#101 = B_SPLINE_CURVE_WITH_KNOTS('',1,(#102,#103),.UNSPECIFIED.,.F.,.F.,
  (2,2),(4.757710779808,6.28318530718),.PIECEWISE_BEZIER_KNOTS.);
#102 = CARTESIAN_POINT('',(-1.525474527372,-1.659598654591E-02));
#103 = CARTESIAN_POINT('',(4.138911435803E-13,-1.659598654591E-02));
#104 = ( GEOMETRIC_REPRESENTATION_CONTEXT(2) 
PARAMETRIC_REPRESENTATION_CONTEXT() REPRESENTATION_CONTEXT('2D SPACE',''
  ) );
#105 = ORIENTED_EDGE('',*,*,#106,.T.);
#106 = EDGE_CURVE('',#79,#107,#109,.T.);
#107 = VERTEX_POINT('',#108);
#108 = CARTESIAN_POINT('',(-3.609199667568,-19.99336182111,
    16.677613869552));
#109 = SURFACE_CURVE('',#110,(#149,#191),.PCURVE_S1.);
#110 = B_SPLINE_CURVE_WITH_KNOTS('',5,(#111,#112,#113,#114,#115,#116,
    #117,#118,#119,#120,#121,#122,#123,#124,#125,#126,#127,#128,#129,
    #130,#131,#132,#133,#134,#135,#136,#137,#138,#139,#140,#141,#142,
    #143,#144,#145,#146,#147,#148),.UNSPECIFIED.,.F.,.F.,(6,4,4,4,4,4,4,
    4,4,6),(0.,0.160313046461,0.332287653099,0.477042768392,
    0.591551990846,0.653573815901,0.779420861134,0.876593561814,
    0.922214405721,1.),.UNSPECIFIED.);
#111 = CARTESIAN_POINT('',(0.922430362361,-20.33896954943,
    19.290042865164));
#112 = CARTESIAN_POINT('',(0.894686126626,-20.33759971793,
    19.131861723522));
#113 = CARTESIAN_POINT('',(0.857460613796,-20.33662744719,
    18.974553974226));
#114 = CARTESIAN_POINT('',(0.81063039772,-20.33600014454,18.818519315642
    ));
#115 = CARTESIAN_POINT('',(0.7539986823,-20.33562510247,18.66423542046)
  );
#116 = CARTESIAN_POINT('',(0.615723329019,-20.3350673556,18.349239707874
    ));
#117 = CARTESIAN_POINT('',(0.532569120506,-20.33490061419,
    18.188897189855));
#118 = CARTESIAN_POINT('',(0.437472734845,-20.33467487952,
    18.031913674364));
#119 = CARTESIAN_POINT('',(0.330029295652,-20.33413718574,
    17.879222429565));
#120 = CARTESIAN_POINT('',(0.108649805797,-20.33192156435,
    17.608102185501));
#121 = CARTESIAN_POINT('',(-1.552037090475E-03,-20.33043757398,
    17.48809461787));
#122 = CARTESIAN_POINT('',(-0.121019676964,-20.3282727967,
    17.372697983661));
#123 = CARTESIAN_POINT('',(-0.249910173194,-20.32516437788,
    17.262871951043));
#124 = CARTESIAN_POINT('',(-0.497505630904,-20.31736896246,
    17.078175183441));
#125 = CARTESIAN_POINT('',(-0.612702698378,-20.31314778185,
    17.000802430909));
#126 = CARTESIAN_POINT('',(-0.733687779138,-20.30800184067,
    16.928200442744));
#127 = CARTESIAN_POINT('',(-0.860264151218,-20.30177095082,
    16.86104234737));
#128 = CARTESIAN_POINT('',(-1.063325375969,-20.29028159379,
    16.766938046869));
#129 = CARTESIAN_POINT('',(-1.136175708296,-20.28588660983,
    16.735670375921));
#130 = CARTESIAN_POINT('',(-1.210459749619,-20.2811118304,16.70630466138
    ));
#131 = CARTESIAN_POINT('',(-1.28608207127,-20.2759381098,16.678946948967
    ));
#132 = CARTESIAN_POINT('',(-1.518830792485,-20.25901626981,
    16.602452486196));
#133 = CARTESIAN_POINT('',(-1.679784118798,-20.24597889878,
    16.559863632095));
#134 = CARTESIAN_POINT('',(-1.844676143405,-20.23112894186,
    16.526763714691));
#135 = CARTESIAN_POINT('',(-2.01214460865,-20.21443903453,
    16.503724807773));
#136 = CARTESIAN_POINT('',(-2.310569373423,-20.1818378948,16.48092689067
    ));
#137 = CARTESIAN_POINT('',(-2.441177302613,-20.16661281795,
    16.47705738633));
#138 = CARTESIAN_POINT('',(-2.571623380458,-20.15042598907,
    16.479304861404));
#139 = CARTESIAN_POINT('',(-2.701226848289,-20.13337477338,
    16.487550946543));
#140 = CARTESIAN_POINT('',(-2.889530237315,-20.10723386206,
    16.508135343097));
#141 = CARTESIAN_POINT('',(-2.949371268287,-20.09871913746,
    16.51598212602));
#142 = CARTESIAN_POINT('',(-3.008831293521,-20.09005416801,
    16.525074701046));
#143 = CARTESIAN_POINT('',(-3.067855136898,-20.08125233728,
    16.535384460459));
#144 = CARTESIAN_POINT('',(-3.226204813263,-20.05711063918,
    16.56647692086));
#145 = CARTESIAN_POINT('',(-3.324605696877,-20.0415363045,
    16.589519076929));
#146 = CARTESIAN_POINT('',(-3.421353771138,-20.02567351518,
    16.615844937589));
#147 = CARTESIAN_POINT('',(-3.516265252146,-20.00959285539,
    16.645271017801));
#148 = CARTESIAN_POINT('',(-3.609201813516,-19.99336144632,
    16.677614616379));
#149 = PCURVE('',#31,#150);
#150 = DEFINITIONAL_REPRESENTATION('',(#151),#190);
#151 = B_SPLINE_CURVE_WITH_KNOTS('',5,(#152,#153,#154,#155,#156,#157,
    #158,#159,#160,#161,#162,#163,#164,#165,#166,#167,#168,#169,#170,
    #171,#172,#173,#174,#175,#176,#177,#178,#179,#180,#181,#182,#183,
    #184,#185,#186,#187,#188,#189),.UNSPECIFIED.,.F.,.F.,(6,4,4,4,4,4,4,
    4,4,6),(0.,0.160313046461,0.332287653099,0.477042768392,
    0.591551990846,0.653573815901,0.779420861134,0.876593561814,
    0.922214405721,1.),.UNSPECIFIED.);
#152 = CARTESIAN_POINT('',(4.757710779808,6.620042865164));
#153 = CARTESIAN_POINT('',(4.756352535579,6.461861723522));
#154 = CARTESIAN_POINT('',(4.754527763092,6.304553974226));
#155 = CARTESIAN_POINT('',(4.752230218957,6.148519315642));
#156 = CARTESIAN_POINT('',(4.749450144632,5.99423542046));
#157 = CARTESIAN_POINT('',(4.742659078129,5.679239707874));
#158 = CARTESIAN_POINT('',(4.738573708832,5.518897189855));
#159 = CARTESIAN_POINT('',(4.733900239284,5.361913674364));
#160 = CARTESIAN_POINT('',(4.728618641697,5.209222429565));
#161 = CARTESIAN_POINT('',(4.717733195787,4.938102185501));
#162 = CARTESIAN_POINT('',(4.712313398926,4.81809461787));
#163 = CARTESIAN_POINT('',(4.70643663171,4.702697983661));
#164 = CARTESIAN_POINT('',(4.700094673874,4.592871951043));
#165 = CARTESIAN_POINT('',(4.687907463929,4.408175183441));
#166 = CARTESIAN_POINT('',(4.682235747627,4.330802430909));
#167 = CARTESIAN_POINT('',(4.676277212124,4.258200442744));
#168 = CARTESIAN_POINT('',(4.670040881668,4.19104234737));
#169 = CARTESIAN_POINT('',(4.660031307723,4.096938046869));
#170 = CARTESIAN_POINT('',(4.656439375091,4.065670375921));
#171 = CARTESIAN_POINT('',(4.652775740166,4.03630466138));
#172 = CARTESIAN_POINT('',(4.649044955362,4.008946948967));
#173 = CARTESIAN_POINT('',(4.637558529351,3.932452486196));
#174 = CARTESIAN_POINT('',(4.629610074742,3.889863632095));
#175 = CARTESIAN_POINT('',(4.621460675652,3.856763714691));
#176 = CARTESIAN_POINT('',(4.613176107084,3.833724807773));
#177 = CARTESIAN_POINT('',(4.598397697865,3.81092689067));
#178 = CARTESIAN_POINT('',(4.591924624297,3.80705738633));
#179 = CARTESIAN_POINT('',(4.585453860533,3.809304861404));
#180 = CARTESIAN_POINT('',(4.579018819129,3.817550946543));
#181 = CARTESIAN_POINT('',(4.56966011556,3.838135343097));
#182 = CARTESIAN_POINT('',(4.566684626589,3.84598212602));
#183 = CARTESIAN_POINT('',(4.563726680061,3.855074701046));
#184 = CARTESIAN_POINT('',(4.560789019835,3.865384460459));
#185 = CARTESIAN_POINT('',(4.552904022264,3.89647692086));
#186 = CARTESIAN_POINT('',(4.54800002872,3.919519076929));
#187 = CARTESIAN_POINT('',(4.543174249493,3.945844937589));
#188 = CARTESIAN_POINT('',(4.538435998284,3.975271017801));
#189 = CARTESIAN_POINT('',(4.533792397172,4.007614616379));
#190 = ( GEOMETRIC_REPRESENTATION_CONTEXT(2) 
PARAMETRIC_REPRESENTATION_CONTEXT() REPRESENTATION_CONTEXT('2D SPACE',''
  ) );
#191 = PCURVE('',#192,#197);
#192 = CYLINDRICAL_SURFACE('',#193,3.4);
#193 = AXIS2_PLACEMENT_3D('',#194,#195,#196);
#194 = CARTESIAN_POINT('',(-2.483758866047,-19.94165059586,
    19.885527358325));
#195 = DIRECTION('',(9.929801703841E-02,-0.994880132442,
    -1.879962457525E-02));
#196 = DIRECTION('',(1.867095410469E-03,-1.87066789917E-02,
    0.999823271441));
#197 = DEFINITIONAL_REPRESENTATION('',(#198),#237);
#198 = B_SPLINE_CURVE_WITH_KNOTS('',5,(#199,#200,#201,#202,#203,#204,
    #205,#206,#207,#208,#209,#210,#211,#212,#213,#214,#215,#216,#217,
    #218,#219,#220,#221,#222,#223,#224,#225,#226,#227,#228,#229,#230,
    #231,#232,#233,#234,#235,#236),.UNSPECIFIED.,.F.,.F.,(6,4,4,4,4,4,4,
    4,4,6),(0.,0.160313046461,0.332287653099,0.477042768392,
    0.591551990846,0.653573815901,0.779420861134,0.876593561814,
    0.922214405721,1.),.UNSPECIFIED.);
#199 = CARTESIAN_POINT('',(4.540488612207,0.744707454095));
#200 = CARTESIAN_POINT('',(4.493254028808,0.743563434437));
#201 = CARTESIAN_POINT('',(4.445792921248,0.741857048619));
#202 = CARTESIAN_POINT('',(4.397995068195,0.739516203082));
#203 = CARTESIAN_POINT('',(4.349757238853,0.736420143445));
#204 = CARTESIAN_POINT('',(4.248607817775,0.728056584915));
#205 = CARTESIAN_POINT('',(4.19561812358,0.722648028333));
#206 = CARTESIAN_POINT('',(4.141831265772,0.71593179802));
#207 = CARTESIAN_POINT('',(4.0871109038,0.707598474789));
#208 = CARTESIAN_POINT('',(3.984314555525,0.688508611529));
#209 = CARTESIAN_POINT('',(3.936564789806,0.67834549174));
#210 = CARTESIAN_POINT('',(3.887951021463,0.666498311494));
#211 = CARTESIAN_POINT('',(3.838407022831,0.652671924856));
#212 = CARTESIAN_POINT('',(3.747924007503,0.623802912845));
#213 = CARTESIAN_POINT('',(3.707353300544,0.609619082451));
#214 = CARTESIAN_POINT('',(3.666159272679,0.593850799324));
#215 = CARTESIAN_POINT('',(3.62435124532,0.576345575032));
#216 = CARTESIAN_POINT('',(3.559025368044,0.546520590551));
#217 = CARTESIAN_POINT('',(3.535908141057,0.535502035266));
#218 = CARTESIAN_POINT('',(3.512633418389,0.523927508482));
#219 = CARTESIAN_POINT('',(3.489212788362,0.511785444786));
#220 = CARTESIAN_POINT('',(3.41787679504,0.473276823066));
#221 = CARTESIAN_POINT('',(3.369545463278,0.445124509981));
#222 = CARTESIAN_POINT('',(3.320829858555,0.414599397823));
#223 = CARTESIAN_POINT('',(3.271900470572,0.381798776895));
#224 = CARTESIAN_POINT('',(3.185227737699,0.320160155591));
#225 = CARTESIAN_POINT('',(3.147468252388,0.292116665971));
#226 = CARTESIAN_POINT('',(3.109817431245,0.26301742296));
#227 = CARTESIAN_POINT('',(3.072356995551,0.233029116577));
#228 = CARTESIAN_POINT('',(3.017701797684,0.187936911199));
#229 = CARTESIAN_POINT('',(3.000298276941,0.173376168571));
#230 = CARTESIAN_POINT('',(2.982960016717,0.158680363026));
#231 = CARTESIAN_POINT('',(2.965692997634,0.143868826293));
#232 = CARTESIAN_POINT('',(2.919190810286,0.10354239504));
#233 = CARTESIAN_POINT('',(2.890100707655,7.784360239628E-02));
#234 = CARTESIAN_POINT('',(2.861255905802,5.196022023E-02));
#235 = CARTESIAN_POINT('',(2.832669992866,2.598417016522E-02));
#236 = CARTESIAN_POINT('',(2.804349711506,-6.E-07));
#237 = ( GEOMETRIC_REPRESENTATION_CONTEXT(2) 
PARAMETRIC_REPRESENTATION_CONTEXT() REPRESENTATION_CONTEXT('2D SPACE',''
  ) );
#238 = ORIENTED_EDGE('',*,*,#239,.T.);
#239 = EDGE_CURVE('',#107,#240,#242,.T.);
#240 = VERTEX_POINT('',#241);
#241 = CARTESIAN_POINT('',(-3.95185819497,-19.94058822106,
    17.394185705364));
#242 = SURFACE_CURVE('',#243,(#250,#260),.PCURVE_S1.);
#243 = B_SPLINE_CURVE_WITH_KNOTS('',5,(#244,#245,#246,#247,#248,#249),
  .UNSPECIFIED.,.F.,.F.,(6,6),(0.,1.),.PIECEWISE_BEZIER_KNOTS.);
#244 = CARTESIAN_POINT('',(-3.609199667568,-19.99336182111,
    16.677613869552));
#245 = CARTESIAN_POINT('',(-3.683912287198,-19.98223919649,
    16.817808412526));
#246 = CARTESIAN_POINT('',(-3.755620142278,-19.97132859664,
    16.959542923367));
#247 = CARTESIAN_POINT('',(-3.824276914618,-19.96069536759,
    17.102838137165));
#248 = CARTESIAN_POINT('',(-3.889756248376,-19.95041729768,
    17.247711574554));
#249 = CARTESIAN_POINT('',(-3.95185819497,-19.94058822106,
    17.394185705364));
#250 = PCURVE('',#31,#251);
#251 = DEFINITIONAL_REPRESENTATION('',(#252),#259);
#252 = B_SPLINE_CURVE_WITH_KNOTS('',5,(#253,#254,#255,#256,#257,#258),
  .UNSPECIFIED.,.F.,.F.,(6,6),(0.,1.),.PIECEWISE_BEZIER_KNOTS.);
#253 = CARTESIAN_POINT('',(4.533792504395,4.007613869554));
#254 = CARTESIAN_POINT('',(4.530076308321,4.147808412528));
#255 = CARTESIAN_POINT('',(4.526508575392,4.289542922977));
#256 = CARTESIAN_POINT('',(4.523091952214,4.432838137826));
#257 = CARTESIAN_POINT('',(4.519833114948,4.577711574305));
#258 = CARTESIAN_POINT('',(4.516742467015,4.724185705115));
#259 = ( GEOMETRIC_REPRESENTATION_CONTEXT(2) 
PARAMETRIC_REPRESENTATION_CONTEXT() REPRESENTATION_CONTEXT('2D SPACE',''
  ) );
#260 = PCURVE('',#261,#266);
#261 = CONICAL_SURFACE('',#262,2.89,1.377174333939);
#262 = AXIS2_PLACEMENT_3D('',#263,#264,#265);
#263 = CARTESIAN_POINT('',(-2.493688667751,-19.84216258262,
    19.887407320783));
#264 = DIRECTION('',(9.929801703841E-02,-0.994880132442,
    -1.879962457525E-02));
#265 = DIRECTION('',(1.867095410469E-03,-1.87066789917E-02,
    0.999823271441));
#266 = DEFINITIONAL_REPRESENTATION('',(#267),#274);
#267 = B_SPLINE_CURVE_WITH_KNOTS('',5,(#268,#269,#270,#271,#272,#273),
  .UNSPECIFIED.,.F.,.F.,(6,6),(0.,1.),.PIECEWISE_BEZIER_KNOTS.);
#268 = CARTESIAN_POINT('',(2.804350365433,1.E-01));
#269 = CARTESIAN_POINT('',(2.77041556505,7.88799019904E-02));
#270 = CARTESIAN_POINT('',(2.734466127077,5.824015956043E-02));
#271 = CARTESIAN_POINT('',(2.696234008447,3.814999365722E-02));
#272 = CARTESIAN_POINT('',(2.65541426673,1.86990118783E-02));
#273 = CARTESIAN_POINT('',(2.611695252486,0.));
#274 = ( GEOMETRIC_REPRESENTATION_CONTEXT(2) 
PARAMETRIC_REPRESENTATION_CONTEXT() REPRESENTATION_CONTEXT('2D SPACE',''
  ) );
#275 = ORIENTED_EDGE('',*,*,#276,.T.);
#276 = EDGE_CURVE('',#240,#277,#279,.T.);
#277 = VERTEX_POINT('',#278);
#278 = CARTESIAN_POINT('',(-5.353238622756,-19.64350774057,
    19.290042865164));
#279 = SURFACE_CURVE('',#280,(#298,#319),.PCURVE_S1.);
#280 = B_SPLINE_CURVE_WITH_KNOTS('',6,(#281,#282,#283,#284,#285,#286,
    #287,#288,#289,#290,#291,#292,#293,#294,#295,#296,#297),
  .UNSPECIFIED.,.F.,.F.,(7,5,5,7),(0.,0.28218909488,0.661601788014,1.),
  .UNSPECIFIED.);
#281 = CARTESIAN_POINT('',(-3.951856178841,-19.94058860092,
    17.394184541221));
#282 = CARTESIAN_POINT('',(-4.061601922735,-19.91991124218,
    17.457553330015));
#283 = CARTESIAN_POINT('',(-4.166518303244,-19.89951840753,
    17.525530935289));
#284 = CARTESIAN_POINT('',(-4.266478960032,-19.87954856636,
    17.59764843197));
#285 = CARTESIAN_POINT('',(-4.361421370167,-19.86012486661,
    17.673475041923));
#286 = CARTESIAN_POINT('',(-4.451331040415,-19.84135421424,
    17.75262811725));
#287 = CARTESIAN_POINT('',(-4.650369413221,-19.79908728886,
    17.945243282273));
#288 = CARTESIAN_POINT('',(-4.755427779621,-19.77619527893,
    18.061111395471));
#289 = CARTESIAN_POINT('',(-4.851455557628,-19.75486721261,
    18.181601154884));
#290 = CARTESIAN_POINT('',(-4.938516277527,-19.73528760688,
    18.306026395055));
#291 = CARTESIAN_POINT('',(-5.016696776058,-19.71760316763,
    18.433789510358));
#292 = CARTESIAN_POINT('',(-5.147963182944,-19.68795202234,
    18.680875360622));
#293 = CARTESIAN_POINT('',(-5.202841897405,-19.67557531964,
    18.799605005707));
#294 = CARTESIAN_POINT('',(-5.250771605113,-19.6648839194,18.92021557291
    ));
#295 = CARTESIAN_POINT('',(-5.291794591812,-19.65594475459,
    19.042366822743));
#296 = CARTESIAN_POINT('',(-5.325942484835,-19.64880813652,
    19.165741355973));
#297 = CARTESIAN_POINT('',(-5.353238622756,-19.64350774057,
    19.290042865164));
#298 = PCURVE('',#31,#299);
#299 = DEFINITIONAL_REPRESENTATION('',(#300),#318);
#300 = B_SPLINE_CURVE_WITH_KNOTS('',6,(#301,#302,#303,#304,#305,#306,
    #307,#308,#309,#310,#311,#312,#313,#314,#315,#316,#317),
  .UNSPECIFIED.,.F.,.F.,(7,5,5,7),(0.,0.28218909488,0.661601788014,1.),
  .UNSPECIFIED.);
#301 = CARTESIAN_POINT('',(4.516742567928,4.724184541221));
#302 = CARTESIAN_POINT('',(4.511249185438,4.787553330015));
#303 = CARTESIAN_POINT('',(4.50599224112,4.855530935289));
#304 = CARTESIAN_POINT('',(4.50097889509,4.92764843197));
#305 = CARTESIAN_POINT('',(4.496213179088,5.003475041923));
#306 = CARTESIAN_POINT('',(4.491696727348,5.08262811725));
#307 = CARTESIAN_POINT('',(4.481692087377,5.275243282273));
#308 = CARTESIAN_POINT('',(4.476406195544,5.391111395471));
#309 = CARTESIAN_POINT('',(4.471571176932,5.511601154884));
#310 = CARTESIAN_POINT('',(4.467185809683,5.636026395055));
#311 = CARTESIAN_POINT('',(4.463247437432,5.763789510358));
#312 = CARTESIAN_POINT('',(4.456636850138,6.010875360622));
#313 = CARTESIAN_POINT('',(4.453874104379,6.129605005707));
#314 = CARTESIAN_POINT('',(4.451463263631,6.25021557291));
#315 = CARTESIAN_POINT('',(4.449403000284,6.372366822743));
#316 = CARTESIAN_POINT('',(4.447692304147,6.495741355973));
#317 = CARTESIAN_POINT('',(4.446330343396,6.620042865164));
#318 = ( GEOMETRIC_REPRESENTATION_CONTEXT(2) 
PARAMETRIC_REPRESENTATION_CONTEXT() REPRESENTATION_CONTEXT('2D SPACE',''
  ) );
#319 = PCURVE('',#320,#325);
#320 = CYLINDRICAL_SURFACE('',#321,2.89);
#321 = AXIS2_PLACEMENT_3D('',#322,#323,#324);
#322 = CARTESIAN_POINT('',(-4.43,-0.442,20.254));
#323 = DIRECTION('',(9.929801703841E-02,-0.994880132442,
    -1.879962457525E-02));
#324 = DIRECTION('',(1.867095410469E-03,-1.87066789917E-02,
    0.999823271441));
#325 = DEFINITIONAL_REPRESENTATION('',(#326),#344);
#326 = B_SPLINE_CURVE_WITH_KNOTS('',6,(#327,#328,#329,#330,#331,#332,
    #333,#334,#335,#336,#337,#338,#339,#340,#341,#342,#343),
  .UNSPECIFIED.,.F.,.F.,(7,5,5,7),(8.640117122278E-07,0.28218909488,
    0.661601788014,1.),.UNSPECIFIED.);
#327 = CARTESIAN_POINT('',(2.611695252486,19.5));
#328 = CARTESIAN_POINT('',(2.568726654068,19.467339772761));
#329 = CARTESIAN_POINT('',(2.526375990509,19.435355512885));
#330 = CARTESIAN_POINT('',(2.484615231296,19.404206342093));
#331 = CARTESIAN_POINT('',(2.443412265619,19.374029083305));
#332 = CARTESIAN_POINT('',(2.402729366696,19.344938726806));
#333 = CARTESIAN_POINT('',(2.308460876468,19.279503079418));
#334 = CARTESIAN_POINT('',(2.255268235888,19.244117909064));
#335 = CARTESIAN_POINT('',(2.202830957793,19.211098509441));
#336 = CARTESIAN_POINT('',(2.1510556266,19.180635044046));
#337 = CARTESIAN_POINT('',(2.099851398381,19.15287607971));
#338 = CARTESIAN_POINT('',(2.003874679764,19.10569712922));
#339 = CARTESIAN_POINT('',(1.959010032057,19.085702373334));
#340 = CARTESIAN_POINT('',(1.91446205968,19.068038953317));
#341 = CARTESIAN_POINT('',(1.870174094756,19.052775656961));
#342 = CARTESIAN_POINT('',(1.826092938976,19.039965364493));
#343 = CARTESIAN_POINT('',(1.782163937133,19.029644831789));
#344 = ( GEOMETRIC_REPRESENTATION_CONTEXT(2) 
PARAMETRIC_REPRESENTATION_CONTEXT() REPRESENTATION_CONTEXT('2D SPACE',''
  ) );
#345 = ORIENTED_EDGE('',*,*,#346,.F.);
#346 = EDGE_CURVE('',#56,#277,#347,.T.);
#347 = SURFACE_CURVE('',#348,(#353,#360),.PCURVE_S1.);
#348 = CIRCLE('',#349,20.359876230127);
#349 = AXIS2_PLACEMENT_3D('',#350,#351,#352);
#350 = CARTESIAN_POINT('',(0.,0.,19.290042865164));
#351 = DIRECTION('',(0.,0.,1.));
#352 = DIRECTION('',(1.,-6.123233995737E-17,0.));
#353 = PCURVE('',#31,#354);
#354 = DEFINITIONAL_REPRESENTATION('',(#355),#359);
#355 = LINE('',#356,#357);
#356 = CARTESIAN_POINT('',(0.,6.620042865164));
#357 = VECTOR('',#358,1.);
#358 = DIRECTION('',(1.,0.));
#359 = ( GEOMETRIC_REPRESENTATION_CONTEXT(2) 
PARAMETRIC_REPRESENTATION_CONTEXT() REPRESENTATION_CONTEXT('2D SPACE',''
  ) );
#360 = PCURVE('',#95,#361);
#361 = DEFINITIONAL_REPRESENTATION('',(#362),#365);
#362 = B_SPLINE_CURVE_WITH_KNOTS('',1,(#363,#364),.UNSPECIFIED.,.F.,.F.,
  (2,2),(0.,4.446330343396),.PIECEWISE_BEZIER_KNOTS.);
#363 = CARTESIAN_POINT('',(4.138911435803E-13,-1.659598654591E-02));
#364 = CARTESIAN_POINT('',(4.446330343396,-1.659598654591E-02));
#365 = ( GEOMETRIC_REPRESENTATION_CONTEXT(2) 
PARAMETRIC_REPRESENTATION_CONTEXT() REPRESENTATION_CONTEXT('2D SPACE',''
  ) );
#366 = ORIENTED_EDGE('',*,*,#55,.F.);
#367 = ADVANCED_FACE('',(#368),#43,.T.);
#368 = FACE_BOUND('',#369,.T.);
#369 = EDGE_LOOP('',(#370,#392,#393,#394));
#370 = ORIENTED_EDGE('',*,*,#371,.F.);
#371 = EDGE_CURVE('',#22,#372,#374,.T.);
#372 = VERTEX_POINT('',#373);
#373 = CARTESIAN_POINT('',(19.856583912473,-1.215865096521E-15,12.67));
#374 = SEAM_CURVE('',#375,(#380,#386),.PCURVE_S1.);
#375 = CIRCLE('',#376,0.4);
#376 = AXIS2_PLACEMENT_3D('',#377,#378,#379);
#377 = CARTESIAN_POINT('',(19.856583912473,-1.215865096521E-15,13.07));
#378 = DIRECTION('',(6.123233995737E-17,1.,0.));
#379 = DIRECTION('',(1.,-6.123233995737E-17,-0.));
#380 = PCURVE('',#43,#381);
#381 = DEFINITIONAL_REPRESENTATION('',(#382),#385);
#382 = B_SPLINE_CURVE_WITH_KNOTS('',1,(#383,#384),.UNSPECIFIED.,.F.,.F.,
  (2,2),(1.659598654591E-02,1.570796326795),.PIECEWISE_BEZIER_KNOTS.);
#383 = CARTESIAN_POINT('',(-4.138911435803E-13,1.659598654591E-02));
#384 = CARTESIAN_POINT('',(-4.138911435803E-13,1.570796326795));
#385 = ( GEOMETRIC_REPRESENTATION_CONTEXT(2) 
PARAMETRIC_REPRESENTATION_CONTEXT() REPRESENTATION_CONTEXT('2D SPACE',''
  ) );
#386 = PCURVE('',#43,#387);
#387 = DEFINITIONAL_REPRESENTATION('',(#388),#391);
#388 = B_SPLINE_CURVE_WITH_KNOTS('',1,(#389,#390),.UNSPECIFIED.,.F.,.F.,
  (2,2),(1.659598654591E-02,1.570796326795),.PIECEWISE_BEZIER_KNOTS.);
#389 = CARTESIAN_POINT('',(6.28318530718,1.659598654591E-02));
#390 = CARTESIAN_POINT('',(6.28318530718,1.570796326795));
#391 = ( GEOMETRIC_REPRESENTATION_CONTEXT(2) 
PARAMETRIC_REPRESENTATION_CONTEXT() REPRESENTATION_CONTEXT('2D SPACE',''
  ) );
#392 = ORIENTED_EDGE('',*,*,#21,.F.);
#393 = ORIENTED_EDGE('',*,*,#371,.T.);
#394 = ORIENTED_EDGE('',*,*,#395,.T.);
#395 = EDGE_CURVE('',#372,#372,#396,.T.);
#396 = SURFACE_CURVE('',#397,(#402,#409),.PCURVE_S1.);
#397 = CIRCLE('',#398,19.856583912473);
#398 = AXIS2_PLACEMENT_3D('',#399,#400,#401);
#399 = CARTESIAN_POINT('',(0.,0.,12.67));
#400 = DIRECTION('',(0.,-0.,1.));
#401 = DIRECTION('',(1.,-6.123233995737E-17,-0.));
#402 = PCURVE('',#43,#403);
#403 = DEFINITIONAL_REPRESENTATION('',(#404),#408);
#404 = LINE('',#405,#406);
#405 = CARTESIAN_POINT('',(6.28318530718,1.570796326795));
#406 = VECTOR('',#407,1.);
#407 = DIRECTION('',(-1.,0.));
#408 = ( GEOMETRIC_REPRESENTATION_CONTEXT(2) 
PARAMETRIC_REPRESENTATION_CONTEXT() REPRESENTATION_CONTEXT('2D SPACE',''
  ) );
#409 = PCURVE('',#410,#415);
#410 = PLANE('',#411);
#411 = AXIS2_PLACEMENT_3D('',#412,#413,#414);
#412 = CARTESIAN_POINT('',(0.,0.,12.67));
#413 = DIRECTION('',(0.,0.,1.));
#414 = DIRECTION('',(1.,0.,-0.));
#415 = DEFINITIONAL_REPRESENTATION('',(#416),#420);
#416 = CIRCLE('',#417,19.856583912473);
#417 = AXIS2_PLACEMENT_2D('',#418,#419);
#418 = CARTESIAN_POINT('',(0.,0.));
#419 = DIRECTION('',(1.,-6.123233995737E-17));
#420 = ( GEOMETRIC_REPRESENTATION_CONTEXT(2) 
PARAMETRIC_REPRESENTATION_CONTEXT() REPRESENTATION_CONTEXT('2D SPACE',''
  ) );
#421 = ADVANCED_FACE('',(#422),#95,.T.);
#422 = FACE_BOUND('',#423,.T.);
#423 = EDGE_LOOP('',(#424,#459,#552,#553,#554));
#424 = ORIENTED_EDGE('',*,*,#425,.T.);
#425 = EDGE_CURVE('',#426,#428,#430,.T.);
#426 = VERTEX_POINT('',#427);
#427 = CARTESIAN_POINT('',(-5.483705192655,-18.98380760967,19.9));
#428 = VERTEX_POINT('',#429);
#429 = CARTESIAN_POINT('',(0.912851369629,-19.73886208417,19.9));
#430 = SURFACE_CURVE('',#431,(#436,#443),.PCURVE_S1.);
#431 = CIRCLE('',#432,19.759958856262);
#432 = AXIS2_PLACEMENT_3D('',#433,#434,#435);
#433 = CARTESIAN_POINT('',(0.,0.,19.9));
#434 = DIRECTION('',(-0.,0.,-1.));
#435 = DIRECTION('',(-0.277516022809,-0.960721008974,0.));
#436 = PCURVE('',#95,#437);
#437 = DEFINITIONAL_REPRESENTATION('',(#438),#442);
#438 = LINE('',#439,#440);
#439 = CARTESIAN_POINT('',(4.431181374676,1.570796326795));
#440 = VECTOR('',#441,1.);
#441 = DIRECTION('',(-1.,-0.));
#442 = ( GEOMETRIC_REPRESENTATION_CONTEXT(2) 
PARAMETRIC_REPRESENTATION_CONTEXT() REPRESENTATION_CONTEXT('2D SPACE',''
  ) );
#443 = PCURVE('',#444,#449);
#444 = PLANE('',#445);
#445 = AXIS2_PLACEMENT_3D('',#446,#447,#448);
#446 = CARTESIAN_POINT('',(0.,0.,19.9));
#447 = DIRECTION('',(0.,0.,1.));
#448 = DIRECTION('',(1.,0.,-0.));
#449 = DEFINITIONAL_REPRESENTATION('',(#450),#458);
#450 = ( BOUNDED_CURVE() B_SPLINE_CURVE(2,(#451,#452,#453,#454,#455,#456
,#457),.UNSPECIFIED.,.T.,.F.) B_SPLINE_CURVE_WITH_KNOTS((1,2,2,2,2,1),(
    -2.094395102393,0.,2.094395102393,4.188790204786,6.28318530718,
8.377580409573),.UNSPECIFIED.) CURVE() GEOMETRIC_REPRESENTATION_ITEM() 
RATIONAL_B_SPLINE_CURVE((1.,0.5,1.,0.5,1.,0.5,1.)) REPRESENTATION_ITEM(
  '') );
#451 = CARTESIAN_POINT('',(-5.48370519266,-18.98380760967));
#452 = CARTESIAN_POINT('',(-38.36462449373,-9.485751602259));
#453 = CARTESIAN_POINT('',(-13.6986070542,14.240931808546));
#454 = CARTESIAN_POINT('',(10.96741038532,37.96761521935));
#455 = CARTESIAN_POINT('',(19.182312246865,4.742875801129));
#456 = CARTESIAN_POINT('',(27.39721410841,-28.48186361709));
#457 = CARTESIAN_POINT('',(-5.48370519266,-18.98380760967));
#458 = ( GEOMETRIC_REPRESENTATION_CONTEXT(2) 
PARAMETRIC_REPRESENTATION_CONTEXT() REPRESENTATION_CONTEXT('2D SPACE',''
  ) );
#459 = ORIENTED_EDGE('',*,*,#460,.F.);
#460 = EDGE_CURVE('',#79,#428,#461,.T.);
#461 = SURFACE_CURVE('',#462,(#490,#521),.PCURVE_S1.);
#462 = B_SPLINE_CURVE_WITH_KNOTS('',6,(#463,#464,#465,#466,#467,#468,
    #469,#470,#471,#472,#473,#474,#475,#476,#477,#478,#479,#480,#481,
    #482,#483,#484,#485,#486,#487,#488,#489),.UNSPECIFIED.,.F.,.F.,(7,5,
    5,5,5,7),(0.,2.656337491493E-02,0.4452113629,0.712185741998,
    0.96834201425,1.),.UNSPECIFIED.);
#463 = CARTESIAN_POINT('',(0.922430362361,-20.33896954943,
    19.290042865164));
#464 = CARTESIAN_POINT('',(0.923209666108,-20.33900802642,
    19.294485991926));
#465 = CARTESIAN_POINT('',(0.923977822311,-20.33900745343,
    19.298930304115));
#466 = CARTESIAN_POINT('',(0.92473473813,-20.33896780945,19.303375253857
    ));
#467 = CARTESIAN_POINT('',(0.925480327788,-20.33888908619,
    19.307820292596));
#468 = CARTESIAN_POINT('',(0.926214512582,-20.33877128804,
    19.312264871095));
#469 = CARTESIAN_POINT('',(0.938327353862,-20.33614232838,
    19.386740615336));
#470 = CARTESIAN_POINT('',(0.946874009274,-20.32396716079,
    19.456561699011));
#471 = CARTESIAN_POINT('',(0.952261655025,-20.30214191382,
    19.523869480171));
#472 = CARTESIAN_POINT('',(0.954736799195,-20.27162379187,
    19.586720425802));
#473 = CARTESIAN_POINT('',(0.954834806123,-20.23371518324,
    19.643775814343));
#474 = CARTESIAN_POINT('',(0.951992671105,-20.16184456858,
    19.726316403081));
#475 = CARTESIAN_POINT('',(0.950139603526,-20.13140852054,
    19.755773086615));
#476 = CARTESIAN_POINT('',(0.94768055721,-20.09885847363,19.782345560466
    ));
#477 = CARTESIAN_POINT('',(0.94475288515,-20.0645253941,19.805904652181)
  );
#478 = CARTESIAN_POINT('',(0.941479488696,-20.02872311867,
    19.826370789066));
#479 = CARTESIAN_POINT('',(0.934578036778,-19.95624885906,
    19.860312008264));
#480 = CARTESIAN_POINT('',(0.930970168163,-19.91967399603,
    19.874035416107));
#481 = CARTESIAN_POINT('',(0.927220769816,-19.88226517017,19.88481803284
    ));
#482 = CARTESIAN_POINT('',(0.923397826683,-19.84426475528,
    19.892633507228));
#483 = CARTESIAN_POINT('',(0.919549373793,-19.80590705427,
    19.897468098415));
#484 = CARTESIAN_POINT('',(0.915227108346,-19.76266455526,
    19.899543372333));
#485 = CARTESIAN_POINT('',(0.914751710487,-19.75790618075,
    19.899726007362));
#486 = CARTESIAN_POINT('',(0.914276392397,-19.75314630738,
    19.899862996666));
#487 = CARTESIAN_POINT('',(0.913801201665,-19.74838537402,
    19.899954330218));
#488 = CARTESIAN_POINT('',(0.913326181281,-19.7436238198,19.9));
#489 = CARTESIAN_POINT('',(0.912851369629,-19.73886208417,19.9));
#490 = PCURVE('',#95,#491);
#491 = DEFINITIONAL_REPRESENTATION('',(#492),#520);
#492 = B_SPLINE_CURVE_WITH_KNOTS('',6,(#493,#494,#495,#496,#497,#498,
    #499,#500,#501,#502,#503,#504,#505,#506,#507,#508,#509,#510,#511,
    #512,#513,#514,#515,#516,#517,#518,#519),.UNSPECIFIED.,.F.,.F.,(7,5,
    5,5,5,7),(0.,2.656337491493E-02,0.4452113629,0.712185741998,
    0.96834201425,1.),.UNSPECIFIED.);
#493 = CARTESIAN_POINT('',(-1.525474527372,-1.659598654591E-02));
#494 = CARTESIAN_POINT('',(-1.52543637585,-9.189755362222E-03));
#495 = CARTESIAN_POINT('',(-1.525398684726,-1.782640856772E-03));
#496 = CARTESIAN_POINT('',(-1.525361458167,5.62517498582E-03));
#497 = CARTESIAN_POINT('',(-1.525324700037,1.303350943391E-02));
#498 = CARTESIAN_POINT('',(-1.525288413893,2.044217900885E-02));
#499 = CARTESIAN_POINT('',(-1.524688210719,0.144616575983));
#500 = CARTESIAN_POINT('',(-1.524241514041,0.261484526107));
#501 = CARTESIAN_POINT('',(-1.523926896883,0.377493784854));
#502 = CARTESIAN_POINT('',(-1.523734249728,0.492214730799));
#503 = CARTESIAN_POINT('',(-1.523641059815,0.605362160919));
#504 = CARTESIAN_POINT('',(-1.523613846621,0.787830645463));
#505 = CARTESIAN_POINT('',(-1.523634382413,0.858227722639));
#506 = CARTESIAN_POINT('',(-1.523680091347,0.927991846696));
#507 = CARTESIAN_POINT('',(-1.523745127191,0.997172176554));
#508 = CARTESIAN_POINT('',(-1.523824272041,1.065842832471));
#509 = CARTESIAN_POINT('',(-1.523999017675,1.199591389247));
#510 = CARTESIAN_POINT('',(-1.524093807745,1.264696967529));
#511 = CARTESIAN_POINT('',(-1.524194170533,1.329503154147));
#512 = CARTESIAN_POINT('',(-1.524297318438,1.394096188571));
#513 = CARTESIAN_POINT('',(-1.524401403859,1.458566186878));
#514 = CARTESIAN_POINT('',(-1.524518472324,1.530975818627));
#515 = CARTESIAN_POINT('',(-1.524531350744,1.538940060231));
#516 = CARTESIAN_POINT('',(-1.524544229093,1.546904057085));
#517 = CARTESIAN_POINT('',(-1.524557105999,1.554867984021));
#518 = CARTESIAN_POINT('',(-1.524569980316,1.562832015738));
#519 = CARTESIAN_POINT('',(-1.524582851126,1.570796326795));
#520 = ( GEOMETRIC_REPRESENTATION_CONTEXT(2) 
PARAMETRIC_REPRESENTATION_CONTEXT() REPRESENTATION_CONTEXT('2D SPACE',''
  ) );
#521 = PCURVE('',#192,#522);
#522 = DEFINITIONAL_REPRESENTATION('',(#523),#551);
#523 = B_SPLINE_CURVE_WITH_KNOTS('',6,(#524,#525,#526,#527,#528,#529,
    #530,#531,#532,#533,#534,#535,#536,#537,#538,#539,#540,#541,#542,
    #543,#544,#545,#546,#547,#548,#549,#550),.UNSPECIFIED.,.F.,.F.,(7,5,
    5,5,5,7),(0.,2.656337491493E-02,0.4452113629,0.712185741998,
    0.96834201425,1.),.UNSPECIFIED.);
#524 = CARTESIAN_POINT('',(4.540488612215,0.744707454095));
#525 = CARTESIAN_POINT('',(4.541815377463,0.744739588295));
#526 = CARTESIAN_POINT('',(4.5431419055,0.744731743223));
#527 = CARTESIAN_POINT('',(4.544468037097,0.744683899069));
#528 = CARTESIAN_POINT('',(4.545793613166,0.744596049375));
#529 = CARTESIAN_POINT('',(4.54711847476,0.744468201028));
#530 = CARTESIAN_POINT('',(4.569308977409,0.741655366382));
#531 = CARTESIAN_POINT('',(4.58997046074,0.729078589805));
#532 = CARTESIAN_POINT('',(4.609760214917,0.706634706738));
#533 = CARTESIAN_POINT('',(4.628141540151,0.675337036256));
#534 = CARTESIAN_POINT('',(4.644747968689,0.636559626685));
#535 = CARTESIAN_POINT('',(4.668656957206,0.563223029601));
#536 = CARTESIAN_POINT('',(4.677157115819,0.532205029568));
#537 = CARTESIAN_POINT('',(4.684793707142,0.499077903632));
#538 = CARTESIAN_POINT('',(4.691532462111,0.464186990812));
#539 = CARTESIAN_POINT('',(4.697352663322,0.42785822083));
#540 = CARTESIAN_POINT('',(4.706931563126,0.354431637155));
#541 = CARTESIAN_POINT('',(4.710763865905,0.317427783467));
#542 = CARTESIAN_POINT('',(4.713726754644,0.279635468875));
#543 = CARTESIAN_POINT('',(4.715813874312,0.241303072423));
#544 = CARTESIAN_POINT('',(4.717022414394,0.202668725515));
#545 = CARTESIAN_POINT('',(4.717392393517,0.159179415621));
#546 = CARTESIAN_POINT('',(4.717419659085,0.154394763821));
#547 = CARTESIAN_POINT('',(4.717433493441,0.149609486886));
#548 = CARTESIAN_POINT('',(4.717433896073,0.144824026334));
#549 = CARTESIAN_POINT('',(4.717420867063,0.140038823484));
#550 = CARTESIAN_POINT('',(4.717394407091,0.135254319457));
#551 = ( GEOMETRIC_REPRESENTATION_CONTEXT(2) 
PARAMETRIC_REPRESENTATION_CONTEXT() REPRESENTATION_CONTEXT('2D SPACE',''
  ) );
#552 = ORIENTED_EDGE('',*,*,#78,.T.);
#553 = ORIENTED_EDGE('',*,*,#346,.T.);
#554 = ORIENTED_EDGE('',*,*,#555,.T.);
#555 = EDGE_CURVE('',#277,#426,#556,.T.);
#556 = SURFACE_CURVE('',#557,(#580,#606),.PCURVE_S1.);
#557 = B_SPLINE_CURVE_WITH_KNOTS('',6,(#558,#559,#560,#561,#562,#563,
    #564,#565,#566,#567,#568,#569,#570,#571,#572,#573,#574,#575,#576,
    #577,#578,#579),.UNSPECIFIED.,.F.,.F.,(7,5,5,5,7),(0.,0.422868106731
    ,0.704205922232,0.968204419354,1.),.UNSPECIFIED.);
#558 = CARTESIAN_POINT('',(-5.353238622756,-19.64350774057,
    19.290042865164));
#559 = CARTESIAN_POINT('',(-5.369023195488,-19.64044267379,
    19.361922858542));
#560 = CARTESIAN_POINT('',(-5.383482828064,-19.62700651154,
    19.433713214462));
#561 = CARTESIAN_POINT('',(-5.396175793079,-19.60342150255,
    19.50307058259));
#562 = CARTESIAN_POINT('',(-5.407167111027,-19.5707124245,
    19.568009890409));
#563 = CARTESIAN_POINT('',(-5.416806963724,-19.5301981173,
    19.627155321385));
#564 = CARTESIAN_POINT('',(-5.43118827224,-19.45209702444,
    19.714522535305));
#565 = CARTESIAN_POINT('',(-5.436492306211,-19.41805232297,
    19.746486910833));
#566 = CARTESIAN_POINT('',(-5.441463444958,-19.38155726406,
    19.775268890037));
#567 = CARTESIAN_POINT('',(-5.44620902609,-19.34299989983,19.80071639579
    ));
#568 = CARTESIAN_POINT('',(-5.450820613634,-19.30274977256,
    19.82274133564));
#569 = CARTESIAN_POINT('',(-5.459618539828,-19.22210143875,
    19.858701353222));
#570 = CARTESIAN_POINT('',(-5.463813487293,-19.18186810314,
    19.873050140031));
#571 = CARTESIAN_POINT('',(-5.467996500867,-19.14072219556,
    19.884298597221));
#572 = CARTESIAN_POINT('',(-5.472197313521,-19.09892918001,
    19.892429244693));
#573 = CARTESIAN_POINT('',(-5.476421665974,-19.05674449887,
    19.897437252497));
#574 = CARTESIAN_POINT('',(-5.481159024883,-19.00931893462,
    19.899546505993));
#575 = CARTESIAN_POINT('',(-5.481668307554,-19.00421900245,
    19.899727896736));
#576 = CARTESIAN_POINT('',(-5.482177608579,-18.99911746172,
    19.899863945215));
#577 = CARTESIAN_POINT('',(-5.482686887751,-18.99401475434,
    19.899954647446));
#578 = CARTESIAN_POINT('',(-5.483196099453,-18.9889113227,19.9));
#579 = CARTESIAN_POINT('',(-5.483705192655,-18.98380760967,19.9));
#580 = PCURVE('',#95,#581);
#581 = DEFINITIONAL_REPRESENTATION('',(#582),#605);
#582 = B_SPLINE_CURVE_WITH_KNOTS('',6,(#583,#584,#585,#586,#587,#588,
    #589,#590,#591,#592,#593,#594,#595,#596,#597,#598,#599,#600,#601,
    #602,#603,#604),.UNSPECIFIED.,.F.,.F.,(7,5,5,5,7),(0.,0.422868106731
    ,0.704205922232,0.968204419354,1.),.UNSPECIFIED.);
#583 = CARTESIAN_POINT('',(4.446330343396,-1.659598654591E-02));
#584 = CARTESIAN_POINT('',(4.445542760604,0.103220502373));
#585 = CARTESIAN_POINT('',(4.44468414335,0.222600252092));
#586 = CARTESIAN_POINT('',(4.443776495629,0.340747149661));
#587 = CARTESIAN_POINT('',(4.442827723167,0.457327608126));
#588 = CARTESIAN_POINT('',(4.441836430083,0.57212004737));
#589 = CARTESIAN_POINT('',(4.440115478534,0.760152301015));
#590 = CARTESIAN_POINT('',(4.439408937786,0.834478524001));
#591 = CARTESIAN_POINT('',(4.438682869901,0.908033292961));
#592 = CARTESIAN_POINT('',(4.437936815318,0.980869529598));
#593 = CARTESIAN_POINT('',(4.437170903913,1.053068599144));
#594 = CARTESIAN_POINT('',(4.435650205665,1.191992343818));
#595 = CARTESIAN_POINT('',(4.434897685463,1.258775719494));
#596 = CARTESIAN_POINT('',(4.43412977886,1.325182188075));
#597 = CARTESIAN_POINT('',(4.433348427307,1.391309252206));
#598 = CARTESIAN_POINT('',(4.432556706351,1.45726505397));
#599 = CARTESIAN_POINT('',(4.431662901641,1.531112552593));
#600 = CARTESIAN_POINT('',(4.431566737825,1.539049881689));
#601 = CARTESIAN_POINT('',(4.431470495034,1.546986712431));
#602 = CARTESIAN_POINT('',(4.431374181304,1.554923255222));
#603 = CARTESIAN_POINT('',(4.431277804972,1.562859722111));
#604 = CARTESIAN_POINT('',(4.431181374676,1.570796326795));
#605 = ( GEOMETRIC_REPRESENTATION_CONTEXT(2) 
PARAMETRIC_REPRESENTATION_CONTEXT() REPRESENTATION_CONTEXT('2D SPACE',''
  ) );
#606 = PCURVE('',#320,#607);
#607 = DEFINITIONAL_REPRESENTATION('',(#608),#631);
#608 = B_SPLINE_CURVE_WITH_KNOTS('',6,(#609,#610,#611,#612,#613,#614,
    #615,#616,#617,#618,#619,#620,#621,#622,#623,#624,#625,#626,#627,
    #628,#629,#630),.UNSPECIFIED.,.F.,.F.,(7,5,5,5,7),(0.,0.422868106731
    ,0.704205922232,0.968204419354,1.),.UNSPECIFIED.);
#609 = CARTESIAN_POINT('',(1.782163937085,19.029644831778));
#610 = CARTESIAN_POINT('',(1.756761056765,19.023676764077));
#611 = CARTESIAN_POINT('',(1.7316238054,19.007523948613));
#612 = CARTESIAN_POINT('',(1.707543801257,18.981495413012));
#613 = CARTESIAN_POINT('',(1.68514787076,18.946641550419));
#614 = CARTESIAN_POINT('',(1.664866357923,18.904265540951));
#615 = CARTESIAN_POINT('',(1.635069248348,18.8234938091));
#616 = CARTESIAN_POINT('',(1.624216140733,18.788495813678));
#617 = CARTESIAN_POINT('',(1.614488492064,18.751152890017));
#618 = CARTESIAN_POINT('',(1.60593223619,18.711843304038));
#619 = CARTESIAN_POINT('',(1.598573301257,18.670927269987));
#620 = CARTESIAN_POINT('',(1.586657512852,18.589142193505));
#621 = CARTESIAN_POINT('',(1.581956302835,18.548428545475));
#622 = CARTESIAN_POINT('',(1.578333788764,18.506866467766));
#623 = CARTESIAN_POINT('',(1.57579410046,18.464717441436));
#624 = CARTESIAN_POINT('',(1.574337320787,18.422235121789));
#625 = CARTESIAN_POINT('',(1.573917643658,18.374542306625));
#626 = CARTESIAN_POINT('',(1.573888230019,18.369414504596));
#627 = CARTESIAN_POINT('',(1.573874513472,18.364285952835));
#628 = CARTESIAN_POINT('',(1.573876492505,18.359157095062));
#629 = CARTESIAN_POINT('',(1.573894165413,18.354028375997));
#630 = CARTESIAN_POINT('',(1.573927530298,18.348900241357));
#631 = ( GEOMETRIC_REPRESENTATION_CONTEXT(2) 
PARAMETRIC_REPRESENTATION_CONTEXT() REPRESENTATION_CONTEXT('2D SPACE',''
  ) );
#632 = ADVANCED_FACE('',(#633),#320,.T.);
#633 = FACE_BOUND('',#634,.T.);
#634 = EDGE_LOOP('',(#635,#659,#686,#726,#759,#791,#1047,#1079,#1108,
    #1135,#1412,#1447,#1472,#1473));
#635 = ORIENTED_EDGE('',*,*,#636,.T.);
#636 = EDGE_CURVE('',#240,#637,#639,.T.);
#637 = VERTEX_POINT('',#638);
#638 = CARTESIAN_POINT('',(0.382019341937,-19.55537892296,19.9));
#639 = SURFACE_CURVE('',#640,(#645,#652),.PCURVE_S1.);
#640 = CIRCLE('',#641,2.89);
#641 = AXIS2_PLACEMENT_3D('',#642,#643,#644);
#642 = CARTESIAN_POINT('',(-2.493688667751,-19.84216258262,
    19.887407320783));
#643 = DIRECTION('',(-9.929801703841E-02,0.994880132442,
    1.879962457525E-02));
#644 = DIRECTION('',(-0.504556929833,-3.405731433872E-02,-0.862706441321
    ));
#645 = PCURVE('',#320,#646);
#646 = DEFINITIONAL_REPRESENTATION('',(#647),#651);
#647 = LINE('',#648,#649);
#648 = CARTESIAN_POINT('',(2.611695252486,19.5));
#649 = VECTOR('',#650,1.);
#650 = DIRECTION('',(-1.,-0.));
#651 = ( GEOMETRIC_REPRESENTATION_CONTEXT(2) 
PARAMETRIC_REPRESENTATION_CONTEXT() REPRESENTATION_CONTEXT('2D SPACE',''
  ) );
#652 = PCURVE('',#261,#653);
#653 = DEFINITIONAL_REPRESENTATION('',(#654),#658);
#654 = LINE('',#655,#656);
#655 = CARTESIAN_POINT('',(2.611695252486,4.669431158735E-16));
#656 = VECTOR('',#657,1.);
#657 = DIRECTION('',(-1.,-0.));
#658 = ( GEOMETRIC_REPRESENTATION_CONTEXT(2) 
PARAMETRIC_REPRESENTATION_CONTEXT() REPRESENTATION_CONTEXT('2D SPACE',''
  ) );
#659 = ORIENTED_EDGE('',*,*,#660,.T.);
#660 = EDGE_CURVE('',#637,#661,#663,.T.);
#661 = VERTEX_POINT('',#662);
#662 = CARTESIAN_POINT('',(-0.330148794412,-12.44562179135,19.9));
#663 = SURFACE_CURVE('',#664,(#669,#679),.PCURVE_S1.);
#664 = ELLIPSE('',#665,153.72647408105,2.89);
#665 = AXIS2_PLACEMENT_3D('',#666,#667,#668);
#666 = CARTESIAN_POINT('',(-2.56020212766,-19.17575531914,19.9));
#667 = DIRECTION('',(0.,0.,1.));
#668 = DIRECTION('',(9.931556893579E-02,-0.995055987252,0.));
#669 = PCURVE('',#320,#670);
#670 = DEFINITIONAL_REPRESENTATION('',(#671),#678);
#671 = B_SPLINE_CURVE_WITH_KNOTS('',5,(#672,#673,#674,#675,#676,#677),
  .UNSPECIFIED.,.F.,.F.,(6,6),(1.56643821435,1.612931535587),
  .PIECEWISE_BEZIER_KNOTS.);
#672 = CARTESIAN_POINT('',(-1.56643821435,19.5));
#673 = CARTESIAN_POINT('',(-1.575736878598,18.070815328835));
#674 = CARTESIAN_POINT('',(-1.585035542845,16.64155826061));
#675 = CARTESIAN_POINT('',(-1.594334207092,15.212486242875));
#676 = CARTESIAN_POINT('',(-1.60363287134,13.78385674882));
#677 = CARTESIAN_POINT('',(-1.612931535587,12.35592699957));
#678 = ( GEOMETRIC_REPRESENTATION_CONTEXT(2) 
PARAMETRIC_REPRESENTATION_CONTEXT() REPRESENTATION_CONTEXT('2D SPACE',''
  ) );
#679 = PCURVE('',#444,#680);
#680 = DEFINITIONAL_REPRESENTATION('',(#681),#685);
#681 = ELLIPSE('',#682,153.72647408105,2.89);
#682 = AXIS2_PLACEMENT_2D('',#683,#684);
#683 = CARTESIAN_POINT('',(-2.56020212766,-19.17575531914));
#684 = DIRECTION('',(9.931556893579E-02,-0.995055987252));
#685 = ( GEOMETRIC_REPRESENTATION_CONTEXT(2) 
PARAMETRIC_REPRESENTATION_CONTEXT() REPRESENTATION_CONTEXT('2D SPACE',''
  ) );
#686 = ORIENTED_EDGE('',*,*,#687,.F.);
#687 = EDGE_CURVE('',#688,#661,#690,.T.);
#688 = VERTEX_POINT('',#689);
#689 = CARTESIAN_POINT('',(-0.868468098114,-12.41967242573,
    18.346909042407));
#690 = SURFACE_CURVE('',#691,(#699,#710),.PCURVE_S1.);
#691 = B_SPLINE_CURVE_WITH_KNOTS('',6,(#692,#693,#694,#695,#696,#697,
    #698),.UNSPECIFIED.,.F.,.F.,(7,7),(0.,1.),.PIECEWISE_BEZIER_KNOTS.);
#692 = CARTESIAN_POINT('',(-0.868468098114,-12.41967242573,
    18.346909042407));
#693 = CARTESIAN_POINT('',(-0.696707199288,-12.4316831178,
    18.584811668978));
#694 = CARTESIAN_POINT('',(-0.559718602817,-12.43839764216,
    18.836331783668));
#695 = CARTESIAN_POINT('',(-0.455789165085,-12.44212436484,
    19.096589024888));
#696 = CARTESIAN_POINT('',(-0.383403543192,-12.44419670156,
    19.362223844988));
#697 = CARTESIAN_POINT('',(-0.341585753612,-12.44531839968,
    19.630759909643));
#698 = CARTESIAN_POINT('',(-0.330148768925,-12.44562179203,19.9000006));
#699 = PCURVE('',#320,#700);
#700 = DEFINITIONAL_REPRESENTATION('',(#701),#709);
#701 = B_SPLINE_CURVE_WITH_KNOTS('',6,(#702,#703,#704,#705,#706,#707,
    #708),.UNSPECIFIED.,.F.,.F.,(7,7),(0.,0.999999628585),
  .PIECEWISE_BEZIER_KNOTS.);
#702 = CARTESIAN_POINT('',(-2.189457790273,12.305853978773));
#703 = CARTESIAN_POINT('',(-2.088196111491,12.330386205174));
#704 = CARTESIAN_POINT('',(-1.989980037611,12.345940561873));
#705 = CARTESIAN_POINT('',(-1.894010593438,12.35507545425));
#706 = CARTESIAN_POINT('',(-1.799629804603,12.359331098557));
#707 = CARTESIAN_POINT('',(-1.706170011838,12.359551106034));
#708 = CARTESIAN_POINT('',(-1.612931535587,12.355926999539));
#709 = ( GEOMETRIC_REPRESENTATION_CONTEXT(2) 
PARAMETRIC_REPRESENTATION_CONTEXT() REPRESENTATION_CONTEXT('2D SPACE',''
  ) );
#710 = PCURVE('',#711,#716);
#711 = CYLINDRICAL_SURFACE('',#712,12.45);
#712 = AXIS2_PLACEMENT_3D('',#713,#714,#715);
#713 = CARTESIAN_POINT('',(0.,0.,15.));
#714 = DIRECTION('',(0.,0.,1.));
#715 = DIRECTION('',(1.,0.,-0.));
#716 = DEFINITIONAL_REPRESENTATION('',(#717),#725);
#717 = B_SPLINE_CURVE_WITH_KNOTS('',6,(#718,#719,#720,#721,#722,#723,
    #724),.UNSPECIFIED.,.F.,.F.,(7,7),(0.,1.),.PIECEWISE_BEZIER_KNOTS.);
#718 = CARTESIAN_POINT('',(4.642575810305,3.346909042407));
#719 = CARTESIAN_POINT('',(4.656405554999,3.584811668978));
#720 = CARTESIAN_POINT('',(4.667419491031,3.836331783668));
#721 = CARTESIAN_POINT('',(4.675772453254,4.096589024889));
#722 = CARTESIAN_POINT('',(4.681588860034,4.362223844986));
#723 = CARTESIAN_POINT('',(4.684948941602,4.630759909643));
#724 = CARTESIAN_POINT('',(4.685867898074,4.9000006));
#725 = ( GEOMETRIC_REPRESENTATION_CONTEXT(2) 
PARAMETRIC_REPRESENTATION_CONTEXT() REPRESENTATION_CONTEXT('2D SPACE',''
  ) );
#726 = ORIENTED_EDGE('',*,*,#727,.T.);
#727 = EDGE_CURVE('',#688,#728,#730,.T.);
#728 = VERTEX_POINT('',#729);
#729 = CARTESIAN_POINT('',(-0.649061641138,-9.282013909949,19.9));
#730 = SURFACE_CURVE('',#731,(#736,#747),.PCURVE_S1.);
#731 = ELLIPSE('',#732,17.155869969771,2.89);
#732 = AXIS2_PLACEMENT_3D('',#733,#734,#735);
#733 = CARTESIAN_POINT('',(-1.843220872923,-26.35928654107,
    19.764257325387));
#734 = DIRECTION('',(0.99756405026,-6.975647374412E-02,
    -2.168404344971E-19));
#735 = DIRECTION('',(-6.974378569952E-02,-0.997382602769,
    -1.907218002406E-02));
#736 = PCURVE('',#320,#737);
#737 = DEFINITIONAL_REPRESENTATION('',(#738),#746);
#738 = B_SPLINE_CURVE_WITH_KNOTS('',6,(#739,#740,#741,#742,#743,#744,
    #745),.UNSPECIFIED.,.F.,.F.,(7,7),(2.519717803791,3.075531409771),
  .PIECEWISE_BEZIER_KNOTS.);
#739 = CARTESIAN_POINT('',(-2.189457790273,12.305854003658));
#740 = CARTESIAN_POINT('',(-2.096822189276,11.393254630404));
#741 = CARTESIAN_POINT('',(-2.00418658828,10.622194085811));
#742 = CARTESIAN_POINT('',(-1.911550987283,10.006767812188));
#743 = CARTESIAN_POINT('',(-1.818915386286,9.557433066977));
#744 = CARTESIAN_POINT('',(-1.72627978529,9.280260883315));
#745 = CARTESIAN_POINT('',(-1.633644184293,9.176848952601));
#746 = ( GEOMETRIC_REPRESENTATION_CONTEXT(2) 
PARAMETRIC_REPRESENTATION_CONTEXT() REPRESENTATION_CONTEXT('2D SPACE',''
  ) );
#747 = PCURVE('',#748,#753);
#748 = PLANE('',#749);
#749 = AXIS2_PLACEMENT_3D('',#750,#751,#752);
#750 = CARTESIAN_POINT('',(0.,0.,14.));
#751 = DIRECTION('',(0.99756405026,-6.975647374412E-02,0.));
#752 = DIRECTION('',(-6.975647374412E-02,-0.99756405026,0.));
#753 = DEFINITIONAL_REPRESENTATION('',(#754),#758);
#754 = ELLIPSE('',#755,17.155869969771,2.89);
#755 = AXIS2_PLACEMENT_2D('',#756,#757);
#756 = CARTESIAN_POINT('',(26.423653232296,-5.764257325387));
#757 = DIRECTION('',(0.999818109432,1.907218002406E-02));
#758 = ( GEOMETRIC_REPRESENTATION_CONTEXT(2) 
PARAMETRIC_REPRESENTATION_CONTEXT() REPRESENTATION_CONTEXT('2D SPACE',''
  ) );
#759 = ORIENTED_EDGE('',*,*,#760,.T.);
#760 = EDGE_CURVE('',#728,#761,#763,.T.);
#761 = VERTEX_POINT('',#762);
#762 = CARTESIAN_POINT('',(-0.787668816675,-7.910883505351,19.9));
#763 = SURFACE_CURVE('',#764,(#769,#779),.PCURVE_S1.);
#764 = ELLIPSE('',#765,153.72647408105,2.89);
#765 = AXIS2_PLACEMENT_3D('',#766,#767,#768);
#766 = CARTESIAN_POINT('',(-2.56020212766,-19.17575531914,19.9));
#767 = DIRECTION('',(0.,0.,1.));
#768 = DIRECTION('',(9.931556893579E-02,-0.995055987252,0.));
#769 = PCURVE('',#320,#770);
#770 = DEFINITIONAL_REPRESENTATION('',(#771),#778);
#771 = B_SPLINE_CURVE_WITH_KNOTS('',5,(#772,#773,#774,#775,#776,#777),
  .UNSPECIFIED.,.F.,.F.,(6,6),(1.633644184292,1.642629316068),
  .PIECEWISE_BEZIER_KNOTS.);
#772 = CARTESIAN_POINT('',(-1.633644184293,9.176848958302));
#773 = CARTESIAN_POINT('',(-1.635441210648,8.901192552814));
#774 = CARTESIAN_POINT('',(-1.637238237003,8.625575114178));
#775 = CARTESIAN_POINT('',(-1.639035263358,8.349998496933));
#776 = CARTESIAN_POINT('',(-1.640832289714,8.074464555092));
#777 = CARTESIAN_POINT('',(-1.642629316069,7.798975142071));
#778 = ( GEOMETRIC_REPRESENTATION_CONTEXT(2) 
PARAMETRIC_REPRESENTATION_CONTEXT() REPRESENTATION_CONTEXT('2D SPACE',''
  ) );
#779 = PCURVE('',#780,#785);
#780 = PLANE('',#781);
#781 = AXIS2_PLACEMENT_3D('',#782,#783,#784);
#782 = CARTESIAN_POINT('',(0.,0.,19.9));
#783 = DIRECTION('',(0.,0.,1.));
#784 = DIRECTION('',(1.,0.,-0.));
#785 = DEFINITIONAL_REPRESENTATION('',(#786),#790);
#786 = ELLIPSE('',#787,153.72647408105,2.89);
#787 = AXIS2_PLACEMENT_2D('',#788,#789);
#788 = CARTESIAN_POINT('',(-2.56020212766,-19.17575531914));
#789 = DIRECTION('',(9.931556893579E-02,-0.995055987252));
#790 = ( GEOMETRIC_REPRESENTATION_CONTEXT(2) 
PARAMETRIC_REPRESENTATION_CONTEXT() REPRESENTATION_CONTEXT('2D SPACE',''
  ) );
#791 = ORIENTED_EDGE('',*,*,#792,.T.);
#792 = EDGE_CURVE('',#761,#793,#795,.T.);
#793 = VERTEX_POINT('',#794);
#794 = CARTESIAN_POINT('',(-1.388833724734,-7.82774813628,21.87));
#795 = SURFACE_CURVE('',#796,(#904,#931),.PCURVE_S1.);
#796 = B_SPLINE_CURVE_WITH_KNOTS('',8,(#797,#798,#799,#800,#801,#802,
    #803,#804,#805,#806,#807,#808,#809,#810,#811,#812,#813,#814,#815,
    #816,#817,#818,#819,#820,#821,#822,#823,#824,#825,#826,#827,#828,
    #829,#830,#831,#832,#833,#834,#835,#836,#837,#838,#839,#840,#841,
    #842,#843,#844,#845,#846,#847,#848,#849,#850,#851,#852,#853,#854,
    #855,#856,#857,#858,#859,#860,#861,#862,#863,#864,#865,#866,#867,
    #868,#869,#870,#871,#872,#873,#874,#875,#876,#877,#878,#879,#880,
    #881,#882,#883,#884,#885,#886,#887,#888,#889,#890,#891,#892,#893,
    #894,#895,#896,#897,#898,#899,#900,#901,#902,#903),.UNSPECIFIED.,.F.
  ,.F.,(9,7,7,7,7,7,7,7,7,7,7,7,7,7,7,9),(0.,0.100782816258,
    0.121446002819,0.15296569582,0.184989450313,0.32241121247,
    0.528893549379,0.587008811053,0.631976945852,0.686527383837,
    0.719754770004,0.760660918606,0.789707403367,0.866666569896,
    0.962810027304,1.),.UNSPECIFIED.);
#797 = CARTESIAN_POINT('',(-6.350326848537,-4.782870363783,
    21.870000599479));
#798 = CARTESIAN_POINT('',(-6.439394319724,-4.664613436333,
    21.766029251972));
#799 = CARTESIAN_POINT('',(-6.522282621767,-4.549324244885,
    21.658466558717));
#800 = CARTESIAN_POINT('',(-6.5999488784,-4.436481448215,21.546253938114
    ));
#801 = CARTESIAN_POINT('',(-6.672652311044,-4.326254910625,
    21.428346611335));
#802 = CARTESIAN_POINT('',(-6.73998986491,-4.219756443983,
    21.303929445158));
#803 = CARTESIAN_POINT('',(-6.801072959268,-4.119196153919,
    21.172464480896));
#804 = CARTESIAN_POINT('',(-6.854691648197,-4.027873865588,
    21.033584846325));
#805 = CARTESIAN_POINT('',(-6.908460947742,-3.933955563267,
    20.856765107739));
#806 = CARTESIAN_POINT('',(-6.917241006087,-3.918521431569,
    20.826317916324));
#807 = CARTESIAN_POINT('',(-6.925634431648,-3.903676757797,20.7955148565
    ));
#808 = CARTESIAN_POINT('',(-6.933623567661,-3.889465432108,
    20.764361710747));
#809 = CARTESIAN_POINT('',(-6.941191191862,-3.875931139416,
    20.732863358348));
#810 = CARTESIAN_POINT('',(-6.94832038625,-3.863117312439,
    20.701023772963));
#811 = CARTESIAN_POINT('',(-6.954994406852,-3.851067084749,
    20.668846020192));
#812 = CARTESIAN_POINT('',(-6.970657328422,-3.822671851759,20.5867356506
    ));
#813 = CARTESIAN_POINT('',(-6.979035538934,-3.807368431298,
    20.53627534016));
#814 = CARTESIAN_POINT('',(-6.986238166357,-3.794126583471,
    20.485101270549));
#815 = CARTESIAN_POINT('',(-6.992193141536,-3.783120626864,
    20.433348315038));
#816 = CARTESIAN_POINT('',(-6.996847353579,-3.774485641558,
    20.38113953285));
#817 = CARTESIAN_POINT('',(-7.000164658615,-3.768317513067,
    20.328589428574));
#818 = CARTESIAN_POINT('',(-7.002123888549,-3.76467297628,
    20.275807211569));
#819 = CARTESIAN_POINT('',(-7.003319313865,-3.762448698327,
    20.169146810348));
#820 = CARTESIAN_POINT('',(-7.002509475817,-3.763954549513,
    20.115440505776));
#821 = CARTESIAN_POINT('',(-7.000296326739,-3.768076121337,
    20.061894296972));
#822 = CARTESIAN_POINT('',(-6.996702578257,-3.774760644068,
    20.008624358355));
#823 = CARTESIAN_POINT('',(-6.991766611208,-3.783913649279,
    19.955753518569));
#824 = CARTESIAN_POINT('',(-6.985544414279,-3.79539894926,
    19.903414895603));
#825 = CARTESIAN_POINT('',(-6.978111522651,-3.809038616435,
    19.851755531918));
#826 = CARTESIAN_POINT('',(-6.932889551806,-3.891446291759,
    19.582878281699));
#827 = CARTESIAN_POINT('',(-6.875585439609,-3.994133568078,
    19.379613997566));
#828 = CARTESIAN_POINT('',(-6.802674130453,-4.120234754448,
    19.189762852754));
#829 = CARTESIAN_POINT('',(-6.71754764505,-4.259430956288,
    19.012988597983));
#830 = CARTESIAN_POINT('',(-6.623127221379,-4.405091691686,
    18.848614877845));
#831 = CARTESIAN_POINT('',(-6.520766491686,-4.554331832321,
    18.694738920809));
#832 = CARTESIAN_POINT('',(-6.409558510475,-4.707529260961,
    18.548368314839));
#833 = CARTESIAN_POINT('',(-6.100191654387,-5.107074543514,
    18.193456045985));
#834 = CARTESIAN_POINT('',(-5.89285061337,-5.353241102975,
    17.998010741846));
#835 = CARTESIAN_POINT('',(-5.664083972662,-5.600925381929,
    17.819134953898));
#836 = CARTESIAN_POINT('',(-5.412376543157,-5.848536855768,
    17.657303740303));
#837 = CARTESIAN_POINT('',(-5.13554632589,-6.094190493131,
    17.514844658195));
#838 = CARTESIAN_POINT('',(-4.831729651608,-6.335126927747,
    17.396462627444));
#839 = CARTESIAN_POINT('',(-4.499808159501,-6.56739057193,
    17.309447452127));
#840 = CARTESIAN_POINT('',(-4.040397963799,-6.847748348767,
    17.252051185678));
#841 = CARTESIAN_POINT('',(-3.937340558657,-6.908286539864,
    17.242783726221));
#842 = CARTESIAN_POINT('',(-3.832330197038,-6.967572849687,
    17.237124035692));
#843 = CARTESIAN_POINT('',(-3.725580926244,-7.025413103089,
    17.235329556834));
#844 = CARTESIAN_POINT('',(-3.617320119614,-7.081632806691,
    17.23764655712));
#845 = CARTESIAN_POINT('',(-3.507789006447,-7.13607770377,
    17.244310430313));
#846 = CARTESIAN_POINT('',(-3.397243201928,-7.188614329148,
    17.255545998011));
#847 = CARTESIAN_POINT('',(-3.199839847944,-7.278218762206,
    17.283965089201));
#848 = CARTESIAN_POINT('',(-3.11332618748,-7.316076826035,
    17.299221531605));
#849 = CARTESIAN_POINT('',(-3.026654269848,-7.352602138021,
    17.317414554842));
#850 = CARTESIAN_POINT('',(-2.940065858393,-7.387713379933,
    17.338597176041));
#851 = CARTESIAN_POINT('',(-2.853801028922,-7.421349285464,
    17.36279752963));
#852 = CARTESIAN_POINT('',(-2.768096733006,-7.453467392826,
    17.390018383932));
#853 = CARTESIAN_POINT('',(-2.68318536128,-7.484042797352,
    17.420236657765));
#854 = CARTESIAN_POINT('',(-2.497524613454,-7.548275785732,
    17.493636650731));
#855 = CARTESIAN_POINT('',(-2.39738554511,-7.581156967445,
    17.538157439655));
#856 = CARTESIAN_POINT('',(-2.299247776104,-7.611713392725,
    17.586867442015));
#857 = CARTESIAN_POINT('',(-2.203469544158,-7.63997952868,
    17.639618248644));
#858 = CARTESIAN_POINT('',(-2.110390765126,-7.666016538048,
    17.696209787094));
#859 = CARTESIAN_POINT('',(-2.020328147796,-7.689907451214,
    17.756389205711));
#860 = CARTESIAN_POINT('',(-1.933570308687,-7.711752338215,
    17.819849757715));
#861 = CARTESIAN_POINT('',(-1.799696247655,-7.743791618429,
    17.926662568468));
#862 = CARTESIAN_POINT('',(-1.750312694147,-7.755208938149,
    17.96820079426));
#863 = CARTESIAN_POINT('',(-1.702248883941,-7.765947427215,
    18.01079141129));
#864 = CARTESIAN_POINT('',(-1.655529284783,-7.776038808394,
    18.054379683039));
#865 = CARTESIAN_POINT('',(-1.610176054375,-7.785514395273,
    18.09890907328));
#866 = CARTESIAN_POINT('',(-1.566208920191,-7.794404947607,
    18.144321231521));
#867 = CARTESIAN_POINT('',(-1.523645059302,-7.802740526674,
    18.190555978456));
#868 = CARTESIAN_POINT('',(-1.431844144876,-7.820165004557,
    18.295407098833));
#869 = CARTESIAN_POINT('',(-1.383335013692,-7.828983476395,
    18.354419177579));
#870 = CARTESIAN_POINT('',(-1.336972436189,-7.837065060416,
    18.414502416323));
#871 = CARTESIAN_POINT('',(-1.29275511443,-7.844465400277,
    18.475573440018));
#872 = CARTESIAN_POINT('',(-1.250679600994,-7.851236489015,
    18.537550609902));
#873 = CARTESIAN_POINT('',(-1.21074029898,-7.85742666905,18.600354023492
    ));
#874 = CARTESIAN_POINT('',(-1.172929462005,-7.863080632184,
    18.663905514586));
#875 = CARTESIAN_POINT('',(-1.111892962388,-7.87190255204,
    18.773731978993));
#876 = CARTESIAN_POINT('',(-1.087613603556,-7.875316556868,
    18.819680175861));
#877 = CARTESIAN_POINT('',(-1.064393804832,-7.878496323504,
    18.865949829585));
#878 = CARTESIAN_POINT('',(-1.042228137492,-7.88145581675,
    18.912518642475));
#879 = CARTESIAN_POINT('',(-1.021111056963,-7.884208076783,
    18.959365433439));
#880 = CARTESIAN_POINT('',(-1.001036902819,-7.886765219161,
    19.00647013798));
#881 = CARTESIAN_POINT('',(-0.981999898783,-7.889138434818,
    19.053813808195));
#882 = CARTESIAN_POINT('',(-0.916287615421,-7.897165749958,
    19.227402389745));
#883 = CARTESIAN_POINT('',(-0.875825644701,-7.901773996667,
    19.354966715462));
#884 = CARTESIAN_POINT('',(-0.842496394199,-7.905355187748,
    19.483749336743));
#885 = CARTESIAN_POINT('',(-0.816204721695,-7.908056191181,
    19.613460322619));
#886 = CARTESIAN_POINT('',(-0.796875263509,-7.909982973571,
    19.743835048241));
#887 = CARTESIAN_POINT('',(-0.784454968762,-7.911203710254,
    19.874627170019));
#888 = CARTESIAN_POINT('',(-0.77891509352,-7.911750317316,
    20.005601591999));
#889 = CARTESIAN_POINT('',(-0.78192364182,-7.911453610919,
    20.300090292861));
#890 = CARTESIAN_POINT('',(-0.794328455365,-7.910229841169,
    20.463601403492));
#891 = CARTESIAN_POINT('',(-0.817466763801,-7.90793790291,
    20.626592742238));
#892 = CARTESIAN_POINT('',(-0.851393986861,-7.904480965149,
    20.788586539133));
#893 = CARTESIAN_POINT('',(-0.89621594901,-7.899674461154,
    20.949076569797));
#894 = CARTESIAN_POINT('',(-0.952081629254,-7.893240952725,
    21.107509435237));
#895 = CARTESIAN_POINT('',(-1.019174007434,-7.884799956866,
    21.263265819033));
#896 = CARTESIAN_POINT('',(-1.128073851702,-7.869618157696,
    21.474583389083));
#897 = CARTESIAN_POINT('',(-1.160157325107,-7.865008810871,
    21.533015412237));
#898 = CARTESIAN_POINT('',(-1.193955991267,-7.859996707205,
    21.590887379499));
#899 = CARTESIAN_POINT('',(-1.229475374796,-7.854551470497,
    21.648147716687));
#900 = CARTESIAN_POINT('',(-1.266719960848,-7.848640335513,
    21.704743687301));
#901 = CARTESIAN_POINT('',(-1.305693195124,-7.842228147984,
    21.760621392528));
#902 = CARTESIAN_POINT('',(-1.346397483867,-7.835277364607,
    21.815725771242));
#903 = CARTESIAN_POINT('',(-1.388834193867,-7.827748053045,
    21.870000600001));
#904 = PCURVE('',#320,#905);
#905 = DEFINITIONAL_REPRESENTATION('',(#906),#930);
#906 = B_SPLINE_CURVE_WITH_KNOTS('',8,(#907,#908,#909,#910,#911,#912,
    #913,#914,#915,#916,#917,#918,#919,#920,#921,#922,#923,#924,#925,
    #926,#927,#928,#929),.UNSPECIFIED.,.F.,.F.,(9,7,7,9),(0.84928157628,
    0.866666569896,0.962810027304,0.999999948609),.UNSPECIFIED.);
#907 = CARTESIAN_POINT('',(-1.64262931635,7.798975142073));
#908 = CARTESIAN_POINT('',(-1.632381515995,7.798847829632));
#909 = CARTESIAN_POINT('',(-1.62213804706,7.798649731716));
#910 = CARTESIAN_POINT('',(-1.611898210369,7.798381357742));
#911 = CARTESIAN_POINT('',(-1.601661305057,7.798043115128));
#912 = CARTESIAN_POINT('',(-1.591426628231,7.797635309864));
#913 = CARTESIAN_POINT('',(-1.58119347465,7.79715814688));
#914 = CARTESIAN_POINT('',(-1.570961136402,7.796611730217));
#915 = CARTESIAN_POINT('',(-1.504142034824,7.792591265871));
#916 = CARTESIAN_POINT('',(-1.447549990864,7.78706804078));
#917 = CARTESIAN_POINT('',(-1.390838772449,7.779426072818));
#918 = CARTESIAN_POINT('',(-1.333897608932,7.769572505582));
#919 = CARTESIAN_POINT('',(-1.276617325122,7.757322725965));
#920 = CARTESIAN_POINT('',(-1.21888849458,7.742396326588));
#921 = CARTESIAN_POINT('',(-1.160599378374,7.724408245858));
#922 = CARTESIAN_POINT('',(-1.078824704366,7.694517957435));
#923 = CARTESIAN_POINT('',(-1.055915966229,7.685647897461));
#924 = CARTESIAN_POINT('',(-1.032904559696,7.676217357896));
#925 = CARTESIAN_POINT('',(-1.009787446107,7.666196539181));
#926 = CARTESIAN_POINT('',(-0.986561423323,7.655553390032));
#927 = CARTESIAN_POINT('',(-0.963223125722,7.644253607444));
#928 = CARTESIAN_POINT('',(-0.939769024205,7.632260636688));
#929 = CARTESIAN_POINT('',(-0.916195426189,7.619535671311));
#930 = ( GEOMETRIC_REPRESENTATION_CONTEXT(2) 
PARAMETRIC_REPRESENTATION_CONTEXT() REPRESENTATION_CONTEXT('2D SPACE',''
  ) );
#931 = PCURVE('',#932,#937);
#932 = CYLINDRICAL_SURFACE('',#933,7.95);
#933 = AXIS2_PLACEMENT_3D('',#934,#935,#936);
#934 = CARTESIAN_POINT('',(0.,0.,19.9));
#935 = DIRECTION('',(0.,0.,1.));
#936 = DIRECTION('',(1.,0.,-0.));
#937 = DEFINITIONAL_REPRESENTATION('',(#938),#1046);
#938 = B_SPLINE_CURVE_WITH_KNOTS('',8,(#939,#940,#941,#942,#943,#944,
    #945,#946,#947,#948,#949,#950,#951,#952,#953,#954,#955,#956,#957,
    #958,#959,#960,#961,#962,#963,#964,#965,#966,#967,#968,#969,#970,
    #971,#972,#973,#974,#975,#976,#977,#978,#979,#980,#981,#982,#983,
    #984,#985,#986,#987,#988,#989,#990,#991,#992,#993,#994,#995,#996,
    #997,#998,#999,#1000,#1001,#1002,#1003,#1004,#1005,#1006,#1007,#1008
    ,#1009,#1010,#1011,#1012,#1013,#1014,#1015,#1016,#1017,#1018,#1019,
    #1020,#1021,#1022,#1023,#1024,#1025,#1026,#1027,#1028,#1029,#1030,
    #1031,#1032,#1033,#1034,#1035,#1036,#1037,#1038,#1039,#1040,#1041,
    #1042,#1043,#1044,#1045),.UNSPECIFIED.,.F.,.F.,(9,7,7,7,7,7,7,7,7,7,
    7,7,7,7,7,9),(0.,0.100782816258,0.121446002819,0.15296569582,
    0.184989450313,0.32241121247,0.528893549379,0.587008811053,
    0.631976945852,0.686527383837,0.719754770004,0.760660918606,
    0.789707403367,0.866666569896,0.962810027304,1.),.UNSPECIFIED.);
#939 = CARTESIAN_POINT('',(3.787118943881,1.9700006));
#940 = CARTESIAN_POINT('',(3.768496764225,1.866029252493));
#941 = CARTESIAN_POINT('',(3.750640401093,1.758466556841));
#942 = CARTESIAN_POINT('',(3.733415081531,1.646253939487));
#943 = CARTESIAN_POINT('',(3.716812124141,1.528346611919));
#944 = CARTESIAN_POINT('',(3.70096818136,1.403929443809));
#945 = CARTESIAN_POINT('',(3.686171196949,1.27246448149));
#946 = CARTESIAN_POINT('',(3.672851277855,1.133584846325));
#947 = CARTESIAN_POINT('',(3.659238573312,0.956765107739));
#948 = CARTESIAN_POINT('',(3.657005029512,0.926317916324));
#949 = CARTESIAN_POINT('',(3.654859976179,0.8955148565));
#950 = CARTESIAN_POINT('',(3.65280929492,0.864361710747));
#951 = CARTESIAN_POINT('',(3.650858823483,0.832863358348));
#952 = CARTESIAN_POINT('',(3.649014358248,0.801023772963));
#953 = CARTESIAN_POINT('',(3.64728165672,0.768846020192));
#954 = CARTESIAN_POINT('',(3.643202583134,0.6867356506));
#955 = CARTESIAN_POINT('',(3.641008034327,0.63627534016));
#956 = CARTESIAN_POINT('',(3.639111948256,0.585101270549));
#957 = CARTESIAN_POINT('',(3.637537902491,0.533348315038));
#958 = CARTESIAN_POINT('',(3.636304014518,0.48113953285));
#959 = CARTESIAN_POINT('',(3.635423058738,0.428589428574));
#960 = CARTESIAN_POINT('',(3.634902583463,0.375807211569));
#961 = CARTESIAN_POINT('',(3.634584952749,0.269146810348));
#962 = CARTESIAN_POINT('',(3.634800021652,0.215440505776));
#963 = CARTESIAN_POINT('',(3.635388473148,0.161894296972));
#964 = CARTESIAN_POINT('',(3.636343105604,0.108624358355));
#965 = CARTESIAN_POINT('',(3.637651165393,5.575351856872E-02));
#966 = CARTESIAN_POINT('',(3.639294235051,3.414895602959E-03));
#967 = CARTESIAN_POINT('',(3.641248121436,-4.824446808183E-02));
#968 = CARTESIAN_POINT('',(3.653072055331,-0.317121718301));
#969 = CARTESIAN_POINT('',(3.667863415622,-0.520386002434));
#970 = CARTESIAN_POINT('',(3.686182612581,-0.710237147246));
#971 = CARTESIAN_POINT('',(3.706693281228,-0.887011402017));
#972 = CARTESIAN_POINT('',(3.728513447297,-1.051385122155));
#973 = CARTESIAN_POINT('',(3.751264106957,-1.205261079191));
#974 = CARTESIAN_POINT('',(3.77506473895,-1.351631685161));
#975 = CARTESIAN_POINT('',(3.838626503018,-1.706543954015));
#976 = CARTESIAN_POINT('',(3.879076669458,-1.901989258154));
#977 = CARTESIAN_POINT('',(3.921412787033,-2.080865046102));
#978 = CARTESIAN_POINT('',(3.96571925766,-2.242696259697));
#979 = CARTESIAN_POINT('',(4.012142029074,-2.385155341805));
#980 = CARTESIAN_POINT('',(4.06077552958,-2.503537372556));
#981 = CARTESIAN_POINT('',(4.111633444253,-2.590552547873));
#982 = CARTESIAN_POINT('',(4.179331437208,-2.647948814322));
#983 = CARTESIAN_POINT('',(4.194363633351,-2.657216273779));
#984 = CARTESIAN_POINT('',(4.209528492998,-2.662875964308));
#985 = CARTESIAN_POINT('',(4.224795793573,-2.664670443166));
#986 = CARTESIAN_POINT('',(4.24013542844,-2.66235344288));
#987 = CARTESIAN_POINT('',(4.255517155628,-2.655689569687));
#988 = CARTESIAN_POINT('',(4.270910346572,-2.644454001989));
#989 = CARTESIAN_POINT('',(4.298179277866,-2.616034910799));
#990 = CARTESIAN_POINT('',(4.310056705005,-2.600778468395));
#991 = CARTESIAN_POINT('',(4.321885546495,-2.582585445158));
#992 = CARTESIAN_POINT('',(4.333636401773,-2.561402823959));
#993 = CARTESIAN_POINT('',(4.345280935597,-2.53720247037));
#994 = CARTESIAN_POINT('',(4.356791874161,-2.509981616068));
#995 = CARTESIAN_POINT('',(4.368143001223,-2.479763342235));
#996 = CARTESIAN_POINT('',(4.392854713523,-2.406363349269));
#997 = CARTESIAN_POINT('',(4.406110801695,-2.361842560345));
#998 = CARTESIAN_POINT('',(4.419037219491,-2.313132557985));
#999 = CARTESIAN_POINT('',(4.431595847405,-2.260381751356));
#1000 = CARTESIAN_POINT('',(4.443751009754,-2.203790212906));
#1001 = CARTESIAN_POINT('',(4.455469838744,-2.143610794289));
#1002 = CARTESIAN_POINT('',(4.466722638549,-2.080150242285));
#1003 = CARTESIAN_POINT('',(4.484037678368,-1.973337431532));
#1004 = CARTESIAN_POINT('',(4.490413111437,-1.93179920574));
#1005 = CARTESIAN_POINT('',(4.496607653485,-1.88920858871));
#1006 = CARTESIAN_POINT('',(4.502619570374,-1.845620316961));
#1007 = CARTESIAN_POINT('',(4.508447309474,-1.80109092672));
#1008 = CARTESIAN_POINT('',(4.514089520195,-1.755678768479));
#1009 = CARTESIAN_POINT('',(4.519545074527,-1.709444021544));
#1010 = CARTESIAN_POINT('',(4.531298524707,-1.604592901167));
#1011 = CARTESIAN_POINT('',(4.537500147463,-1.545580822421));
#1012 = CARTESIAN_POINT('',(4.543419603138,-1.485497583677));
#1013 = CARTESIAN_POINT('',(4.549058622349,-1.424426559982));
#1014 = CARTESIAN_POINT('',(4.554419019024,-1.362449390098));
#1015 = CARTESIAN_POINT('',(4.559502690405,-1.299645976508));
#1016 = CARTESIAN_POINT('',(4.564311617047,-1.236094485414));
#1017 = CARTESIAN_POINT('',(4.572068943224,-1.126268021007));
#1018 = CARTESIAN_POINT('',(4.575152975272,-1.080319824139));
#1019 = CARTESIAN_POINT('',(4.578100932948,-1.034050170415));
#1020 = CARTESIAN_POINT('',(4.580913776367,-0.987481357525));
#1021 = CARTESIAN_POINT('',(4.583592451773,-0.940634566561));
#1022 = CARTESIAN_POINT('',(4.586137891545,-0.89352986202));
#1023 = CARTESIAN_POINT('',(4.588551014191,-0.846186191805));
#1024 = CARTESIAN_POINT('',(4.596878155095,-0.672597610255));
#1025 = CARTESIAN_POINT('',(4.602000444247,-0.545033284538));
#1026 = CARTESIAN_POINT('',(4.606216823558,-0.416250663257));
#1027 = CARTESIAN_POINT('',(4.609541326859,-0.286539677381));
#1028 = CARTESIAN_POINT('',(4.611984754661,-0.156164951759));
#1029 = CARTESIAN_POINT('',(4.613554581461,-2.537282998139E-02));
#1030 = CARTESIAN_POINT('',(4.614254805767,0.105601591999));
#1031 = CARTESIAN_POINT('',(4.613874536125,0.400090292861));
#1032 = CARTESIAN_POINT('',(4.612306602834,0.563601403492));
#1033 = CARTESIAN_POINT('',(4.609381892252,0.726592742238));
#1034 = CARTESIAN_POINT('',(4.605092238042,0.888586539133));
#1035 = CARTESIAN_POINT('',(4.599422099779,1.049076569797));
#1036 = CARTESIAN_POINT('',(4.59234904588,1.207509435237));
#1037 = CARTESIAN_POINT('',(4.583843977949,1.363265819033));
#1038 = CARTESIAN_POINT('',(4.570013411397,1.574583389083));
#1039 = CARTESIAN_POINT('',(4.565936340546,1.633015412237));
#1040 = CARTESIAN_POINT('',(4.561638519086,1.6908873795));
#1041 = CARTESIAN_POINT('',(4.557118602978,1.748147716687));
#1042 = CARTESIAN_POINT('',(4.552375269046,1.804743687301));
#1043 = CARTESIAN_POINT('',(4.547407214979,1.860621392528));
#1044 = CARTESIAN_POINT('',(4.542213159329,1.915725771241));
#1045 = CARTESIAN_POINT('',(4.53679184151,1.9700006));
#1046 = ( GEOMETRIC_REPRESENTATION_CONTEXT(2) 
PARAMETRIC_REPRESENTATION_CONTEXT() REPRESENTATION_CONTEXT('2D SPACE',''
  ) );
#1047 = ORIENTED_EDGE('',*,*,#1048,.T.);
#1048 = EDGE_CURVE('',#793,#1049,#1051,.T.);
#1049 = VERTEX_POINT('',#1050);
#1050 = CARTESIAN_POINT('',(-2.043055540644,-0.234297934653,21.87));
#1051 = SURFACE_CURVE('',#1052,(#1057,#1067),.PCURVE_S1.);
#1052 = ELLIPSE('',#1053,153.72647408105,2.89);
#1053 = AXIS2_PLACEMENT_3D('',#1054,#1055,#1056);
#1054 = CARTESIAN_POINT('',(-12.96557446808,85.077063829787,21.87));
#1055 = DIRECTION('',(0.,0.,1.));
#1056 = DIRECTION('',(9.931556893579E-02,-0.995055987252,0.));
#1057 = PCURVE('',#320,#1058);
#1058 = DEFINITIONAL_REPRESENTATION('',(#1059),#1066);
#1059 = B_SPLINE_CURVE_WITH_KNOTS('',5,(#1060,#1061,#1062,#1063,#1064,
    #1065),.UNSPECIFIED.,.F.,.F.,(6,6),(0.916195426189,0.977293326478),
  .PIECEWISE_BEZIER_KNOTS.);
#1060 = CARTESIAN_POINT('',(-0.91619542619,7.619535671347));
#1061 = CARTESIAN_POINT('',(-0.928415006247,6.129623374905));
#1062 = CARTESIAN_POINT('',(-0.940634586305,4.622244832098));
#1063 = CARTESIAN_POINT('',(-0.952854166363,3.097863524099));
#1064 = CARTESIAN_POINT('',(-0.965073746421,1.556953800706));
#1065 = CARTESIAN_POINT('',(-0.977293326478,2.54819277446E-14));
#1066 = ( GEOMETRIC_REPRESENTATION_CONTEXT(2) 
PARAMETRIC_REPRESENTATION_CONTEXT() REPRESENTATION_CONTEXT('2D SPACE',''
  ) );
#1067 = PCURVE('',#1068,#1073);
#1068 = PLANE('',#1069);
#1069 = AXIS2_PLACEMENT_3D('',#1070,#1071,#1072);
#1070 = CARTESIAN_POINT('',(0.,0.,21.87));
#1071 = DIRECTION('',(0.,0.,1.));
#1072 = DIRECTION('',(1.,0.,-0.));
#1073 = DEFINITIONAL_REPRESENTATION('',(#1074),#1078);
#1074 = ELLIPSE('',#1075,153.72647408105,2.89);
#1075 = AXIS2_PLACEMENT_2D('',#1076,#1077);
#1076 = CARTESIAN_POINT('',(-12.96557446808,85.077063829787));
#1077 = DIRECTION('',(9.931556893579E-02,-0.995055987252));
#1078 = ( GEOMETRIC_REPRESENTATION_CONTEXT(2) 
PARAMETRIC_REPRESENTATION_CONTEXT() REPRESENTATION_CONTEXT('2D SPACE',''
  ) );
#1079 = ORIENTED_EDGE('',*,*,#1080,.T.);
#1080 = EDGE_CURVE('',#1049,#1081,#1083,.T.);
#1081 = VERTEX_POINT('',#1082);
#1082 = CARTESIAN_POINT('',(-6.810908940341,-0.710172738743,21.87));
#1083 = SURFACE_CURVE('',#1084,(#1089,#1096),.PCURVE_S1.);
#1084 = CIRCLE('',#1085,2.89);
#1085 = AXIS2_PLACEMENT_3D('',#1086,#1087,#1088);
#1086 = CARTESIAN_POINT('',(-4.43,-0.442,20.254));
#1087 = DIRECTION('',(9.929801703841E-02,-0.994880132442,
    -1.879962457525E-02));
#1088 = DIRECTION('',(0.825932338878,7.186922676381E-02,0.559169550173)
  );
#1089 = PCURVE('',#320,#1090);
#1090 = DEFINITIONAL_REPRESENTATION('',(#1091),#1095);
#1091 = LINE('',#1092,#1093);
#1092 = CARTESIAN_POINT('',(-0.977293326478,0.));
#1093 = VECTOR('',#1094,1.);
#1094 = DIRECTION('',(1.,0.));
#1095 = ( GEOMETRIC_REPRESENTATION_CONTEXT(2) 
PARAMETRIC_REPRESENTATION_CONTEXT() REPRESENTATION_CONTEXT('2D SPACE',''
  ) );
#1096 = PCURVE('',#1097,#1102);
#1097 = PLANE('',#1098);
#1098 = AXIS2_PLACEMENT_3D('',#1099,#1100,#1101);
#1099 = CARTESIAN_POINT('',(-4.43,-0.442,20.254));
#1100 = DIRECTION('',(9.929801703841E-02,-0.994880132442,
    -1.879962457525E-02));
#1101 = DIRECTION('',(1.867095410469E-03,-1.87066789917E-02,
    0.999823271441));
#1102 = DEFINITIONAL_REPRESENTATION('',(#1103),#1107);
#1103 = CIRCLE('',#1104,2.89);
#1104 = AXIS2_PLACEMENT_2D('',#1105,#1106);
#1105 = CARTESIAN_POINT('',(0.,0.));
#1106 = DIRECTION('',(0.559268388869,-0.828986652011));
#1107 = ( GEOMETRIC_REPRESENTATION_CONTEXT(2) 
PARAMETRIC_REPRESENTATION_CONTEXT() REPRESENTATION_CONTEXT('2D SPACE',''
  ) );
#1108 = ORIENTED_EDGE('',*,*,#1109,.T.);
#1109 = EDGE_CURVE('',#1081,#1110,#1112,.T.);
#1110 = VERTEX_POINT('',#1111);
#1111 = CARTESIAN_POINT('',(-6.350327361637,-4.782869682528,21.87));
#1112 = SURFACE_CURVE('',#1113,(#1118,#1128),.PCURVE_S1.);
#1113 = ELLIPSE('',#1114,153.72647408105,2.89);
#1114 = AXIS2_PLACEMENT_3D('',#1115,#1116,#1117);
#1115 = CARTESIAN_POINT('',(-12.96557446808,85.077063829787,21.87));
#1116 = DIRECTION('',(0.,0.,1.));
#1117 = DIRECTION('',(9.931556893579E-02,-0.995055987252,0.));
#1118 = PCURVE('',#320,#1119);
#1119 = DEFINITIONAL_REPRESENTATION('',(#1120),#1127);
#1120 = B_SPLINE_CURVE_WITH_KNOTS('',5,(#1121,#1122,#1123,#1124,#1125,
    #1126),.UNSPECIFIED.,.F.,.F.,(6,6),(5.305891980702,5.338413861821),
  .PIECEWISE_BEZIER_KNOTS.);
#1121 = CARTESIAN_POINT('',(0.977293326478,2.713701384462E-14));
#1122 = CARTESIAN_POINT('',(0.970788950254,0.828752971481));
#1123 = CARTESIAN_POINT('',(0.96428457403,1.652960109795));
#1124 = CARTESIAN_POINT('',(0.957780197806,2.472548368932));
#1125 = CARTESIAN_POINT('',(0.951275821582,3.287445504669));
#1126 = CARTESIAN_POINT('',(0.944771445358,4.097580112249));
#1127 = ( GEOMETRIC_REPRESENTATION_CONTEXT(2) 
PARAMETRIC_REPRESENTATION_CONTEXT() REPRESENTATION_CONTEXT('2D SPACE',''
  ) );
#1128 = PCURVE('',#1068,#1129);
#1129 = DEFINITIONAL_REPRESENTATION('',(#1130),#1134);
#1130 = ELLIPSE('',#1131,153.72647408105,2.89);
#1131 = AXIS2_PLACEMENT_2D('',#1132,#1133);
#1132 = CARTESIAN_POINT('',(-12.96557446808,85.077063829787));
#1133 = DIRECTION('',(9.931556893579E-02,-0.995055987252));
#1134 = ( GEOMETRIC_REPRESENTATION_CONTEXT(2) 
PARAMETRIC_REPRESENTATION_CONTEXT() REPRESENTATION_CONTEXT('2D SPACE',''
  ) );
#1135 = ORIENTED_EDGE('',*,*,#1136,.T.);
#1136 = EDGE_CURVE('',#1110,#1137,#1139,.T.);
#1137 = VERTEX_POINT('',#1138);
#1138 = CARTESIAN_POINT('',(-4.387899033231,-6.629392285434,
    17.304949937227));
#1139 = SURFACE_CURVE('',#1140,(#1248,#1296),.PCURVE_S1.);
#1140 = B_SPLINE_CURVE_WITH_KNOTS('',8,(#1141,#1142,#1143,#1144,#1145,
    #1146,#1147,#1148,#1149,#1150,#1151,#1152,#1153,#1154,#1155,#1156,
    #1157,#1158,#1159,#1160,#1161,#1162,#1163,#1164,#1165,#1166,#1167,
    #1168,#1169,#1170,#1171,#1172,#1173,#1174,#1175,#1176,#1177,#1178,
    #1179,#1180,#1181,#1182,#1183,#1184,#1185,#1186,#1187,#1188,#1189,
    #1190,#1191,#1192,#1193,#1194,#1195,#1196,#1197,#1198,#1199,#1200,
    #1201,#1202,#1203,#1204,#1205,#1206,#1207,#1208,#1209,#1210,#1211,
    #1212,#1213,#1214,#1215,#1216,#1217,#1218,#1219,#1220,#1221,#1222,
    #1223,#1224,#1225,#1226,#1227,#1228,#1229,#1230,#1231,#1232,#1233,
    #1234,#1235,#1236,#1237,#1238,#1239,#1240,#1241,#1242,#1243,#1244,
    #1245,#1246,#1247),.UNSPECIFIED.,.F.,.F.,(9,7,7,7,7,7,7,7,7,7,7,7,7,
    7,7,9),(0.,0.100782816258,0.121446002819,0.15296569582,
    0.184989450313,0.32241121247,0.528893549379,0.587008811053,
    0.631976945852,0.686527383837,0.719754770004,0.760660918606,
    0.789707403367,0.866666569896,0.962810027304,1.),.UNSPECIFIED.);
#1141 = CARTESIAN_POINT('',(-6.350326848537,-4.782870363783,
    21.870000599479));
#1142 = CARTESIAN_POINT('',(-6.439394319724,-4.664613436333,
    21.766029251972));
#1143 = CARTESIAN_POINT('',(-6.522282621767,-4.549324244885,
    21.658466558717));
#1144 = CARTESIAN_POINT('',(-6.5999488784,-4.436481448215,
    21.546253938114));
#1145 = CARTESIAN_POINT('',(-6.672652311044,-4.326254910625,
    21.428346611335));
#1146 = CARTESIAN_POINT('',(-6.73998986491,-4.219756443983,
    21.303929445158));
#1147 = CARTESIAN_POINT('',(-6.801072959268,-4.119196153919,
    21.172464480896));
#1148 = CARTESIAN_POINT('',(-6.854691648197,-4.027873865588,
    21.033584846325));
#1149 = CARTESIAN_POINT('',(-6.908460947742,-3.933955563267,
    20.856765107739));
#1150 = CARTESIAN_POINT('',(-6.917241006087,-3.918521431569,
    20.826317916324));
#1151 = CARTESIAN_POINT('',(-6.925634431648,-3.903676757797,
    20.7955148565));
#1152 = CARTESIAN_POINT('',(-6.933623567661,-3.889465432108,
    20.764361710747));
#1153 = CARTESIAN_POINT('',(-6.941191191862,-3.875931139416,
    20.732863358348));
#1154 = CARTESIAN_POINT('',(-6.94832038625,-3.863117312439,
    20.701023772963));
#1155 = CARTESIAN_POINT('',(-6.954994406852,-3.851067084749,
    20.668846020192));
#1156 = CARTESIAN_POINT('',(-6.970657328422,-3.822671851759,
    20.5867356506));
#1157 = CARTESIAN_POINT('',(-6.979035538934,-3.807368431298,
    20.53627534016));
#1158 = CARTESIAN_POINT('',(-6.986238166357,-3.794126583471,
    20.485101270549));
#1159 = CARTESIAN_POINT('',(-6.992193141536,-3.783120626864,
    20.433348315038));
#1160 = CARTESIAN_POINT('',(-6.996847353579,-3.774485641558,
    20.38113953285));
#1161 = CARTESIAN_POINT('',(-7.000164658615,-3.768317513067,
    20.328589428574));
#1162 = CARTESIAN_POINT('',(-7.002123888549,-3.76467297628,
    20.275807211569));
#1163 = CARTESIAN_POINT('',(-7.003319313865,-3.762448698327,
    20.169146810348));
#1164 = CARTESIAN_POINT('',(-7.002509475817,-3.763954549513,
    20.115440505776));
#1165 = CARTESIAN_POINT('',(-7.000296326739,-3.768076121337,
    20.061894296972));
#1166 = CARTESIAN_POINT('',(-6.996702578257,-3.774760644068,
    20.008624358355));
#1167 = CARTESIAN_POINT('',(-6.991766611208,-3.783913649279,
    19.955753518569));
#1168 = CARTESIAN_POINT('',(-6.985544414279,-3.79539894926,
    19.903414895603));
#1169 = CARTESIAN_POINT('',(-6.978111522651,-3.809038616435,
    19.851755531918));
#1170 = CARTESIAN_POINT('',(-6.932889551806,-3.891446291759,
    19.582878281699));
#1171 = CARTESIAN_POINT('',(-6.875585439609,-3.994133568078,
    19.379613997566));
#1172 = CARTESIAN_POINT('',(-6.802674130453,-4.120234754448,
    19.189762852754));
#1173 = CARTESIAN_POINT('',(-6.71754764505,-4.259430956288,
    19.012988597983));
#1174 = CARTESIAN_POINT('',(-6.623127221379,-4.405091691686,
    18.848614877845));
#1175 = CARTESIAN_POINT('',(-6.520766491686,-4.554331832321,
    18.694738920809));
#1176 = CARTESIAN_POINT('',(-6.409558510475,-4.707529260961,
    18.548368314839));
#1177 = CARTESIAN_POINT('',(-6.100191654387,-5.107074543514,
    18.193456045985));
#1178 = CARTESIAN_POINT('',(-5.89285061337,-5.353241102975,
    17.998010741846));
#1179 = CARTESIAN_POINT('',(-5.664083972662,-5.600925381929,
    17.819134953898));
#1180 = CARTESIAN_POINT('',(-5.412376543157,-5.848536855768,
    17.657303740303));
#1181 = CARTESIAN_POINT('',(-5.13554632589,-6.094190493131,
    17.514844658195));
#1182 = CARTESIAN_POINT('',(-4.831729651608,-6.335126927747,
    17.396462627444));
#1183 = CARTESIAN_POINT('',(-4.499808159501,-6.56739057193,
    17.309447452127));
#1184 = CARTESIAN_POINT('',(-4.040397963799,-6.847748348767,
    17.252051185678));
#1185 = CARTESIAN_POINT('',(-3.937340558657,-6.908286539864,
    17.242783726221));
#1186 = CARTESIAN_POINT('',(-3.832330197038,-6.967572849687,
    17.237124035692));
#1187 = CARTESIAN_POINT('',(-3.725580926244,-7.025413103089,
    17.235329556834));
#1188 = CARTESIAN_POINT('',(-3.617320119614,-7.081632806691,
    17.23764655712));
#1189 = CARTESIAN_POINT('',(-3.507789006447,-7.13607770377,
    17.244310430313));
#1190 = CARTESIAN_POINT('',(-3.397243201928,-7.188614329148,
    17.255545998011));
#1191 = CARTESIAN_POINT('',(-3.199839847944,-7.278218762206,
    17.283965089201));
#1192 = CARTESIAN_POINT('',(-3.11332618748,-7.316076826035,
    17.299221531605));
#1193 = CARTESIAN_POINT('',(-3.026654269848,-7.352602138021,
    17.317414554842));
#1194 = CARTESIAN_POINT('',(-2.940065858393,-7.387713379933,
    17.338597176041));
#1195 = CARTESIAN_POINT('',(-2.853801028922,-7.421349285464,
    17.36279752963));
#1196 = CARTESIAN_POINT('',(-2.768096733006,-7.453467392826,
    17.390018383932));
#1197 = CARTESIAN_POINT('',(-2.68318536128,-7.484042797352,
    17.420236657765));
#1198 = CARTESIAN_POINT('',(-2.497524613454,-7.548275785732,
    17.493636650731));
#1199 = CARTESIAN_POINT('',(-2.39738554511,-7.581156967445,
    17.538157439655));
#1200 = CARTESIAN_POINT('',(-2.299247776104,-7.611713392725,
    17.586867442015));
#1201 = CARTESIAN_POINT('',(-2.203469544158,-7.63997952868,
    17.639618248644));
#1202 = CARTESIAN_POINT('',(-2.110390765126,-7.666016538048,
    17.696209787094));
#1203 = CARTESIAN_POINT('',(-2.020328147796,-7.689907451214,
    17.756389205711));
#1204 = CARTESIAN_POINT('',(-1.933570308687,-7.711752338215,
    17.819849757715));
#1205 = CARTESIAN_POINT('',(-1.799696247655,-7.743791618429,
    17.926662568468));
#1206 = CARTESIAN_POINT('',(-1.750312694147,-7.755208938149,
    17.96820079426));
#1207 = CARTESIAN_POINT('',(-1.702248883941,-7.765947427215,
    18.01079141129));
#1208 = CARTESIAN_POINT('',(-1.655529284783,-7.776038808394,
    18.054379683039));
#1209 = CARTESIAN_POINT('',(-1.610176054375,-7.785514395273,
    18.09890907328));
#1210 = CARTESIAN_POINT('',(-1.566208920191,-7.794404947607,
    18.144321231521));
#1211 = CARTESIAN_POINT('',(-1.523645059302,-7.802740526674,
    18.190555978456));
#1212 = CARTESIAN_POINT('',(-1.431844144876,-7.820165004557,
    18.295407098833));
#1213 = CARTESIAN_POINT('',(-1.383335013692,-7.828983476395,
    18.354419177579));
#1214 = CARTESIAN_POINT('',(-1.336972436189,-7.837065060416,
    18.414502416323));
#1215 = CARTESIAN_POINT('',(-1.29275511443,-7.844465400277,
    18.475573440018));
#1216 = CARTESIAN_POINT('',(-1.250679600994,-7.851236489015,
    18.537550609902));
#1217 = CARTESIAN_POINT('',(-1.21074029898,-7.85742666905,
    18.600354023492));
#1218 = CARTESIAN_POINT('',(-1.172929462005,-7.863080632184,
    18.663905514586));
#1219 = CARTESIAN_POINT('',(-1.111892962388,-7.87190255204,
    18.773731978993));
#1220 = CARTESIAN_POINT('',(-1.087613603556,-7.875316556868,
    18.819680175861));
#1221 = CARTESIAN_POINT('',(-1.064393804832,-7.878496323504,
    18.865949829585));
#1222 = CARTESIAN_POINT('',(-1.042228137492,-7.88145581675,
    18.912518642475));
#1223 = CARTESIAN_POINT('',(-1.021111056963,-7.884208076783,
    18.959365433439));
#1224 = CARTESIAN_POINT('',(-1.001036902819,-7.886765219161,
    19.00647013798));
#1225 = CARTESIAN_POINT('',(-0.981999898783,-7.889138434818,
    19.053813808195));
#1226 = CARTESIAN_POINT('',(-0.916287615421,-7.897165749958,
    19.227402389745));
#1227 = CARTESIAN_POINT('',(-0.875825644701,-7.901773996667,
    19.354966715462));
#1228 = CARTESIAN_POINT('',(-0.842496394199,-7.905355187748,
    19.483749336743));
#1229 = CARTESIAN_POINT('',(-0.816204721695,-7.908056191181,
    19.613460322619));
#1230 = CARTESIAN_POINT('',(-0.796875263509,-7.909982973571,
    19.743835048241));
#1231 = CARTESIAN_POINT('',(-0.784454968762,-7.911203710254,
    19.874627170019));
#1232 = CARTESIAN_POINT('',(-0.77891509352,-7.911750317316,
    20.005601591999));
#1233 = CARTESIAN_POINT('',(-0.78192364182,-7.911453610919,
    20.300090292861));
#1234 = CARTESIAN_POINT('',(-0.794328455365,-7.910229841169,
    20.463601403492));
#1235 = CARTESIAN_POINT('',(-0.817466763801,-7.90793790291,
    20.626592742238));
#1236 = CARTESIAN_POINT('',(-0.851393986861,-7.904480965149,
    20.788586539133));
#1237 = CARTESIAN_POINT('',(-0.89621594901,-7.899674461154,
    20.949076569797));
#1238 = CARTESIAN_POINT('',(-0.952081629254,-7.893240952725,
    21.107509435237));
#1239 = CARTESIAN_POINT('',(-1.019174007434,-7.884799956866,
    21.263265819033));
#1240 = CARTESIAN_POINT('',(-1.128073851702,-7.869618157696,
    21.474583389083));
#1241 = CARTESIAN_POINT('',(-1.160157325107,-7.865008810871,
    21.533015412237));
#1242 = CARTESIAN_POINT('',(-1.193955991267,-7.859996707205,
    21.590887379499));
#1243 = CARTESIAN_POINT('',(-1.229475374796,-7.854551470497,
    21.648147716687));
#1244 = CARTESIAN_POINT('',(-1.266719960848,-7.848640335513,
    21.704743687301));
#1245 = CARTESIAN_POINT('',(-1.305693195124,-7.842228147984,
    21.760621392528));
#1246 = CARTESIAN_POINT('',(-1.346397483867,-7.835277364607,
    21.815725771242));
#1247 = CARTESIAN_POINT('',(-1.388834193867,-7.827748053045,
    21.870000600001));
#1248 = PCURVE('',#320,#1249);
#1249 = DEFINITIONAL_REPRESENTATION('',(#1250),#1295);
#1250 = B_SPLINE_CURVE_WITH_KNOTS('',8,(#1251,#1252,#1253,#1254,#1255,
    #1256,#1257,#1258,#1259,#1260,#1261,#1262,#1263,#1264,#1265,#1266,
    #1267,#1268,#1269,#1270,#1271,#1272,#1273,#1274,#1275,#1276,#1277,
    #1278,#1279,#1280,#1281,#1282,#1283,#1284,#1285,#1286,#1287,#1288,
    #1289,#1290,#1291,#1292,#1293,#1294),.UNSPECIFIED.,.F.,.F.,(9,7,7,7,
    7,7,9),(7.259457653781E-08,0.100782816258,0.121446002819,
    0.15296569582,0.184989450313,0.32241121247,0.510721520668),
  .UNSPECIFIED.);
#1251 = CARTESIAN_POINT('',(0.944771445433,4.097580112073));
#1252 = CARTESIAN_POINT('',(0.99017439725,3.973039151487));
#1253 = CARTESIAN_POINT('',(1.035378459371,3.852131819835));
#1254 = CARTESIAN_POINT('',(1.081009434698,3.734264309701));
#1255 = CARTESIAN_POINT('',(1.127551161911,3.619599519323));
#1256 = CARTESIAN_POINT('',(1.175341358458,3.509298914978));
#1257 = CARTESIAN_POINT('',(1.224606724853,3.405659631307));
#1258 = CARTESIAN_POINT('',(1.275534451182,3.312091634229));
#1259 = CARTESIAN_POINT('',(1.339211472199,3.216639198115));
#1260 = CARTESIAN_POINT('',(1.350137828553,3.200984640511));
#1261 = CARTESIAN_POINT('',(1.361154601303,3.185961604949));
#1262 = CARTESIAN_POINT('',(1.372260538282,3.171615401447));
#1263 = CARTESIAN_POINT('',(1.383454863468,3.157991109664));
#1264 = CARTESIAN_POINT('',(1.394737270847,3.145133545169));
#1265 = CARTESIAN_POINT('',(1.406107918262,3.133087225709));
#1266 = CARTESIAN_POINT('',(1.435047784997,3.104825719621));
#1267 = CARTESIAN_POINT('',(1.452763731509,3.089717345848));
#1268 = CARTESIAN_POINT('',(1.470666981272,3.076790141204));
#1269 = CARTESIAN_POINT('',(1.488716408058,3.066222152545));
#1270 = CARTESIAN_POINT('',(1.506876498365,3.058150728698));
#1271 = CARTESIAN_POINT('',(1.525115810846,3.052672700627));
#1272 = CARTESIAN_POINT('',(1.543405435736,3.049844561603));
#1273 = CARTESIAN_POINT('',(1.580322317771,3.049518143795));
#1274 = CARTESIAN_POINT('',(1.598889451811,3.052106358898));
#1275 = CARTESIAN_POINT('',(1.617389567054,3.057433238758));
#1276 = CARTESIAN_POINT('',(1.635792567799,3.065441844563));
#1277 = CARTESIAN_POINT('',(1.654065877234,3.076032071279));
#1278 = CARTESIAN_POINT('',(1.672172762708,3.089060366324));
#1279 = CARTESIAN_POINT('',(1.690070660984,3.104339448253));
#1280 = CARTESIAN_POINT('',(1.783402090447,3.195870450585));
#1281 = CARTESIAN_POINT('',(1.854581695304,3.30754345859));
#1282 = CARTESIAN_POINT('',(1.922286475058,3.443808102253));
#1283 = CARTESIAN_POINT('',(1.986929025711,3.594067818799));
#1284 = CARTESIAN_POINT('',(2.048913192161,3.751448715588));
#1285 = CARTESIAN_POINT('',(2.108969228654,3.912981794174));
#1286 = CARTESIAN_POINT('',(2.168389302271,4.079189316724));
#1287 = CARTESIAN_POINT('',(2.312062394064,4.491100879591));
#1288 = CARTESIAN_POINT('',(2.394742321103,4.735934307946));
#1289 = CARTESIAN_POINT('',(2.478205809966,4.983880374149));
#1290 = CARTESIAN_POINT('',(2.563480909998,5.233626478817));
#1291 = CARTESIAN_POINT('',(2.651550884772,5.483895305106));
#1292 = CARTESIAN_POINT('',(2.743346390348,5.732853722882));
#1293 = CARTESIAN_POINT('',(2.839830068973,5.977833769728));
#1294 = CARTESIAN_POINT('',(2.942137312771,6.215335225915));
#1295 = ( GEOMETRIC_REPRESENTATION_CONTEXT(2) 
PARAMETRIC_REPRESENTATION_CONTEXT() REPRESENTATION_CONTEXT('2D SPACE',''
  ) );
#1296 = PCURVE('',#1297,#1302);
#1297 = CYLINDRICAL_SURFACE('',#1298,7.95);
#1298 = AXIS2_PLACEMENT_3D('',#1299,#1300,#1301);
#1299 = CARTESIAN_POINT('',(0.,0.,19.9));
#1300 = DIRECTION('',(0.,0.,1.));
#1301 = DIRECTION('',(1.,0.,-0.));
#1302 = DEFINITIONAL_REPRESENTATION('',(#1303),#1411);
#1303 = B_SPLINE_CURVE_WITH_KNOTS('',8,(#1304,#1305,#1306,#1307,#1308,
    #1309,#1310,#1311,#1312,#1313,#1314,#1315,#1316,#1317,#1318,#1319,
    #1320,#1321,#1322,#1323,#1324,#1325,#1326,#1327,#1328,#1329,#1330,
    #1331,#1332,#1333,#1334,#1335,#1336,#1337,#1338,#1339,#1340,#1341,
    #1342,#1343,#1344,#1345,#1346,#1347,#1348,#1349,#1350,#1351,#1352,
    #1353,#1354,#1355,#1356,#1357,#1358,#1359,#1360,#1361,#1362,#1363,
    #1364,#1365,#1366,#1367,#1368,#1369,#1370,#1371,#1372,#1373,#1374,
    #1375,#1376,#1377,#1378,#1379,#1380,#1381,#1382,#1383,#1384,#1385,
    #1386,#1387,#1388,#1389,#1390,#1391,#1392,#1393,#1394,#1395,#1396,
    #1397,#1398,#1399,#1400,#1401,#1402,#1403,#1404,#1405,#1406,#1407,
    #1408,#1409,#1410),.UNSPECIFIED.,.F.,.F.,(9,7,7,7,7,7,7,7,7,7,7,7,7,
    7,7,9),(0.,0.100782816258,0.121446002819,0.15296569582,
    0.184989450313,0.32241121247,0.528893549379,0.587008811053,
    0.631976945852,0.686527383837,0.719754770004,0.760660918606,
    0.789707403367,0.866666569896,0.962810027304,1.),.UNSPECIFIED.);
#1304 = CARTESIAN_POINT('',(3.787118943881,1.9700006));
#1305 = CARTESIAN_POINT('',(3.768496764225,1.866029252493));
#1306 = CARTESIAN_POINT('',(3.750640401093,1.758466556841));
#1307 = CARTESIAN_POINT('',(3.733415081531,1.646253939487));
#1308 = CARTESIAN_POINT('',(3.716812124141,1.528346611919));
#1309 = CARTESIAN_POINT('',(3.70096818136,1.403929443809));
#1310 = CARTESIAN_POINT('',(3.686171196949,1.27246448149));
#1311 = CARTESIAN_POINT('',(3.672851277855,1.133584846325));
#1312 = CARTESIAN_POINT('',(3.659238573312,0.956765107739));
#1313 = CARTESIAN_POINT('',(3.657005029512,0.926317916324));
#1314 = CARTESIAN_POINT('',(3.654859976179,0.8955148565));
#1315 = CARTESIAN_POINT('',(3.65280929492,0.864361710747));
#1316 = CARTESIAN_POINT('',(3.650858823483,0.832863358348));
#1317 = CARTESIAN_POINT('',(3.649014358248,0.801023772963));
#1318 = CARTESIAN_POINT('',(3.64728165672,0.768846020192));
#1319 = CARTESIAN_POINT('',(3.643202583134,0.6867356506));
#1320 = CARTESIAN_POINT('',(3.641008034327,0.63627534016));
#1321 = CARTESIAN_POINT('',(3.639111948256,0.585101270549));
#1322 = CARTESIAN_POINT('',(3.637537902491,0.533348315038));
#1323 = CARTESIAN_POINT('',(3.636304014518,0.48113953285));
#1324 = CARTESIAN_POINT('',(3.635423058738,0.428589428574));
#1325 = CARTESIAN_POINT('',(3.634902583463,0.375807211569));
#1326 = CARTESIAN_POINT('',(3.634584952749,0.269146810348));
#1327 = CARTESIAN_POINT('',(3.634800021652,0.215440505776));
#1328 = CARTESIAN_POINT('',(3.635388473148,0.161894296972));
#1329 = CARTESIAN_POINT('',(3.636343105604,0.108624358355));
#1330 = CARTESIAN_POINT('',(3.637651165393,5.575351856872E-02));
#1331 = CARTESIAN_POINT('',(3.639294235051,3.414895602959E-03));
#1332 = CARTESIAN_POINT('',(3.641248121436,-4.824446808183E-02));
#1333 = CARTESIAN_POINT('',(3.653072055331,-0.317121718301));
#1334 = CARTESIAN_POINT('',(3.667863415622,-0.520386002434));
#1335 = CARTESIAN_POINT('',(3.686182612581,-0.710237147246));
#1336 = CARTESIAN_POINT('',(3.706693281228,-0.887011402017));
#1337 = CARTESIAN_POINT('',(3.728513447297,-1.051385122155));
#1338 = CARTESIAN_POINT('',(3.751264106957,-1.205261079191));
#1339 = CARTESIAN_POINT('',(3.77506473895,-1.351631685161));
#1340 = CARTESIAN_POINT('',(3.838626503018,-1.706543954015));
#1341 = CARTESIAN_POINT('',(3.879076669458,-1.901989258154));
#1342 = CARTESIAN_POINT('',(3.921412787033,-2.080865046102));
#1343 = CARTESIAN_POINT('',(3.96571925766,-2.242696259697));
#1344 = CARTESIAN_POINT('',(4.012142029074,-2.385155341805));
#1345 = CARTESIAN_POINT('',(4.06077552958,-2.503537372556));
#1346 = CARTESIAN_POINT('',(4.111633444253,-2.590552547873));
#1347 = CARTESIAN_POINT('',(4.179331437208,-2.647948814322));
#1348 = CARTESIAN_POINT('',(4.194363633351,-2.657216273779));
#1349 = CARTESIAN_POINT('',(4.209528492998,-2.662875964308));
#1350 = CARTESIAN_POINT('',(4.224795793573,-2.664670443166));
#1351 = CARTESIAN_POINT('',(4.24013542844,-2.66235344288));
#1352 = CARTESIAN_POINT('',(4.255517155628,-2.655689569687));
#1353 = CARTESIAN_POINT('',(4.270910346572,-2.644454001989));
#1354 = CARTESIAN_POINT('',(4.298179277866,-2.616034910799));
#1355 = CARTESIAN_POINT('',(4.310056705005,-2.600778468395));
#1356 = CARTESIAN_POINT('',(4.321885546495,-2.582585445158));
#1357 = CARTESIAN_POINT('',(4.333636401773,-2.561402823959));
#1358 = CARTESIAN_POINT('',(4.345280935597,-2.53720247037));
#1359 = CARTESIAN_POINT('',(4.356791874161,-2.509981616068));
#1360 = CARTESIAN_POINT('',(4.368143001223,-2.479763342235));
#1361 = CARTESIAN_POINT('',(4.392854713523,-2.406363349269));
#1362 = CARTESIAN_POINT('',(4.406110801695,-2.361842560345));
#1363 = CARTESIAN_POINT('',(4.419037219491,-2.313132557985));
#1364 = CARTESIAN_POINT('',(4.431595847405,-2.260381751356));
#1365 = CARTESIAN_POINT('',(4.443751009754,-2.203790212906));
#1366 = CARTESIAN_POINT('',(4.455469838744,-2.143610794289));
#1367 = CARTESIAN_POINT('',(4.466722638549,-2.080150242285));
#1368 = CARTESIAN_POINT('',(4.484037678368,-1.973337431532));
#1369 = CARTESIAN_POINT('',(4.490413111437,-1.93179920574));
#1370 = CARTESIAN_POINT('',(4.496607653485,-1.88920858871));
#1371 = CARTESIAN_POINT('',(4.502619570374,-1.845620316961));
#1372 = CARTESIAN_POINT('',(4.508447309474,-1.80109092672));
#1373 = CARTESIAN_POINT('',(4.514089520195,-1.755678768479));
#1374 = CARTESIAN_POINT('',(4.519545074527,-1.709444021544));
#1375 = CARTESIAN_POINT('',(4.531298524707,-1.604592901167));
#1376 = CARTESIAN_POINT('',(4.537500147463,-1.545580822421));
#1377 = CARTESIAN_POINT('',(4.543419603138,-1.485497583677));
#1378 = CARTESIAN_POINT('',(4.549058622349,-1.424426559982));
#1379 = CARTESIAN_POINT('',(4.554419019024,-1.362449390098));
#1380 = CARTESIAN_POINT('',(4.559502690405,-1.299645976508));
#1381 = CARTESIAN_POINT('',(4.564311617047,-1.236094485414));
#1382 = CARTESIAN_POINT('',(4.572068943224,-1.126268021007));
#1383 = CARTESIAN_POINT('',(4.575152975272,-1.080319824139));
#1384 = CARTESIAN_POINT('',(4.578100932948,-1.034050170415));
#1385 = CARTESIAN_POINT('',(4.580913776367,-0.987481357525));
#1386 = CARTESIAN_POINT('',(4.583592451773,-0.940634566561));
#1387 = CARTESIAN_POINT('',(4.586137891545,-0.89352986202));
#1388 = CARTESIAN_POINT('',(4.588551014191,-0.846186191805));
#1389 = CARTESIAN_POINT('',(4.596878155095,-0.672597610255));
#1390 = CARTESIAN_POINT('',(4.602000444247,-0.545033284538));
#1391 = CARTESIAN_POINT('',(4.606216823558,-0.416250663257));
#1392 = CARTESIAN_POINT('',(4.609541326859,-0.286539677381));
#1393 = CARTESIAN_POINT('',(4.611984754661,-0.156164951759));
#1394 = CARTESIAN_POINT('',(4.613554581461,-2.537282998139E-02));
#1395 = CARTESIAN_POINT('',(4.614254805767,0.105601591999));
#1396 = CARTESIAN_POINT('',(4.613874536125,0.400090292861));
#1397 = CARTESIAN_POINT('',(4.612306602834,0.563601403492));
#1398 = CARTESIAN_POINT('',(4.609381892252,0.726592742238));
#1399 = CARTESIAN_POINT('',(4.605092238042,0.888586539133));
#1400 = CARTESIAN_POINT('',(4.599422099779,1.049076569797));
#1401 = CARTESIAN_POINT('',(4.59234904588,1.207509435237));
#1402 = CARTESIAN_POINT('',(4.583843977949,1.363265819033));
#1403 = CARTESIAN_POINT('',(4.570013411397,1.574583389083));
#1404 = CARTESIAN_POINT('',(4.565936340546,1.633015412237));
#1405 = CARTESIAN_POINT('',(4.561638519086,1.6908873795));
#1406 = CARTESIAN_POINT('',(4.557118602978,1.748147716687));
#1407 = CARTESIAN_POINT('',(4.552375269046,1.804743687301));
#1408 = CARTESIAN_POINT('',(4.547407214979,1.860621392528));
#1409 = CARTESIAN_POINT('',(4.542213159329,1.915725771241));
#1410 = CARTESIAN_POINT('',(4.53679184151,1.9700006));
#1411 = ( GEOMETRIC_REPRESENTATION_CONTEXT(2) 
PARAMETRIC_REPRESENTATION_CONTEXT() REPRESENTATION_CONTEXT('2D SPACE',''
  ) );
#1412 = ORIENTED_EDGE('',*,*,#1413,.T.);
#1413 = EDGE_CURVE('',#1137,#1414,#1416,.T.);
#1414 = VERTEX_POINT('',#1415);
#1415 = CARTESIAN_POINT('',(-6.406465848401,-9.679114070456,19.9));
#1416 = SURFACE_CURVE('',#1417,(#1422,#1435),.PCURVE_S1.);
#1417 = ELLIPSE('',#1418,4.573404610549,2.89);
#1418 = AXIS2_PLACEMENT_3D('',#1419,#1420,#1421);
#1419 = CARTESIAN_POINT('',(-3.887847645853,-5.873897050767,
    20.151356855408));
#1420 = DIRECTION('',(-0.833885822067,0.551936985312,0.));
#1421 = DIRECTION('',(-0.551774589247,-0.833640468377,
    -2.425638361798E-02));
#1422 = PCURVE('',#320,#1423);
#1423 = DEFINITIONAL_REPRESENTATION('',(#1424),#1434);
#1424 = B_SPLINE_CURVE_WITH_KNOTS('',8,(#1425,#1426,#1427,#1428,#1429,
    #1430,#1431,#1432,#1433),.UNSPECIFIED.,.F.,.F.,(9,9),(4.927175578726
    ,6.234517197834),.PIECEWISE_BEZIER_KNOTS.);
#1425 = CARTESIAN_POINT('',(2.942137322082,6.215335237008));
#1426 = CARTESIAN_POINT('',(2.778719619694,6.781269710157));
#1427 = CARTESIAN_POINT('',(2.615301917305,7.324146457907));
#1428 = CARTESIAN_POINT('',(2.451884214917,7.820935414234));
#1429 = CARTESIAN_POINT('',(2.288466512527,8.249921057005));
#1430 = CARTESIAN_POINT('',(2.125048810138,8.592664972167));
#1431 = CARTESIAN_POINT('',(1.96163110775,8.835804647768));
#1432 = CARTESIAN_POINT('',(1.798213405362,8.972037602847));
#1433 = CARTESIAN_POINT('',(1.634795702974,9.000217195678));
#1434 = ( GEOMETRIC_REPRESENTATION_CONTEXT(2) 
PARAMETRIC_REPRESENTATION_CONTEXT() REPRESENTATION_CONTEXT('2D SPACE',''
  ) );
#1435 = PCURVE('',#1436,#1441);
#1436 = PLANE('',#1437);
#1437 = AXIS2_PLACEMENT_3D('',#1438,#1439,#1440);
#1438 = CARTESIAN_POINT('',(-17.17903866783,-25.95469621184,14.));
#1439 = DIRECTION('',(-0.833885822067,0.551936985312,0.));
#1440 = DIRECTION('',(0.551936985312,0.833885822067,0.));
#1441 = DEFINITIONAL_REPRESENTATION('',(#1442),#1446);
#1442 = ELLIPSE('',#1443,4.573404610549,2.89);
#1443 = AXIS2_PLACEMENT_2D('',#1444,#1445);
#1444 = CARTESIAN_POINT('',(24.080993620074,-6.151356855408));
#1445 = DIRECTION('',(-0.999705770641,2.425638361798E-02));
#1446 = ( GEOMETRIC_REPRESENTATION_CONTEXT(2) 
PARAMETRIC_REPRESENTATION_CONTEXT() REPRESENTATION_CONTEXT('2D SPACE',''
  ) );
#1447 = ORIENTED_EDGE('',*,*,#1448,.T.);
#1448 = EDGE_CURVE('',#1414,#426,#1449,.T.);
#1449 = SURFACE_CURVE('',#1450,(#1455,#1465),.PCURVE_S1.);
#1450 = ELLIPSE('',#1451,153.72647408105,2.89);
#1451 = AXIS2_PLACEMENT_3D('',#1452,#1453,#1454);
#1452 = CARTESIAN_POINT('',(-2.56020212766,-19.17575531914,19.9));
#1453 = DIRECTION('',(0.,0.,1.));
#1454 = DIRECTION('',(9.931556893579E-02,-0.995055987252,0.));
#1455 = PCURVE('',#320,#1456);
#1456 = DEFINITIONAL_REPRESENTATION('',(#1457),#1464);
#1457 = B_SPLINE_CURVE_WITH_KNOTS('',5,(#1458,#1459,#1460,#1461,#1462,
    #1463),.UNSPECIFIED.,.F.,.F.,(6,6),(4.648389604205,4.709257776881),
  .PIECEWISE_BEZIER_KNOTS.);
#1458 = CARTESIAN_POINT('',(1.634795702974,9.000217197509));
#1459 = CARTESIAN_POINT('',(1.622622068439,10.867465792066));
#1460 = CARTESIAN_POINT('',(1.610448433904,12.736535351818));
#1461 = CARTESIAN_POINT('',(1.598274799369,14.60684937393));
#1462 = CARTESIAN_POINT('',(1.586101164834,16.477830231451));
#1463 = CARTESIAN_POINT('',(1.573927530298,18.348900241333));
#1464 = ( GEOMETRIC_REPRESENTATION_CONTEXT(2) 
PARAMETRIC_REPRESENTATION_CONTEXT() REPRESENTATION_CONTEXT('2D SPACE',''
  ) );
#1465 = PCURVE('',#444,#1466);
#1466 = DEFINITIONAL_REPRESENTATION('',(#1467),#1471);
#1467 = ELLIPSE('',#1468,153.72647408105,2.89);
#1468 = AXIS2_PLACEMENT_2D('',#1469,#1470);
#1469 = CARTESIAN_POINT('',(-2.56020212766,-19.17575531914));
#1470 = DIRECTION('',(9.931556893579E-02,-0.995055987252));
#1471 = ( GEOMETRIC_REPRESENTATION_CONTEXT(2) 
PARAMETRIC_REPRESENTATION_CONTEXT() REPRESENTATION_CONTEXT('2D SPACE',''
  ) );
#1472 = ORIENTED_EDGE('',*,*,#555,.F.);
#1473 = ORIENTED_EDGE('',*,*,#276,.F.);
#1474 = ADVANCED_FACE('',(#1475),#261,.T.);
#1475 = FACE_BOUND('',#1476,.T.);
#1476 = EDGE_LOOP('',(#1477,#1500,#1523,#1548,#1549));
#1477 = ORIENTED_EDGE('',*,*,#1478,.F.);
#1478 = EDGE_CURVE('',#1479,#107,#1481,.T.);
#1479 = VERTEX_POINT('',#1480);
#1480 = CARTESIAN_POINT('',(-2.477410741652,-20.00525330443,
    23.284926481226));
#1481 = SURFACE_CURVE('',#1482,(#1487,#1493),.PCURVE_S1.);
#1482 = CIRCLE('',#1483,3.4);
#1483 = AXIS2_PLACEMENT_3D('',#1484,#1485,#1486);
#1484 = CARTESIAN_POINT('',(-2.483758866047,-19.94165059586,
    19.885527358325));
#1485 = DIRECTION('',(9.929801703841E-02,-0.994880132442,
    -1.879962457525E-02));
#1486 = DIRECTION('',(1.867095410469E-03,-1.87066789917E-02,
    0.999823271441));
#1487 = PCURVE('',#261,#1488);
#1488 = DEFINITIONAL_REPRESENTATION('',(#1489),#1492);
#1489 = B_SPLINE_CURVE_WITH_KNOTS('',1,(#1490,#1491),.UNSPECIFIED.,.F.,
  .F.,(2,2),(0.,2.804350365434),.PIECEWISE_BEZIER_KNOTS.);
#1490 = CARTESIAN_POINT('',(4.138911435803E-13,1.E-01));
#1491 = CARTESIAN_POINT('',(2.804350365433,1.E-01));
#1492 = ( GEOMETRIC_REPRESENTATION_CONTEXT(2) 
PARAMETRIC_REPRESENTATION_CONTEXT() REPRESENTATION_CONTEXT('2D SPACE',''
  ) );
#1493 = PCURVE('',#192,#1494);
#1494 = DEFINITIONAL_REPRESENTATION('',(#1495),#1499);
#1495 = LINE('',#1496,#1497);
#1496 = CARTESIAN_POINT('',(0.,0.));
#1497 = VECTOR('',#1498,1.);
#1498 = DIRECTION('',(1.,0.));
#1499 = ( GEOMETRIC_REPRESENTATION_CONTEXT(2) 
PARAMETRIC_REPRESENTATION_CONTEXT() REPRESENTATION_CONTEXT('2D SPACE',''
  ) );
#1500 = ORIENTED_EDGE('',*,*,#1501,.F.);
#1501 = EDGE_CURVE('',#1502,#1479,#1504,.T.);
#1502 = VERTEX_POINT('',#1503);
#1503 = CARTESIAN_POINT('',(0.899427855951,-19.60425150467,19.9));
#1504 = SURFACE_CURVE('',#1505,(#1510,#1516),.PCURVE_S1.);
#1505 = CIRCLE('',#1506,3.4);
#1506 = AXIS2_PLACEMENT_3D('',#1507,#1508,#1509);
#1507 = CARTESIAN_POINT('',(-2.483758866047,-19.94165059586,
    19.885527358325));
#1508 = DIRECTION('',(9.929801703841E-02,-0.994880132442,
    -1.879962457525E-02));
#1509 = DIRECTION('',(1.867095410469E-03,-1.87066789917E-02,
    0.999823271441));
#1510 = PCURVE('',#261,#1511);
#1511 = DEFINITIONAL_REPRESENTATION('',(#1512),#1515);
#1512 = B_SPLINE_CURVE_WITH_KNOTS('',1,(#1513,#1514),.UNSPECIFIED.,.F.,
  .F.,(2,2),(4.716646404968,6.28318530718),.PIECEWISE_BEZIER_KNOTS.);
#1513 = CARTESIAN_POINT('',(-1.566538902212,1.E-01));
#1514 = CARTESIAN_POINT('',(4.138911435803E-13,1.E-01));
#1515 = ( GEOMETRIC_REPRESENTATION_CONTEXT(2) 
PARAMETRIC_REPRESENTATION_CONTEXT() REPRESENTATION_CONTEXT('2D SPACE',''
  ) );
#1516 = PCURVE('',#192,#1517);
#1517 = DEFINITIONAL_REPRESENTATION('',(#1518),#1522);
#1518 = LINE('',#1519,#1520);
#1519 = CARTESIAN_POINT('',(0.,0.));
#1520 = VECTOR('',#1521,1.);
#1521 = DIRECTION('',(1.,0.));
#1522 = ( GEOMETRIC_REPRESENTATION_CONTEXT(2) 
PARAMETRIC_REPRESENTATION_CONTEXT() REPRESENTATION_CONTEXT('2D SPACE',''
  ) );
#1523 = ORIENTED_EDGE('',*,*,#1524,.F.);
#1524 = EDGE_CURVE('',#637,#1502,#1525,.T.);
#1525 = SURFACE_CURVE('',#1526,(#1531,#1541),.PCURVE_S1.);
#1526 = HYPERBOLA('',#1527,3.80445241392E-04,1.939914645201E-03);
#1527 = AXIS2_PLACEMENT_3D('',#1528,#1529,#1530);
#1528 = CARTESIAN_POINT('',(-2.549953782787,-19.27843485906,19.9));
#1529 = DIRECTION('',(0.,0.,1.));
#1530 = DIRECTION('',(9.931556893579E-02,-0.995055987252,0.));
#1531 = PCURVE('',#261,#1532);
#1532 = DEFINITIONAL_REPRESENTATION('',(#1533),#1540);
#1533 = B_SPLINE_CURVE_WITH_KNOTS('',5,(#1534,#1535,#1536,#1537,#1538,
    #1539),.UNSPECIFIED.,.F.,.F.,(6,6),(7.999505602923,8.162024934904),
  .PIECEWISE_BEZIER_KNOTS.);
#1534 = CARTESIAN_POINT('',(-1.56643821435,4.768081112793E-17));
#1535 = CARTESIAN_POINT('',(-1.566460032595,1.841880789154E-02));
#1536 = CARTESIAN_POINT('',(-1.56648096437,3.758596869897E-02));
#1537 = CARTESIAN_POINT('',(-1.566501057697,5.754202526873E-02));
#1538 = CARTESIAN_POINT('',(-1.566520356704,7.83308048464E-02));
#1539 = CARTESIAN_POINT('',(-1.566538902212,1.E-01));
#1540 = ( GEOMETRIC_REPRESENTATION_CONTEXT(2) 
PARAMETRIC_REPRESENTATION_CONTEXT() REPRESENTATION_CONTEXT('2D SPACE',''
  ) );
#1541 = PCURVE('',#444,#1542);
#1542 = DEFINITIONAL_REPRESENTATION('',(#1543),#1547);
#1543 = HYPERBOLA('',#1544,3.80445241392E-04,1.939914645201E-03);
#1544 = AXIS2_PLACEMENT_2D('',#1545,#1546);
#1545 = CARTESIAN_POINT('',(-2.549953782787,-19.27843485906));
#1546 = DIRECTION('',(9.931556893579E-02,-0.995055987252));
#1547 = ( GEOMETRIC_REPRESENTATION_CONTEXT(2) 
PARAMETRIC_REPRESENTATION_CONTEXT() REPRESENTATION_CONTEXT('2D SPACE',''
  ) );
#1548 = ORIENTED_EDGE('',*,*,#636,.F.);
#1549 = ORIENTED_EDGE('',*,*,#239,.F.);
#1550 = ADVANCED_FACE('',(#1551),#192,.T.);
#1551 = FACE_BOUND('',#1552,.T.);
#1552 = EDGE_LOOP('',(#1553,#1576,#1577,#1578,#1579,#1604,#1605,#1606));
#1553 = ORIENTED_EDGE('',*,*,#1554,.F.);
#1554 = EDGE_CURVE('',#1479,#1555,#1557,.T.);
#1555 = VERTEX_POINT('',#1556);
#1556 = CARTESIAN_POINT('',(-2.308604112686,-21.69654952958,
    23.252967119448));
#1557 = SEAM_CURVE('',#1558,(#1562,#1569),.PCURVE_S1.);
#1558 = LINE('',#1559,#1560);
#1559 = CARTESIAN_POINT('',(-2.477410741652,-20.00525330443,
    23.284926481226));
#1560 = VECTOR('',#1561,1.);
#1561 = DIRECTION('',(9.929801703841E-02,-0.994880132442,
    -1.879962457525E-02));
#1562 = PCURVE('',#192,#1563);
#1563 = DEFINITIONAL_REPRESENTATION('',(#1564),#1568);
#1564 = LINE('',#1565,#1566);
#1565 = CARTESIAN_POINT('',(0.,0.));
#1566 = VECTOR('',#1567,1.);
#1567 = DIRECTION('',(0.,1.));
#1568 = ( GEOMETRIC_REPRESENTATION_CONTEXT(2) 
PARAMETRIC_REPRESENTATION_CONTEXT() REPRESENTATION_CONTEXT('2D SPACE',''
  ) );
#1569 = PCURVE('',#192,#1570);
#1570 = DEFINITIONAL_REPRESENTATION('',(#1571),#1575);
#1571 = LINE('',#1572,#1573);
#1572 = CARTESIAN_POINT('',(6.28318530718,0.));
#1573 = VECTOR('',#1574,1.);
#1574 = DIRECTION('',(0.,1.));
#1575 = ( GEOMETRIC_REPRESENTATION_CONTEXT(2) 
PARAMETRIC_REPRESENTATION_CONTEXT() REPRESENTATION_CONTEXT('2D SPACE',''
  ) );
#1576 = ORIENTED_EDGE('',*,*,#1478,.T.);
#1577 = ORIENTED_EDGE('',*,*,#106,.F.);
#1578 = ORIENTED_EDGE('',*,*,#460,.T.);
#1579 = ORIENTED_EDGE('',*,*,#1580,.T.);
#1580 = EDGE_CURVE('',#428,#1502,#1581,.T.);
#1581 = SURFACE_CURVE('',#1582,(#1587,#1597),.PCURVE_S1.);
#1582 = ELLIPSE('',#1583,180.85467538947,3.4);
#1583 = AXIS2_PLACEMENT_3D('',#1584,#1585,#1586);
#1584 = CARTESIAN_POINT('',(-2.56020212766,-19.17575531914,19.9));
#1585 = DIRECTION('',(0.,0.,1.));
#1586 = DIRECTION('',(9.931556893579E-02,-0.995055987252,0.));
#1587 = PCURVE('',#192,#1588);
#1588 = DEFINITIONAL_REPRESENTATION('',(#1589),#1596);
#1589 = B_SPLINE_CURVE_WITH_KNOTS('',5,(#1590,#1591,#1592,#1593,#1594,
    #1595),.UNSPECIFIED.,.F.,.F.,(6,6),(1.55713701321,1.566538905529),
  .PIECEWISE_BEZIER_KNOTS.);
#1590 = CARTESIAN_POINT('',(4.72604829397,1.7000006));
#1591 = CARTESIAN_POINT('',(4.724167915506,1.360017183293));
#1592 = CARTESIAN_POINT('',(4.722287537042,1.020022850451));
#1593 = CARTESIAN_POINT('',(4.720407158578,0.680020105893));
#1594 = CARTESIAN_POINT('',(4.718526780114,0.340011454199));
#1595 = CARTESIAN_POINT('',(4.71664640165,-6.000000105644E-07));
#1596 = ( GEOMETRIC_REPRESENTATION_CONTEXT(2) 
PARAMETRIC_REPRESENTATION_CONTEXT() REPRESENTATION_CONTEXT('2D SPACE',''
  ) );
#1597 = PCURVE('',#444,#1598);
#1598 = DEFINITIONAL_REPRESENTATION('',(#1599),#1603);
#1599 = ELLIPSE('',#1600,180.85467538947,3.4);
#1600 = AXIS2_PLACEMENT_2D('',#1601,#1602);
#1601 = CARTESIAN_POINT('',(-2.56020212766,-19.17575531914));
#1602 = DIRECTION('',(9.931556893579E-02,-0.995055987252));
#1603 = ( GEOMETRIC_REPRESENTATION_CONTEXT(2) 
PARAMETRIC_REPRESENTATION_CONTEXT() REPRESENTATION_CONTEXT('2D SPACE',''
  ) );
#1604 = ORIENTED_EDGE('',*,*,#1501,.T.);
#1605 = ORIENTED_EDGE('',*,*,#1554,.T.);
#1606 = ORIENTED_EDGE('',*,*,#1607,.F.);
#1607 = EDGE_CURVE('',#1555,#1555,#1608,.T.);
#1608 = SURFACE_CURVE('',#1609,(#1614,#1621),.PCURVE_S1.);
#1609 = CIRCLE('',#1610,3.4);
#1610 = AXIS2_PLACEMENT_3D('',#1611,#1612,#1613);
#1611 = CARTESIAN_POINT('',(-2.314952237082,-21.63294682101,
    19.853567996547));
#1612 = DIRECTION('',(9.929801703841E-02,-0.994880132442,
    -1.879962457525E-02));
#1613 = DIRECTION('',(1.867095410469E-03,-1.87066789917E-02,
    0.999823271441));
#1614 = PCURVE('',#192,#1615);
#1615 = DEFINITIONAL_REPRESENTATION('',(#1616),#1620);
#1616 = LINE('',#1617,#1618);
#1617 = CARTESIAN_POINT('',(0.,1.7));
#1618 = VECTOR('',#1619,1.);
#1619 = DIRECTION('',(1.,0.));
#1620 = ( GEOMETRIC_REPRESENTATION_CONTEXT(2) 
PARAMETRIC_REPRESENTATION_CONTEXT() REPRESENTATION_CONTEXT('2D SPACE',''
  ) );
#1621 = PCURVE('',#1622,#1627);
#1622 = CONICAL_SURFACE('',#1623,3.4,0.515549007459);
#1623 = AXIS2_PLACEMENT_3D('',#1624,#1625,#1626);
#1624 = CARTESIAN_POINT('',(-2.314952237082,-21.63294682101,
    19.853567996547));
#1625 = DIRECTION('',(-9.929801703841E-02,0.994880132442,
    1.879962457525E-02));
#1626 = DIRECTION('',(1.867095410469E-03,-1.87066789917E-02,
    0.999823271441));
#1627 = DEFINITIONAL_REPRESENTATION('',(#1628),#1632);
#1628 = LINE('',#1629,#1630);
#1629 = CARTESIAN_POINT('',(6.28318530718,9.524200884085E-16));
#1630 = VECTOR('',#1631,1.);
#1631 = DIRECTION('',(-1.,0.));
#1632 = ( GEOMETRIC_REPRESENTATION_CONTEXT(2) 
PARAMETRIC_REPRESENTATION_CONTEXT() REPRESENTATION_CONTEXT('2D SPACE',''
  ) );
#1633 = ADVANCED_FACE('',(#1634,#1637),#410,.F.);
#1634 = FACE_BOUND('',#1635,.T.);
#1635 = EDGE_LOOP('',(#1636));
#1636 = ORIENTED_EDGE('',*,*,#395,.F.);
#1637 = FACE_BOUND('',#1638,.T.);
#1638 = EDGE_LOOP('',(#1639));
#1639 = ORIENTED_EDGE('',*,*,#1640,.T.);
#1640 = EDGE_CURVE('',#1641,#1641,#1643,.T.);
#1641 = VERTEX_POINT('',#1642);
#1642 = CARTESIAN_POINT('',(17.1,0.,12.67));
#1643 = SURFACE_CURVE('',#1644,(#1649,#1656),.PCURVE_S1.);
#1644 = CIRCLE('',#1645,17.1);
#1645 = AXIS2_PLACEMENT_3D('',#1646,#1647,#1648);
#1646 = CARTESIAN_POINT('',(0.,0.,12.67));
#1647 = DIRECTION('',(0.,0.,1.));
#1648 = DIRECTION('',(1.,0.,-0.));
#1649 = PCURVE('',#410,#1650);
#1650 = DEFINITIONAL_REPRESENTATION('',(#1651),#1655);
#1651 = CIRCLE('',#1652,17.1);
#1652 = AXIS2_PLACEMENT_2D('',#1653,#1654);
#1653 = CARTESIAN_POINT('',(0.,0.));
#1654 = DIRECTION('',(1.,0.));
#1655 = ( GEOMETRIC_REPRESENTATION_CONTEXT(2) 
PARAMETRIC_REPRESENTATION_CONTEXT() REPRESENTATION_CONTEXT('2D SPACE',''
  ) );
#1656 = PCURVE('',#1657,#1662);
#1657 = CYLINDRICAL_SURFACE('',#1658,17.1);
#1658 = AXIS2_PLACEMENT_3D('',#1659,#1660,#1661);
#1659 = CARTESIAN_POINT('',(0.,0.,14.7));
#1660 = DIRECTION('',(-0.,-0.,-1.));
#1661 = DIRECTION('',(1.,0.,0.));
#1662 = DEFINITIONAL_REPRESENTATION('',(#1663),#1667);
#1663 = LINE('',#1664,#1665);
#1664 = CARTESIAN_POINT('',(6.28318530718,2.03));
#1665 = VECTOR('',#1666,1.);
#1666 = DIRECTION('',(-1.,0.));
#1667 = ( GEOMETRIC_REPRESENTATION_CONTEXT(2) 
PARAMETRIC_REPRESENTATION_CONTEXT() REPRESENTATION_CONTEXT('2D SPACE',''
  ) );
#1668 = ADVANCED_FACE('',(#1669,#2461,#2691,#2921),#444,.T.);
#1669 = FACE_BOUND('',#1670,.T.);
#1670 = EDGE_LOOP('',(#1671,#1672,#1673,#1674,#1697,#1726,#1754,#1778,
    #1806,#1835,#1863,#1887,#1915,#1944,#1972,#1996,#2025,#2053,#2081,
    #2110,#2138,#2167,#2195,#2224,#2252,#2281,#2304,#2333,#2361,#2385,
    #2409,#2437,#2459,#2460));
#1671 = ORIENTED_EDGE('',*,*,#1580,.F.);
#1672 = ORIENTED_EDGE('',*,*,#425,.F.);
#1673 = ORIENTED_EDGE('',*,*,#1448,.F.);
#1674 = ORIENTED_EDGE('',*,*,#1675,.T.);
#1675 = EDGE_CURVE('',#1414,#1676,#1678,.T.);
#1676 = VERTEX_POINT('',#1677);
#1677 = CARTESIAN_POINT('',(-6.871615467135,-10.38187848473,19.9));
#1678 = SURFACE_CURVE('',#1679,(#1683,#1690),.PCURVE_S1.);
#1679 = LINE('',#1680,#1681);
#1680 = CARTESIAN_POINT('',(-8.589519333919,-12.97734810592,19.9));
#1681 = VECTOR('',#1682,1.);
#1682 = DIRECTION('',(-0.551936985312,-0.833885822067,0.));
#1683 = PCURVE('',#444,#1684);
#1684 = DEFINITIONAL_REPRESENTATION('',(#1685),#1689);
#1685 = LINE('',#1686,#1687);
#1686 = CARTESIAN_POINT('',(-8.589519333919,-12.97734810592));
#1687 = VECTOR('',#1688,1.);
#1688 = DIRECTION('',(-0.551936985312,-0.833885822067));
#1689 = ( GEOMETRIC_REPRESENTATION_CONTEXT(2) 
PARAMETRIC_REPRESENTATION_CONTEXT() REPRESENTATION_CONTEXT('2D SPACE',''
  ) );
#1690 = PCURVE('',#1436,#1691);
#1691 = DEFINITIONAL_REPRESENTATION('',(#1692),#1696);
#1692 = LINE('',#1693,#1694);
#1693 = CARTESIAN_POINT('',(15.562499999995,-5.9));
#1694 = VECTOR('',#1695,1.);
#1695 = DIRECTION('',(-1.,-0.));
#1696 = ( GEOMETRIC_REPRESENTATION_CONTEXT(2) 
PARAMETRIC_REPRESENTATION_CONTEXT() REPRESENTATION_CONTEXT('2D SPACE',''
  ) );
#1697 = ORIENTED_EDGE('',*,*,#1698,.F.);
#1698 = EDGE_CURVE('',#1699,#1676,#1701,.T.);
#1699 = VERTEX_POINT('',#1700);
#1700 = CARTESIAN_POINT('',(-12.282823412,-2.033408229908,19.9));
#1701 = SURFACE_CURVE('',#1702,(#1707,#1714),.PCURVE_S1.);
#1702 = CIRCLE('',#1703,12.45);
#1703 = AXIS2_PLACEMENT_3D('',#1704,#1705,#1706);
#1704 = CARTESIAN_POINT('',(0.,0.,19.9));
#1705 = DIRECTION('',(0.,0.,1.));
#1706 = DIRECTION('',(1.,0.,-0.));
#1707 = PCURVE('',#444,#1708);
#1708 = DEFINITIONAL_REPRESENTATION('',(#1709),#1713);
#1709 = CIRCLE('',#1710,12.45);
#1710 = AXIS2_PLACEMENT_2D('',#1711,#1712);
#1711 = CARTESIAN_POINT('',(0.,0.));
#1712 = DIRECTION('',(1.,0.));
#1713 = ( GEOMETRIC_REPRESENTATION_CONTEXT(2) 
PARAMETRIC_REPRESENTATION_CONTEXT() REPRESENTATION_CONTEXT('2D SPACE',''
  ) );
#1714 = PCURVE('',#1715,#1720);
#1715 = CYLINDRICAL_SURFACE('',#1716,12.45);
#1716 = AXIS2_PLACEMENT_3D('',#1717,#1718,#1719);
#1717 = CARTESIAN_POINT('',(0.,0.,15.));
#1718 = DIRECTION('',(0.,0.,1.));
#1719 = DIRECTION('',(1.,0.,-0.));
#1720 = DEFINITIONAL_REPRESENTATION('',(#1721),#1725);
#1721 = LINE('',#1722,#1723);
#1722 = CARTESIAN_POINT('',(0.,4.9));
#1723 = VECTOR('',#1724,1.);
#1724 = DIRECTION('',(1.,0.));
#1725 = ( GEOMETRIC_REPRESENTATION_CONTEXT(2) 
PARAMETRIC_REPRESENTATION_CONTEXT() REPRESENTATION_CONTEXT('2D SPACE',''
  ) );
#1726 = ORIENTED_EDGE('',*,*,#1727,.T.);
#1727 = EDGE_CURVE('',#1699,#1728,#1730,.T.);
#1728 = VERTEX_POINT('',#1729);
#1729 = CARTESIAN_POINT('',(-7.843248684775,-1.298441399821,19.9));
#1730 = SURFACE_CURVE('',#1731,(#1735,#1742),.PCURVE_S1.);
#1731 = LINE('',#1732,#1733);
#1732 = CARTESIAN_POINT('',(0.,0.,19.9));
#1733 = VECTOR('',#1734,1.);
#1734 = DIRECTION('',(0.986572161607,0.163325962242,-0.));
#1735 = PCURVE('',#444,#1736);
#1736 = DEFINITIONAL_REPRESENTATION('',(#1737),#1741);
#1737 = LINE('',#1738,#1739);
#1738 = CARTESIAN_POINT('',(0.,0.));
#1739 = VECTOR('',#1740,1.);
#1740 = DIRECTION('',(0.986572161607,0.163325962242));
#1741 = ( GEOMETRIC_REPRESENTATION_CONTEXT(2) 
PARAMETRIC_REPRESENTATION_CONTEXT() REPRESENTATION_CONTEXT('2D SPACE',''
  ) );
#1742 = PCURVE('',#1743,#1748);
#1743 = PLANE('',#1744);
#1744 = AXIS2_PLACEMENT_3D('',#1745,#1746,#1747);
#1745 = CARTESIAN_POINT('',(0.,0.,14.));
#1746 = DIRECTION('',(0.163325962242,-0.986572161607,0.));
#1747 = DIRECTION('',(-0.986572161607,-0.163325962242,0.));
#1748 = DEFINITIONAL_REPRESENTATION('',(#1749),#1753);
#1749 = LINE('',#1750,#1751);
#1750 = CARTESIAN_POINT('',(0.,-5.9));
#1751 = VECTOR('',#1752,1.);
#1752 = DIRECTION('',(-1.,0.));
#1753 = ( GEOMETRIC_REPRESENTATION_CONTEXT(2) 
PARAMETRIC_REPRESENTATION_CONTEXT() REPRESENTATION_CONTEXT('2D SPACE',''
  ) );
#1754 = ORIENTED_EDGE('',*,*,#1755,.F.);
#1755 = EDGE_CURVE('',#1756,#1728,#1758,.T.);
#1756 = VERTEX_POINT('',#1757);
#1757 = CARTESIAN_POINT('',(-7.945157074802,-0.277450998785,19.9));
#1758 = SURFACE_CURVE('',#1759,(#1764,#1771),.PCURVE_S1.);
#1759 = CIRCLE('',#1760,7.95);
#1760 = AXIS2_PLACEMENT_3D('',#1761,#1762,#1763);
#1761 = CARTESIAN_POINT('',(0.,0.,19.9));
#1762 = DIRECTION('',(0.,0.,1.));
#1763 = DIRECTION('',(1.,0.,-0.));
#1764 = PCURVE('',#444,#1765);
#1765 = DEFINITIONAL_REPRESENTATION('',(#1766),#1770);
#1766 = CIRCLE('',#1767,7.95);
#1767 = AXIS2_PLACEMENT_2D('',#1768,#1769);
#1768 = CARTESIAN_POINT('',(0.,0.));
#1769 = DIRECTION('',(1.,0.));
#1770 = ( GEOMETRIC_REPRESENTATION_CONTEXT(2) 
PARAMETRIC_REPRESENTATION_CONTEXT() REPRESENTATION_CONTEXT('2D SPACE',''
  ) );
#1771 = PCURVE('',#1297,#1772);
#1772 = DEFINITIONAL_REPRESENTATION('',(#1773),#1777);
#1773 = LINE('',#1774,#1775);
#1774 = CARTESIAN_POINT('',(0.,0.));
#1775 = VECTOR('',#1776,1.);
#1776 = DIRECTION('',(1.,0.));
#1777 = ( GEOMETRIC_REPRESENTATION_CONTEXT(2) 
PARAMETRIC_REPRESENTATION_CONTEXT() REPRESENTATION_CONTEXT('2D SPACE',''
  ) );
#1778 = ORIENTED_EDGE('',*,*,#1779,.T.);
#1779 = EDGE_CURVE('',#1756,#1780,#1782,.T.);
#1780 = VERTEX_POINT('',#1781);
#1781 = CARTESIAN_POINT('',(-12.44241579638,-0.434498733946,19.9));
#1782 = SURFACE_CURVE('',#1783,(#1787,#1794),.PCURVE_S1.);
#1783 = LINE('',#1784,#1785);
#1784 = CARTESIAN_POINT('',(-15.55301974548,-0.543123417433,19.9));
#1785 = VECTOR('',#1786,1.);
#1786 = DIRECTION('',(-0.999390827019,-3.48994967025E-02,0.));
#1787 = PCURVE('',#444,#1788);
#1788 = DEFINITIONAL_REPRESENTATION('',(#1789),#1793);
#1789 = LINE('',#1790,#1791);
#1790 = CARTESIAN_POINT('',(-15.55301974548,-0.543123417433));
#1791 = VECTOR('',#1792,1.);
#1792 = DIRECTION('',(-0.999390827019,-3.48994967025E-02));
#1793 = ( GEOMETRIC_REPRESENTATION_CONTEXT(2) 
PARAMETRIC_REPRESENTATION_CONTEXT() REPRESENTATION_CONTEXT('2D SPACE',''
  ) );
#1794 = PCURVE('',#1795,#1800);
#1795 = PLANE('',#1796);
#1796 = AXIS2_PLACEMENT_3D('',#1797,#1798,#1799);
#1797 = CARTESIAN_POINT('',(-31.10603949096,-1.086246834865,14.));
#1798 = DIRECTION('',(-3.48994967025E-02,0.999390827019,0.));
#1799 = DIRECTION('',(0.999390827019,3.48994967025E-02,0.));
#1800 = DEFINITIONAL_REPRESENTATION('',(#1801),#1805);
#1801 = LINE('',#1802,#1803);
#1802 = CARTESIAN_POINT('',(15.562499999995,-5.9));
#1803 = VECTOR('',#1804,1.);
#1804 = DIRECTION('',(-1.,-0.));
#1805 = ( GEOMETRIC_REPRESENTATION_CONTEXT(2) 
PARAMETRIC_REPRESENTATION_CONTEXT() REPRESENTATION_CONTEXT('2D SPACE',''
  ) );
#1806 = ORIENTED_EDGE('',*,*,#1807,.F.);
#1807 = EDGE_CURVE('',#1808,#1780,#1810,.T.);
#1808 = VERTEX_POINT('',#1809);
#1809 = CARTESIAN_POINT('',(-7.885591864213,9.634310611095,19.9));
#1810 = SURFACE_CURVE('',#1811,(#1816,#1823),.PCURVE_S1.);
#1811 = CIRCLE('',#1812,12.45);
#1812 = AXIS2_PLACEMENT_3D('',#1813,#1814,#1815);
#1813 = CARTESIAN_POINT('',(0.,0.,19.9));
#1814 = DIRECTION('',(0.,0.,1.));
#1815 = DIRECTION('',(1.,0.,-0.));
#1816 = PCURVE('',#444,#1817);
#1817 = DEFINITIONAL_REPRESENTATION('',(#1818),#1822);
#1818 = CIRCLE('',#1819,12.45);
#1819 = AXIS2_PLACEMENT_2D('',#1820,#1821);
#1820 = CARTESIAN_POINT('',(0.,0.));
#1821 = DIRECTION('',(1.,0.));
#1822 = ( GEOMETRIC_REPRESENTATION_CONTEXT(2) 
PARAMETRIC_REPRESENTATION_CONTEXT() REPRESENTATION_CONTEXT('2D SPACE',''
  ) );
#1823 = PCURVE('',#1824,#1829);
#1824 = CYLINDRICAL_SURFACE('',#1825,12.45);
#1825 = AXIS2_PLACEMENT_3D('',#1826,#1827,#1828);
#1826 = CARTESIAN_POINT('',(0.,0.,15.));
#1827 = DIRECTION('',(0.,0.,1.));
#1828 = DIRECTION('',(1.,0.,-0.));
#1829 = DEFINITIONAL_REPRESENTATION('',(#1830),#1834);
#1830 = LINE('',#1831,#1832);
#1831 = CARTESIAN_POINT('',(0.,4.9));
#1832 = VECTOR('',#1833,1.);
#1833 = DIRECTION('',(1.,0.));
#1834 = ( GEOMETRIC_REPRESENTATION_CONTEXT(2) 
PARAMETRIC_REPRESENTATION_CONTEXT() REPRESENTATION_CONTEXT('2D SPACE',''
  ) );
#1835 = ORIENTED_EDGE('',*,*,#1836,.T.);
#1836 = EDGE_CURVE('',#1808,#1837,#1839,.T.);
#1837 = VERTEX_POINT('',#1838);
#1838 = CARTESIAN_POINT('',(-5.035377937389,6.152029667326,19.9));
#1839 = SURFACE_CURVE('',#1840,(#1844,#1851),.PCURVE_S1.);
#1840 = LINE('',#1841,#1842);
#1841 = CARTESIAN_POINT('',(0.,0.,19.9));
#1842 = VECTOR('',#1843,1.);
#1843 = DIRECTION('',(0.633380872628,-0.773840209726,0.));
#1844 = PCURVE('',#444,#1845);
#1845 = DEFINITIONAL_REPRESENTATION('',(#1846),#1850);
#1846 = LINE('',#1847,#1848);
#1847 = CARTESIAN_POINT('',(0.,0.));
#1848 = VECTOR('',#1849,1.);
#1849 = DIRECTION('',(0.633380872628,-0.773840209726));
#1850 = ( GEOMETRIC_REPRESENTATION_CONTEXT(2) 
PARAMETRIC_REPRESENTATION_CONTEXT() REPRESENTATION_CONTEXT('2D SPACE',''
  ) );
#1851 = PCURVE('',#1852,#1857);
#1852 = PLANE('',#1853);
#1853 = AXIS2_PLACEMENT_3D('',#1854,#1855,#1856);
#1854 = CARTESIAN_POINT('',(0.,0.,14.));
#1855 = DIRECTION('',(-0.773840209726,-0.633380872628,0.));
#1856 = DIRECTION('',(-0.633380872628,0.773840209726,0.));
#1857 = DEFINITIONAL_REPRESENTATION('',(#1858),#1862);
#1858 = LINE('',#1859,#1860);
#1859 = CARTESIAN_POINT('',(0.,-5.9));
#1860 = VECTOR('',#1861,1.);
#1861 = DIRECTION('',(-1.,-0.));
#1862 = ( GEOMETRIC_REPRESENTATION_CONTEXT(2) 
PARAMETRIC_REPRESENTATION_CONTEXT() REPRESENTATION_CONTEXT('2D SPACE',''
  ) );
#1863 = ORIENTED_EDGE('',*,*,#1864,.F.);
#1864 = EDGE_CURVE('',#1865,#1837,#1867,.T.);
#1865 = VERTEX_POINT('',#1866);
#1866 = CARTESIAN_POINT('',(-4.165687952462,6.771229126437,19.9));
#1867 = SURFACE_CURVE('',#1868,(#1873,#1880),.PCURVE_S1.);
#1868 = CIRCLE('',#1869,7.95);
#1869 = AXIS2_PLACEMENT_3D('',#1870,#1871,#1872);
#1870 = CARTESIAN_POINT('',(0.,0.,19.9));
#1871 = DIRECTION('',(0.,0.,1.));
#1872 = DIRECTION('',(1.,0.,-0.));
#1873 = PCURVE('',#444,#1874);
#1874 = DEFINITIONAL_REPRESENTATION('',(#1875),#1879);
#1875 = CIRCLE('',#1876,7.95);
#1876 = AXIS2_PLACEMENT_2D('',#1877,#1878);
#1877 = CARTESIAN_POINT('',(0.,0.));
#1878 = DIRECTION('',(1.,0.));
#1879 = ( GEOMETRIC_REPRESENTATION_CONTEXT(2) 
PARAMETRIC_REPRESENTATION_CONTEXT() REPRESENTATION_CONTEXT('2D SPACE',''
  ) );
#1880 = PCURVE('',#1297,#1881);
#1881 = DEFINITIONAL_REPRESENTATION('',(#1882),#1886);
#1882 = LINE('',#1883,#1884);
#1883 = CARTESIAN_POINT('',(0.,0.));
#1884 = VECTOR('',#1885,1.);
#1885 = DIRECTION('',(1.,0.));
#1886 = ( GEOMETRIC_REPRESENTATION_CONTEXT(2) 
PARAMETRIC_REPRESENTATION_CONTEXT() REPRESENTATION_CONTEXT('2D SPACE',''
  ) );
#1887 = ORIENTED_EDGE('',*,*,#1888,.T.);
#1888 = EDGE_CURVE('',#1865,#1889,#1891,.T.);
#1889 = VERTEX_POINT('',#1890);
#1890 = CARTESIAN_POINT('',(-6.523624529327,10.604000330081,19.9));
#1891 = SURFACE_CURVE('',#1892,(#1896,#1903),.PCURVE_S1.);
#1892 = LINE('',#1893,#1894);
#1893 = CARTESIAN_POINT('',(-8.154530661659,13.255000412601,19.9));
#1894 = VECTOR('',#1895,1.);
#1895 = DIRECTION('',(-0.52398590597,0.851726934143,0.));
#1896 = PCURVE('',#444,#1897);
#1897 = DEFINITIONAL_REPRESENTATION('',(#1898),#1902);
#1898 = LINE('',#1899,#1900);
#1899 = CARTESIAN_POINT('',(-8.154530661659,13.255000412601));
#1900 = VECTOR('',#1901,1.);
#1901 = DIRECTION('',(-0.52398590597,0.851726934143));
#1902 = ( GEOMETRIC_REPRESENTATION_CONTEXT(2) 
PARAMETRIC_REPRESENTATION_CONTEXT() REPRESENTATION_CONTEXT('2D SPACE',''
  ) );
#1903 = PCURVE('',#1904,#1909);
#1904 = PLANE('',#1905);
#1905 = AXIS2_PLACEMENT_3D('',#1906,#1907,#1908);
#1906 = CARTESIAN_POINT('',(-16.30906132331,26.510000825202,14.));
#1907 = DIRECTION('',(0.851726934143,0.52398590597,-0.));
#1908 = DIRECTION('',(0.52398590597,-0.851726934143,0.));
#1909 = DEFINITIONAL_REPRESENTATION('',(#1910),#1914);
#1910 = LINE('',#1911,#1912);
#1911 = CARTESIAN_POINT('',(15.562499999995,-5.9));
#1912 = VECTOR('',#1913,1.);
#1913 = DIRECTION('',(-1.,-0.));
#1914 = ( GEOMETRIC_REPRESENTATION_CONTEXT(2) 
PARAMETRIC_REPRESENTATION_CONTEXT() REPRESENTATION_CONTEXT('2D SPACE',''
  ) );
#1915 = ORIENTED_EDGE('',*,*,#1916,.F.);
#1916 = EDGE_CURVE('',#1917,#1889,#1919,.T.);
#1917 = VERTEX_POINT('',#1918);
#1918 = CARTESIAN_POINT('',(4.380428522639,11.65394121995,19.9));
#1919 = SURFACE_CURVE('',#1920,(#1925,#1932),.PCURVE_S1.);
#1920 = CIRCLE('',#1921,12.45);
#1921 = AXIS2_PLACEMENT_3D('',#1922,#1923,#1924);
#1922 = CARTESIAN_POINT('',(0.,0.,19.9));
#1923 = DIRECTION('',(0.,0.,1.));
#1924 = DIRECTION('',(1.,0.,-0.));
#1925 = PCURVE('',#444,#1926);
#1926 = DEFINITIONAL_REPRESENTATION('',(#1927),#1931);
#1927 = CIRCLE('',#1928,12.45);
#1928 = AXIS2_PLACEMENT_2D('',#1929,#1930);
#1929 = CARTESIAN_POINT('',(0.,0.));
#1930 = DIRECTION('',(1.,0.));
#1931 = ( GEOMETRIC_REPRESENTATION_CONTEXT(2) 
PARAMETRIC_REPRESENTATION_CONTEXT() REPRESENTATION_CONTEXT('2D SPACE',''
  ) );
#1932 = PCURVE('',#1933,#1938);
#1933 = CYLINDRICAL_SURFACE('',#1934,12.45);
#1934 = AXIS2_PLACEMENT_3D('',#1935,#1936,#1937);
#1935 = CARTESIAN_POINT('',(0.,0.,15.));
#1936 = DIRECTION('',(0.,0.,1.));
#1937 = DIRECTION('',(1.,0.,-0.));
#1938 = DEFINITIONAL_REPRESENTATION('',(#1939),#1943);
#1939 = LINE('',#1940,#1941);
#1940 = CARTESIAN_POINT('',(0.,4.9));
#1941 = VECTOR('',#1942,1.);
#1942 = DIRECTION('',(1.,0.));
#1943 = ( GEOMETRIC_REPRESENTATION_CONTEXT(2) 
PARAMETRIC_REPRESENTATION_CONTEXT() REPRESENTATION_CONTEXT('2D SPACE',''
  ) );
#1944 = ORIENTED_EDGE('',*,*,#1945,.T.);
#1945 = EDGE_CURVE('',#1917,#1946,#1948,.T.);
#1946 = VERTEX_POINT('',#1947);
#1947 = CARTESIAN_POINT('',(2.797141104818,7.441673309125,19.9));
#1948 = SURFACE_CURVE('',#1949,(#1953,#1960),.PCURVE_S1.);
#1949 = LINE('',#1950,#1951);
#1950 = CARTESIAN_POINT('',(0.,0.,19.9));
#1951 = VECTOR('',#1952,1.);
#1952 = DIRECTION('',(-0.351841648405,-0.936059535739,0.));
#1953 = PCURVE('',#444,#1954);
#1954 = DEFINITIONAL_REPRESENTATION('',(#1955),#1959);
#1955 = LINE('',#1956,#1957);
#1956 = CARTESIAN_POINT('',(0.,0.));
#1957 = VECTOR('',#1958,1.);
#1958 = DIRECTION('',(-0.351841648405,-0.936059535739));
#1959 = ( GEOMETRIC_REPRESENTATION_CONTEXT(2) 
PARAMETRIC_REPRESENTATION_CONTEXT() REPRESENTATION_CONTEXT('2D SPACE',''
  ) );
#1960 = PCURVE('',#1961,#1966);
#1961 = PLANE('',#1962);
#1962 = AXIS2_PLACEMENT_3D('',#1963,#1964,#1965);
#1963 = CARTESIAN_POINT('',(0.,0.,14.));
#1964 = DIRECTION('',(-0.936059535739,0.351841648405,0.));
#1965 = DIRECTION('',(0.351841648405,0.936059535739,0.));
#1966 = DEFINITIONAL_REPRESENTATION('',(#1967),#1971);
#1967 = LINE('',#1968,#1969);
#1968 = CARTESIAN_POINT('',(0.,-5.9));
#1969 = VECTOR('',#1970,1.);
#1970 = DIRECTION('',(-1.,-0.));
#1971 = ( GEOMETRIC_REPRESENTATION_CONTEXT(2) 
PARAMETRIC_REPRESENTATION_CONTEXT() REPRESENTATION_CONTEXT('2D SPACE',''
  ) );
#1972 = ORIENTED_EDGE('',*,*,#1973,.F.);
#1973 = EDGE_CURVE('',#1974,#1946,#1976,.T.);
#1974 = VERTEX_POINT('',#1975);
#1975 = CARTESIAN_POINT('',(4.171198596909,6.767835862751,19.9));
#1976 = SURFACE_CURVE('',#1977,(#1982,#1989),.PCURVE_S1.);
#1977 = CIRCLE('',#1978,7.95);
#1978 = AXIS2_PLACEMENT_3D('',#1979,#1980,#1981);
#1979 = CARTESIAN_POINT('',(0.,0.,19.9));
#1980 = DIRECTION('',(0.,0.,1.));
#1981 = DIRECTION('',(1.,0.,-0.));
#1982 = PCURVE('',#444,#1983);
#1983 = DEFINITIONAL_REPRESENTATION('',(#1984),#1988);
#1984 = CIRCLE('',#1985,7.95);
#1985 = AXIS2_PLACEMENT_2D('',#1986,#1987);
#1986 = CARTESIAN_POINT('',(0.,0.));
#1987 = DIRECTION('',(1.,0.));
#1988 = ( GEOMETRIC_REPRESENTATION_CONTEXT(2) 
PARAMETRIC_REPRESENTATION_CONTEXT() REPRESENTATION_CONTEXT('2D SPACE',''
  ) );
#1989 = PCURVE('',#1297,#1990);
#1990 = DEFINITIONAL_REPRESENTATION('',(#1991),#1995);
#1991 = LINE('',#1992,#1993);
#1992 = CARTESIAN_POINT('',(0.,0.));
#1993 = VECTOR('',#1994,1.);
#1994 = DIRECTION('',(1.,0.));
#1995 = ( GEOMETRIC_REPRESENTATION_CONTEXT(2) 
PARAMETRIC_REPRESENTATION_CONTEXT() REPRESENTATION_CONTEXT('2D SPACE',''
  ) );
#1996 = ORIENTED_EDGE('',*,*,#1997,.F.);
#1997 = EDGE_CURVE('',#1998,#1974,#2000,.T.);
#1998 = VERTEX_POINT('',#1999);
#1999 = CARTESIAN_POINT('',(5.485783060272,7.02610733021,19.9));
#2000 = SURFACE_CURVE('',#2001,(#2006,#2013),.PCURVE_S1.);
#2001 = CIRCLE('',#2002,6.5);
#2002 = AXIS2_PLACEMENT_3D('',#2003,#2004,#2005);
#2003 = CARTESIAN_POINT('',(6.074894831557,0.552858739206,19.9));
#2004 = DIRECTION('',(0.,0.,1.));
#2005 = DIRECTION('',(1.,0.,-0.));
#2006 = PCURVE('',#444,#2007);
#2007 = DEFINITIONAL_REPRESENTATION('',(#2008),#2012);
#2008 = CIRCLE('',#2009,6.5);
#2009 = AXIS2_PLACEMENT_2D('',#2010,#2011);
#2010 = CARTESIAN_POINT('',(6.074894831557,0.552858739206));
#2011 = DIRECTION('',(1.,0.));
#2012 = ( GEOMETRIC_REPRESENTATION_CONTEXT(2) 
PARAMETRIC_REPRESENTATION_CONTEXT() REPRESENTATION_CONTEXT('2D SPACE',''
  ) );
#2013 = PCURVE('',#2014,#2019);
#2014 = CYLINDRICAL_SURFACE('',#2015,6.5);
#2015 = AXIS2_PLACEMENT_3D('',#2016,#2017,#2018);
#2016 = CARTESIAN_POINT('',(6.074894831557,0.552858739206,19.89));
#2017 = DIRECTION('',(0.,0.,1.));
#2018 = DIRECTION('',(1.,0.,-0.));
#2019 = DEFINITIONAL_REPRESENTATION('',(#2020),#2024);
#2020 = LINE('',#2021,#2022);
#2021 = CARTESIAN_POINT('',(0.,1.E-02));
#2022 = VECTOR('',#2023,1.);
#2023 = DIRECTION('',(1.,0.));
#2024 = ( GEOMETRIC_REPRESENTATION_CONTEXT(2) 
PARAMETRIC_REPRESENTATION_CONTEXT() REPRESENTATION_CONTEXT('2D SPACE',''
  ) );
#2025 = ORIENTED_EDGE('',*,*,#2026,.T.);
#2026 = EDGE_CURVE('',#1998,#2027,#2029,.T.);
#2027 = VERTEX_POINT('',#2028);
#2028 = CARTESIAN_POINT('',(14.796487189562,7.873447784452,19.9));
#2029 = SURFACE_CURVE('',#2030,(#2034,#2041),.PCURVE_S1.);
#2030 = LINE('',#2031,#2032);
#2031 = CARTESIAN_POINT('',(8.871790015566,7.334258102883,19.9));
#2032 = VECTOR('',#2033,1.);
#2033 = DIRECTION('',(0.995884398616,9.063258019778E-02,-0.));
#2034 = PCURVE('',#444,#2035);
#2035 = DEFINITIONAL_REPRESENTATION('',(#2036),#2040);
#2036 = LINE('',#2037,#2038);
#2037 = CARTESIAN_POINT('',(8.871790015566,7.334258102883));
#2038 = VECTOR('',#2039,1.);
#2039 = DIRECTION('',(0.995884398616,9.063258019778E-02));
#2040 = ( GEOMETRIC_REPRESENTATION_CONTEXT(2) 
PARAMETRIC_REPRESENTATION_CONTEXT() REPRESENTATION_CONTEXT('2D SPACE',''
  ) );
#2041 = PCURVE('',#2042,#2047);
#2042 = PLANE('',#2043);
#2043 = AXIS2_PLACEMENT_3D('',#2044,#2045,#2046);
#2044 = CARTESIAN_POINT('',(18.332691802418,8.195267614762,19.89));
#2045 = DIRECTION('',(9.063258019778E-02,-0.995884398616,0.));
#2046 = DIRECTION('',(-0.995884398616,-9.063258019778E-02,0.));
#2047 = DEFINITIONAL_REPRESENTATION('',(#2048),#2052);
#2048 = LINE('',#2049,#2050);
#2049 = CARTESIAN_POINT('',(9.5,-9.999999999998E-03));
#2050 = VECTOR('',#2051,1.);
#2051 = DIRECTION('',(-1.,0.));
#2052 = ( GEOMETRIC_REPRESENTATION_CONTEXT(2) 
PARAMETRIC_REPRESENTATION_CONTEXT() REPRESENTATION_CONTEXT('2D SPACE',''
  ) );
#2053 = ORIENTED_EDGE('',*,*,#2054,.F.);
#2054 = EDGE_CURVE('',#2055,#2027,#2057,.T.);
#2055 = VERTEX_POINT('',#2056);
#2056 = CARTESIAN_POINT('',(13.299073538825,10.876794932743,19.9));
#2057 = SURFACE_CURVE('',#2058,(#2062,#2069),.PCURVE_S1.);
#2058 = LINE('',#2059,#2060);
#2059 = CARTESIAN_POINT('',(15.953950526828,5.55193548121,19.9));
#2060 = VECTOR('',#2061,1.);
#2061 = DIRECTION('',(0.44619781311,-0.894934361602,0.));
#2062 = PCURVE('',#444,#2063);
#2063 = DEFINITIONAL_REPRESENTATION('',(#2064),#2068);
#2064 = LINE('',#2065,#2066);
#2065 = CARTESIAN_POINT('',(15.953950526828,5.55193548121));
#2066 = VECTOR('',#2067,1.);
#2067 = DIRECTION('',(0.44619781311,-0.894934361602));
#2068 = ( GEOMETRIC_REPRESENTATION_CONTEXT(2) 
PARAMETRIC_REPRESENTATION_CONTEXT() REPRESENTATION_CONTEXT('2D SPACE',''
  ) );
#2069 = PCURVE('',#2070,#2075);
#2070 = PLANE('',#2071);
#2071 = AXIS2_PLACEMENT_3D('',#2072,#2073,#2074);
#2072 = CARTESIAN_POINT('',(16.913275825014,3.627826603766,17.25));
#2073 = DIRECTION('',(-0.894934361602,-0.44619781311,0.));
#2074 = DIRECTION('',(0.,0.,1.));
#2075 = DEFINITIONAL_REPRESENTATION('',(#2076),#2080);
#2076 = LINE('',#2077,#2078);
#2077 = CARTESIAN_POINT('',(2.65,2.15));
#2078 = VECTOR('',#2079,1.);
#2079 = DIRECTION('',(0.,-1.));
#2080 = ( GEOMETRIC_REPRESENTATION_CONTEXT(2) 
PARAMETRIC_REPRESENTATION_CONTEXT() REPRESENTATION_CONTEXT('2D SPACE',''
  ) );
#2081 = ORIENTED_EDGE('',*,*,#2082,.F.);
#2082 = EDGE_CURVE('',#2083,#2055,#2085,.T.);
#2083 = VERTEX_POINT('',#2084);
#2084 = CARTESIAN_POINT('',(13.523441813071,11.547361020098,19.9));
#2085 = SURFACE_CURVE('',#2086,(#2091,#2098),.PCURVE_S1.);
#2086 = CIRCLE('',#2087,0.5);
#2087 = AXIS2_PLACEMENT_3D('',#2088,#2089,#2090);
#2088 = CARTESIAN_POINT('',(13.746540719626,11.099893839297,19.9));
#2089 = DIRECTION('',(0.,0.,1.));
#2090 = DIRECTION('',(-0.44619781311,0.894934361602,0.));
#2091 = PCURVE('',#444,#2092);
#2092 = DEFINITIONAL_REPRESENTATION('',(#2093),#2097);
#2093 = CIRCLE('',#2094,0.5);
#2094 = AXIS2_PLACEMENT_2D('',#2095,#2096);
#2095 = CARTESIAN_POINT('',(13.746540719626,11.099893839297));
#2096 = DIRECTION('',(-0.44619781311,0.894934361602));
#2097 = ( GEOMETRIC_REPRESENTATION_CONTEXT(2) 
PARAMETRIC_REPRESENTATION_CONTEXT() REPRESENTATION_CONTEXT('2D SPACE',''
  ) );
#2098 = PCURVE('',#2099,#2104);
#2099 = CYLINDRICAL_SURFACE('',#2100,0.5);
#2100 = AXIS2_PLACEMENT_3D('',#2101,#2102,#2103);
#2101 = CARTESIAN_POINT('',(13.746540719626,11.099893839297,17.25));
#2102 = DIRECTION('',(0.,0.,1.));
#2103 = DIRECTION('',(-0.44619781311,0.894934361602,0.));
#2104 = DEFINITIONAL_REPRESENTATION('',(#2105),#2109);
#2105 = LINE('',#2106,#2107);
#2106 = CARTESIAN_POINT('',(0.,2.65));
#2107 = VECTOR('',#2108,1.);
#2108 = DIRECTION('',(1.,0.));
#2109 = ( GEOMETRIC_REPRESENTATION_CONTEXT(2) 
PARAMETRIC_REPRESENTATION_CONTEXT() REPRESENTATION_CONTEXT('2D SPACE',''
  ) );
#2110 = ORIENTED_EDGE('',*,*,#2111,.F.);
#2111 = EDGE_CURVE('',#2112,#2083,#2114,.T.);
#2112 = VERTEX_POINT('',#2113);
#2113 = CARTESIAN_POINT('',(14.552616328913,12.060488505175,19.9));
#2114 = SURFACE_CURVE('',#2115,(#2119,#2126),.PCURVE_S1.);
#2115 = LINE('',#2116,#2117);
#2116 = CARTESIAN_POINT('',(6.540716456671,8.065902583309,19.9));
#2117 = VECTOR('',#2118,1.);
#2118 = DIRECTION('',(-0.894934361602,-0.44619781311,0.));
#2119 = PCURVE('',#444,#2120);
#2120 = DEFINITIONAL_REPRESENTATION('',(#2121),#2125);
#2121 = LINE('',#2122,#2123);
#2122 = CARTESIAN_POINT('',(6.540716456671,8.065902583309));
#2123 = VECTOR('',#2124,1.);
#2124 = DIRECTION('',(-0.894934361602,-0.44619781311));
#2125 = ( GEOMETRIC_REPRESENTATION_CONTEXT(2) 
PARAMETRIC_REPRESENTATION_CONTEXT() REPRESENTATION_CONTEXT('2D SPACE',''
  ) );
#2126 = PCURVE('',#2127,#2132);
#2127 = PLANE('',#2128);
#2128 = AXIS2_PLACEMENT_3D('',#2129,#2130,#2131);
#2129 = CARTESIAN_POINT('',(15.000083509714,12.28358741173,17.25));
#2130 = DIRECTION('',(-0.44619781311,0.894934361602,0.));
#2131 = DIRECTION('',(0.,0.,1.));
#2132 = DEFINITIONAL_REPRESENTATION('',(#2133),#2137);
#2133 = LINE('',#2134,#2135);
#2134 = CARTESIAN_POINT('',(2.65,-9.4525));
#2135 = VECTOR('',#2136,1.);
#2136 = DIRECTION('',(0.,-1.));
#2137 = ( GEOMETRIC_REPRESENTATION_CONTEXT(2) 
PARAMETRIC_REPRESENTATION_CONTEXT() REPRESENTATION_CONTEXT('2D SPACE',''
  ) );
#2138 = ORIENTED_EDGE('',*,*,#2139,.F.);
#2139 = EDGE_CURVE('',#2140,#2112,#2142,.T.);
#2140 = VERTEX_POINT('',#2141);
#2141 = CARTESIAN_POINT('',(15.223182416269,11.836120230929,19.9));
#2142 = SURFACE_CURVE('',#2143,(#2148,#2155),.PCURVE_S1.);
#2143 = CIRCLE('',#2144,0.5);
#2144 = AXIS2_PLACEMENT_3D('',#2145,#2146,#2147);
#2145 = CARTESIAN_POINT('',(14.775715235468,11.613021324374,19.9));
#2146 = DIRECTION('',(0.,0.,1.));
#2147 = DIRECTION('',(-0.44619781311,0.894934361602,0.));
#2148 = PCURVE('',#444,#2149);
#2149 = DEFINITIONAL_REPRESENTATION('',(#2150),#2154);
#2150 = CIRCLE('',#2151,0.5);
#2151 = AXIS2_PLACEMENT_2D('',#2152,#2153);
#2152 = CARTESIAN_POINT('',(14.775715235468,11.613021324374));
#2153 = DIRECTION('',(-0.44619781311,0.894934361602));
#2154 = ( GEOMETRIC_REPRESENTATION_CONTEXT(2) 
PARAMETRIC_REPRESENTATION_CONTEXT() REPRESENTATION_CONTEXT('2D SPACE',''
  ) );
#2155 = PCURVE('',#2156,#2161);
#2156 = CYLINDRICAL_SURFACE('',#2157,0.5);
#2157 = AXIS2_PLACEMENT_3D('',#2158,#2159,#2160);
#2158 = CARTESIAN_POINT('',(14.775715235468,11.613021324374,17.25));
#2159 = DIRECTION('',(0.,0.,1.));
#2160 = DIRECTION('',(-0.44619781311,0.894934361602,0.));
#2161 = DEFINITIONAL_REPRESENTATION('',(#2162),#2166);
#2162 = LINE('',#2163,#2164);
#2163 = CARTESIAN_POINT('',(-4.138911435803E-13,2.65));
#2164 = VECTOR('',#2165,1.);
#2165 = DIRECTION('',(1.,-0.));
#2166 = ( GEOMETRIC_REPRESENTATION_CONTEXT(2) 
PARAMETRIC_REPRESENTATION_CONTEXT() REPRESENTATION_CONTEXT('2D SPACE',''
  ) );
#2167 = ORIENTED_EDGE('',*,*,#2168,.T.);
#2168 = EDGE_CURVE('',#2140,#2169,#2171,.T.);
#2169 = VERTEX_POINT('',#2170);
#2170 = CARTESIAN_POINT('',(18.614285795904,5.034619082753,19.9));
#2171 = SURFACE_CURVE('',#2172,(#2176,#2183),.PCURVE_S1.);
#2172 = LINE('',#2173,#2174);
#2173 = CARTESIAN_POINT('',(17.878059404272,6.511260779397,19.9));
#2174 = VECTOR('',#2175,1.);
#2175 = DIRECTION('',(0.44619781311,-0.894934361602,0.));
#2176 = PCURVE('',#444,#2177);
#2177 = DEFINITIONAL_REPRESENTATION('',(#2178),#2182);
#2178 = LINE('',#2179,#2180);
#2179 = CARTESIAN_POINT('',(17.878059404272,6.511260779397));
#2180 = VECTOR('',#2181,1.);
#2181 = DIRECTION('',(0.44619781311,-0.894934361602));
#2182 = ( GEOMETRIC_REPRESENTATION_CONTEXT(2) 
PARAMETRIC_REPRESENTATION_CONTEXT() REPRESENTATION_CONTEXT('2D SPACE',''
  ) );
#2183 = PCURVE('',#2184,#2189);
#2184 = PLANE('',#2185);
#2185 = AXIS2_PLACEMENT_3D('',#2186,#2187,#2188);
#2186 = CARTESIAN_POINT('',(18.837384702458,4.587151901952,17.25));
#2187 = DIRECTION('',(-0.894934361602,-0.44619781311,0.));
#2188 = DIRECTION('',(0.,0.,1.));
#2189 = DEFINITIONAL_REPRESENTATION('',(#2190),#2194);
#2190 = LINE('',#2191,#2192);
#2191 = CARTESIAN_POINT('',(2.65,2.150000000001));
#2192 = VECTOR('',#2193,1.);
#2193 = DIRECTION('',(0.,-1.));
#2194 = ( GEOMETRIC_REPRESENTATION_CONTEXT(2) 
PARAMETRIC_REPRESENTATION_CONTEXT() REPRESENTATION_CONTEXT('2D SPACE',''
  ) );
#2195 = ORIENTED_EDGE('',*,*,#2196,.F.);
#2196 = EDGE_CURVE('',#2197,#2169,#2199,.T.);
#2197 = VERTEX_POINT('',#2198);
#2198 = CARTESIAN_POINT('',(18.389917521657,4.364052995397,19.9));
#2199 = SURFACE_CURVE('',#2200,(#2205,#2212),.PCURVE_S1.);
#2200 = CIRCLE('',#2201,0.5);
#2201 = AXIS2_PLACEMENT_3D('',#2202,#2203,#2204);
#2202 = CARTESIAN_POINT('',(18.166818615103,4.811520176198,19.9));
#2203 = DIRECTION('',(0.,0.,1.));
#2204 = DIRECTION('',(0.44619781311,-0.894934361602,0.));
#2205 = PCURVE('',#444,#2206);
#2206 = DEFINITIONAL_REPRESENTATION('',(#2207),#2211);
#2207 = CIRCLE('',#2208,0.5);
#2208 = AXIS2_PLACEMENT_2D('',#2209,#2210);
#2209 = CARTESIAN_POINT('',(18.166818615103,4.811520176198));
#2210 = DIRECTION('',(0.44619781311,-0.894934361602));
#2211 = ( GEOMETRIC_REPRESENTATION_CONTEXT(2) 
PARAMETRIC_REPRESENTATION_CONTEXT() REPRESENTATION_CONTEXT('2D SPACE',''
  ) );
#2212 = PCURVE('',#2213,#2218);
#2213 = CYLINDRICAL_SURFACE('',#2214,0.5);
#2214 = AXIS2_PLACEMENT_3D('',#2215,#2216,#2217);
#2215 = CARTESIAN_POINT('',(18.166818615103,4.811520176198,17.25));
#2216 = DIRECTION('',(0.,0.,1.));
#2217 = DIRECTION('',(0.44619781311,-0.894934361602,0.));
#2218 = DEFINITIONAL_REPRESENTATION('',(#2219),#2223);
#2219 = LINE('',#2220,#2221);
#2220 = CARTESIAN_POINT('',(0.,2.65));
#2221 = VECTOR('',#2222,1.);
#2222 = DIRECTION('',(1.,0.));
#2223 = ( GEOMETRIC_REPRESENTATION_CONTEXT(2) 
PARAMETRIC_REPRESENTATION_CONTEXT() REPRESENTATION_CONTEXT('2D SPACE',''
  ) );
#2224 = ORIENTED_EDGE('',*,*,#2225,.T.);
#2225 = EDGE_CURVE('',#2197,#2226,#2228,.T.);
#2226 = VERTEX_POINT('',#2227);
#2227 = CARTESIAN_POINT('',(17.360743005815,3.850925510321,19.9));
#2228 = SURFACE_CURVE('',#2229,(#2233,#2240),.PCURVE_S1.);
#2229 = LINE('',#2230,#2231);
#2230 = CARTESIAN_POINT('',(10.378017649415,0.369467073532,19.9));
#2231 = VECTOR('',#2232,1.);
#2232 = DIRECTION('',(-0.894934361602,-0.44619781311,0.));
#2233 = PCURVE('',#444,#2234);
#2234 = DEFINITIONAL_REPRESENTATION('',(#2235),#2239);
#2235 = LINE('',#2236,#2237);
#2236 = CARTESIAN_POINT('',(10.378017649415,0.369467073532));
#2237 = VECTOR('',#2238,1.);
#2238 = DIRECTION('',(-0.894934361602,-0.44619781311));
#2239 = ( GEOMETRIC_REPRESENTATION_CONTEXT(2) 
PARAMETRIC_REPRESENTATION_CONTEXT() REPRESENTATION_CONTEXT('2D SPACE',''
  ) );
#2240 = PCURVE('',#2241,#2246);
#2241 = PLANE('',#2242);
#2242 = AXIS2_PLACEMENT_3D('',#2243,#2244,#2245);
#2243 = CARTESIAN_POINT('',(18.837384702458,4.587151901952,17.25));
#2244 = DIRECTION('',(-0.44619781311,0.894934361602,0.));
#2245 = DIRECTION('',(0.,0.,1.));
#2246 = DEFINITIONAL_REPRESENTATION('',(#2247),#2251);
#2247 = LINE('',#2248,#2249);
#2248 = CARTESIAN_POINT('',(2.65,-9.4525));
#2249 = VECTOR('',#2250,1.);
#2250 = DIRECTION('',(0.,-1.));
#2251 = ( GEOMETRIC_REPRESENTATION_CONTEXT(2) 
PARAMETRIC_REPRESENTATION_CONTEXT() REPRESENTATION_CONTEXT('2D SPACE',''
  ) );
#2252 = ORIENTED_EDGE('',*,*,#2253,.F.);
#2253 = EDGE_CURVE('',#2254,#2226,#2256,.T.);
#2254 = VERTEX_POINT('',#2255);
#2255 = CARTESIAN_POINT('',(16.690176918459,4.075293784567,19.9));
#2256 = SURFACE_CURVE('',#2257,(#2262,#2269),.PCURVE_S1.);
#2257 = CIRCLE('',#2258,0.5);
#2258 = AXIS2_PLACEMENT_3D('',#2259,#2260,#2261);
#2259 = CARTESIAN_POINT('',(17.13764409926,4.298392691122,19.9));
#2260 = DIRECTION('',(0.,0.,1.));
#2261 = DIRECTION('',(0.44619781311,-0.894934361602,0.));
#2262 = PCURVE('',#444,#2263);
#2263 = DEFINITIONAL_REPRESENTATION('',(#2264),#2268);
#2264 = CIRCLE('',#2265,0.5);
#2265 = AXIS2_PLACEMENT_2D('',#2266,#2267);
#2266 = CARTESIAN_POINT('',(17.13764409926,4.298392691122));
#2267 = DIRECTION('',(0.44619781311,-0.894934361602));
#2268 = ( GEOMETRIC_REPRESENTATION_CONTEXT(2) 
PARAMETRIC_REPRESENTATION_CONTEXT() REPRESENTATION_CONTEXT('2D SPACE',''
  ) );
#2269 = PCURVE('',#2270,#2275);
#2270 = CYLINDRICAL_SURFACE('',#2271,0.5);
#2271 = AXIS2_PLACEMENT_3D('',#2272,#2273,#2274);
#2272 = CARTESIAN_POINT('',(17.13764409926,4.298392691122,17.25));
#2273 = DIRECTION('',(0.,0.,1.));
#2274 = DIRECTION('',(0.44619781311,-0.894934361602,0.));
#2275 = DEFINITIONAL_REPRESENTATION('',(#2276),#2280);
#2276 = LINE('',#2277,#2278);
#2277 = CARTESIAN_POINT('',(-4.138911435803E-13,2.65));
#2278 = VECTOR('',#2279,1.);
#2279 = DIRECTION('',(1.,-0.));
#2280 = ( GEOMETRIC_REPRESENTATION_CONTEXT(2) 
PARAMETRIC_REPRESENTATION_CONTEXT() REPRESENTATION_CONTEXT('2D SPACE',''
  ) );
#2281 = ORIENTED_EDGE('',*,*,#2282,.F.);
#2282 = EDGE_CURVE('',#2283,#2254,#2285,.T.);
#2283 = VERTEX_POINT('',#2284);
#2284 = CARTESIAN_POINT('',(16.277781455278,4.902431120803,19.9));
#2285 = SURFACE_CURVE('',#2286,(#2290,#2297),.PCURVE_S1.);
#2286 = LINE('',#2287,#2288);
#2287 = CARTESIAN_POINT('',(15.953950526828,5.55193548121,19.9));
#2288 = VECTOR('',#2289,1.);
#2289 = DIRECTION('',(0.44619781311,-0.894934361602,0.));
#2290 = PCURVE('',#444,#2291);
#2291 = DEFINITIONAL_REPRESENTATION('',(#2292),#2296);
#2292 = LINE('',#2293,#2294);
#2293 = CARTESIAN_POINT('',(15.953950526828,5.55193548121));
#2294 = VECTOR('',#2295,1.);
#2295 = DIRECTION('',(0.44619781311,-0.894934361602));
#2296 = ( GEOMETRIC_REPRESENTATION_CONTEXT(2) 
PARAMETRIC_REPRESENTATION_CONTEXT() REPRESENTATION_CONTEXT('2D SPACE',''
  ) );
#2297 = PCURVE('',#2070,#2298);
#2298 = DEFINITIONAL_REPRESENTATION('',(#2299),#2303);
#2299 = LINE('',#2300,#2301);
#2300 = CARTESIAN_POINT('',(2.65,2.15));
#2301 = VECTOR('',#2302,1.);
#2302 = DIRECTION('',(0.,-1.));
#2303 = ( GEOMETRIC_REPRESENTATION_CONTEXT(2) 
PARAMETRIC_REPRESENTATION_CONTEXT() REPRESENTATION_CONTEXT('2D SPACE',''
  ) );
#2304 = ORIENTED_EDGE('',*,*,#2305,.F.);
#2305 = EDGE_CURVE('',#2306,#2283,#2308,.T.);
#2306 = VERTEX_POINT('',#2307);
#2307 = CARTESIAN_POINT('',(16.232740832715,-5.049566818838,19.9));
#2308 = SURFACE_CURVE('',#2309,(#2314,#2321),.PCURVE_S1.);
#2309 = CIRCLE('',#2310,17.);
#2310 = AXIS2_PLACEMENT_3D('',#2311,#2312,#2313);
#2311 = CARTESIAN_POINT('',(0.,0.,19.9));
#2312 = DIRECTION('',(0.,0.,1.));
#2313 = DIRECTION('',(1.,0.,-0.));
#2314 = PCURVE('',#444,#2315);
#2315 = DEFINITIONAL_REPRESENTATION('',(#2316),#2320);
#2316 = CIRCLE('',#2317,17.);
#2317 = AXIS2_PLACEMENT_2D('',#2318,#2319);
#2318 = CARTESIAN_POINT('',(0.,0.));
#2319 = DIRECTION('',(1.,0.));
#2320 = ( GEOMETRIC_REPRESENTATION_CONTEXT(2) 
PARAMETRIC_REPRESENTATION_CONTEXT() REPRESENTATION_CONTEXT('2D SPACE',''
  ) );
#2321 = PCURVE('',#2322,#2327);
#2322 = CYLINDRICAL_SURFACE('',#2323,17.);
#2323 = AXIS2_PLACEMENT_3D('',#2324,#2325,#2326);
#2324 = CARTESIAN_POINT('',(0.,0.,18.89));
#2325 = DIRECTION('',(0.,0.,1.));
#2326 = DIRECTION('',(1.,0.,-0.));
#2327 = DEFINITIONAL_REPRESENTATION('',(#2328),#2332);
#2328 = LINE('',#2329,#2330);
#2329 = CARTESIAN_POINT('',(-6.28318530718,1.01));
#2330 = VECTOR('',#2331,1.);
#2331 = DIRECTION('',(1.,0.));
#2332 = ( GEOMETRIC_REPRESENTATION_CONTEXT(2) 
PARAMETRIC_REPRESENTATION_CONTEXT() REPRESENTATION_CONTEXT('2D SPACE',''
  ) );
#2333 = ORIENTED_EDGE('',*,*,#2334,.T.);
#2334 = EDGE_CURVE('',#2306,#2335,#2337,.T.);
#2335 = VERTEX_POINT('',#2336);
#2336 = CARTESIAN_POINT('',(6.664006602843,-5.920389851797,19.9));
#2337 = SURFACE_CURVE('',#2338,(#2342,#2349),.PCURVE_S1.);
#2338 = LINE('',#2339,#2340);
#2339 = CARTESIAN_POINT('',(3.626559187064,-6.196819221401,19.9));
#2340 = VECTOR('',#2341,1.);
#2341 = DIRECTION('',(-0.995884398616,-9.063258019778E-02,0.));
#2342 = PCURVE('',#444,#2343);
#2343 = DEFINITIONAL_REPRESENTATION('',(#2344),#2348);
#2344 = LINE('',#2345,#2346);
#2345 = CARTESIAN_POINT('',(3.626559187064,-6.196819221401));
#2346 = VECTOR('',#2347,1.);
#2347 = DIRECTION('',(-0.995884398616,-9.063258019778E-02));
#2348 = ( GEOMETRIC_REPRESENTATION_CONTEXT(2) 
PARAMETRIC_REPRESENTATION_CONTEXT() REPRESENTATION_CONTEXT('2D SPACE',''
  ) );
#2349 = PCURVE('',#2350,#2355);
#2350 = PLANE('',#2351);
#2351 = AXIS2_PLACEMENT_3D('',#2352,#2353,#2354);
#2352 = CARTESIAN_POINT('',(6.664006602843,-5.920389851797,19.89));
#2353 = DIRECTION('',(-9.063258019778E-02,0.995884398616,0.));
#2354 = DIRECTION('',(0.995884398616,9.063258019778E-02,0.));
#2355 = DEFINITIONAL_REPRESENTATION('',(#2356),#2360);
#2356 = LINE('',#2357,#2358);
#2357 = CARTESIAN_POINT('',(-3.05,-9.999999999998E-03));
#2358 = VECTOR('',#2359,1.);
#2359 = DIRECTION('',(-1.,-0.));
#2360 = ( GEOMETRIC_REPRESENTATION_CONTEXT(2) 
PARAMETRIC_REPRESENTATION_CONTEXT() REPRESENTATION_CONTEXT('2D SPACE',''
  ) );
#2361 = ORIENTED_EDGE('',*,*,#2362,.F.);
#2362 = EDGE_CURVE('',#2363,#2335,#2365,.T.);
#2363 = VERTEX_POINT('',#2364);
#2364 = CARTESIAN_POINT('',(5.324395884157,-5.903669068366,19.9));
#2365 = SURFACE_CURVE('',#2366,(#2371,#2378),.PCURVE_S1.);
#2366 = CIRCLE('',#2367,6.5);
#2367 = AXIS2_PLACEMENT_3D('',#2368,#2369,#2370);
#2368 = CARTESIAN_POINT('',(6.074894831557,0.552858739206,19.9));
#2369 = DIRECTION('',(0.,0.,1.));
#2370 = DIRECTION('',(1.,0.,-0.));
#2371 = PCURVE('',#444,#2372);
#2372 = DEFINITIONAL_REPRESENTATION('',(#2373),#2377);
#2373 = CIRCLE('',#2374,6.5);
#2374 = AXIS2_PLACEMENT_2D('',#2375,#2376);
#2375 = CARTESIAN_POINT('',(6.074894831557,0.552858739206));
#2376 = DIRECTION('',(1.,0.));
#2377 = ( GEOMETRIC_REPRESENTATION_CONTEXT(2) 
PARAMETRIC_REPRESENTATION_CONTEXT() REPRESENTATION_CONTEXT('2D SPACE',''
  ) );
#2378 = PCURVE('',#2014,#2379);
#2379 = DEFINITIONAL_REPRESENTATION('',(#2380),#2384);
#2380 = LINE('',#2381,#2382);
#2381 = CARTESIAN_POINT('',(0.,1.E-02));
#2382 = VECTOR('',#2383,1.);
#2383 = DIRECTION('',(1.,0.));
#2384 = ( GEOMETRIC_REPRESENTATION_CONTEXT(2) 
PARAMETRIC_REPRESENTATION_CONTEXT() REPRESENTATION_CONTEXT('2D SPACE',''
  ) );
#2385 = ORIENTED_EDGE('',*,*,#2386,.F.);
#2386 = EDGE_CURVE('',#2387,#2363,#2389,.T.);
#2387 = VERTEX_POINT('',#2388);
#2388 = CARTESIAN_POINT('',(4.236366394762,-6.727235670714,19.9));
#2389 = SURFACE_CURVE('',#2390,(#2395,#2402),.PCURVE_S1.);
#2390 = CIRCLE('',#2391,7.95);
#2391 = AXIS2_PLACEMENT_3D('',#2392,#2393,#2394);
#2392 = CARTESIAN_POINT('',(0.,0.,19.9));
#2393 = DIRECTION('',(0.,0.,1.));
#2394 = DIRECTION('',(1.,0.,-0.));
#2395 = PCURVE('',#444,#2396);
#2396 = DEFINITIONAL_REPRESENTATION('',(#2397),#2401);
#2397 = CIRCLE('',#2398,7.95);
#2398 = AXIS2_PLACEMENT_2D('',#2399,#2400);
#2399 = CARTESIAN_POINT('',(0.,0.));
#2400 = DIRECTION('',(1.,0.));
#2401 = ( GEOMETRIC_REPRESENTATION_CONTEXT(2) 
PARAMETRIC_REPRESENTATION_CONTEXT() REPRESENTATION_CONTEXT('2D SPACE',''
  ) );
#2402 = PCURVE('',#932,#2403);
#2403 = DEFINITIONAL_REPRESENTATION('',(#2404),#2408);
#2404 = LINE('',#2405,#2406);
#2405 = CARTESIAN_POINT('',(0.,0.));
#2406 = VECTOR('',#2407,1.);
#2407 = DIRECTION('',(1.,0.));
#2408 = ( GEOMETRIC_REPRESENTATION_CONTEXT(2) 
PARAMETRIC_REPRESENTATION_CONTEXT() REPRESENTATION_CONTEXT('2D SPACE',''
  ) );
#2409 = ORIENTED_EDGE('',*,*,#2410,.T.);
#2410 = EDGE_CURVE('',#2387,#2411,#2413,.T.);
#2411 = VERTEX_POINT('',#2412);
#2412 = CARTESIAN_POINT('',(6.634309637081,-10.53510491828,19.9));
#2413 = SURFACE_CURVE('',#2414,(#2418,#2425),.PCURVE_S1.);
#2414 = LINE('',#2415,#2416);
#2415 = CARTESIAN_POINT('',(8.292887046351,-13.16888114786,19.9));
#2416 = VECTOR('',#2417,1.);
#2417 = DIRECTION('',(0.532876276071,-0.846193166128,0.));
#2418 = PCURVE('',#444,#2419);
#2419 = DEFINITIONAL_REPRESENTATION('',(#2420),#2424);
#2420 = LINE('',#2421,#2422);
#2421 = CARTESIAN_POINT('',(8.292887046351,-13.16888114786));
#2422 = VECTOR('',#2423,1.);
#2423 = DIRECTION('',(0.532876276071,-0.846193166128));
#2424 = ( GEOMETRIC_REPRESENTATION_CONTEXT(2) 
PARAMETRIC_REPRESENTATION_CONTEXT() REPRESENTATION_CONTEXT('2D SPACE',''
  ) );
#2425 = PCURVE('',#2426,#2431);
#2426 = PLANE('',#2427);
#2427 = AXIS2_PLACEMENT_3D('',#2428,#2429,#2430);
#2428 = CARTESIAN_POINT('',(16.585774092701,-26.33776229572,14.));
#2429 = DIRECTION('',(-0.846193166128,-0.532876276071,0.));
#2430 = DIRECTION('',(-0.532876276071,0.846193166128,0.));
#2431 = DEFINITIONAL_REPRESENTATION('',(#2432),#2436);
#2432 = LINE('',#2433,#2434);
#2433 = CARTESIAN_POINT('',(15.562499999999,-5.9));
#2434 = VECTOR('',#2435,1.);
#2435 = DIRECTION('',(-1.,-0.));
#2436 = ( GEOMETRIC_REPRESENTATION_CONTEXT(2) 
PARAMETRIC_REPRESENTATION_CONTEXT() REPRESENTATION_CONTEXT('2D SPACE',''
  ) );
#2437 = ORIENTED_EDGE('',*,*,#2438,.F.);
#2438 = EDGE_CURVE('',#661,#2411,#2439,.T.);
#2439 = SURFACE_CURVE('',#2440,(#2445,#2452),.PCURVE_S1.);
#2440 = CIRCLE('',#2441,12.45);
#2441 = AXIS2_PLACEMENT_3D('',#2442,#2443,#2444);
#2442 = CARTESIAN_POINT('',(0.,0.,19.9));
#2443 = DIRECTION('',(0.,0.,1.));
#2444 = DIRECTION('',(1.,0.,-0.));
#2445 = PCURVE('',#444,#2446);
#2446 = DEFINITIONAL_REPRESENTATION('',(#2447),#2451);
#2447 = CIRCLE('',#2448,12.45);
#2448 = AXIS2_PLACEMENT_2D('',#2449,#2450);
#2449 = CARTESIAN_POINT('',(0.,0.));
#2450 = DIRECTION('',(1.,0.));
#2451 = ( GEOMETRIC_REPRESENTATION_CONTEXT(2) 
PARAMETRIC_REPRESENTATION_CONTEXT() REPRESENTATION_CONTEXT('2D SPACE',''
  ) );
#2452 = PCURVE('',#711,#2453);
#2453 = DEFINITIONAL_REPRESENTATION('',(#2454),#2458);
#2454 = LINE('',#2455,#2456);
#2455 = CARTESIAN_POINT('',(0.,4.9));
#2456 = VECTOR('',#2457,1.);
#2457 = DIRECTION('',(1.,0.));
#2458 = ( GEOMETRIC_REPRESENTATION_CONTEXT(2) 
PARAMETRIC_REPRESENTATION_CONTEXT() REPRESENTATION_CONTEXT('2D SPACE',''
  ) );
#2459 = ORIENTED_EDGE('',*,*,#660,.F.);
#2460 = ORIENTED_EDGE('',*,*,#1524,.T.);
#2461 = FACE_BOUND('',#2462,.T.);
#2462 = EDGE_LOOP('',(#2463,#2494,#2522,#2551,#2579,#2608,#2636,#2665));
#2463 = ORIENTED_EDGE('',*,*,#2464,.F.);
#2464 = EDGE_CURVE('',#2465,#2467,#2469,.T.);
#2465 = VERTEX_POINT('',#2466);
#2466 = CARTESIAN_POINT('',(-18.38991752165,-4.364052995397,19.9));
#2467 = VERTEX_POINT('',#2468);
#2468 = CARTESIAN_POINT('',(-18.6142857959,-5.034619082753,19.9));
#2469 = SURFACE_CURVE('',#2470,(#2475,#2482),.PCURVE_S1.);
#2470 = CIRCLE('',#2471,0.5);
#2471 = AXIS2_PLACEMENT_3D('',#2472,#2473,#2474);
#2472 = CARTESIAN_POINT('',(-18.1668186151,-4.811520176198,19.9));
#2473 = DIRECTION('',(0.,0.,1.));
#2474 = DIRECTION('',(-0.44619781311,0.894934361602,0.));
#2475 = PCURVE('',#444,#2476);
#2476 = DEFINITIONAL_REPRESENTATION('',(#2477),#2481);
#2477 = CIRCLE('',#2478,0.5);
#2478 = AXIS2_PLACEMENT_2D('',#2479,#2480);
#2479 = CARTESIAN_POINT('',(-18.1668186151,-4.811520176198));
#2480 = DIRECTION('',(-0.44619781311,0.894934361602));
#2481 = ( GEOMETRIC_REPRESENTATION_CONTEXT(2) 
PARAMETRIC_REPRESENTATION_CONTEXT() REPRESENTATION_CONTEXT('2D SPACE',''
  ) );
#2482 = PCURVE('',#2483,#2488);
#2483 = CYLINDRICAL_SURFACE('',#2484,0.5);
#2484 = AXIS2_PLACEMENT_3D('',#2485,#2486,#2487);
#2485 = CARTESIAN_POINT('',(-18.1668186151,-4.811520176198,17.25));
#2486 = DIRECTION('',(0.,0.,1.));
#2487 = DIRECTION('',(-0.44619781311,0.894934361602,0.));
#2488 = DEFINITIONAL_REPRESENTATION('',(#2489),#2493);
#2489 = LINE('',#2490,#2491);
#2490 = CARTESIAN_POINT('',(0.,2.65));
#2491 = VECTOR('',#2492,1.);
#2492 = DIRECTION('',(1.,0.));
#2493 = ( GEOMETRIC_REPRESENTATION_CONTEXT(2) 
PARAMETRIC_REPRESENTATION_CONTEXT() REPRESENTATION_CONTEXT('2D SPACE',''
  ) );
#2494 = ORIENTED_EDGE('',*,*,#2495,.T.);
#2495 = EDGE_CURVE('',#2465,#2496,#2498,.T.);
#2496 = VERTEX_POINT('',#2497);
#2497 = CARTESIAN_POINT('',(-17.36074300581,-3.850925510321,19.9));
#2498 = SURFACE_CURVE('',#2499,(#2503,#2510),.PCURVE_S1.);
#2499 = LINE('',#2500,#2501);
#2500 = CARTESIAN_POINT('',(-10.37801764941,-0.369467073532,19.9));
#2501 = VECTOR('',#2502,1.);
#2502 = DIRECTION('',(0.894934361602,0.44619781311,-0.));
#2503 = PCURVE('',#444,#2504);
#2504 = DEFINITIONAL_REPRESENTATION('',(#2505),#2509);
#2505 = LINE('',#2506,#2507);
#2506 = CARTESIAN_POINT('',(-10.37801764941,-0.369467073532));
#2507 = VECTOR('',#2508,1.);
#2508 = DIRECTION('',(0.894934361602,0.44619781311));
#2509 = ( GEOMETRIC_REPRESENTATION_CONTEXT(2) 
PARAMETRIC_REPRESENTATION_CONTEXT() REPRESENTATION_CONTEXT('2D SPACE',''
  ) );
#2510 = PCURVE('',#2511,#2516);
#2511 = PLANE('',#2512);
#2512 = AXIS2_PLACEMENT_3D('',#2513,#2514,#2515);
#2513 = CARTESIAN_POINT('',(-18.83738470245,-4.587151901952,17.25));
#2514 = DIRECTION('',(0.44619781311,-0.894934361602,0.));
#2515 = DIRECTION('',(0.,0.,1.));
#2516 = DEFINITIONAL_REPRESENTATION('',(#2517),#2521);
#2517 = LINE('',#2518,#2519);
#2518 = CARTESIAN_POINT('',(2.65,-9.452499999997));
#2519 = VECTOR('',#2520,1.);
#2520 = DIRECTION('',(0.,-1.));
#2521 = ( GEOMETRIC_REPRESENTATION_CONTEXT(2) 
PARAMETRIC_REPRESENTATION_CONTEXT() REPRESENTATION_CONTEXT('2D SPACE',''
  ) );
#2522 = ORIENTED_EDGE('',*,*,#2523,.F.);
#2523 = EDGE_CURVE('',#2524,#2496,#2526,.T.);
#2524 = VERTEX_POINT('',#2525);
#2525 = CARTESIAN_POINT('',(-16.69017691845,-4.075293784567,19.9));
#2526 = SURFACE_CURVE('',#2527,(#2532,#2539),.PCURVE_S1.);
#2527 = CIRCLE('',#2528,0.5);
#2528 = AXIS2_PLACEMENT_3D('',#2529,#2530,#2531);
#2529 = CARTESIAN_POINT('',(-17.13764409926,-4.298392691122,19.9));
#2530 = DIRECTION('',(0.,0.,1.));
#2531 = DIRECTION('',(-0.44619781311,0.894934361602,0.));
#2532 = PCURVE('',#444,#2533);
#2533 = DEFINITIONAL_REPRESENTATION('',(#2534),#2538);
#2534 = CIRCLE('',#2535,0.5);
#2535 = AXIS2_PLACEMENT_2D('',#2536,#2537);
#2536 = CARTESIAN_POINT('',(-17.13764409926,-4.298392691122));
#2537 = DIRECTION('',(-0.44619781311,0.894934361602));
#2538 = ( GEOMETRIC_REPRESENTATION_CONTEXT(2) 
PARAMETRIC_REPRESENTATION_CONTEXT() REPRESENTATION_CONTEXT('2D SPACE',''
  ) );
#2539 = PCURVE('',#2540,#2545);
#2540 = CYLINDRICAL_SURFACE('',#2541,0.5);
#2541 = AXIS2_PLACEMENT_3D('',#2542,#2543,#2544);
#2542 = CARTESIAN_POINT('',(-17.13764409926,-4.298392691122,17.25));
#2543 = DIRECTION('',(0.,0.,1.));
#2544 = DIRECTION('',(-0.44619781311,0.894934361602,0.));
#2545 = DEFINITIONAL_REPRESENTATION('',(#2546),#2550);
#2546 = LINE('',#2547,#2548);
#2547 = CARTESIAN_POINT('',(-4.138911435803E-13,2.65));
#2548 = VECTOR('',#2549,1.);
#2549 = DIRECTION('',(1.,-0.));
#2550 = ( GEOMETRIC_REPRESENTATION_CONTEXT(2) 
PARAMETRIC_REPRESENTATION_CONTEXT() REPRESENTATION_CONTEXT('2D SPACE',''
  ) );
#2551 = ORIENTED_EDGE('',*,*,#2552,.F.);
#2552 = EDGE_CURVE('',#2553,#2524,#2555,.T.);
#2553 = VERTEX_POINT('',#2554);
#2554 = CARTESIAN_POINT('',(-13.29907353882,-10.87679493274,19.9));
#2555 = SURFACE_CURVE('',#2556,(#2560,#2567),.PCURVE_S1.);
#2556 = LINE('',#2557,#2558);
#2557 = CARTESIAN_POINT('',(-15.95395052682,-5.55193548121,19.9));
#2558 = VECTOR('',#2559,1.);
#2559 = DIRECTION('',(-0.44619781311,0.894934361602,0.));
#2560 = PCURVE('',#444,#2561);
#2561 = DEFINITIONAL_REPRESENTATION('',(#2562),#2566);
#2562 = LINE('',#2563,#2564);
#2563 = CARTESIAN_POINT('',(-15.95395052682,-5.55193548121));
#2564 = VECTOR('',#2565,1.);
#2565 = DIRECTION('',(-0.44619781311,0.894934361602));
#2566 = ( GEOMETRIC_REPRESENTATION_CONTEXT(2) 
PARAMETRIC_REPRESENTATION_CONTEXT() REPRESENTATION_CONTEXT('2D SPACE',''
  ) );
#2567 = PCURVE('',#2568,#2573);
#2568 = PLANE('',#2569);
#2569 = AXIS2_PLACEMENT_3D('',#2570,#2571,#2572);
#2570 = CARTESIAN_POINT('',(-16.91327582501,-3.627826603766,17.25));
#2571 = DIRECTION('',(0.894934361602,0.44619781311,0.));
#2572 = DIRECTION('',(0.,-0.,1.));
#2573 = DEFINITIONAL_REPRESENTATION('',(#2574),#2578);
#2574 = LINE('',#2575,#2576);
#2575 = CARTESIAN_POINT('',(2.65,2.150000000001));
#2576 = VECTOR('',#2577,1.);
#2577 = DIRECTION('',(0.,-1.));
#2578 = ( GEOMETRIC_REPRESENTATION_CONTEXT(2) 
PARAMETRIC_REPRESENTATION_CONTEXT() REPRESENTATION_CONTEXT('2D SPACE',''
  ) );
#2579 = ORIENTED_EDGE('',*,*,#2580,.F.);
#2580 = EDGE_CURVE('',#2581,#2553,#2583,.T.);
#2581 = VERTEX_POINT('',#2582);
#2582 = CARTESIAN_POINT('',(-13.52344181307,-11.54736102009,19.9));
#2583 = SURFACE_CURVE('',#2584,(#2589,#2596),.PCURVE_S1.);
#2584 = CIRCLE('',#2585,0.5);
#2585 = AXIS2_PLACEMENT_3D('',#2586,#2587,#2588);
#2586 = CARTESIAN_POINT('',(-13.74654071962,-11.09989383929,19.9));
#2587 = DIRECTION('',(0.,0.,1.));
#2588 = DIRECTION('',(0.44619781311,-0.894934361602,0.));
#2589 = PCURVE('',#444,#2590);
#2590 = DEFINITIONAL_REPRESENTATION('',(#2591),#2595);
#2591 = CIRCLE('',#2592,0.5);
#2592 = AXIS2_PLACEMENT_2D('',#2593,#2594);
#2593 = CARTESIAN_POINT('',(-13.74654071962,-11.09989383929));
#2594 = DIRECTION('',(0.44619781311,-0.894934361602));
#2595 = ( GEOMETRIC_REPRESENTATION_CONTEXT(2) 
PARAMETRIC_REPRESENTATION_CONTEXT() REPRESENTATION_CONTEXT('2D SPACE',''
  ) );
#2596 = PCURVE('',#2597,#2602);
#2597 = CYLINDRICAL_SURFACE('',#2598,0.5);
#2598 = AXIS2_PLACEMENT_3D('',#2599,#2600,#2601);
#2599 = CARTESIAN_POINT('',(-13.74654071962,-11.09989383929,17.25));
#2600 = DIRECTION('',(0.,0.,1.));
#2601 = DIRECTION('',(0.44619781311,-0.894934361602,0.));
#2602 = DEFINITIONAL_REPRESENTATION('',(#2603),#2607);
#2603 = LINE('',#2604,#2605);
#2604 = CARTESIAN_POINT('',(0.,2.65));
#2605 = VECTOR('',#2606,1.);
#2606 = DIRECTION('',(1.,0.));
#2607 = ( GEOMETRIC_REPRESENTATION_CONTEXT(2) 
PARAMETRIC_REPRESENTATION_CONTEXT() REPRESENTATION_CONTEXT('2D SPACE',''
  ) );
#2608 = ORIENTED_EDGE('',*,*,#2609,.F.);
#2609 = EDGE_CURVE('',#2610,#2581,#2612,.T.);
#2610 = VERTEX_POINT('',#2611);
#2611 = CARTESIAN_POINT('',(-14.55261632891,-12.06048850517,19.9));
#2612 = SURFACE_CURVE('',#2613,(#2617,#2624),.PCURVE_S1.);
#2613 = LINE('',#2614,#2615);
#2614 = CARTESIAN_POINT('',(-6.540716456671,-8.065902583309,19.9));
#2615 = VECTOR('',#2616,1.);
#2616 = DIRECTION('',(0.894934361602,0.44619781311,-0.));
#2617 = PCURVE('',#444,#2618);
#2618 = DEFINITIONAL_REPRESENTATION('',(#2619),#2623);
#2619 = LINE('',#2620,#2621);
#2620 = CARTESIAN_POINT('',(-6.540716456671,-8.065902583309));
#2621 = VECTOR('',#2622,1.);
#2622 = DIRECTION('',(0.894934361602,0.44619781311));
#2623 = ( GEOMETRIC_REPRESENTATION_CONTEXT(2) 
PARAMETRIC_REPRESENTATION_CONTEXT() REPRESENTATION_CONTEXT('2D SPACE',''
  ) );
#2624 = PCURVE('',#2625,#2630);
#2625 = PLANE('',#2626);
#2626 = AXIS2_PLACEMENT_3D('',#2627,#2628,#2629);
#2627 = CARTESIAN_POINT('',(-15.00008350971,-12.28358741173,17.25));
#2628 = DIRECTION('',(0.44619781311,-0.894934361602,0.));
#2629 = DIRECTION('',(0.,0.,1.));
#2630 = DEFINITIONAL_REPRESENTATION('',(#2631),#2635);
#2631 = LINE('',#2632,#2633);
#2632 = CARTESIAN_POINT('',(2.65,-9.452499999997));
#2633 = VECTOR('',#2634,1.);
#2634 = DIRECTION('',(0.,-1.));
#2635 = ( GEOMETRIC_REPRESENTATION_CONTEXT(2) 
PARAMETRIC_REPRESENTATION_CONTEXT() REPRESENTATION_CONTEXT('2D SPACE',''
  ) );
#2636 = ORIENTED_EDGE('',*,*,#2637,.F.);
#2637 = EDGE_CURVE('',#2638,#2610,#2640,.T.);
#2638 = VERTEX_POINT('',#2639);
#2639 = CARTESIAN_POINT('',(-15.22318241626,-11.83612023092,19.9));
#2640 = SURFACE_CURVE('',#2641,(#2646,#2653),.PCURVE_S1.);
#2641 = CIRCLE('',#2642,0.5);
#2642 = AXIS2_PLACEMENT_3D('',#2643,#2644,#2645);
#2643 = CARTESIAN_POINT('',(-14.77571523546,-11.61302132437,19.9));
#2644 = DIRECTION('',(0.,0.,1.));
#2645 = DIRECTION('',(0.44619781311,-0.894934361602,0.));
#2646 = PCURVE('',#444,#2647);
#2647 = DEFINITIONAL_REPRESENTATION('',(#2648),#2652);
#2648 = CIRCLE('',#2649,0.5);
#2649 = AXIS2_PLACEMENT_2D('',#2650,#2651);
#2650 = CARTESIAN_POINT('',(-14.77571523546,-11.61302132437));
#2651 = DIRECTION('',(0.44619781311,-0.894934361602));
#2652 = ( GEOMETRIC_REPRESENTATION_CONTEXT(2) 
PARAMETRIC_REPRESENTATION_CONTEXT() REPRESENTATION_CONTEXT('2D SPACE',''
  ) );
#2653 = PCURVE('',#2654,#2659);
#2654 = CYLINDRICAL_SURFACE('',#2655,0.5);
#2655 = AXIS2_PLACEMENT_3D('',#2656,#2657,#2658);
#2656 = CARTESIAN_POINT('',(-14.77571523546,-11.61302132437,17.25));
#2657 = DIRECTION('',(0.,0.,1.));
#2658 = DIRECTION('',(0.44619781311,-0.894934361602,0.));
#2659 = DEFINITIONAL_REPRESENTATION('',(#2660),#2664);
#2660 = LINE('',#2661,#2662);
#2661 = CARTESIAN_POINT('',(-4.138911435803E-13,2.65));
#2662 = VECTOR('',#2663,1.);
#2663 = DIRECTION('',(1.,-0.));
#2664 = ( GEOMETRIC_REPRESENTATION_CONTEXT(2) 
PARAMETRIC_REPRESENTATION_CONTEXT() REPRESENTATION_CONTEXT('2D SPACE',''
  ) );
#2665 = ORIENTED_EDGE('',*,*,#2666,.T.);
#2666 = EDGE_CURVE('',#2638,#2467,#2667,.T.);
#2667 = SURFACE_CURVE('',#2668,(#2672,#2679),.PCURVE_S1.);
#2668 = LINE('',#2669,#2670);
#2669 = CARTESIAN_POINT('',(-17.87805940427,-6.511260779397,19.9));
#2670 = VECTOR('',#2671,1.);
#2671 = DIRECTION('',(-0.44619781311,0.894934361602,0.));
#2672 = PCURVE('',#444,#2673);
#2673 = DEFINITIONAL_REPRESENTATION('',(#2674),#2678);
#2674 = LINE('',#2675,#2676);
#2675 = CARTESIAN_POINT('',(-17.87805940427,-6.511260779397));
#2676 = VECTOR('',#2677,1.);
#2677 = DIRECTION('',(-0.44619781311,0.894934361602));
#2678 = ( GEOMETRIC_REPRESENTATION_CONTEXT(2) 
PARAMETRIC_REPRESENTATION_CONTEXT() REPRESENTATION_CONTEXT('2D SPACE',''
  ) );
#2679 = PCURVE('',#2680,#2685);
#2680 = PLANE('',#2681);
#2681 = AXIS2_PLACEMENT_3D('',#2682,#2683,#2684);
#2682 = CARTESIAN_POINT('',(-18.83738470245,-4.587151901952,17.25));
#2683 = DIRECTION('',(0.894934361602,0.44619781311,0.));
#2684 = DIRECTION('',(0.,-0.,1.));
#2685 = DEFINITIONAL_REPRESENTATION('',(#2686),#2690);
#2686 = LINE('',#2687,#2688);
#2687 = CARTESIAN_POINT('',(2.65,2.149999999998));
#2688 = VECTOR('',#2689,1.);
#2689 = DIRECTION('',(0.,-1.));
#2690 = ( GEOMETRIC_REPRESENTATION_CONTEXT(2) 
PARAMETRIC_REPRESENTATION_CONTEXT() REPRESENTATION_CONTEXT('2D SPACE',''
  ) );
#2691 = FACE_BOUND('',#2692,.T.);
#2692 = EDGE_LOOP('',(#2693,#2724,#2752,#2781,#2809,#2838,#2866,#2895));
#2693 = ORIENTED_EDGE('',*,*,#2694,.F.);
#2694 = EDGE_CURVE('',#2695,#2697,#2699,.T.);
#2695 = VERTEX_POINT('',#2696);
#2696 = CARTESIAN_POINT('',(4.364052995397,-18.38991752165,19.9));
#2697 = VERTEX_POINT('',#2698);
#2698 = CARTESIAN_POINT('',(5.034619082753,-18.6142857959,19.9));
#2699 = SURFACE_CURVE('',#2700,(#2705,#2712),.PCURVE_S1.);
#2700 = CIRCLE('',#2701,0.5);
#2701 = AXIS2_PLACEMENT_3D('',#2702,#2703,#2704);
#2702 = CARTESIAN_POINT('',(4.811520176198,-18.1668186151,19.9));
#2703 = DIRECTION('',(0.,0.,1.));
#2704 = DIRECTION('',(-0.894934361602,-0.44619781311,0.));
#2705 = PCURVE('',#444,#2706);
#2706 = DEFINITIONAL_REPRESENTATION('',(#2707),#2711);
#2707 = CIRCLE('',#2708,0.5);
#2708 = AXIS2_PLACEMENT_2D('',#2709,#2710);
#2709 = CARTESIAN_POINT('',(4.811520176198,-18.1668186151));
#2710 = DIRECTION('',(-0.894934361602,-0.44619781311));
#2711 = ( GEOMETRIC_REPRESENTATION_CONTEXT(2) 
PARAMETRIC_REPRESENTATION_CONTEXT() REPRESENTATION_CONTEXT('2D SPACE',''
  ) );
#2712 = PCURVE('',#2713,#2718);
#2713 = CYLINDRICAL_SURFACE('',#2714,0.5);
#2714 = AXIS2_PLACEMENT_3D('',#2715,#2716,#2717);
#2715 = CARTESIAN_POINT('',(4.811520176198,-18.1668186151,17.25));
#2716 = DIRECTION('',(0.,0.,1.));
#2717 = DIRECTION('',(-0.894934361602,-0.44619781311,0.));
#2718 = DEFINITIONAL_REPRESENTATION('',(#2719),#2723);
#2719 = LINE('',#2720,#2721);
#2720 = CARTESIAN_POINT('',(0.,2.65));
#2721 = VECTOR('',#2722,1.);
#2722 = DIRECTION('',(1.,0.));
#2723 = ( GEOMETRIC_REPRESENTATION_CONTEXT(2) 
PARAMETRIC_REPRESENTATION_CONTEXT() REPRESENTATION_CONTEXT('2D SPACE',''
  ) );
#2724 = ORIENTED_EDGE('',*,*,#2725,.T.);
#2725 = EDGE_CURVE('',#2695,#2726,#2728,.T.);
#2726 = VERTEX_POINT('',#2727);
#2727 = CARTESIAN_POINT('',(3.850925510321,-17.36074300581,19.9));
#2728 = SURFACE_CURVE('',#2729,(#2733,#2740),.PCURVE_S1.);
#2729 = LINE('',#2730,#2731);
#2730 = CARTESIAN_POINT('',(0.369467073532,-10.37801764941,19.9));
#2731 = VECTOR('',#2732,1.);
#2732 = DIRECTION('',(-0.44619781311,0.894934361602,0.));
#2733 = PCURVE('',#444,#2734);
#2734 = DEFINITIONAL_REPRESENTATION('',(#2735),#2739);
#2735 = LINE('',#2736,#2737);
#2736 = CARTESIAN_POINT('',(0.369467073532,-10.37801764941));
#2737 = VECTOR('',#2738,1.);
#2738 = DIRECTION('',(-0.44619781311,0.894934361602));
#2739 = ( GEOMETRIC_REPRESENTATION_CONTEXT(2) 
PARAMETRIC_REPRESENTATION_CONTEXT() REPRESENTATION_CONTEXT('2D SPACE',''
  ) );
#2740 = PCURVE('',#2741,#2746);
#2741 = PLANE('',#2742);
#2742 = AXIS2_PLACEMENT_3D('',#2743,#2744,#2745);
#2743 = CARTESIAN_POINT('',(4.587151901952,-18.83738470245,17.25));
#2744 = DIRECTION('',(0.894934361602,0.44619781311,0.));
#2745 = DIRECTION('',(0.,-0.,1.));
#2746 = DEFINITIONAL_REPRESENTATION('',(#2747),#2751);
#2747 = LINE('',#2748,#2749);
#2748 = CARTESIAN_POINT('',(2.65,-9.452499999997));
#2749 = VECTOR('',#2750,1.);
#2750 = DIRECTION('',(0.,-1.));
#2751 = ( GEOMETRIC_REPRESENTATION_CONTEXT(2) 
PARAMETRIC_REPRESENTATION_CONTEXT() REPRESENTATION_CONTEXT('2D SPACE',''
  ) );
#2752 = ORIENTED_EDGE('',*,*,#2753,.F.);
#2753 = EDGE_CURVE('',#2754,#2726,#2756,.T.);
#2754 = VERTEX_POINT('',#2755);
#2755 = CARTESIAN_POINT('',(4.075293784567,-16.69017691845,19.9));
#2756 = SURFACE_CURVE('',#2757,(#2762,#2769),.PCURVE_S1.);
#2757 = CIRCLE('',#2758,0.5);
#2758 = AXIS2_PLACEMENT_3D('',#2759,#2760,#2761);
#2759 = CARTESIAN_POINT('',(4.298392691122,-17.13764409926,19.9));
#2760 = DIRECTION('',(0.,0.,1.));
#2761 = DIRECTION('',(-0.894934361602,-0.44619781311,0.));
#2762 = PCURVE('',#444,#2763);
#2763 = DEFINITIONAL_REPRESENTATION('',(#2764),#2768);
#2764 = CIRCLE('',#2765,0.5);
#2765 = AXIS2_PLACEMENT_2D('',#2766,#2767);
#2766 = CARTESIAN_POINT('',(4.298392691122,-17.13764409926));
#2767 = DIRECTION('',(-0.894934361602,-0.44619781311));
#2768 = ( GEOMETRIC_REPRESENTATION_CONTEXT(2) 
PARAMETRIC_REPRESENTATION_CONTEXT() REPRESENTATION_CONTEXT('2D SPACE',''
  ) );
#2769 = PCURVE('',#2770,#2775);
#2770 = CYLINDRICAL_SURFACE('',#2771,0.5);
#2771 = AXIS2_PLACEMENT_3D('',#2772,#2773,#2774);
#2772 = CARTESIAN_POINT('',(4.298392691122,-17.13764409926,17.25));
#2773 = DIRECTION('',(0.,0.,1.));
#2774 = DIRECTION('',(-0.894934361602,-0.44619781311,0.));
#2775 = DEFINITIONAL_REPRESENTATION('',(#2776),#2780);
#2776 = LINE('',#2777,#2778);
#2777 = CARTESIAN_POINT('',(-4.138911435803E-13,2.65));
#2778 = VECTOR('',#2779,1.);
#2779 = DIRECTION('',(1.,-0.));
#2780 = ( GEOMETRIC_REPRESENTATION_CONTEXT(2) 
PARAMETRIC_REPRESENTATION_CONTEXT() REPRESENTATION_CONTEXT('2D SPACE',''
  ) );
#2781 = ORIENTED_EDGE('',*,*,#2782,.F.);
#2782 = EDGE_CURVE('',#2783,#2754,#2785,.T.);
#2783 = VERTEX_POINT('',#2784);
#2784 = CARTESIAN_POINT('',(10.876794932743,-13.29907353882,19.9));
#2785 = SURFACE_CURVE('',#2786,(#2790,#2797),.PCURVE_S1.);
#2786 = LINE('',#2787,#2788);
#2787 = CARTESIAN_POINT('',(5.55193548121,-15.95395052682,19.9));
#2788 = VECTOR('',#2789,1.);
#2789 = DIRECTION('',(-0.894934361602,-0.44619781311,0.));
#2790 = PCURVE('',#444,#2791);
#2791 = DEFINITIONAL_REPRESENTATION('',(#2792),#2796);
#2792 = LINE('',#2793,#2794);
#2793 = CARTESIAN_POINT('',(5.55193548121,-15.95395052682));
#2794 = VECTOR('',#2795,1.);
#2795 = DIRECTION('',(-0.894934361602,-0.44619781311));
#2796 = ( GEOMETRIC_REPRESENTATION_CONTEXT(2) 
PARAMETRIC_REPRESENTATION_CONTEXT() REPRESENTATION_CONTEXT('2D SPACE',''
  ) );
#2797 = PCURVE('',#2798,#2803);
#2798 = PLANE('',#2799);
#2799 = AXIS2_PLACEMENT_3D('',#2800,#2801,#2802);
#2800 = CARTESIAN_POINT('',(3.627826603766,-16.91327582501,17.25));
#2801 = DIRECTION('',(-0.44619781311,0.894934361602,0.));
#2802 = DIRECTION('',(0.,0.,1.));
#2803 = DEFINITIONAL_REPRESENTATION('',(#2804),#2808);
#2804 = LINE('',#2805,#2806);
#2805 = CARTESIAN_POINT('',(2.65,2.150000000001));
#2806 = VECTOR('',#2807,1.);
#2807 = DIRECTION('',(0.,-1.));
#2808 = ( GEOMETRIC_REPRESENTATION_CONTEXT(2) 
PARAMETRIC_REPRESENTATION_CONTEXT() REPRESENTATION_CONTEXT('2D SPACE',''
  ) );
#2809 = ORIENTED_EDGE('',*,*,#2810,.F.);
#2810 = EDGE_CURVE('',#2811,#2783,#2813,.T.);
#2811 = VERTEX_POINT('',#2812);
#2812 = CARTESIAN_POINT('',(11.547361020098,-13.52344181307,19.9));
#2813 = SURFACE_CURVE('',#2814,(#2819,#2826),.PCURVE_S1.);
#2814 = CIRCLE('',#2815,0.5);
#2815 = AXIS2_PLACEMENT_3D('',#2816,#2817,#2818);
#2816 = CARTESIAN_POINT('',(11.099893839297,-13.74654071962,19.9));
#2817 = DIRECTION('',(0.,0.,1.));
#2818 = DIRECTION('',(0.894934361602,0.44619781311,-0.));
#2819 = PCURVE('',#444,#2820);
#2820 = DEFINITIONAL_REPRESENTATION('',(#2821),#2825);
#2821 = CIRCLE('',#2822,0.5);
#2822 = AXIS2_PLACEMENT_2D('',#2823,#2824);
#2823 = CARTESIAN_POINT('',(11.099893839297,-13.74654071962));
#2824 = DIRECTION('',(0.894934361602,0.44619781311));
#2825 = ( GEOMETRIC_REPRESENTATION_CONTEXT(2) 
PARAMETRIC_REPRESENTATION_CONTEXT() REPRESENTATION_CONTEXT('2D SPACE',''
  ) );
#2826 = PCURVE('',#2827,#2832);
#2827 = CYLINDRICAL_SURFACE('',#2828,0.5);
#2828 = AXIS2_PLACEMENT_3D('',#2829,#2830,#2831);
#2829 = CARTESIAN_POINT('',(11.099893839297,-13.74654071962,17.25));
#2830 = DIRECTION('',(0.,0.,1.));
#2831 = DIRECTION('',(0.894934361602,0.44619781311,-0.));
#2832 = DEFINITIONAL_REPRESENTATION('',(#2833),#2837);
#2833 = LINE('',#2834,#2835);
#2834 = CARTESIAN_POINT('',(0.,2.65));
#2835 = VECTOR('',#2836,1.);
#2836 = DIRECTION('',(1.,0.));
#2837 = ( GEOMETRIC_REPRESENTATION_CONTEXT(2) 
PARAMETRIC_REPRESENTATION_CONTEXT() REPRESENTATION_CONTEXT('2D SPACE',''
  ) );
#2838 = ORIENTED_EDGE('',*,*,#2839,.F.);
#2839 = EDGE_CURVE('',#2840,#2811,#2842,.T.);
#2840 = VERTEX_POINT('',#2841);
#2841 = CARTESIAN_POINT('',(12.060488505175,-14.55261632891,19.9));
#2842 = SURFACE_CURVE('',#2843,(#2847,#2854),.PCURVE_S1.);
#2843 = LINE('',#2844,#2845);
#2844 = CARTESIAN_POINT('',(8.065902583309,-6.540716456671,19.9));
#2845 = VECTOR('',#2846,1.);
#2846 = DIRECTION('',(-0.44619781311,0.894934361602,0.));
#2847 = PCURVE('',#444,#2848);
#2848 = DEFINITIONAL_REPRESENTATION('',(#2849),#2853);
#2849 = LINE('',#2850,#2851);
#2850 = CARTESIAN_POINT('',(8.065902583309,-6.540716456671));
#2851 = VECTOR('',#2852,1.);
#2852 = DIRECTION('',(-0.44619781311,0.894934361602));
#2853 = ( GEOMETRIC_REPRESENTATION_CONTEXT(2) 
PARAMETRIC_REPRESENTATION_CONTEXT() REPRESENTATION_CONTEXT('2D SPACE',''
  ) );
#2854 = PCURVE('',#2855,#2860);
#2855 = PLANE('',#2856);
#2856 = AXIS2_PLACEMENT_3D('',#2857,#2858,#2859);
#2857 = CARTESIAN_POINT('',(12.28358741173,-15.00008350971,17.25));
#2858 = DIRECTION('',(0.894934361602,0.44619781311,0.));
#2859 = DIRECTION('',(0.,-0.,1.));
#2860 = DEFINITIONAL_REPRESENTATION('',(#2861),#2865);
#2861 = LINE('',#2862,#2863);
#2862 = CARTESIAN_POINT('',(2.65,-9.452499999997));
#2863 = VECTOR('',#2864,1.);
#2864 = DIRECTION('',(0.,-1.));
#2865 = ( GEOMETRIC_REPRESENTATION_CONTEXT(2) 
PARAMETRIC_REPRESENTATION_CONTEXT() REPRESENTATION_CONTEXT('2D SPACE',''
  ) );
#2866 = ORIENTED_EDGE('',*,*,#2867,.F.);
#2867 = EDGE_CURVE('',#2868,#2840,#2870,.T.);
#2868 = VERTEX_POINT('',#2869);
#2869 = CARTESIAN_POINT('',(11.836120230929,-15.22318241626,19.9));
#2870 = SURFACE_CURVE('',#2871,(#2876,#2883),.PCURVE_S1.);
#2871 = CIRCLE('',#2872,0.5);
#2872 = AXIS2_PLACEMENT_3D('',#2873,#2874,#2875);
#2873 = CARTESIAN_POINT('',(11.613021324374,-14.77571523546,19.9));
#2874 = DIRECTION('',(0.,0.,1.));
#2875 = DIRECTION('',(0.894934361602,0.44619781311,-0.));
#2876 = PCURVE('',#444,#2877);
#2877 = DEFINITIONAL_REPRESENTATION('',(#2878),#2882);
#2878 = CIRCLE('',#2879,0.5);
#2879 = AXIS2_PLACEMENT_2D('',#2880,#2881);
#2880 = CARTESIAN_POINT('',(11.613021324374,-14.77571523546));
#2881 = DIRECTION('',(0.894934361602,0.44619781311));
#2882 = ( GEOMETRIC_REPRESENTATION_CONTEXT(2) 
PARAMETRIC_REPRESENTATION_CONTEXT() REPRESENTATION_CONTEXT('2D SPACE',''
  ) );
#2883 = PCURVE('',#2884,#2889);
#2884 = CYLINDRICAL_SURFACE('',#2885,0.5);
#2885 = AXIS2_PLACEMENT_3D('',#2886,#2887,#2888);
#2886 = CARTESIAN_POINT('',(11.613021324374,-14.77571523546,17.25));
#2887 = DIRECTION('',(0.,0.,1.));
#2888 = DIRECTION('',(0.894934361602,0.44619781311,-0.));
#2889 = DEFINITIONAL_REPRESENTATION('',(#2890),#2894);
#2890 = LINE('',#2891,#2892);
#2891 = CARTESIAN_POINT('',(-4.138911435803E-13,2.65));
#2892 = VECTOR('',#2893,1.);
#2893 = DIRECTION('',(1.,-0.));
#2894 = ( GEOMETRIC_REPRESENTATION_CONTEXT(2) 
PARAMETRIC_REPRESENTATION_CONTEXT() REPRESENTATION_CONTEXT('2D SPACE',''
  ) );
#2895 = ORIENTED_EDGE('',*,*,#2896,.T.);
#2896 = EDGE_CURVE('',#2868,#2697,#2897,.T.);
#2897 = SURFACE_CURVE('',#2898,(#2902,#2909),.PCURVE_S1.);
#2898 = LINE('',#2899,#2900);
#2899 = CARTESIAN_POINT('',(6.511260779397,-17.87805940427,19.9));
#2900 = VECTOR('',#2901,1.);
#2901 = DIRECTION('',(-0.894934361602,-0.44619781311,0.));
#2902 = PCURVE('',#444,#2903);
#2903 = DEFINITIONAL_REPRESENTATION('',(#2904),#2908);
#2904 = LINE('',#2905,#2906);
#2905 = CARTESIAN_POINT('',(6.511260779397,-17.87805940427));
#2906 = VECTOR('',#2907,1.);
#2907 = DIRECTION('',(-0.894934361602,-0.44619781311));
#2908 = ( GEOMETRIC_REPRESENTATION_CONTEXT(2) 
PARAMETRIC_REPRESENTATION_CONTEXT() REPRESENTATION_CONTEXT('2D SPACE',''
  ) );
#2909 = PCURVE('',#2910,#2915);
#2910 = PLANE('',#2911);
#2911 = AXIS2_PLACEMENT_3D('',#2912,#2913,#2914);
#2912 = CARTESIAN_POINT('',(4.587151901952,-18.83738470245,17.25));
#2913 = DIRECTION('',(-0.44619781311,0.894934361602,0.));
#2914 = DIRECTION('',(0.,0.,1.));
#2915 = DEFINITIONAL_REPRESENTATION('',(#2916),#2920);
#2916 = LINE('',#2917,#2918);
#2917 = CARTESIAN_POINT('',(2.65,2.149999999998));
#2918 = VECTOR('',#2919,1.);
#2919 = DIRECTION('',(0.,-1.));
#2920 = ( GEOMETRIC_REPRESENTATION_CONTEXT(2) 
PARAMETRIC_REPRESENTATION_CONTEXT() REPRESENTATION_CONTEXT('2D SPACE',''
  ) );
#2921 = FACE_BOUND('',#2922,.T.);
#2922 = EDGE_LOOP('',(#2923,#2954,#2982,#3011,#3039,#3068,#3096,#3125));
#2923 = ORIENTED_EDGE('',*,*,#2924,.F.);
#2924 = EDGE_CURVE('',#2925,#2927,#2929,.T.);
#2925 = VERTEX_POINT('',#2926);
#2926 = CARTESIAN_POINT('',(-4.364052995397,18.389917521657,19.9));
#2927 = VERTEX_POINT('',#2928);
#2928 = CARTESIAN_POINT('',(-5.034619082753,18.614285795904,19.9));
#2929 = SURFACE_CURVE('',#2930,(#2935,#2942),.PCURVE_S1.);
#2930 = CIRCLE('',#2931,0.5);
#2931 = AXIS2_PLACEMENT_3D('',#2932,#2933,#2934);
#2932 = CARTESIAN_POINT('',(-4.811520176198,18.166818615103,19.9));
#2933 = DIRECTION('',(0.,0.,1.));
#2934 = DIRECTION('',(0.894934361602,0.44619781311,-0.));
#2935 = PCURVE('',#444,#2936);
#2936 = DEFINITIONAL_REPRESENTATION('',(#2937),#2941);
#2937 = CIRCLE('',#2938,0.5);
#2938 = AXIS2_PLACEMENT_2D('',#2939,#2940);
#2939 = CARTESIAN_POINT('',(-4.811520176198,18.166818615103));
#2940 = DIRECTION('',(0.894934361602,0.44619781311));
#2941 = ( GEOMETRIC_REPRESENTATION_CONTEXT(2) 
PARAMETRIC_REPRESENTATION_CONTEXT() REPRESENTATION_CONTEXT('2D SPACE',''
  ) );
#2942 = PCURVE('',#2943,#2948);
#2943 = CYLINDRICAL_SURFACE('',#2944,0.5);
#2944 = AXIS2_PLACEMENT_3D('',#2945,#2946,#2947);
#2945 = CARTESIAN_POINT('',(-4.811520176198,18.166818615103,17.25));
#2946 = DIRECTION('',(0.,0.,1.));
#2947 = DIRECTION('',(0.894934361602,0.44619781311,-0.));
#2948 = DEFINITIONAL_REPRESENTATION('',(#2949),#2953);
#2949 = LINE('',#2950,#2951);
#2950 = CARTESIAN_POINT('',(0.,2.65));
#2951 = VECTOR('',#2952,1.);
#2952 = DIRECTION('',(1.,0.));
#2953 = ( GEOMETRIC_REPRESENTATION_CONTEXT(2) 
PARAMETRIC_REPRESENTATION_CONTEXT() REPRESENTATION_CONTEXT('2D SPACE',''
  ) );
#2954 = ORIENTED_EDGE('',*,*,#2955,.T.);
#2955 = EDGE_CURVE('',#2925,#2956,#2958,.T.);
#2956 = VERTEX_POINT('',#2957);
#2957 = CARTESIAN_POINT('',(-3.850925510321,17.360743005815,19.9));
#2958 = SURFACE_CURVE('',#2959,(#2963,#2970),.PCURVE_S1.);
#2959 = LINE('',#2960,#2961);
#2960 = CARTESIAN_POINT('',(-0.369467073532,10.378017649415,19.9));
#2961 = VECTOR('',#2962,1.);
#2962 = DIRECTION('',(0.44619781311,-0.894934361602,0.));
#2963 = PCURVE('',#444,#2964);
#2964 = DEFINITIONAL_REPRESENTATION('',(#2965),#2969);
#2965 = LINE('',#2966,#2967);
#2966 = CARTESIAN_POINT('',(-0.369467073532,10.378017649415));
#2967 = VECTOR('',#2968,1.);
#2968 = DIRECTION('',(0.44619781311,-0.894934361602));
#2969 = ( GEOMETRIC_REPRESENTATION_CONTEXT(2) 
PARAMETRIC_REPRESENTATION_CONTEXT() REPRESENTATION_CONTEXT('2D SPACE',''
  ) );
#2970 = PCURVE('',#2971,#2976);
#2971 = PLANE('',#2972);
#2972 = AXIS2_PLACEMENT_3D('',#2973,#2974,#2975);
#2973 = CARTESIAN_POINT('',(-4.587151901952,18.837384702458,17.25));
#2974 = DIRECTION('',(-0.894934361602,-0.44619781311,0.));
#2975 = DIRECTION('',(0.,0.,1.));
#2976 = DEFINITIONAL_REPRESENTATION('',(#2977),#2981);
#2977 = LINE('',#2978,#2979);
#2978 = CARTESIAN_POINT('',(2.65,-9.4525));
#2979 = VECTOR('',#2980,1.);
#2980 = DIRECTION('',(0.,-1.));
#2981 = ( GEOMETRIC_REPRESENTATION_CONTEXT(2) 
PARAMETRIC_REPRESENTATION_CONTEXT() REPRESENTATION_CONTEXT('2D SPACE',''
  ) );
#2982 = ORIENTED_EDGE('',*,*,#2983,.F.);
#2983 = EDGE_CURVE('',#2984,#2956,#2986,.T.);
#2984 = VERTEX_POINT('',#2985);
#2985 = CARTESIAN_POINT('',(-4.075293784567,16.690176918459,19.9));
#2986 = SURFACE_CURVE('',#2987,(#2992,#2999),.PCURVE_S1.);
#2987 = CIRCLE('',#2988,0.5);
#2988 = AXIS2_PLACEMENT_3D('',#2989,#2990,#2991);
#2989 = CARTESIAN_POINT('',(-4.298392691122,17.13764409926,19.9));
#2990 = DIRECTION('',(0.,0.,1.));
#2991 = DIRECTION('',(0.894934361602,0.44619781311,-0.));
#2992 = PCURVE('',#444,#2993);
#2993 = DEFINITIONAL_REPRESENTATION('',(#2994),#2998);
#2994 = CIRCLE('',#2995,0.5);
#2995 = AXIS2_PLACEMENT_2D('',#2996,#2997);
#2996 = CARTESIAN_POINT('',(-4.298392691122,17.13764409926));
#2997 = DIRECTION('',(0.894934361602,0.44619781311));
#2998 = ( GEOMETRIC_REPRESENTATION_CONTEXT(2) 
PARAMETRIC_REPRESENTATION_CONTEXT() REPRESENTATION_CONTEXT('2D SPACE',''
  ) );
#2999 = PCURVE('',#3000,#3005);
#3000 = CYLINDRICAL_SURFACE('',#3001,0.5);
#3001 = AXIS2_PLACEMENT_3D('',#3002,#3003,#3004);
#3002 = CARTESIAN_POINT('',(-4.298392691122,17.13764409926,17.25));
#3003 = DIRECTION('',(0.,0.,1.));
#3004 = DIRECTION('',(0.894934361602,0.44619781311,-0.));
#3005 = DEFINITIONAL_REPRESENTATION('',(#3006),#3010);
#3006 = LINE('',#3007,#3008);
#3007 = CARTESIAN_POINT('',(-4.138911435803E-13,2.65));
#3008 = VECTOR('',#3009,1.);
#3009 = DIRECTION('',(1.,-0.));
#3010 = ( GEOMETRIC_REPRESENTATION_CONTEXT(2) 
PARAMETRIC_REPRESENTATION_CONTEXT() REPRESENTATION_CONTEXT('2D SPACE',''
  ) );
#3011 = ORIENTED_EDGE('',*,*,#3012,.F.);
#3012 = EDGE_CURVE('',#3013,#2984,#3015,.T.);
#3013 = VERTEX_POINT('',#3014);
#3014 = CARTESIAN_POINT('',(-10.87679493274,13.299073538825,19.9));
#3015 = SURFACE_CURVE('',#3016,(#3020,#3027),.PCURVE_S1.);
#3016 = LINE('',#3017,#3018);
#3017 = CARTESIAN_POINT('',(-5.55193548121,15.953950526828,19.9));
#3018 = VECTOR('',#3019,1.);
#3019 = DIRECTION('',(0.894934361602,0.44619781311,-0.));
#3020 = PCURVE('',#444,#3021);
#3021 = DEFINITIONAL_REPRESENTATION('',(#3022),#3026);
#3022 = LINE('',#3023,#3024);
#3023 = CARTESIAN_POINT('',(-5.55193548121,15.953950526828));
#3024 = VECTOR('',#3025,1.);
#3025 = DIRECTION('',(0.894934361602,0.44619781311));
#3026 = ( GEOMETRIC_REPRESENTATION_CONTEXT(2) 
PARAMETRIC_REPRESENTATION_CONTEXT() REPRESENTATION_CONTEXT('2D SPACE',''
  ) );
#3027 = PCURVE('',#3028,#3033);
#3028 = PLANE('',#3029);
#3029 = AXIS2_PLACEMENT_3D('',#3030,#3031,#3032);
#3030 = CARTESIAN_POINT('',(-3.627826603766,16.913275825014,17.25));
#3031 = DIRECTION('',(0.44619781311,-0.894934361602,0.));
#3032 = DIRECTION('',(0.,0.,1.));
#3033 = DEFINITIONAL_REPRESENTATION('',(#3034),#3038);
#3034 = LINE('',#3035,#3036);
#3035 = CARTESIAN_POINT('',(2.65,2.15));
#3036 = VECTOR('',#3037,1.);
#3037 = DIRECTION('',(0.,-1.));
#3038 = ( GEOMETRIC_REPRESENTATION_CONTEXT(2) 
PARAMETRIC_REPRESENTATION_CONTEXT() REPRESENTATION_CONTEXT('2D SPACE',''
  ) );
#3039 = ORIENTED_EDGE('',*,*,#3040,.F.);
#3040 = EDGE_CURVE('',#3041,#3013,#3043,.T.);
#3041 = VERTEX_POINT('',#3042);
#3042 = CARTESIAN_POINT('',(-11.54736102009,13.523441813071,19.9));
#3043 = SURFACE_CURVE('',#3044,(#3049,#3056),.PCURVE_S1.);
#3044 = CIRCLE('',#3045,0.5);
#3045 = AXIS2_PLACEMENT_3D('',#3046,#3047,#3048);
#3046 = CARTESIAN_POINT('',(-11.09989383929,13.746540719626,19.9));
#3047 = DIRECTION('',(0.,0.,1.));
#3048 = DIRECTION('',(-0.894934361602,-0.44619781311,0.));
#3049 = PCURVE('',#444,#3050);
#3050 = DEFINITIONAL_REPRESENTATION('',(#3051),#3055);
#3051 = CIRCLE('',#3052,0.5);
#3052 = AXIS2_PLACEMENT_2D('',#3053,#3054);
#3053 = CARTESIAN_POINT('',(-11.09989383929,13.746540719626));
#3054 = DIRECTION('',(-0.894934361602,-0.44619781311));
#3055 = ( GEOMETRIC_REPRESENTATION_CONTEXT(2) 
PARAMETRIC_REPRESENTATION_CONTEXT() REPRESENTATION_CONTEXT('2D SPACE',''
  ) );
#3056 = PCURVE('',#3057,#3062);
#3057 = CYLINDRICAL_SURFACE('',#3058,0.5);
#3058 = AXIS2_PLACEMENT_3D('',#3059,#3060,#3061);
#3059 = CARTESIAN_POINT('',(-11.09989383929,13.746540719626,17.25));
#3060 = DIRECTION('',(0.,0.,1.));
#3061 = DIRECTION('',(-0.894934361602,-0.44619781311,0.));
#3062 = DEFINITIONAL_REPRESENTATION('',(#3063),#3067);
#3063 = LINE('',#3064,#3065);
#3064 = CARTESIAN_POINT('',(0.,2.65));
#3065 = VECTOR('',#3066,1.);
#3066 = DIRECTION('',(1.,0.));
#3067 = ( GEOMETRIC_REPRESENTATION_CONTEXT(2) 
PARAMETRIC_REPRESENTATION_CONTEXT() REPRESENTATION_CONTEXT('2D SPACE',''
  ) );
#3068 = ORIENTED_EDGE('',*,*,#3069,.F.);
#3069 = EDGE_CURVE('',#3070,#3041,#3072,.T.);
#3070 = VERTEX_POINT('',#3071);
#3071 = CARTESIAN_POINT('',(-12.06048850517,14.552616328913,19.9));
#3072 = SURFACE_CURVE('',#3073,(#3077,#3084),.PCURVE_S1.);
#3073 = LINE('',#3074,#3075);
#3074 = CARTESIAN_POINT('',(-8.065902583309,6.540716456671,19.9));
#3075 = VECTOR('',#3076,1.);
#3076 = DIRECTION('',(0.44619781311,-0.894934361602,0.));
#3077 = PCURVE('',#444,#3078);
#3078 = DEFINITIONAL_REPRESENTATION('',(#3079),#3083);
#3079 = LINE('',#3080,#3081);
#3080 = CARTESIAN_POINT('',(-8.065902583309,6.540716456671));
#3081 = VECTOR('',#3082,1.);
#3082 = DIRECTION('',(0.44619781311,-0.894934361602));
#3083 = ( GEOMETRIC_REPRESENTATION_CONTEXT(2) 
PARAMETRIC_REPRESENTATION_CONTEXT() REPRESENTATION_CONTEXT('2D SPACE',''
  ) );
#3084 = PCURVE('',#3085,#3090);
#3085 = PLANE('',#3086);
#3086 = AXIS2_PLACEMENT_3D('',#3087,#3088,#3089);
#3087 = CARTESIAN_POINT('',(-12.28358741173,15.000083509714,17.25));
#3088 = DIRECTION('',(-0.894934361602,-0.44619781311,0.));
#3089 = DIRECTION('',(0.,0.,1.));
#3090 = DEFINITIONAL_REPRESENTATION('',(#3091),#3095);
#3091 = LINE('',#3092,#3093);
#3092 = CARTESIAN_POINT('',(2.65,-9.4525));
#3093 = VECTOR('',#3094,1.);
#3094 = DIRECTION('',(0.,-1.));
#3095 = ( GEOMETRIC_REPRESENTATION_CONTEXT(2) 
PARAMETRIC_REPRESENTATION_CONTEXT() REPRESENTATION_CONTEXT('2D SPACE',''
  ) );
#3096 = ORIENTED_EDGE('',*,*,#3097,.F.);
#3097 = EDGE_CURVE('',#3098,#3070,#3100,.T.);
#3098 = VERTEX_POINT('',#3099);
#3099 = CARTESIAN_POINT('',(-11.83612023092,15.223182416269,19.9));
#3100 = SURFACE_CURVE('',#3101,(#3106,#3113),.PCURVE_S1.);
#3101 = CIRCLE('',#3102,0.5);
#3102 = AXIS2_PLACEMENT_3D('',#3103,#3104,#3105);
#3103 = CARTESIAN_POINT('',(-11.61302132437,14.775715235468,19.9));
#3104 = DIRECTION('',(0.,0.,1.));
#3105 = DIRECTION('',(-0.894934361602,-0.44619781311,0.));
#3106 = PCURVE('',#444,#3107);
#3107 = DEFINITIONAL_REPRESENTATION('',(#3108),#3112);
#3108 = CIRCLE('',#3109,0.5);
#3109 = AXIS2_PLACEMENT_2D('',#3110,#3111);
#3110 = CARTESIAN_POINT('',(-11.61302132437,14.775715235468));
#3111 = DIRECTION('',(-0.894934361602,-0.44619781311));
#3112 = ( GEOMETRIC_REPRESENTATION_CONTEXT(2) 
PARAMETRIC_REPRESENTATION_CONTEXT() REPRESENTATION_CONTEXT('2D SPACE',''
  ) );
#3113 = PCURVE('',#3114,#3119);
#3114 = CYLINDRICAL_SURFACE('',#3115,0.5);
#3115 = AXIS2_PLACEMENT_3D('',#3116,#3117,#3118);
#3116 = CARTESIAN_POINT('',(-11.61302132437,14.775715235468,17.25));
#3117 = DIRECTION('',(0.,0.,1.));
#3118 = DIRECTION('',(-0.894934361602,-0.44619781311,0.));
#3119 = DEFINITIONAL_REPRESENTATION('',(#3120),#3124);
#3120 = LINE('',#3121,#3122);
#3121 = CARTESIAN_POINT('',(-4.138911435803E-13,2.65));
#3122 = VECTOR('',#3123,1.);
#3123 = DIRECTION('',(1.,-0.));
#3124 = ( GEOMETRIC_REPRESENTATION_CONTEXT(2) 
PARAMETRIC_REPRESENTATION_CONTEXT() REPRESENTATION_CONTEXT('2D SPACE',''
  ) );
#3125 = ORIENTED_EDGE('',*,*,#3126,.T.);
#3126 = EDGE_CURVE('',#3098,#2927,#3127,.T.);
#3127 = SURFACE_CURVE('',#3128,(#3132,#3139),.PCURVE_S1.);
#3128 = LINE('',#3129,#3130);
#3129 = CARTESIAN_POINT('',(-6.511260779397,17.878059404272,19.9));
#3130 = VECTOR('',#3131,1.);
#3131 = DIRECTION('',(0.894934361602,0.44619781311,-0.));
#3132 = PCURVE('',#444,#3133);
#3133 = DEFINITIONAL_REPRESENTATION('',(#3134),#3138);
#3134 = LINE('',#3135,#3136);
#3135 = CARTESIAN_POINT('',(-6.511260779397,17.878059404272));
#3136 = VECTOR('',#3137,1.);
#3137 = DIRECTION('',(0.894934361602,0.44619781311));
#3138 = ( GEOMETRIC_REPRESENTATION_CONTEXT(2) 
PARAMETRIC_REPRESENTATION_CONTEXT() REPRESENTATION_CONTEXT('2D SPACE',''
  ) );
#3139 = PCURVE('',#3140,#3145);
#3140 = PLANE('',#3141);
#3141 = AXIS2_PLACEMENT_3D('',#3142,#3143,#3144);
#3142 = CARTESIAN_POINT('',(-4.587151901952,18.837384702458,17.25));
#3143 = DIRECTION('',(0.44619781311,-0.894934361602,0.));
#3144 = DIRECTION('',(0.,0.,1.));
#3145 = DEFINITIONAL_REPRESENTATION('',(#3146),#3150);
#3146 = LINE('',#3147,#3148);
#3147 = CARTESIAN_POINT('',(2.65,2.150000000001));
#3148 = VECTOR('',#3149,1.);
#3149 = DIRECTION('',(0.,-1.));
#3150 = ( GEOMETRIC_REPRESENTATION_CONTEXT(2) 
PARAMETRIC_REPRESENTATION_CONTEXT() REPRESENTATION_CONTEXT('2D SPACE',''
  ) );
#3151 = ADVANCED_FACE('',(#3152),#711,.F.);
#3152 = FACE_BOUND('',#3153,.F.);
#3153 = EDGE_LOOP('',(#3154,#3155,#3156,#3178,#3207));
#3154 = ORIENTED_EDGE('',*,*,#2438,.F.);
#3155 = ORIENTED_EDGE('',*,*,#687,.F.);
#3156 = ORIENTED_EDGE('',*,*,#3157,.F.);
#3157 = EDGE_CURVE('',#3158,#688,#3160,.T.);
#3158 = VERTEX_POINT('',#3159);
#3159 = CARTESIAN_POINT('',(-0.868468098114,-12.41967242573,15.));
#3160 = SURFACE_CURVE('',#3161,(#3165,#3171),.PCURVE_S1.);
#3161 = LINE('',#3162,#3163);
#3162 = CARTESIAN_POINT('',(-0.868468098114,-12.41967242573,15.));
#3163 = VECTOR('',#3164,1.);
#3164 = DIRECTION('',(0.,0.,1.));
#3165 = PCURVE('',#711,#3166);
#3166 = DEFINITIONAL_REPRESENTATION('',(#3167),#3170);
#3167 = B_SPLINE_CURVE_WITH_KNOTS('',1,(#3168,#3169),.UNSPECIFIED.,.F.,
  .F.,(2,2),(-5.999999999062E-07,5.9000006),.PIECEWISE_BEZIER_KNOTS.);
#3168 = CARTESIAN_POINT('',(4.642575810305,-5.999999999062E-07));
#3169 = CARTESIAN_POINT('',(4.642575810305,5.9000006));
#3170 = ( GEOMETRIC_REPRESENTATION_CONTEXT(2) 
PARAMETRIC_REPRESENTATION_CONTEXT() REPRESENTATION_CONTEXT('2D SPACE',''
  ) );
#3171 = PCURVE('',#748,#3172);
#3172 = DEFINITIONAL_REPRESENTATION('',(#3173),#3177);
#3173 = LINE('',#3174,#3175);
#3174 = CARTESIAN_POINT('',(12.449999999995,-1.));
#3175 = VECTOR('',#3176,1.);
#3176 = DIRECTION('',(0.,-1.));
#3177 = ( GEOMETRIC_REPRESENTATION_CONTEXT(2) 
PARAMETRIC_REPRESENTATION_CONTEXT() REPRESENTATION_CONTEXT('2D SPACE',''
  ) );
#3178 = ORIENTED_EDGE('',*,*,#3179,.T.);
#3179 = EDGE_CURVE('',#3158,#3180,#3182,.T.);
#3180 = VERTEX_POINT('',#3181);
#3181 = CARTESIAN_POINT('',(6.634309637081,-10.53510491828,15.));
#3182 = SURFACE_CURVE('',#3183,(#3188,#3195),.PCURVE_S1.);
#3183 = CIRCLE('',#3184,12.45);
#3184 = AXIS2_PLACEMENT_3D('',#3185,#3186,#3187);
#3185 = CARTESIAN_POINT('',(0.,0.,15.));
#3186 = DIRECTION('',(0.,0.,1.));
#3187 = DIRECTION('',(1.,0.,-0.));
#3188 = PCURVE('',#711,#3189);
#3189 = DEFINITIONAL_REPRESENTATION('',(#3190),#3194);
#3190 = LINE('',#3191,#3192);
#3191 = CARTESIAN_POINT('',(0.,0.));
#3192 = VECTOR('',#3193,1.);
#3193 = DIRECTION('',(1.,0.));
#3194 = ( GEOMETRIC_REPRESENTATION_CONTEXT(2) 
PARAMETRIC_REPRESENTATION_CONTEXT() REPRESENTATION_CONTEXT('2D SPACE',''
  ) );
#3195 = PCURVE('',#3196,#3201);
#3196 = PLANE('',#3197);
#3197 = AXIS2_PLACEMENT_3D('',#3198,#3199,#3200);
#3198 = CARTESIAN_POINT('',(0.,0.,15.));
#3199 = DIRECTION('',(0.,0.,1.));
#3200 = DIRECTION('',(1.,0.,-0.));
#3201 = DEFINITIONAL_REPRESENTATION('',(#3202),#3206);
#3202 = CIRCLE('',#3203,12.45);
#3203 = AXIS2_PLACEMENT_2D('',#3204,#3205);
#3204 = CARTESIAN_POINT('',(0.,0.));
#3205 = DIRECTION('',(1.,0.));
#3206 = ( GEOMETRIC_REPRESENTATION_CONTEXT(2) 
PARAMETRIC_REPRESENTATION_CONTEXT() REPRESENTATION_CONTEXT('2D SPACE',''
  ) );
#3207 = ORIENTED_EDGE('',*,*,#3208,.T.);
#3208 = EDGE_CURVE('',#3180,#2411,#3209,.T.);
#3209 = SURFACE_CURVE('',#3210,(#3214,#3220),.PCURVE_S1.);
#3210 = LINE('',#3211,#3212);
#3211 = CARTESIAN_POINT('',(6.634309637081,-10.53510491828,15.));
#3212 = VECTOR('',#3213,1.);
#3213 = DIRECTION('',(0.,0.,1.));
#3214 = PCURVE('',#711,#3215);
#3215 = DEFINITIONAL_REPRESENTATION('',(#3216),#3219);
#3216 = B_SPLINE_CURVE_WITH_KNOTS('',1,(#3217,#3218),.UNSPECIFIED.,.F.,
  .F.,(2,2),(-5.999999999062E-07,5.9000006),.PIECEWISE_BEZIER_KNOTS.);
#3217 = CARTESIAN_POINT('',(5.274384999527,-5.999999999062E-07));
#3218 = CARTESIAN_POINT('',(5.274384999527,5.9000006));
#3219 = ( GEOMETRIC_REPRESENTATION_CONTEXT(2) 
PARAMETRIC_REPRESENTATION_CONTEXT() REPRESENTATION_CONTEXT('2D SPACE',''
  ) );
#3220 = PCURVE('',#2426,#3221);
#3221 = DEFINITIONAL_REPRESENTATION('',(#3222),#3226);
#3222 = LINE('',#3223,#3224);
#3223 = CARTESIAN_POINT('',(18.675000000006,-1.));
#3224 = VECTOR('',#3225,1.);
#3225 = DIRECTION('',(0.,-1.));
#3226 = ( GEOMETRIC_REPRESENTATION_CONTEXT(2) 
PARAMETRIC_REPRESENTATION_CONTEXT() REPRESENTATION_CONTEXT('2D SPACE',''
  ) );
#3227 = ADVANCED_FACE('',(#3228),#748,.T.);
#3228 = FACE_BOUND('',#3229,.T.);
#3229 = EDGE_LOOP('',(#3230,#3231,#3254,#3276,#3297));
#3230 = ORIENTED_EDGE('',*,*,#3157,.F.);
#3231 = ORIENTED_EDGE('',*,*,#3232,.T.);
#3232 = EDGE_CURVE('',#3158,#3233,#3235,.T.);
#3233 = VERTEX_POINT('',#3234);
#3234 = CARTESIAN_POINT('',(-0.554563966266,-7.930634199566,15.));
#3235 = SURFACE_CURVE('',#3236,(#3240,#3247),.PCURVE_S1.);
#3236 = LINE('',#3237,#3238);
#3237 = CARTESIAN_POINT('',(0.,0.,15.));
#3238 = VECTOR('',#3239,1.);
#3239 = DIRECTION('',(6.975647374412E-02,0.99756405026,-0.));
#3240 = PCURVE('',#748,#3241);
#3241 = DEFINITIONAL_REPRESENTATION('',(#3242),#3246);
#3242 = LINE('',#3243,#3244);
#3243 = CARTESIAN_POINT('',(0.,-1.));
#3244 = VECTOR('',#3245,1.);
#3245 = DIRECTION('',(-1.,0.));
#3246 = ( GEOMETRIC_REPRESENTATION_CONTEXT(2) 
PARAMETRIC_REPRESENTATION_CONTEXT() REPRESENTATION_CONTEXT('2D SPACE',''
  ) );
#3247 = PCURVE('',#3196,#3248);
#3248 = DEFINITIONAL_REPRESENTATION('',(#3249),#3253);
#3249 = LINE('',#3250,#3251);
#3250 = CARTESIAN_POINT('',(0.,0.));
#3251 = VECTOR('',#3252,1.);
#3252 = DIRECTION('',(6.975647374412E-02,0.99756405026));
#3253 = ( GEOMETRIC_REPRESENTATION_CONTEXT(2) 
PARAMETRIC_REPRESENTATION_CONTEXT() REPRESENTATION_CONTEXT('2D SPACE',''
  ) );
#3254 = ORIENTED_EDGE('',*,*,#3255,.T.);
#3255 = EDGE_CURVE('',#3233,#3256,#3258,.T.);
#3256 = VERTEX_POINT('',#3257);
#3257 = CARTESIAN_POINT('',(-0.554563966266,-7.930634199566,19.9));
#3258 = SURFACE_CURVE('',#3259,(#3263,#3270),.PCURVE_S1.);
#3259 = LINE('',#3260,#3261);
#3260 = CARTESIAN_POINT('',(-0.554563966266,-7.930634199566,14.));
#3261 = VECTOR('',#3262,1.);
#3262 = DIRECTION('',(0.,0.,1.));
#3263 = PCURVE('',#748,#3264);
#3264 = DEFINITIONAL_REPRESENTATION('',(#3265),#3269);
#3265 = LINE('',#3266,#3267);
#3266 = CARTESIAN_POINT('',(7.95,0.));
#3267 = VECTOR('',#3268,1.);
#3268 = DIRECTION('',(0.,-1.));
#3269 = ( GEOMETRIC_REPRESENTATION_CONTEXT(2) 
PARAMETRIC_REPRESENTATION_CONTEXT() REPRESENTATION_CONTEXT('2D SPACE',''
  ) );
#3270 = PCURVE('',#932,#3271);
#3271 = DEFINITIONAL_REPRESENTATION('',(#3272),#3275);
#3272 = B_SPLINE_CURVE_WITH_KNOTS('',1,(#3273,#3274),.UNSPECIFIED.,.F.,
  .F.,(2,2),(0.9999994,6.9000006),.PIECEWISE_BEZIER_KNOTS.);
#3273 = CARTESIAN_POINT('',(4.642575810305,-4.9000006));
#3274 = CARTESIAN_POINT('',(4.642575810305,1.0000006));
#3275 = ( GEOMETRIC_REPRESENTATION_CONTEXT(2) 
PARAMETRIC_REPRESENTATION_CONTEXT() REPRESENTATION_CONTEXT('2D SPACE',''
  ) );
#3276 = ORIENTED_EDGE('',*,*,#3277,.F.);
#3277 = EDGE_CURVE('',#728,#3256,#3278,.T.);
#3278 = SURFACE_CURVE('',#3279,(#3283,#3290),.PCURVE_S1.);
#3279 = LINE('',#3280,#3281);
#3280 = CARTESIAN_POINT('',(0.,0.,19.9));
#3281 = VECTOR('',#3282,1.);
#3282 = DIRECTION('',(6.975647374412E-02,0.99756405026,-0.));
#3283 = PCURVE('',#748,#3284);
#3284 = DEFINITIONAL_REPRESENTATION('',(#3285),#3289);
#3285 = LINE('',#3286,#3287);
#3286 = CARTESIAN_POINT('',(0.,-5.9));
#3287 = VECTOR('',#3288,1.);
#3288 = DIRECTION('',(-1.,0.));
#3289 = ( GEOMETRIC_REPRESENTATION_CONTEXT(2) 
PARAMETRIC_REPRESENTATION_CONTEXT() REPRESENTATION_CONTEXT('2D SPACE',''
  ) );
#3290 = PCURVE('',#780,#3291);
#3291 = DEFINITIONAL_REPRESENTATION('',(#3292),#3296);
#3292 = LINE('',#3293,#3294);
#3293 = CARTESIAN_POINT('',(0.,0.));
#3294 = VECTOR('',#3295,1.);
#3295 = DIRECTION('',(6.975647374412E-02,0.99756405026));
#3296 = ( GEOMETRIC_REPRESENTATION_CONTEXT(2) 
PARAMETRIC_REPRESENTATION_CONTEXT() REPRESENTATION_CONTEXT('2D SPACE',''
  ) );
#3297 = ORIENTED_EDGE('',*,*,#727,.F.);
#3298 = ADVANCED_FACE('',(#3299),#780,.T.);
#3299 = FACE_BOUND('',#3300,.T.);
#3300 = EDGE_LOOP('',(#3301,#3323,#3324));
#3301 = ORIENTED_EDGE('',*,*,#3302,.F.);
#3302 = EDGE_CURVE('',#761,#3256,#3303,.T.);
#3303 = SURFACE_CURVE('',#3304,(#3309,#3316),.PCURVE_S1.);
#3304 = CIRCLE('',#3305,7.95);
#3305 = AXIS2_PLACEMENT_3D('',#3306,#3307,#3308);
#3306 = CARTESIAN_POINT('',(0.,0.,19.9));
#3307 = DIRECTION('',(0.,0.,1.));
#3308 = DIRECTION('',(1.,0.,-0.));
#3309 = PCURVE('',#780,#3310);
#3310 = DEFINITIONAL_REPRESENTATION('',(#3311),#3315);
#3311 = CIRCLE('',#3312,7.95);
#3312 = AXIS2_PLACEMENT_2D('',#3313,#3314);
#3313 = CARTESIAN_POINT('',(0.,0.));
#3314 = DIRECTION('',(1.,0.));
#3315 = ( GEOMETRIC_REPRESENTATION_CONTEXT(2) 
PARAMETRIC_REPRESENTATION_CONTEXT() REPRESENTATION_CONTEXT('2D SPACE',''
  ) );
#3316 = PCURVE('',#932,#3317);
#3317 = DEFINITIONAL_REPRESENTATION('',(#3318),#3322);
#3318 = LINE('',#3319,#3320);
#3319 = CARTESIAN_POINT('',(0.,0.));
#3320 = VECTOR('',#3321,1.);
#3321 = DIRECTION('',(1.,0.));
#3322 = ( GEOMETRIC_REPRESENTATION_CONTEXT(2) 
PARAMETRIC_REPRESENTATION_CONTEXT() REPRESENTATION_CONTEXT('2D SPACE',''
  ) );
#3323 = ORIENTED_EDGE('',*,*,#760,.F.);
#3324 = ORIENTED_EDGE('',*,*,#3277,.T.);
#3325 = ADVANCED_FACE('',(#3326),#932,.T.);
#3326 = FACE_BOUND('',#3327,.T.);
#3327 = EDGE_LOOP('',(#3328,#3352,#3353,#3354,#3355,#3379,#3399,#3400));
#3328 = ORIENTED_EDGE('',*,*,#3329,.F.);
#3329 = EDGE_CURVE('',#793,#3330,#3332,.T.);
#3330 = VERTEX_POINT('',#3331);
#3331 = CARTESIAN_POINT('',(5.324395884157,-5.903669068366,21.87));
#3332 = SURFACE_CURVE('',#3333,(#3338,#3345),.PCURVE_S1.);
#3333 = CIRCLE('',#3334,7.95);
#3334 = AXIS2_PLACEMENT_3D('',#3335,#3336,#3337);
#3335 = CARTESIAN_POINT('',(0.,0.,21.87));
#3336 = DIRECTION('',(0.,0.,1.));
#3337 = DIRECTION('',(1.,0.,-0.));
#3338 = PCURVE('',#932,#3339);
#3339 = DEFINITIONAL_REPRESENTATION('',(#3340),#3344);
#3340 = LINE('',#3341,#3342);
#3341 = CARTESIAN_POINT('',(0.,1.97));
#3342 = VECTOR('',#3343,1.);
#3343 = DIRECTION('',(1.,0.));
#3344 = ( GEOMETRIC_REPRESENTATION_CONTEXT(2) 
PARAMETRIC_REPRESENTATION_CONTEXT() REPRESENTATION_CONTEXT('2D SPACE',''
  ) );
#3345 = PCURVE('',#1068,#3346);
#3346 = DEFINITIONAL_REPRESENTATION('',(#3347),#3351);
#3347 = CIRCLE('',#3348,7.95);
#3348 = AXIS2_PLACEMENT_2D('',#3349,#3350);
#3349 = CARTESIAN_POINT('',(0.,0.));
#3350 = DIRECTION('',(1.,0.));
#3351 = ( GEOMETRIC_REPRESENTATION_CONTEXT(2) 
PARAMETRIC_REPRESENTATION_CONTEXT() REPRESENTATION_CONTEXT('2D SPACE',''
  ) );
#3352 = ORIENTED_EDGE('',*,*,#792,.F.);
#3353 = ORIENTED_EDGE('',*,*,#3302,.T.);
#3354 = ORIENTED_EDGE('',*,*,#3255,.F.);
#3355 = ORIENTED_EDGE('',*,*,#3356,.T.);
#3356 = EDGE_CURVE('',#3233,#3357,#3359,.T.);
#3357 = VERTEX_POINT('',#3358);
#3358 = CARTESIAN_POINT('',(4.236366394762,-6.727235670714,15.));
#3359 = SURFACE_CURVE('',#3360,(#3365,#3372),.PCURVE_S1.);
#3360 = CIRCLE('',#3361,7.95);
#3361 = AXIS2_PLACEMENT_3D('',#3362,#3363,#3364);
#3362 = CARTESIAN_POINT('',(0.,0.,15.));
#3363 = DIRECTION('',(0.,0.,1.));
#3364 = DIRECTION('',(1.,0.,-0.));
#3365 = PCURVE('',#932,#3366);
#3366 = DEFINITIONAL_REPRESENTATION('',(#3367),#3371);
#3367 = LINE('',#3368,#3369);
#3368 = CARTESIAN_POINT('',(0.,-4.9));
#3369 = VECTOR('',#3370,1.);
#3370 = DIRECTION('',(1.,0.));
#3371 = ( GEOMETRIC_REPRESENTATION_CONTEXT(2) 
PARAMETRIC_REPRESENTATION_CONTEXT() REPRESENTATION_CONTEXT('2D SPACE',''
  ) );
#3372 = PCURVE('',#3196,#3373);
#3373 = DEFINITIONAL_REPRESENTATION('',(#3374),#3378);
#3374 = CIRCLE('',#3375,7.95);
#3375 = AXIS2_PLACEMENT_2D('',#3376,#3377);
#3376 = CARTESIAN_POINT('',(0.,0.));
#3377 = DIRECTION('',(1.,0.));
#3378 = ( GEOMETRIC_REPRESENTATION_CONTEXT(2) 
PARAMETRIC_REPRESENTATION_CONTEXT() REPRESENTATION_CONTEXT('2D SPACE',''
  ) );
#3379 = ORIENTED_EDGE('',*,*,#3380,.T.);
#3380 = EDGE_CURVE('',#3357,#2387,#3381,.T.);
#3381 = SURFACE_CURVE('',#3382,(#3386,#3392),.PCURVE_S1.);
#3382 = LINE('',#3383,#3384);
#3383 = CARTESIAN_POINT('',(4.236366394762,-6.727235670714,14.));
#3384 = VECTOR('',#3385,1.);
#3385 = DIRECTION('',(0.,0.,1.));
#3386 = PCURVE('',#932,#3387);
#3387 = DEFINITIONAL_REPRESENTATION('',(#3388),#3391);
#3388 = B_SPLINE_CURVE_WITH_KNOTS('',1,(#3389,#3390),.UNSPECIFIED.,.F.,
  .F.,(2,2),(0.9999994,6.9000006),.PIECEWISE_BEZIER_KNOTS.);
#3389 = CARTESIAN_POINT('',(5.274384999527,-4.9000006));
#3390 = CARTESIAN_POINT('',(5.274384999527,1.0000006));
#3391 = ( GEOMETRIC_REPRESENTATION_CONTEXT(2) 
PARAMETRIC_REPRESENTATION_CONTEXT() REPRESENTATION_CONTEXT('2D SPACE',''
  ) );
#3392 = PCURVE('',#2426,#3393);
#3393 = DEFINITIONAL_REPRESENTATION('',(#3394),#3398);
#3394 = LINE('',#3395,#3396);
#3395 = CARTESIAN_POINT('',(23.175,0.));
#3396 = VECTOR('',#3397,1.);
#3397 = DIRECTION('',(0.,-1.));
#3398 = ( GEOMETRIC_REPRESENTATION_CONTEXT(2) 
PARAMETRIC_REPRESENTATION_CONTEXT() REPRESENTATION_CONTEXT('2D SPACE',''
  ) );
#3399 = ORIENTED_EDGE('',*,*,#2386,.T.);
#3400 = ORIENTED_EDGE('',*,*,#3401,.T.);
#3401 = EDGE_CURVE('',#2363,#3330,#3402,.T.);
#3402 = SURFACE_CURVE('',#3403,(#3407,#3413),.PCURVE_S1.);
#3403 = LINE('',#3404,#3405);
#3404 = CARTESIAN_POINT('',(5.324395884157,-5.903669068366,19.9));
#3405 = VECTOR('',#3406,1.);
#3406 = DIRECTION('',(0.,0.,1.));
#3407 = PCURVE('',#932,#3408);
#3408 = DEFINITIONAL_REPRESENTATION('',(#3409),#3412);
#3409 = B_SPLINE_CURVE_WITH_KNOTS('',1,(#3410,#3411),.UNSPECIFIED.,.F.,
  .F.,(2,2),(-5.999999999062E-07,1.9700006),.PIECEWISE_BEZIER_KNOTS.);
#3410 = CARTESIAN_POINT('',(5.446241302368,-5.999999999062E-07));
#3411 = CARTESIAN_POINT('',(5.446241302368,1.9700006));
#3412 = ( GEOMETRIC_REPRESENTATION_CONTEXT(2) 
PARAMETRIC_REPRESENTATION_CONTEXT() REPRESENTATION_CONTEXT('2D SPACE',''
  ) );
#3413 = PCURVE('',#2014,#3414);
#3414 = DEFINITIONAL_REPRESENTATION('',(#3415),#3418);
#3415 = B_SPLINE_CURVE_WITH_KNOTS('',1,(#3416,#3417),.UNSPECIFIED.,.F.,
  .F.,(2,2),(-5.999999999062E-07,1.9700006),.PIECEWISE_BEZIER_KNOTS.);
#3416 = CARTESIAN_POINT('',(4.596669510239,9.999400000002E-03));
#3417 = CARTESIAN_POINT('',(4.596669510239,1.9800006));
#3418 = ( GEOMETRIC_REPRESENTATION_CONTEXT(2) 
PARAMETRIC_REPRESENTATION_CONTEXT() REPRESENTATION_CONTEXT('2D SPACE',''
  ) );
#3419 = ADVANCED_FACE('',(#3420),#1068,.T.);
#3420 = FACE_BOUND('',#3421,.T.);
#3421 = EDGE_LOOP('',(#3422,#3446,#3468,#3469,#3490,#3491));
#3422 = ORIENTED_EDGE('',*,*,#3423,.F.);
#3423 = EDGE_CURVE('',#3424,#3330,#3426,.T.);
#3424 = VERTEX_POINT('',#3425);
#3425 = CARTESIAN_POINT('',(4.171198596909,6.767835862751,21.87));
#3426 = SURFACE_CURVE('',#3427,(#3432,#3439),.PCURVE_S1.);
#3427 = CIRCLE('',#3428,6.5);
#3428 = AXIS2_PLACEMENT_3D('',#3429,#3430,#3431);
#3429 = CARTESIAN_POINT('',(6.074894831557,0.552858739206,21.87));
#3430 = DIRECTION('',(0.,0.,1.));
#3431 = DIRECTION('',(1.,0.,-0.));
#3432 = PCURVE('',#1068,#3433);
#3433 = DEFINITIONAL_REPRESENTATION('',(#3434),#3438);
#3434 = CIRCLE('',#3435,6.5);
#3435 = AXIS2_PLACEMENT_2D('',#3436,#3437);
#3436 = CARTESIAN_POINT('',(6.074894831557,0.552858739206));
#3437 = DIRECTION('',(1.,0.));
#3438 = ( GEOMETRIC_REPRESENTATION_CONTEXT(2) 
PARAMETRIC_REPRESENTATION_CONTEXT() REPRESENTATION_CONTEXT('2D SPACE',''
  ) );
#3439 = PCURVE('',#2014,#3440);
#3440 = DEFINITIONAL_REPRESENTATION('',(#3441),#3445);
#3441 = LINE('',#3442,#3443);
#3442 = CARTESIAN_POINT('',(0.,1.98));
#3443 = VECTOR('',#3444,1.);
#3444 = DIRECTION('',(1.,0.));
#3445 = ( GEOMETRIC_REPRESENTATION_CONTEXT(2) 
PARAMETRIC_REPRESENTATION_CONTEXT() REPRESENTATION_CONTEXT('2D SPACE',''
  ) );
#3446 = ORIENTED_EDGE('',*,*,#3447,.T.);
#3447 = EDGE_CURVE('',#3424,#1110,#3448,.T.);
#3448 = SURFACE_CURVE('',#3449,(#3454,#3461),.PCURVE_S1.);
#3449 = CIRCLE('',#3450,7.95);
#3450 = AXIS2_PLACEMENT_3D('',#3451,#3452,#3453);
#3451 = CARTESIAN_POINT('',(0.,0.,21.87));
#3452 = DIRECTION('',(0.,0.,1.));
#3453 = DIRECTION('',(1.,0.,-0.));
#3454 = PCURVE('',#1068,#3455);
#3455 = DEFINITIONAL_REPRESENTATION('',(#3456),#3460);
#3456 = CIRCLE('',#3457,7.95);
#3457 = AXIS2_PLACEMENT_2D('',#3458,#3459);
#3458 = CARTESIAN_POINT('',(0.,0.));
#3459 = DIRECTION('',(1.,0.));
#3460 = ( GEOMETRIC_REPRESENTATION_CONTEXT(2) 
PARAMETRIC_REPRESENTATION_CONTEXT() REPRESENTATION_CONTEXT('2D SPACE',''
  ) );
#3461 = PCURVE('',#1297,#3462);
#3462 = DEFINITIONAL_REPRESENTATION('',(#3463),#3467);
#3463 = LINE('',#3464,#3465);
#3464 = CARTESIAN_POINT('',(0.,1.97));
#3465 = VECTOR('',#3466,1.);
#3466 = DIRECTION('',(1.,0.));
#3467 = ( GEOMETRIC_REPRESENTATION_CONTEXT(2) 
PARAMETRIC_REPRESENTATION_CONTEXT() REPRESENTATION_CONTEXT('2D SPACE',''
  ) );
#3468 = ORIENTED_EDGE('',*,*,#1109,.F.);
#3469 = ORIENTED_EDGE('',*,*,#3470,.F.);
#3470 = EDGE_CURVE('',#1049,#1081,#3471,.T.);
#3471 = SURFACE_CURVE('',#3472,(#3476,#3483),.PCURVE_S1.);
#3472 = LINE('',#3473,#3474);
#3473 = CARTESIAN_POINT('',(-2.211989849258,-0.251159103459,21.87));
#3474 = VECTOR('',#3475,1.);
#3475 = DIRECTION('',(-0.995055987252,-9.931556893579E-02,0.));
#3476 = PCURVE('',#1068,#3477);
#3477 = DEFINITIONAL_REPRESENTATION('',(#3478),#3482);
#3478 = LINE('',#3479,#3480);
#3479 = CARTESIAN_POINT('',(-2.211989849258,-0.251159103459));
#3480 = VECTOR('',#3481,1.);
#3481 = DIRECTION('',(-0.995055987252,-9.931556893579E-02));
#3482 = ( GEOMETRIC_REPRESENTATION_CONTEXT(2) 
PARAMETRIC_REPRESENTATION_CONTEXT() REPRESENTATION_CONTEXT('2D SPACE',''
  ) );
#3483 = PCURVE('',#1097,#3484);
#3484 = DEFINITIONAL_REPRESENTATION('',(#3485),#3489);
#3485 = LINE('',#3486,#3487);
#3486 = CARTESIAN_POINT('',(1.616285643832,-2.225997752499));
#3487 = VECTOR('',#3488,1.);
#3488 = DIRECTION('',(1.032015444309E-15,1.));
#3489 = ( GEOMETRIC_REPRESENTATION_CONTEXT(2) 
PARAMETRIC_REPRESENTATION_CONTEXT() REPRESENTATION_CONTEXT('2D SPACE',''
  ) );
#3490 = ORIENTED_EDGE('',*,*,#1048,.F.);
#3491 = ORIENTED_EDGE('',*,*,#3329,.T.);
#3492 = ADVANCED_FACE('',(#3493),#1097,.F.);
#3493 = FACE_BOUND('',#3494,.T.);
#3494 = EDGE_LOOP('',(#3495,#3496));
#3495 = ORIENTED_EDGE('',*,*,#3470,.T.);
#3496 = ORIENTED_EDGE('',*,*,#1080,.F.);
#3497 = ADVANCED_FACE('',(#3498),#1297,.T.);
#3498 = FACE_BOUND('',#3499,.T.);
#3499 = EDGE_LOOP('',(#3500,#3519,#3520,#3542,#3571,#3591,#3592,#3614,
    #3643,#3663,#3664,#3686,#3715,#3735,#3736));
#3500 = ORIENTED_EDGE('',*,*,#3501,.F.);
#3501 = EDGE_CURVE('',#1974,#3424,#3502,.T.);
#3502 = SURFACE_CURVE('',#3503,(#3507,#3513),.PCURVE_S1.);
#3503 = LINE('',#3504,#3505);
#3504 = CARTESIAN_POINT('',(4.171198596909,6.767835862751,19.9));
#3505 = VECTOR('',#3506,1.);
#3506 = DIRECTION('',(0.,0.,1.));
#3507 = PCURVE('',#1297,#3508);
#3508 = DEFINITIONAL_REPRESENTATION('',(#3509),#3512);
#3509 = B_SPLINE_CURVE_WITH_KNOTS('',1,(#3510,#3511),.UNSPECIFIED.,.F.,
  .F.,(2,2),(-5.999999999062E-07,1.9700006),.PIECEWISE_BEZIER_KNOTS.);
#3510 = CARTESIAN_POINT('',(1.018458247019,-5.999999999062E-07));
#3511 = CARTESIAN_POINT('',(1.018458247019,1.9700006));
#3512 = ( GEOMETRIC_REPRESENTATION_CONTEXT(2) 
PARAMETRIC_REPRESENTATION_CONTEXT() REPRESENTATION_CONTEXT('2D SPACE',''
  ) );
#3513 = PCURVE('',#2014,#3514);
#3514 = DEFINITIONAL_REPRESENTATION('',(#3515),#3518);
#3515 = B_SPLINE_CURVE_WITH_KNOTS('',1,(#3516,#3517),.UNSPECIFIED.,.F.,
  .F.,(2,2),(-5.999999999062E-07,1.9700006),.PIECEWISE_BEZIER_KNOTS.);
#3516 = CARTESIAN_POINT('',(1.868030039148,9.999400000002E-03));
#3517 = CARTESIAN_POINT('',(1.868030039148,1.9800006));
#3518 = ( GEOMETRIC_REPRESENTATION_CONTEXT(2) 
PARAMETRIC_REPRESENTATION_CONTEXT() REPRESENTATION_CONTEXT('2D SPACE',''
  ) );
#3519 = ORIENTED_EDGE('',*,*,#1973,.T.);
#3520 = ORIENTED_EDGE('',*,*,#3521,.F.);
#3521 = EDGE_CURVE('',#3522,#1946,#3524,.T.);
#3522 = VERTEX_POINT('',#3523);
#3523 = CARTESIAN_POINT('',(2.797141104817,7.441673309125,15.));
#3524 = SURFACE_CURVE('',#3525,(#3529,#3535),.PCURVE_S1.);
#3525 = LINE('',#3526,#3527);
#3526 = CARTESIAN_POINT('',(2.797141104817,7.441673309125,14.));
#3527 = VECTOR('',#3528,1.);
#3528 = DIRECTION('',(0.,0.,1.));
#3529 = PCURVE('',#1297,#3530);
#3530 = DEFINITIONAL_REPRESENTATION('',(#3531),#3534);
#3531 = B_SPLINE_CURVE_WITH_KNOTS('',1,(#3532,#3533),.UNSPECIFIED.,.F.,
  .F.,(2,2),(0.9999994,6.9000006),.PIECEWISE_BEZIER_KNOTS.);
#3532 = CARTESIAN_POINT('',(1.211258500884,-4.9000006));
#3533 = CARTESIAN_POINT('',(1.211258500884,1.0000006));
#3534 = ( GEOMETRIC_REPRESENTATION_CONTEXT(2) 
PARAMETRIC_REPRESENTATION_CONTEXT() REPRESENTATION_CONTEXT('2D SPACE',''
  ) );
#3535 = PCURVE('',#1961,#3536);
#3536 = DEFINITIONAL_REPRESENTATION('',(#3537),#3541);
#3537 = LINE('',#3538,#3539);
#3538 = CARTESIAN_POINT('',(7.95,0.));
#3539 = VECTOR('',#3540,1.);
#3540 = DIRECTION('',(0.,-1.));
#3541 = ( GEOMETRIC_REPRESENTATION_CONTEXT(2) 
PARAMETRIC_REPRESENTATION_CONTEXT() REPRESENTATION_CONTEXT('2D SPACE',''
  ) );
#3542 = ORIENTED_EDGE('',*,*,#3543,.T.);
#3543 = EDGE_CURVE('',#3522,#3544,#3546,.T.);
#3544 = VERTEX_POINT('',#3545);
#3545 = CARTESIAN_POINT('',(-4.165687952462,6.771229126437,15.));
#3546 = SURFACE_CURVE('',#3547,(#3552,#3559),.PCURVE_S1.);
#3547 = CIRCLE('',#3548,7.95);
#3548 = AXIS2_PLACEMENT_3D('',#3549,#3550,#3551);
#3549 = CARTESIAN_POINT('',(0.,0.,15.));
#3550 = DIRECTION('',(0.,0.,1.));
#3551 = DIRECTION('',(1.,0.,-0.));
#3552 = PCURVE('',#1297,#3553);
#3553 = DEFINITIONAL_REPRESENTATION('',(#3554),#3558);
#3554 = LINE('',#3555,#3556);
#3555 = CARTESIAN_POINT('',(0.,-4.9));
#3556 = VECTOR('',#3557,1.);
#3557 = DIRECTION('',(1.,0.));
#3558 = ( GEOMETRIC_REPRESENTATION_CONTEXT(2) 
PARAMETRIC_REPRESENTATION_CONTEXT() REPRESENTATION_CONTEXT('2D SPACE',''
  ) );
#3559 = PCURVE('',#3560,#3565);
#3560 = PLANE('',#3561);
#3561 = AXIS2_PLACEMENT_3D('',#3562,#3563,#3564);
#3562 = CARTESIAN_POINT('',(0.,0.,15.));
#3563 = DIRECTION('',(0.,0.,1.));
#3564 = DIRECTION('',(1.,0.,-0.));
#3565 = DEFINITIONAL_REPRESENTATION('',(#3566),#3570);
#3566 = CIRCLE('',#3567,7.95);
#3567 = AXIS2_PLACEMENT_2D('',#3568,#3569);
#3568 = CARTESIAN_POINT('',(0.,0.));
#3569 = DIRECTION('',(1.,0.));
#3570 = ( GEOMETRIC_REPRESENTATION_CONTEXT(2) 
PARAMETRIC_REPRESENTATION_CONTEXT() REPRESENTATION_CONTEXT('2D SPACE',''
  ) );
#3571 = ORIENTED_EDGE('',*,*,#3572,.T.);
#3572 = EDGE_CURVE('',#3544,#1865,#3573,.T.);
#3573 = SURFACE_CURVE('',#3574,(#3578,#3584),.PCURVE_S1.);
#3574 = LINE('',#3575,#3576);
#3575 = CARTESIAN_POINT('',(-4.165687952462,6.771229126437,14.));
#3576 = VECTOR('',#3577,1.);
#3577 = DIRECTION('',(0.,0.,1.));
#3578 = PCURVE('',#1297,#3579);
#3579 = DEFINITIONAL_REPRESENTATION('',(#3580),#3583);
#3580 = B_SPLINE_CURVE_WITH_KNOTS('',1,(#3581,#3582),.UNSPECIFIED.,.F.,
  .F.,(2,2),(0.9999994,6.9000006),.PIECEWISE_BEZIER_KNOTS.);
#3581 = CARTESIAN_POINT('',(2.122320370425,-4.9000006));
#3582 = CARTESIAN_POINT('',(2.122320370425,1.0000006));
#3583 = ( GEOMETRIC_REPRESENTATION_CONTEXT(2) 
PARAMETRIC_REPRESENTATION_CONTEXT() REPRESENTATION_CONTEXT('2D SPACE',''
  ) );
#3584 = PCURVE('',#1904,#3585);
#3585 = DEFINITIONAL_REPRESENTATION('',(#3586),#3590);
#3586 = LINE('',#3587,#3588);
#3587 = CARTESIAN_POINT('',(23.174999999995,0.));
#3588 = VECTOR('',#3589,1.);
#3589 = DIRECTION('',(0.,-1.));
#3590 = ( GEOMETRIC_REPRESENTATION_CONTEXT(2) 
PARAMETRIC_REPRESENTATION_CONTEXT() REPRESENTATION_CONTEXT('2D SPACE',''
  ) );
#3591 = ORIENTED_EDGE('',*,*,#1864,.T.);
#3592 = ORIENTED_EDGE('',*,*,#3593,.F.);
#3593 = EDGE_CURVE('',#3594,#1837,#3596,.T.);
#3594 = VERTEX_POINT('',#3595);
#3595 = CARTESIAN_POINT('',(-5.035377937389,6.152029667326,15.));
#3596 = SURFACE_CURVE('',#3597,(#3601,#3607),.PCURVE_S1.);
#3597 = LINE('',#3598,#3599);
#3598 = CARTESIAN_POINT('',(-5.035377937389,6.152029667326,14.));
#3599 = VECTOR('',#3600,1.);
#3600 = DIRECTION('',(0.,0.,1.));
#3601 = PCURVE('',#1297,#3602);
#3602 = DEFINITIONAL_REPRESENTATION('',(#3603),#3606);
#3603 = B_SPLINE_CURVE_WITH_KNOTS('',1,(#3604,#3605),.UNSPECIFIED.,.F.,
  .F.,(2,2),(0.9999994,6.9000006),.PIECEWISE_BEZIER_KNOTS.);
#3604 = CARTESIAN_POINT('',(2.256710722829,-4.9000006));
#3605 = CARTESIAN_POINT('',(2.256710722829,1.0000006));
#3606 = ( GEOMETRIC_REPRESENTATION_CONTEXT(2) 
PARAMETRIC_REPRESENTATION_CONTEXT() REPRESENTATION_CONTEXT('2D SPACE',''
  ) );
#3607 = PCURVE('',#1852,#3608);
#3608 = DEFINITIONAL_REPRESENTATION('',(#3609),#3613);
#3609 = LINE('',#3610,#3611);
#3610 = CARTESIAN_POINT('',(7.95,0.));
#3611 = VECTOR('',#3612,1.);
#3612 = DIRECTION('',(0.,-1.));
#3613 = ( GEOMETRIC_REPRESENTATION_CONTEXT(2) 
PARAMETRIC_REPRESENTATION_CONTEXT() REPRESENTATION_CONTEXT('2D SPACE',''
  ) );
#3614 = ORIENTED_EDGE('',*,*,#3615,.T.);
#3615 = EDGE_CURVE('',#3594,#3616,#3618,.T.);
#3616 = VERTEX_POINT('',#3617);
#3617 = CARTESIAN_POINT('',(-7.945157074802,-0.277450998785,15.));
#3618 = SURFACE_CURVE('',#3619,(#3624,#3631),.PCURVE_S1.);
#3619 = CIRCLE('',#3620,7.95);
#3620 = AXIS2_PLACEMENT_3D('',#3621,#3622,#3623);
#3621 = CARTESIAN_POINT('',(0.,0.,15.));
#3622 = DIRECTION('',(0.,0.,1.));
#3623 = DIRECTION('',(1.,0.,-0.));
#3624 = PCURVE('',#1297,#3625);
#3625 = DEFINITIONAL_REPRESENTATION('',(#3626),#3630);
#3626 = LINE('',#3627,#3628);
#3627 = CARTESIAN_POINT('',(0.,-4.9));
#3628 = VECTOR('',#3629,1.);
#3629 = DIRECTION('',(1.,0.));
#3630 = ( GEOMETRIC_REPRESENTATION_CONTEXT(2) 
PARAMETRIC_REPRESENTATION_CONTEXT() REPRESENTATION_CONTEXT('2D SPACE',''
  ) );
#3631 = PCURVE('',#3632,#3637);
#3632 = PLANE('',#3633);
#3633 = AXIS2_PLACEMENT_3D('',#3634,#3635,#3636);
#3634 = CARTESIAN_POINT('',(0.,0.,15.));
#3635 = DIRECTION('',(0.,0.,1.));
#3636 = DIRECTION('',(1.,0.,-0.));
#3637 = DEFINITIONAL_REPRESENTATION('',(#3638),#3642);
#3638 = CIRCLE('',#3639,7.95);
#3639 = AXIS2_PLACEMENT_2D('',#3640,#3641);
#3640 = CARTESIAN_POINT('',(0.,0.));
#3641 = DIRECTION('',(1.,0.));
#3642 = ( GEOMETRIC_REPRESENTATION_CONTEXT(2) 
PARAMETRIC_REPRESENTATION_CONTEXT() REPRESENTATION_CONTEXT('2D SPACE',''
  ) );
#3643 = ORIENTED_EDGE('',*,*,#3644,.T.);
#3644 = EDGE_CURVE('',#3616,#1756,#3645,.T.);
#3645 = SURFACE_CURVE('',#3646,(#3650,#3656),.PCURVE_S1.);
#3646 = LINE('',#3647,#3648);
#3647 = CARTESIAN_POINT('',(-7.945157074802,-0.277450998785,14.));
#3648 = VECTOR('',#3649,1.);
#3649 = DIRECTION('',(0.,0.,1.));
#3650 = PCURVE('',#1297,#3651);
#3651 = DEFINITIONAL_REPRESENTATION('',(#3652),#3655);
#3652 = B_SPLINE_CURVE_WITH_KNOTS('',1,(#3653,#3654),.UNSPECIFIED.,.F.,
  .F.,(2,2),(0.9999994,6.9000006),.PIECEWISE_BEZIER_KNOTS.);
#3653 = CARTESIAN_POINT('',(3.17649923863,-4.9000006));
#3654 = CARTESIAN_POINT('',(3.17649923863,1.0000006));
#3655 = ( GEOMETRIC_REPRESENTATION_CONTEXT(2) 
PARAMETRIC_REPRESENTATION_CONTEXT() REPRESENTATION_CONTEXT('2D SPACE',''
  ) );
#3656 = PCURVE('',#1795,#3657);
#3657 = DEFINITIONAL_REPRESENTATION('',(#3658),#3662);
#3658 = LINE('',#3659,#3660);
#3659 = CARTESIAN_POINT('',(23.17499999999,0.));
#3660 = VECTOR('',#3661,1.);
#3661 = DIRECTION('',(0.,-1.));
#3662 = ( GEOMETRIC_REPRESENTATION_CONTEXT(2) 
PARAMETRIC_REPRESENTATION_CONTEXT() REPRESENTATION_CONTEXT('2D SPACE',''
  ) );
#3663 = ORIENTED_EDGE('',*,*,#1755,.T.);
#3664 = ORIENTED_EDGE('',*,*,#3665,.F.);
#3665 = EDGE_CURVE('',#3666,#1728,#3668,.T.);
#3666 = VERTEX_POINT('',#3667);
#3667 = CARTESIAN_POINT('',(-7.843248684775,-1.298441399821,15.));
#3668 = SURFACE_CURVE('',#3669,(#3673,#3679),.PCURVE_S1.);
#3669 = LINE('',#3670,#3671);
#3670 = CARTESIAN_POINT('',(-7.843248684775,-1.298441399821,14.));
#3671 = VECTOR('',#3672,1.);
#3672 = DIRECTION('',(0.,0.,1.));
#3673 = PCURVE('',#1297,#3674);
#3674 = DEFINITIONAL_REPRESENTATION('',(#3675),#3678);
#3675 = B_SPLINE_CURVE_WITH_KNOTS('',1,(#3676,#3677),.UNSPECIFIED.,.F.,
  .F.,(2,2),(0.9999994,6.9000006),.PIECEWISE_BEZIER_KNOTS.);
#3676 = CARTESIAN_POINT('',(3.305653603277,-4.9000006));
#3677 = CARTESIAN_POINT('',(3.305653603277,1.0000006));
#3678 = ( GEOMETRIC_REPRESENTATION_CONTEXT(2) 
PARAMETRIC_REPRESENTATION_CONTEXT() REPRESENTATION_CONTEXT('2D SPACE',''
  ) );
#3679 = PCURVE('',#1743,#3680);
#3680 = DEFINITIONAL_REPRESENTATION('',(#3681),#3685);
#3681 = LINE('',#3682,#3683);
#3682 = CARTESIAN_POINT('',(7.95,0.));
#3683 = VECTOR('',#3684,1.);
#3684 = DIRECTION('',(0.,-1.));
#3685 = ( GEOMETRIC_REPRESENTATION_CONTEXT(2) 
PARAMETRIC_REPRESENTATION_CONTEXT() REPRESENTATION_CONTEXT('2D SPACE',''
  ) );
#3686 = ORIENTED_EDGE('',*,*,#3687,.T.);
#3687 = EDGE_CURVE('',#3666,#3688,#3690,.T.);
#3688 = VERTEX_POINT('',#3689);
#3689 = CARTESIAN_POINT('',(-4.387899033231,-6.629392285434,15.));
#3690 = SURFACE_CURVE('',#3691,(#3696,#3703),.PCURVE_S1.);
#3691 = CIRCLE('',#3692,7.95);
#3692 = AXIS2_PLACEMENT_3D('',#3693,#3694,#3695);
#3693 = CARTESIAN_POINT('',(0.,0.,15.));
#3694 = DIRECTION('',(0.,0.,1.));
#3695 = DIRECTION('',(1.,0.,-0.));
#3696 = PCURVE('',#1297,#3697);
#3697 = DEFINITIONAL_REPRESENTATION('',(#3698),#3702);
#3698 = LINE('',#3699,#3700);
#3699 = CARTESIAN_POINT('',(0.,-4.9));
#3700 = VECTOR('',#3701,1.);
#3701 = DIRECTION('',(1.,0.));
#3702 = ( GEOMETRIC_REPRESENTATION_CONTEXT(2) 
PARAMETRIC_REPRESENTATION_CONTEXT() REPRESENTATION_CONTEXT('2D SPACE',''
  ) );
#3703 = PCURVE('',#3704,#3709);
#3704 = PLANE('',#3705);
#3705 = AXIS2_PLACEMENT_3D('',#3706,#3707,#3708);
#3706 = CARTESIAN_POINT('',(0.,0.,15.));
#3707 = DIRECTION('',(0.,0.,1.));
#3708 = DIRECTION('',(1.,0.,-0.));
#3709 = DEFINITIONAL_REPRESENTATION('',(#3710),#3714);
#3710 = CIRCLE('',#3711,7.95);
#3711 = AXIS2_PLACEMENT_2D('',#3712,#3713);
#3712 = CARTESIAN_POINT('',(0.,0.));
#3713 = DIRECTION('',(1.,0.));
#3714 = ( GEOMETRIC_REPRESENTATION_CONTEXT(2) 
PARAMETRIC_REPRESENTATION_CONTEXT() REPRESENTATION_CONTEXT('2D SPACE',''
  ) );
#3715 = ORIENTED_EDGE('',*,*,#3716,.T.);
#3716 = EDGE_CURVE('',#3688,#1137,#3717,.T.);
#3717 = SURFACE_CURVE('',#3718,(#3722,#3728),.PCURVE_S1.);
#3718 = LINE('',#3719,#3720);
#3719 = CARTESIAN_POINT('',(-4.387899033231,-6.629392285434,14.));
#3720 = VECTOR('',#3721,1.);
#3721 = DIRECTION('',(0.,0.,1.));
#3722 = PCURVE('',#1297,#3723);
#3723 = DEFINITIONAL_REPRESENTATION('',(#3724),#3727);
#3724 = B_SPLINE_CURVE_WITH_KNOTS('',1,(#3725,#3726),.UNSPECIFIED.,.F.,
  .F.,(2,2),(0.9999994,6.9000006),.PIECEWISE_BEZIER_KNOTS.);
#3725 = CARTESIAN_POINT('',(4.127703680967,-4.9000006));
#3726 = CARTESIAN_POINT('',(4.127703680967,1.0000006));
#3727 = ( GEOMETRIC_REPRESENTATION_CONTEXT(2) 
PARAMETRIC_REPRESENTATION_CONTEXT() REPRESENTATION_CONTEXT('2D SPACE',''
  ) );
#3728 = PCURVE('',#1436,#3729);
#3729 = DEFINITIONAL_REPRESENTATION('',(#3730),#3734);
#3730 = LINE('',#3731,#3732);
#3731 = CARTESIAN_POINT('',(23.174999999995,0.));
#3732 = VECTOR('',#3733,1.);
#3733 = DIRECTION('',(0.,-1.));
#3734 = ( GEOMETRIC_REPRESENTATION_CONTEXT(2) 
PARAMETRIC_REPRESENTATION_CONTEXT() REPRESENTATION_CONTEXT('2D SPACE',''
  ) );
#3735 = ORIENTED_EDGE('',*,*,#1136,.F.);
#3736 = ORIENTED_EDGE('',*,*,#3447,.F.);
#3737 = ADVANCED_FACE('',(#3738),#1436,.T.);
#3738 = FACE_BOUND('',#3739,.T.);
#3739 = EDGE_LOOP('',(#3740,#3741,#3764,#3784,#3785));
#3740 = ORIENTED_EDGE('',*,*,#3716,.F.);
#3741 = ORIENTED_EDGE('',*,*,#3742,.T.);
#3742 = EDGE_CURVE('',#3688,#3743,#3745,.T.);
#3743 = VERTEX_POINT('',#3744);
#3744 = CARTESIAN_POINT('',(-6.871615467135,-10.38187848473,15.));
#3745 = SURFACE_CURVE('',#3746,(#3750,#3757),.PCURVE_S1.);
#3746 = LINE('',#3747,#3748);
#3747 = CARTESIAN_POINT('',(-8.589519333919,-12.97734810592,15.));
#3748 = VECTOR('',#3749,1.);
#3749 = DIRECTION('',(-0.551936985312,-0.833885822067,0.));
#3750 = PCURVE('',#1436,#3751);
#3751 = DEFINITIONAL_REPRESENTATION('',(#3752),#3756);
#3752 = LINE('',#3753,#3754);
#3753 = CARTESIAN_POINT('',(15.562499999995,-1.));
#3754 = VECTOR('',#3755,1.);
#3755 = DIRECTION('',(-1.,-0.));
#3756 = ( GEOMETRIC_REPRESENTATION_CONTEXT(2) 
PARAMETRIC_REPRESENTATION_CONTEXT() REPRESENTATION_CONTEXT('2D SPACE',''
  ) );
#3757 = PCURVE('',#3704,#3758);
#3758 = DEFINITIONAL_REPRESENTATION('',(#3759),#3763);
#3759 = LINE('',#3760,#3761);
#3760 = CARTESIAN_POINT('',(-8.589519333919,-12.97734810592));
#3761 = VECTOR('',#3762,1.);
#3762 = DIRECTION('',(-0.551936985312,-0.833885822067));
#3763 = ( GEOMETRIC_REPRESENTATION_CONTEXT(2) 
PARAMETRIC_REPRESENTATION_CONTEXT() REPRESENTATION_CONTEXT('2D SPACE',''
  ) );
#3764 = ORIENTED_EDGE('',*,*,#3765,.T.);
#3765 = EDGE_CURVE('',#3743,#1676,#3766,.T.);
#3766 = SURFACE_CURVE('',#3767,(#3771,#3778),.PCURVE_S1.);
#3767 = LINE('',#3768,#3769);
#3768 = CARTESIAN_POINT('',(-6.871615467135,-10.38187848473,15.));
#3769 = VECTOR('',#3770,1.);
#3770 = DIRECTION('',(0.,0.,1.));
#3771 = PCURVE('',#1436,#3772);
#3772 = DEFINITIONAL_REPRESENTATION('',(#3773),#3777);
#3773 = LINE('',#3774,#3775);
#3774 = CARTESIAN_POINT('',(18.675,-1.));
#3775 = VECTOR('',#3776,1.);
#3776 = DIRECTION('',(0.,-1.));
#3777 = ( GEOMETRIC_REPRESENTATION_CONTEXT(2) 
PARAMETRIC_REPRESENTATION_CONTEXT() REPRESENTATION_CONTEXT('2D SPACE',''
  ) );
#3778 = PCURVE('',#1715,#3779);
#3779 = DEFINITIONAL_REPRESENTATION('',(#3780),#3783);
#3780 = B_SPLINE_CURVE_WITH_KNOTS('',1,(#3781,#3782),.UNSPECIFIED.,.F.,
  .F.,(2,2),(-5.999999999062E-07,5.9000006),.PIECEWISE_BEZIER_KNOTS.);
#3781 = CARTESIAN_POINT('',(4.127703680967,-5.999999999062E-07));
#3782 = CARTESIAN_POINT('',(4.127703680967,5.9000006));
#3783 = ( GEOMETRIC_REPRESENTATION_CONTEXT(2) 
PARAMETRIC_REPRESENTATION_CONTEXT() REPRESENTATION_CONTEXT('2D SPACE',''
  ) );
#3784 = ORIENTED_EDGE('',*,*,#1675,.F.);
#3785 = ORIENTED_EDGE('',*,*,#1413,.F.);
#3786 = ADVANCED_FACE('',(#3787),#1622,.T.);
#3787 = FACE_BOUND('',#3788,.T.);
#3788 = EDGE_LOOP('',(#3789,#3790,#3813,#3840));
#3789 = ORIENTED_EDGE('',*,*,#1607,.T.);
#3790 = ORIENTED_EDGE('',*,*,#3791,.T.);
#3791 = EDGE_CURVE('',#1555,#3792,#3794,.T.);
#3792 = VERTEX_POINT('',#3793);
#3793 = CARTESIAN_POINT('',(-2.220188116011,-22.5824012425,
    22.726137588895));
#3794 = SEAM_CURVE('',#3795,(#3799,#3806),.PCURVE_S1.);
#3795 = LINE('',#3796,#3797);
#3796 = CARTESIAN_POINT('',(-2.308604112686,-21.69654952958,
    23.252967119448));
#3797 = VECTOR('',#3798,1.);
#3798 = DIRECTION('',(8.54709763237E-02,-0.856345159562,-0.509281533046)
  );
#3799 = PCURVE('',#1622,#3800);
#3800 = DEFINITIONAL_REPRESENTATION('',(#3801),#3805);
#3801 = LINE('',#3802,#3803);
#3802 = CARTESIAN_POINT('',(0.,0.));
#3803 = VECTOR('',#3804,1.);
#3804 = DIRECTION('',(-0.,-1.));
#3805 = ( GEOMETRIC_REPRESENTATION_CONTEXT(2) 
PARAMETRIC_REPRESENTATION_CONTEXT() REPRESENTATION_CONTEXT('2D SPACE',''
  ) );
#3806 = PCURVE('',#1622,#3807);
#3807 = DEFINITIONAL_REPRESENTATION('',(#3808),#3812);
#3808 = LINE('',#3809,#3810);
#3809 = CARTESIAN_POINT('',(6.283185307179,0.));
#3810 = VECTOR('',#3811,1.);
#3811 = DIRECTION('',(-0.,-1.));
#3812 = ( GEOMETRIC_REPRESENTATION_CONTEXT(2) 
PARAMETRIC_REPRESENTATION_CONTEXT() REPRESENTATION_CONTEXT('2D SPACE',''
  ) );
#3813 = ORIENTED_EDGE('',*,*,#3814,.F.);
#3814 = EDGE_CURVE('',#3792,#3792,#3815,.T.);
#3815 = SURFACE_CURVE('',#3816,(#3821,#3828),.PCURVE_S1.);
#3816 = CIRCLE('',#3817,2.89);
#3817 = AXIS2_PLACEMENT_3D('',#3818,#3819,#3820);
#3818 = CARTESIAN_POINT('',(-2.225584021748,-22.52833894021,
    19.83664833443));
#3819 = DIRECTION('',(9.929801703841E-02,-0.994880132442,
    -1.879962457525E-02));
#3820 = DIRECTION('',(1.867095410469E-03,-1.87066789917E-02,
    0.999823271441));
#3821 = PCURVE('',#1622,#3822);
#3822 = DEFINITIONAL_REPRESENTATION('',(#3823),#3827);
#3823 = LINE('',#3824,#3825);
#3824 = CARTESIAN_POINT('',(6.28318530718,-0.900000000001));
#3825 = VECTOR('',#3826,1.);
#3826 = DIRECTION('',(-1.,0.));
#3827 = ( GEOMETRIC_REPRESENTATION_CONTEXT(2) 
PARAMETRIC_REPRESENTATION_CONTEXT() REPRESENTATION_CONTEXT('2D SPACE',''
  ) );
#3828 = PCURVE('',#3829,#3834);
#3829 = CYLINDRICAL_SURFACE('',#3830,2.89);
#3830 = AXIS2_PLACEMENT_3D('',#3831,#3832,#3833);
#3831 = CARTESIAN_POINT('',(-2.225584021748,-22.52833894021,
    19.83664833443));
#3832 = DIRECTION('',(9.929801703841E-02,-0.994880132442,
    -1.879962457525E-02));
#3833 = DIRECTION('',(1.867095410469E-03,-1.87066789917E-02,
    0.999823271441));
#3834 = DEFINITIONAL_REPRESENTATION('',(#3835),#3839);
#3835 = LINE('',#3836,#3837);
#3836 = CARTESIAN_POINT('',(0.,0.));
#3837 = VECTOR('',#3838,1.);
#3838 = DIRECTION('',(1.,0.));
#3839 = ( GEOMETRIC_REPRESENTATION_CONTEXT(2) 
PARAMETRIC_REPRESENTATION_CONTEXT() REPRESENTATION_CONTEXT('2D SPACE',''
  ) );
#3840 = ORIENTED_EDGE('',*,*,#3791,.F.);
#3841 = ADVANCED_FACE('',(#3842),#1657,.F.);
#3842 = FACE_BOUND('',#3843,.F.);
#3843 = EDGE_LOOP('',(#3844,#3867,#3868,#3869));
#3844 = ORIENTED_EDGE('',*,*,#3845,.T.);
#3845 = EDGE_CURVE('',#3846,#1641,#3848,.T.);
#3846 = VERTEX_POINT('',#3847);
#3847 = CARTESIAN_POINT('',(17.1,0.,14.7));
#3848 = SEAM_CURVE('',#3849,(#3853,#3860),.PCURVE_S1.);
#3849 = LINE('',#3850,#3851);
#3850 = CARTESIAN_POINT('',(17.1,0.,14.7));
#3851 = VECTOR('',#3852,1.);
#3852 = DIRECTION('',(0.,0.,-1.));
#3853 = PCURVE('',#1657,#3854);
#3854 = DEFINITIONAL_REPRESENTATION('',(#3855),#3859);
#3855 = LINE('',#3856,#3857);
#3856 = CARTESIAN_POINT('',(6.28318530718,0.));
#3857 = VECTOR('',#3858,1.);
#3858 = DIRECTION('',(-0.,1.));
#3859 = ( GEOMETRIC_REPRESENTATION_CONTEXT(2) 
PARAMETRIC_REPRESENTATION_CONTEXT() REPRESENTATION_CONTEXT('2D SPACE',''
  ) );
#3860 = PCURVE('',#1657,#3861);
#3861 = DEFINITIONAL_REPRESENTATION('',(#3862),#3866);
#3862 = LINE('',#3863,#3864);
#3863 = CARTESIAN_POINT('',(-4.138911435803E-13,0.));
#3864 = VECTOR('',#3865,1.);
#3865 = DIRECTION('',(-0.,1.));
#3866 = ( GEOMETRIC_REPRESENTATION_CONTEXT(2) 
PARAMETRIC_REPRESENTATION_CONTEXT() REPRESENTATION_CONTEXT('2D SPACE',''
  ) );
#3867 = ORIENTED_EDGE('',*,*,#1640,.T.);
#3868 = ORIENTED_EDGE('',*,*,#3845,.F.);
#3869 = ORIENTED_EDGE('',*,*,#3870,.F.);
#3870 = EDGE_CURVE('',#3846,#3846,#3871,.T.);
#3871 = SURFACE_CURVE('',#3872,(#3877,#3884),.PCURVE_S1.);
#3872 = CIRCLE('',#3873,17.1);
#3873 = AXIS2_PLACEMENT_3D('',#3874,#3875,#3876);
#3874 = CARTESIAN_POINT('',(0.,0.,14.7));
#3875 = DIRECTION('',(0.,0.,1.));
#3876 = DIRECTION('',(1.,0.,-0.));
#3877 = PCURVE('',#1657,#3878);
#3878 = DEFINITIONAL_REPRESENTATION('',(#3879),#3883);
#3879 = LINE('',#3880,#3881);
#3880 = CARTESIAN_POINT('',(6.28318530718,0.));
#3881 = VECTOR('',#3882,1.);
#3882 = DIRECTION('',(-1.,0.));
#3883 = ( GEOMETRIC_REPRESENTATION_CONTEXT(2) 
PARAMETRIC_REPRESENTATION_CONTEXT() REPRESENTATION_CONTEXT('2D SPACE',''
  ) );
#3884 = PCURVE('',#3885,#3890);
#3885 = PLANE('',#3886);
#3886 = AXIS2_PLACEMENT_3D('',#3887,#3888,#3889);
#3887 = CARTESIAN_POINT('',(0.,0.,14.7));
#3888 = DIRECTION('',(0.,0.,1.));
#3889 = DIRECTION('',(1.,0.,-0.));
#3890 = DEFINITIONAL_REPRESENTATION('',(#3891),#3895);
#3891 = CIRCLE('',#3892,17.1);
#3892 = AXIS2_PLACEMENT_2D('',#3893,#3894);
#3893 = CARTESIAN_POINT('',(0.,0.));
#3894 = DIRECTION('',(1.,0.));
#3895 = ( GEOMETRIC_REPRESENTATION_CONTEXT(2) 
PARAMETRIC_REPRESENTATION_CONTEXT() REPRESENTATION_CONTEXT('2D SPACE',''
  ) );
#3896 = ADVANCED_FACE('',(#3897),#1715,.F.);
#3897 = FACE_BOUND('',#3898,.F.);
#3898 = EDGE_LOOP('',(#3899,#3900,#3922,#3944));
#3899 = ORIENTED_EDGE('',*,*,#1698,.F.);
#3900 = ORIENTED_EDGE('',*,*,#3901,.F.);
#3901 = EDGE_CURVE('',#3902,#1699,#3904,.T.);
#3902 = VERTEX_POINT('',#3903);
#3903 = CARTESIAN_POINT('',(-12.282823412,-2.033408229908,15.));
#3904 = SURFACE_CURVE('',#3905,(#3909,#3915),.PCURVE_S1.);
#3905 = LINE('',#3906,#3907);
#3906 = CARTESIAN_POINT('',(-12.282823412,-2.033408229908,15.));
#3907 = VECTOR('',#3908,1.);
#3908 = DIRECTION('',(0.,0.,1.));
#3909 = PCURVE('',#1715,#3910);
#3910 = DEFINITIONAL_REPRESENTATION('',(#3911),#3914);
#3911 = B_SPLINE_CURVE_WITH_KNOTS('',1,(#3912,#3913),.UNSPECIFIED.,.F.,
  .F.,(2,2),(-5.999999999062E-07,5.9000006),.PIECEWISE_BEZIER_KNOTS.);
#3912 = CARTESIAN_POINT('',(3.305653603277,-5.999999999062E-07));
#3913 = CARTESIAN_POINT('',(3.305653603277,5.9000006));
#3914 = ( GEOMETRIC_REPRESENTATION_CONTEXT(2) 
PARAMETRIC_REPRESENTATION_CONTEXT() REPRESENTATION_CONTEXT('2D SPACE',''
  ) );
#3915 = PCURVE('',#1743,#3916);
#3916 = DEFINITIONAL_REPRESENTATION('',(#3917),#3921);
#3917 = LINE('',#3918,#3919);
#3918 = CARTESIAN_POINT('',(12.449999999993,-1.));
#3919 = VECTOR('',#3920,1.);
#3920 = DIRECTION('',(0.,-1.));
#3921 = ( GEOMETRIC_REPRESENTATION_CONTEXT(2) 
PARAMETRIC_REPRESENTATION_CONTEXT() REPRESENTATION_CONTEXT('2D SPACE',''
  ) );
#3922 = ORIENTED_EDGE('',*,*,#3923,.T.);
#3923 = EDGE_CURVE('',#3902,#3743,#3924,.T.);
#3924 = SURFACE_CURVE('',#3925,(#3930,#3937),.PCURVE_S1.);
#3925 = CIRCLE('',#3926,12.45);
#3926 = AXIS2_PLACEMENT_3D('',#3927,#3928,#3929);
#3927 = CARTESIAN_POINT('',(0.,0.,15.));
#3928 = DIRECTION('',(0.,0.,1.));
#3929 = DIRECTION('',(1.,0.,-0.));
#3930 = PCURVE('',#1715,#3931);
#3931 = DEFINITIONAL_REPRESENTATION('',(#3932),#3936);
#3932 = LINE('',#3933,#3934);
#3933 = CARTESIAN_POINT('',(0.,0.));
#3934 = VECTOR('',#3935,1.);
#3935 = DIRECTION('',(1.,0.));
#3936 = ( GEOMETRIC_REPRESENTATION_CONTEXT(2) 
PARAMETRIC_REPRESENTATION_CONTEXT() REPRESENTATION_CONTEXT('2D SPACE',''
  ) );
#3937 = PCURVE('',#3704,#3938);
#3938 = DEFINITIONAL_REPRESENTATION('',(#3939),#3943);
#3939 = CIRCLE('',#3940,12.45);
#3940 = AXIS2_PLACEMENT_2D('',#3941,#3942);
#3941 = CARTESIAN_POINT('',(0.,0.));
#3942 = DIRECTION('',(1.,0.));
#3943 = ( GEOMETRIC_REPRESENTATION_CONTEXT(2) 
PARAMETRIC_REPRESENTATION_CONTEXT() REPRESENTATION_CONTEXT('2D SPACE',''
  ) );
#3944 = ORIENTED_EDGE('',*,*,#3765,.T.);
#3945 = ADVANCED_FACE('',(#3946),#1743,.T.);
#3946 = FACE_BOUND('',#3947,.T.);
#3947 = EDGE_LOOP('',(#3948,#3949,#3970,#3971));
#3948 = ORIENTED_EDGE('',*,*,#3901,.F.);
#3949 = ORIENTED_EDGE('',*,*,#3950,.T.);
#3950 = EDGE_CURVE('',#3902,#3666,#3951,.T.);
#3951 = SURFACE_CURVE('',#3952,(#3956,#3963),.PCURVE_S1.);
#3952 = LINE('',#3953,#3954);
#3953 = CARTESIAN_POINT('',(0.,0.,15.));
#3954 = VECTOR('',#3955,1.);
#3955 = DIRECTION('',(0.986572161607,0.163325962242,-0.));
#3956 = PCURVE('',#1743,#3957);
#3957 = DEFINITIONAL_REPRESENTATION('',(#3958),#3962);
#3958 = LINE('',#3959,#3960);
#3959 = CARTESIAN_POINT('',(0.,-1.));
#3960 = VECTOR('',#3961,1.);
#3961 = DIRECTION('',(-1.,0.));
#3962 = ( GEOMETRIC_REPRESENTATION_CONTEXT(2) 
PARAMETRIC_REPRESENTATION_CONTEXT() REPRESENTATION_CONTEXT('2D SPACE',''
  ) );
#3963 = PCURVE('',#3704,#3964);
#3964 = DEFINITIONAL_REPRESENTATION('',(#3965),#3969);
#3965 = LINE('',#3966,#3967);
#3966 = CARTESIAN_POINT('',(0.,0.));
#3967 = VECTOR('',#3968,1.);
#3968 = DIRECTION('',(0.986572161607,0.163325962242));
#3969 = ( GEOMETRIC_REPRESENTATION_CONTEXT(2) 
PARAMETRIC_REPRESENTATION_CONTEXT() REPRESENTATION_CONTEXT('2D SPACE',''
  ) );
#3970 = ORIENTED_EDGE('',*,*,#3665,.T.);
#3971 = ORIENTED_EDGE('',*,*,#1727,.F.);
#3972 = ADVANCED_FACE('',(#3973),#1795,.T.);
#3973 = FACE_BOUND('',#3974,.T.);
#3974 = EDGE_LOOP('',(#3975,#3976,#3999,#4019));
#3975 = ORIENTED_EDGE('',*,*,#3644,.F.);
#3976 = ORIENTED_EDGE('',*,*,#3977,.T.);
#3977 = EDGE_CURVE('',#3616,#3978,#3980,.T.);
#3978 = VERTEX_POINT('',#3979);
#3979 = CARTESIAN_POINT('',(-12.44241579638,-0.434498733946,15.));
#3980 = SURFACE_CURVE('',#3981,(#3985,#3992),.PCURVE_S1.);
#3981 = LINE('',#3982,#3983);
#3982 = CARTESIAN_POINT('',(-15.55301974548,-0.543123417433,15.));
#3983 = VECTOR('',#3984,1.);
#3984 = DIRECTION('',(-0.999390827019,-3.48994967025E-02,0.));
#3985 = PCURVE('',#1795,#3986);
#3986 = DEFINITIONAL_REPRESENTATION('',(#3987),#3991);
#3987 = LINE('',#3988,#3989);
#3988 = CARTESIAN_POINT('',(15.562499999995,-1.));
#3989 = VECTOR('',#3990,1.);
#3990 = DIRECTION('',(-1.,-0.));
#3991 = ( GEOMETRIC_REPRESENTATION_CONTEXT(2) 
PARAMETRIC_REPRESENTATION_CONTEXT() REPRESENTATION_CONTEXT('2D SPACE',''
  ) );
#3992 = PCURVE('',#3632,#3993);
#3993 = DEFINITIONAL_REPRESENTATION('',(#3994),#3998);
#3994 = LINE('',#3995,#3996);
#3995 = CARTESIAN_POINT('',(-15.55301974548,-0.543123417433));
#3996 = VECTOR('',#3997,1.);
#3997 = DIRECTION('',(-0.999390827019,-3.48994967025E-02));
#3998 = ( GEOMETRIC_REPRESENTATION_CONTEXT(2) 
PARAMETRIC_REPRESENTATION_CONTEXT() REPRESENTATION_CONTEXT('2D SPACE',''
  ) );
#3999 = ORIENTED_EDGE('',*,*,#4000,.T.);
#4000 = EDGE_CURVE('',#3978,#1780,#4001,.T.);
#4001 = SURFACE_CURVE('',#4002,(#4006,#4013),.PCURVE_S1.);
#4002 = LINE('',#4003,#4004);
#4003 = CARTESIAN_POINT('',(-12.44241579638,-0.434498733946,15.));
#4004 = VECTOR('',#4005,1.);
#4005 = DIRECTION('',(0.,0.,1.));
#4006 = PCURVE('',#1795,#4007);
#4007 = DEFINITIONAL_REPRESENTATION('',(#4008),#4012);
#4008 = LINE('',#4009,#4010);
#4009 = CARTESIAN_POINT('',(18.674999999998,-1.));
#4010 = VECTOR('',#4011,1.);
#4011 = DIRECTION('',(0.,-1.));
#4012 = ( GEOMETRIC_REPRESENTATION_CONTEXT(2) 
PARAMETRIC_REPRESENTATION_CONTEXT() REPRESENTATION_CONTEXT('2D SPACE',''
  ) );
#4013 = PCURVE('',#1824,#4014);
#4014 = DEFINITIONAL_REPRESENTATION('',(#4015),#4018);
#4015 = B_SPLINE_CURVE_WITH_KNOTS('',1,(#4016,#4017),.UNSPECIFIED.,.F.,
  .F.,(2,2),(-5.999999999062E-07,5.9000006),.PIECEWISE_BEZIER_KNOTS.);
#4016 = CARTESIAN_POINT('',(3.17649923863,-5.999999999062E-07));
#4017 = CARTESIAN_POINT('',(3.17649923863,5.9000006));
#4018 = ( GEOMETRIC_REPRESENTATION_CONTEXT(2) 
PARAMETRIC_REPRESENTATION_CONTEXT() REPRESENTATION_CONTEXT('2D SPACE',''
  ) );
#4019 = ORIENTED_EDGE('',*,*,#1779,.F.);
#4020 = ADVANCED_FACE('',(#4021),#1824,.F.);
#4021 = FACE_BOUND('',#4022,.F.);
#4022 = EDGE_LOOP('',(#4023,#4024,#4046,#4068));
#4023 = ORIENTED_EDGE('',*,*,#1807,.F.);
#4024 = ORIENTED_EDGE('',*,*,#4025,.F.);
#4025 = EDGE_CURVE('',#4026,#1808,#4028,.T.);
#4026 = VERTEX_POINT('',#4027);
#4027 = CARTESIAN_POINT('',(-7.885591864213,9.634310611095,15.));
#4028 = SURFACE_CURVE('',#4029,(#4033,#4039),.PCURVE_S1.);
#4029 = LINE('',#4030,#4031);
#4030 = CARTESIAN_POINT('',(-7.885591864213,9.634310611095,15.));
#4031 = VECTOR('',#4032,1.);
#4032 = DIRECTION('',(0.,0.,1.));
#4033 = PCURVE('',#1824,#4034);
#4034 = DEFINITIONAL_REPRESENTATION('',(#4035),#4038);
#4035 = B_SPLINE_CURVE_WITH_KNOTS('',1,(#4036,#4037),.UNSPECIFIED.,.F.,
  .F.,(2,2),(-5.999999999062E-07,5.9000006),.PIECEWISE_BEZIER_KNOTS.);
#4036 = CARTESIAN_POINT('',(2.256710722829,-5.999999999062E-07));
#4037 = CARTESIAN_POINT('',(2.256710722829,5.9000006));
#4038 = ( GEOMETRIC_REPRESENTATION_CONTEXT(2) 
PARAMETRIC_REPRESENTATION_CONTEXT() REPRESENTATION_CONTEXT('2D SPACE',''
  ) );
#4039 = PCURVE('',#1852,#4040);
#4040 = DEFINITIONAL_REPRESENTATION('',(#4041),#4045);
#4041 = LINE('',#4042,#4043);
#4042 = CARTESIAN_POINT('',(12.45,-1.));
#4043 = VECTOR('',#4044,1.);
#4044 = DIRECTION('',(0.,-1.));
#4045 = ( GEOMETRIC_REPRESENTATION_CONTEXT(2) 
PARAMETRIC_REPRESENTATION_CONTEXT() REPRESENTATION_CONTEXT('2D SPACE',''
  ) );
#4046 = ORIENTED_EDGE('',*,*,#4047,.T.);
#4047 = EDGE_CURVE('',#4026,#3978,#4048,.T.);
#4048 = SURFACE_CURVE('',#4049,(#4054,#4061),.PCURVE_S1.);
#4049 = CIRCLE('',#4050,12.45);
#4050 = AXIS2_PLACEMENT_3D('',#4051,#4052,#4053);
#4051 = CARTESIAN_POINT('',(0.,0.,15.));
#4052 = DIRECTION('',(0.,0.,1.));
#4053 = DIRECTION('',(1.,0.,-0.));
#4054 = PCURVE('',#1824,#4055);
#4055 = DEFINITIONAL_REPRESENTATION('',(#4056),#4060);
#4056 = LINE('',#4057,#4058);
#4057 = CARTESIAN_POINT('',(0.,0.));
#4058 = VECTOR('',#4059,1.);
#4059 = DIRECTION('',(1.,0.));
#4060 = ( GEOMETRIC_REPRESENTATION_CONTEXT(2) 
PARAMETRIC_REPRESENTATION_CONTEXT() REPRESENTATION_CONTEXT('2D SPACE',''
  ) );
#4061 = PCURVE('',#3632,#4062);
#4062 = DEFINITIONAL_REPRESENTATION('',(#4063),#4067);
#4063 = CIRCLE('',#4064,12.45);
#4064 = AXIS2_PLACEMENT_2D('',#4065,#4066);
#4065 = CARTESIAN_POINT('',(0.,0.));
#4066 = DIRECTION('',(1.,0.));
#4067 = ( GEOMETRIC_REPRESENTATION_CONTEXT(2) 
PARAMETRIC_REPRESENTATION_CONTEXT() REPRESENTATION_CONTEXT('2D SPACE',''
  ) );
#4068 = ORIENTED_EDGE('',*,*,#4000,.T.);
#4069 = ADVANCED_FACE('',(#4070),#1852,.T.);
#4070 = FACE_BOUND('',#4071,.T.);
#4071 = EDGE_LOOP('',(#4072,#4073,#4094,#4095));
#4072 = ORIENTED_EDGE('',*,*,#4025,.F.);
#4073 = ORIENTED_EDGE('',*,*,#4074,.T.);
#4074 = EDGE_CURVE('',#4026,#3594,#4075,.T.);
#4075 = SURFACE_CURVE('',#4076,(#4080,#4087),.PCURVE_S1.);
#4076 = LINE('',#4077,#4078);
#4077 = CARTESIAN_POINT('',(0.,0.,15.));
#4078 = VECTOR('',#4079,1.);
#4079 = DIRECTION('',(0.633380872628,-0.773840209726,0.));
#4080 = PCURVE('',#1852,#4081);
#4081 = DEFINITIONAL_REPRESENTATION('',(#4082),#4086);
#4082 = LINE('',#4083,#4084);
#4083 = CARTESIAN_POINT('',(0.,-1.));
#4084 = VECTOR('',#4085,1.);
#4085 = DIRECTION('',(-1.,-0.));
#4086 = ( GEOMETRIC_REPRESENTATION_CONTEXT(2) 
PARAMETRIC_REPRESENTATION_CONTEXT() REPRESENTATION_CONTEXT('2D SPACE',''
  ) );
#4087 = PCURVE('',#3632,#4088);
#4088 = DEFINITIONAL_REPRESENTATION('',(#4089),#4093);
#4089 = LINE('',#4090,#4091);
#4090 = CARTESIAN_POINT('',(0.,0.));
#4091 = VECTOR('',#4092,1.);
#4092 = DIRECTION('',(0.633380872628,-0.773840209726));
#4093 = ( GEOMETRIC_REPRESENTATION_CONTEXT(2) 
PARAMETRIC_REPRESENTATION_CONTEXT() REPRESENTATION_CONTEXT('2D SPACE',''
  ) );
#4094 = ORIENTED_EDGE('',*,*,#3593,.T.);
#4095 = ORIENTED_EDGE('',*,*,#1836,.F.);
#4096 = ADVANCED_FACE('',(#4097),#1904,.T.);
#4097 = FACE_BOUND('',#4098,.T.);
#4098 = EDGE_LOOP('',(#4099,#4100,#4123,#4143));
#4099 = ORIENTED_EDGE('',*,*,#3572,.F.);
#4100 = ORIENTED_EDGE('',*,*,#4101,.T.);
#4101 = EDGE_CURVE('',#3544,#4102,#4104,.T.);
#4102 = VERTEX_POINT('',#4103);
#4103 = CARTESIAN_POINT('',(-6.523624529327,10.604000330081,15.));
#4104 = SURFACE_CURVE('',#4105,(#4109,#4116),.PCURVE_S1.);
#4105 = LINE('',#4106,#4107);
#4106 = CARTESIAN_POINT('',(-8.154530661659,13.255000412601,15.));
#4107 = VECTOR('',#4108,1.);
#4108 = DIRECTION('',(-0.52398590597,0.851726934143,0.));
#4109 = PCURVE('',#1904,#4110);
#4110 = DEFINITIONAL_REPRESENTATION('',(#4111),#4115);
#4111 = LINE('',#4112,#4113);
#4112 = CARTESIAN_POINT('',(15.562499999995,-1.));
#4113 = VECTOR('',#4114,1.);
#4114 = DIRECTION('',(-1.,-0.));
#4115 = ( GEOMETRIC_REPRESENTATION_CONTEXT(2) 
PARAMETRIC_REPRESENTATION_CONTEXT() REPRESENTATION_CONTEXT('2D SPACE',''
  ) );
#4116 = PCURVE('',#3560,#4117);
#4117 = DEFINITIONAL_REPRESENTATION('',(#4118),#4122);
#4118 = LINE('',#4119,#4120);
#4119 = CARTESIAN_POINT('',(-8.154530661659,13.255000412601));
#4120 = VECTOR('',#4121,1.);
#4121 = DIRECTION('',(-0.52398590597,0.851726934143));
#4122 = ( GEOMETRIC_REPRESENTATION_CONTEXT(2) 
PARAMETRIC_REPRESENTATION_CONTEXT() REPRESENTATION_CONTEXT('2D SPACE',''
  ) );
#4123 = ORIENTED_EDGE('',*,*,#4124,.T.);
#4124 = EDGE_CURVE('',#4102,#1889,#4125,.T.);
#4125 = SURFACE_CURVE('',#4126,(#4130,#4137),.PCURVE_S1.);
#4126 = LINE('',#4127,#4128);
#4127 = CARTESIAN_POINT('',(-6.523624529327,10.604000330081,15.));
#4128 = VECTOR('',#4129,1.);
#4129 = DIRECTION('',(0.,0.,1.));
#4130 = PCURVE('',#1904,#4131);
#4131 = DEFINITIONAL_REPRESENTATION('',(#4132),#4136);
#4132 = LINE('',#4133,#4134);
#4133 = CARTESIAN_POINT('',(18.674999999995,-1.));
#4134 = VECTOR('',#4135,1.);
#4135 = DIRECTION('',(0.,-1.));
#4136 = ( GEOMETRIC_REPRESENTATION_CONTEXT(2) 
PARAMETRIC_REPRESENTATION_CONTEXT() REPRESENTATION_CONTEXT('2D SPACE',''
  ) );
#4137 = PCURVE('',#1933,#4138);
#4138 = DEFINITIONAL_REPRESENTATION('',(#4139),#4142);
#4139 = B_SPLINE_CURVE_WITH_KNOTS('',1,(#4140,#4141),.UNSPECIFIED.,.F.,
  .F.,(2,2),(-5.999999999062E-07,5.9000006),.PIECEWISE_BEZIER_KNOTS.);
#4140 = CARTESIAN_POINT('',(2.122320370425,-5.999999999062E-07));
#4141 = CARTESIAN_POINT('',(2.122320370425,5.9000006));
#4142 = ( GEOMETRIC_REPRESENTATION_CONTEXT(2) 
PARAMETRIC_REPRESENTATION_CONTEXT() REPRESENTATION_CONTEXT('2D SPACE',''
  ) );
#4143 = ORIENTED_EDGE('',*,*,#1888,.F.);
#4144 = ADVANCED_FACE('',(#4145),#1933,.F.);
#4145 = FACE_BOUND('',#4146,.F.);
#4146 = EDGE_LOOP('',(#4147,#4148,#4170,#4192));
#4147 = ORIENTED_EDGE('',*,*,#1916,.F.);
#4148 = ORIENTED_EDGE('',*,*,#4149,.F.);
#4149 = EDGE_CURVE('',#4150,#1917,#4152,.T.);
#4150 = VERTEX_POINT('',#4151);
#4151 = CARTESIAN_POINT('',(4.380428522639,11.65394121995,15.));
#4152 = SURFACE_CURVE('',#4153,(#4157,#4163),.PCURVE_S1.);
#4153 = LINE('',#4154,#4155);
#4154 = CARTESIAN_POINT('',(4.380428522639,11.65394121995,15.));
#4155 = VECTOR('',#4156,1.);
#4156 = DIRECTION('',(0.,0.,1.));
#4157 = PCURVE('',#1933,#4158);
#4158 = DEFINITIONAL_REPRESENTATION('',(#4159),#4162);
#4159 = B_SPLINE_CURVE_WITH_KNOTS('',1,(#4160,#4161),.UNSPECIFIED.,.F.,
  .F.,(2,2),(-5.999999999062E-07,5.9000006),.PIECEWISE_BEZIER_KNOTS.);
#4160 = CARTESIAN_POINT('',(1.211258500884,-5.999999999062E-07));
#4161 = CARTESIAN_POINT('',(1.211258500884,5.9000006));
#4162 = ( GEOMETRIC_REPRESENTATION_CONTEXT(2) 
PARAMETRIC_REPRESENTATION_CONTEXT() REPRESENTATION_CONTEXT('2D SPACE',''
  ) );
#4163 = PCURVE('',#1961,#4164);
#4164 = DEFINITIONAL_REPRESENTATION('',(#4165),#4169);
#4165 = LINE('',#4166,#4167);
#4166 = CARTESIAN_POINT('',(12.45,-1.));
#4167 = VECTOR('',#4168,1.);
#4168 = DIRECTION('',(0.,-1.));
#4169 = ( GEOMETRIC_REPRESENTATION_CONTEXT(2) 
PARAMETRIC_REPRESENTATION_CONTEXT() REPRESENTATION_CONTEXT('2D SPACE',''
  ) );
#4170 = ORIENTED_EDGE('',*,*,#4171,.T.);
#4171 = EDGE_CURVE('',#4150,#4102,#4172,.T.);
#4172 = SURFACE_CURVE('',#4173,(#4178,#4185),.PCURVE_S1.);
#4173 = CIRCLE('',#4174,12.45);
#4174 = AXIS2_PLACEMENT_3D('',#4175,#4176,#4177);
#4175 = CARTESIAN_POINT('',(0.,0.,15.));
#4176 = DIRECTION('',(0.,0.,1.));
#4177 = DIRECTION('',(1.,0.,-0.));
#4178 = PCURVE('',#1933,#4179);
#4179 = DEFINITIONAL_REPRESENTATION('',(#4180),#4184);
#4180 = LINE('',#4181,#4182);
#4181 = CARTESIAN_POINT('',(0.,0.));
#4182 = VECTOR('',#4183,1.);
#4183 = DIRECTION('',(1.,0.));
#4184 = ( GEOMETRIC_REPRESENTATION_CONTEXT(2) 
PARAMETRIC_REPRESENTATION_CONTEXT() REPRESENTATION_CONTEXT('2D SPACE',''
  ) );
#4185 = PCURVE('',#3560,#4186);
#4186 = DEFINITIONAL_REPRESENTATION('',(#4187),#4191);
#4187 = CIRCLE('',#4188,12.45);
#4188 = AXIS2_PLACEMENT_2D('',#4189,#4190);
#4189 = CARTESIAN_POINT('',(0.,0.));
#4190 = DIRECTION('',(1.,0.));
#4191 = ( GEOMETRIC_REPRESENTATION_CONTEXT(2) 
PARAMETRIC_REPRESENTATION_CONTEXT() REPRESENTATION_CONTEXT('2D SPACE',''
  ) );
#4192 = ORIENTED_EDGE('',*,*,#4124,.T.);
#4193 = ADVANCED_FACE('',(#4194),#1961,.T.);
#4194 = FACE_BOUND('',#4195,.T.);
#4195 = EDGE_LOOP('',(#4196,#4197,#4218,#4219));
#4196 = ORIENTED_EDGE('',*,*,#4149,.F.);
#4197 = ORIENTED_EDGE('',*,*,#4198,.T.);
#4198 = EDGE_CURVE('',#4150,#3522,#4199,.T.);
#4199 = SURFACE_CURVE('',#4200,(#4204,#4211),.PCURVE_S1.);
#4200 = LINE('',#4201,#4202);
#4201 = CARTESIAN_POINT('',(0.,0.,15.));
#4202 = VECTOR('',#4203,1.);
#4203 = DIRECTION('',(-0.351841648405,-0.936059535739,0.));
#4204 = PCURVE('',#1961,#4205);
#4205 = DEFINITIONAL_REPRESENTATION('',(#4206),#4210);
#4206 = LINE('',#4207,#4208);
#4207 = CARTESIAN_POINT('',(0.,-1.));
#4208 = VECTOR('',#4209,1.);
#4209 = DIRECTION('',(-1.,-0.));
#4210 = ( GEOMETRIC_REPRESENTATION_CONTEXT(2) 
PARAMETRIC_REPRESENTATION_CONTEXT() REPRESENTATION_CONTEXT('2D SPACE',''
  ) );
#4211 = PCURVE('',#3560,#4212);
#4212 = DEFINITIONAL_REPRESENTATION('',(#4213),#4217);
#4213 = LINE('',#4214,#4215);
#4214 = CARTESIAN_POINT('',(0.,0.));
#4215 = VECTOR('',#4216,1.);
#4216 = DIRECTION('',(-0.351841648405,-0.936059535739));
#4217 = ( GEOMETRIC_REPRESENTATION_CONTEXT(2) 
PARAMETRIC_REPRESENTATION_CONTEXT() REPRESENTATION_CONTEXT('2D SPACE',''
  ) );
#4218 = ORIENTED_EDGE('',*,*,#3521,.T.);
#4219 = ORIENTED_EDGE('',*,*,#1945,.F.);
#4220 = ADVANCED_FACE('',(#4221),#2014,.T.);
#4221 = FACE_BOUND('',#4222,.T.);
#4222 = EDGE_LOOP('',(#4223,#4254,#4275,#4276,#4277,#4278,#4279,#4280));
#4223 = ORIENTED_EDGE('',*,*,#4224,.F.);
#4224 = EDGE_CURVE('',#4225,#4227,#4229,.T.);
#4225 = VERTEX_POINT('',#4226);
#4226 = CARTESIAN_POINT('',(5.485783060272,7.02610733021,24.04));
#4227 = VERTEX_POINT('',#4228);
#4228 = CARTESIAN_POINT('',(6.664006602843,-5.920389851797,24.04));
#4229 = SURFACE_CURVE('',#4230,(#4235,#4242),.PCURVE_S1.);
#4230 = CIRCLE('',#4231,6.5);
#4231 = AXIS2_PLACEMENT_3D('',#4232,#4233,#4234);
#4232 = CARTESIAN_POINT('',(6.074894831557,0.552858739206,24.04));
#4233 = DIRECTION('',(0.,0.,1.));
#4234 = DIRECTION('',(1.,0.,-0.));
#4235 = PCURVE('',#2014,#4236);
#4236 = DEFINITIONAL_REPRESENTATION('',(#4237),#4241);
#4237 = LINE('',#4238,#4239);
#4238 = CARTESIAN_POINT('',(0.,4.15));
#4239 = VECTOR('',#4240,1.);
#4240 = DIRECTION('',(1.,0.));
#4241 = ( GEOMETRIC_REPRESENTATION_CONTEXT(2) 
PARAMETRIC_REPRESENTATION_CONTEXT() REPRESENTATION_CONTEXT('2D SPACE',''
  ) );
#4242 = PCURVE('',#4243,#4248);
#4243 = PLANE('',#4244);
#4244 = AXIS2_PLACEMENT_3D('',#4245,#4246,#4247);
#4245 = CARTESIAN_POINT('',(12.49834920263,1.137438881482,24.04));
#4246 = DIRECTION('',(0.,0.,1.));
#4247 = DIRECTION('',(1.,0.,-0.));
#4248 = DEFINITIONAL_REPRESENTATION('',(#4249),#4253);
#4249 = CIRCLE('',#4250,6.5);
#4250 = AXIS2_PLACEMENT_2D('',#4251,#4252);
#4251 = CARTESIAN_POINT('',(-6.423454371073,-0.584580142276));
#4252 = DIRECTION('',(1.,0.));
#4253 = ( GEOMETRIC_REPRESENTATION_CONTEXT(2) 
PARAMETRIC_REPRESENTATION_CONTEXT() REPRESENTATION_CONTEXT('2D SPACE',''
  ) );
#4254 = ORIENTED_EDGE('',*,*,#4255,.F.);
#4255 = EDGE_CURVE('',#1998,#4225,#4256,.T.);
#4256 = SURFACE_CURVE('',#4257,(#4261,#4268),.PCURVE_S1.);
#4257 = LINE('',#4258,#4259);
#4258 = CARTESIAN_POINT('',(5.485783060272,7.02610733021,19.89));
#4259 = VECTOR('',#4260,1.);
#4260 = DIRECTION('',(0.,0.,1.));
#4261 = PCURVE('',#2014,#4262);
#4262 = DEFINITIONAL_REPRESENTATION('',(#4263),#4267);
#4263 = LINE('',#4264,#4265);
#4264 = CARTESIAN_POINT('',(1.661553447899,0.));
#4265 = VECTOR('',#4266,1.);
#4266 = DIRECTION('',(0.,1.));
#4267 = ( GEOMETRIC_REPRESENTATION_CONTEXT(2) 
PARAMETRIC_REPRESENTATION_CONTEXT() REPRESENTATION_CONTEXT('2D SPACE',''
  ) );
#4268 = PCURVE('',#2042,#4269);
#4269 = DEFINITIONAL_REPRESENTATION('',(#4270),#4274);
#4270 = LINE('',#4271,#4272);
#4271 = CARTESIAN_POINT('',(12.9,0.));
#4272 = VECTOR('',#4273,1.);
#4273 = DIRECTION('',(0.,-1.));
#4274 = ( GEOMETRIC_REPRESENTATION_CONTEXT(2) 
PARAMETRIC_REPRESENTATION_CONTEXT() REPRESENTATION_CONTEXT('2D SPACE',''
  ) );
#4275 = ORIENTED_EDGE('',*,*,#1997,.T.);
#4276 = ORIENTED_EDGE('',*,*,#3501,.T.);
#4277 = ORIENTED_EDGE('',*,*,#3423,.T.);
#4278 = ORIENTED_EDGE('',*,*,#3401,.F.);
#4279 = ORIENTED_EDGE('',*,*,#2362,.T.);
#4280 = ORIENTED_EDGE('',*,*,#4281,.T.);
#4281 = EDGE_CURVE('',#2335,#4227,#4282,.T.);
#4282 = SURFACE_CURVE('',#4283,(#4287,#4294),.PCURVE_S1.);
#4283 = LINE('',#4284,#4285);
#4284 = CARTESIAN_POINT('',(6.664006602843,-5.920389851797,19.89));
#4285 = VECTOR('',#4286,1.);
#4286 = DIRECTION('',(0.,0.,1.));
#4287 = PCURVE('',#2014,#4288);
#4288 = DEFINITIONAL_REPRESENTATION('',(#4289),#4293);
#4289 = LINE('',#4290,#4291);
#4290 = CARTESIAN_POINT('',(4.803146101488,0.));
#4291 = VECTOR('',#4292,1.);
#4292 = DIRECTION('',(0.,1.));
#4293 = ( GEOMETRIC_REPRESENTATION_CONTEXT(2) 
PARAMETRIC_REPRESENTATION_CONTEXT() REPRESENTATION_CONTEXT('2D SPACE',''
  ) );
#4294 = PCURVE('',#2350,#4295);
#4295 = DEFINITIONAL_REPRESENTATION('',(#4296),#4300);
#4296 = LINE('',#4297,#4298);
#4297 = CARTESIAN_POINT('',(0.,0.));
#4298 = VECTOR('',#4299,1.);
#4299 = DIRECTION('',(0.,-1.));
#4300 = ( GEOMETRIC_REPRESENTATION_CONTEXT(2) 
PARAMETRIC_REPRESENTATION_CONTEXT() REPRESENTATION_CONTEXT('2D SPACE',''
  ) );
#4301 = ADVANCED_FACE('',(#4302),#2042,.F.);
#4302 = FACE_BOUND('',#4303,.F.);
#4303 = EDGE_LOOP('',(#4304,#4305,#4306,#4329,#4357,#4379));
#4304 = ORIENTED_EDGE('',*,*,#4255,.F.);
#4305 = ORIENTED_EDGE('',*,*,#2026,.T.);
#4306 = ORIENTED_EDGE('',*,*,#4307,.F.);
#4307 = EDGE_CURVE('',#4308,#2027,#4310,.T.);
#4308 = VERTEX_POINT('',#4309);
#4309 = CARTESIAN_POINT('',(14.796487189562,7.873447784452,20.25));
#4310 = SURFACE_CURVE('',#4311,(#4315,#4322),.PCURVE_S1.);
#4311 = LINE('',#4312,#4313);
#4312 = CARTESIAN_POINT('',(14.796487189562,7.873447784452,18.57));
#4313 = VECTOR('',#4314,1.);
#4314 = DIRECTION('',(0.,-0.,-1.));
#4315 = PCURVE('',#2042,#4316);
#4316 = DEFINITIONAL_REPRESENTATION('',(#4317),#4321);
#4317 = LINE('',#4318,#4319);
#4318 = CARTESIAN_POINT('',(3.550818365837,1.32));
#4319 = VECTOR('',#4320,1.);
#4320 = DIRECTION('',(-0.,1.));
#4321 = ( GEOMETRIC_REPRESENTATION_CONTEXT(2) 
PARAMETRIC_REPRESENTATION_CONTEXT() REPRESENTATION_CONTEXT('2D SPACE',''
  ) );
#4322 = PCURVE('',#2070,#4323);
#4323 = DEFINITIONAL_REPRESENTATION('',(#4324),#4328);
#4324 = LINE('',#4325,#4326);
#4325 = CARTESIAN_POINT('',(1.32,4.744058740896));
#4326 = VECTOR('',#4327,1.);
#4327 = DIRECTION('',(-1.,0.));
#4328 = ( GEOMETRIC_REPRESENTATION_CONTEXT(2) 
PARAMETRIC_REPRESENTATION_CONTEXT() REPRESENTATION_CONTEXT('2D SPACE',''
  ) );
#4329 = ORIENTED_EDGE('',*,*,#4330,.F.);
#4330 = EDGE_CURVE('',#4331,#4308,#4333,.T.);
#4331 = VERTEX_POINT('',#4332);
#4332 = CARTESIAN_POINT('',(15.054517290144,7.89693036317,20.25));
#4333 = SURFACE_CURVE('',#4334,(#4338,#4345),.PCURVE_S1.);
#4334 = LINE('',#4335,#4336);
#4335 = CARTESIAN_POINT('',(18.420131920818,8.20322528892,20.25));
#4336 = VECTOR('',#4337,1.);
#4337 = DIRECTION('',(-0.995884398616,-9.063258019778E-02,0.));
#4338 = PCURVE('',#2042,#4339);
#4339 = DEFINITIONAL_REPRESENTATION('',(#4340),#4344);
#4340 = LINE('',#4341,#4342);
#4341 = CARTESIAN_POINT('',(-8.780147426901E-02,-0.36));
#4342 = VECTOR('',#4343,1.);
#4343 = DIRECTION('',(1.,0.));
#4344 = ( GEOMETRIC_REPRESENTATION_CONTEXT(2) 
PARAMETRIC_REPRESENTATION_CONTEXT() REPRESENTATION_CONTEXT('2D SPACE',''
  ) );
#4345 = PCURVE('',#4346,#4351);
#4346 = PLANE('',#4347);
#4347 = AXIS2_PLACEMENT_3D('',#4348,#4349,#4350);
#4348 = CARTESIAN_POINT('',(18.837384702458,4.587151901952,20.25));
#4349 = DIRECTION('',(0.,0.,1.));
#4350 = DIRECTION('',(-0.44619781311,0.894934361602,0.));
#4351 = DEFINITIONAL_REPRESENTATION('',(#4352),#4356);
#4352 = LINE('',#4353,#4354);
#4353 = CARTESIAN_POINT('',(3.422325606754,-1.240070185547));
#4354 = VECTOR('',#4355,1.);
#4355 = DIRECTION('',(0.363251230473,0.931691227585));
#4356 = ( GEOMETRIC_REPRESENTATION_CONTEXT(2) 
PARAMETRIC_REPRESENTATION_CONTEXT() REPRESENTATION_CONTEXT('2D SPACE',''
  ) );
#4357 = ORIENTED_EDGE('',*,*,#4358,.T.);
#4358 = EDGE_CURVE('',#4331,#4359,#4361,.T.);
#4359 = VERTEX_POINT('',#4360);
#4360 = CARTESIAN_POINT('',(15.054517290144,7.89693036317,24.04));
#4361 = SURFACE_CURVE('',#4362,(#4366,#4373),.PCURVE_S1.);
#4362 = LINE('',#4363,#4364);
#4363 = CARTESIAN_POINT('',(15.054517290144,7.89693036317,18.89));
#4364 = VECTOR('',#4365,1.);
#4365 = DIRECTION('',(0.,0.,1.));
#4366 = PCURVE('',#2042,#4367);
#4367 = DEFINITIONAL_REPRESENTATION('',(#4368),#4372);
#4368 = LINE('',#4369,#4370);
#4369 = CARTESIAN_POINT('',(3.291721927595,1.));
#4370 = VECTOR('',#4371,1.);
#4371 = DIRECTION('',(0.,-1.));
#4372 = ( GEOMETRIC_REPRESENTATION_CONTEXT(2) 
PARAMETRIC_REPRESENTATION_CONTEXT() REPRESENTATION_CONTEXT('2D SPACE',''
  ) );
#4373 = PCURVE('',#2322,#4374);
#4374 = DEFINITIONAL_REPRESENTATION('',(#4375),#4378);
#4375 = B_SPLINE_CURVE_WITH_KNOTS('',1,(#4376,#4377),.UNSPECIFIED.,.F.,
  .F.,(2,2),(1.,5.15),.PIECEWISE_BEZIER_KNOTS.);
#4376 = CARTESIAN_POINT('',(0.483098508208,1.));
#4377 = CARTESIAN_POINT('',(0.483098508208,5.15));
#4378 = ( GEOMETRIC_REPRESENTATION_CONTEXT(2) 
PARAMETRIC_REPRESENTATION_CONTEXT() REPRESENTATION_CONTEXT('2D SPACE',''
  ) );
#4379 = ORIENTED_EDGE('',*,*,#4380,.T.);
#4380 = EDGE_CURVE('',#4359,#4225,#4381,.T.);
#4381 = SURFACE_CURVE('',#4382,(#4386,#4393),.PCURVE_S1.);
#4382 = LINE('',#4383,#4384);
#4383 = CARTESIAN_POINT('',(18.332691802418,8.195267614762,24.04));
#4384 = VECTOR('',#4385,1.);
#4385 = DIRECTION('',(-0.995884398616,-9.063258019778E-02,0.));
#4386 = PCURVE('',#2042,#4387);
#4387 = DEFINITIONAL_REPRESENTATION('',(#4388),#4392);
#4388 = LINE('',#4389,#4390);
#4389 = CARTESIAN_POINT('',(0.,-4.15));
#4390 = VECTOR('',#4391,1.);
#4391 = DIRECTION('',(1.,0.));
#4392 = ( GEOMETRIC_REPRESENTATION_CONTEXT(2) 
PARAMETRIC_REPRESENTATION_CONTEXT() REPRESENTATION_CONTEXT('2D SPACE',''
  ) );
#4393 = PCURVE('',#4243,#4394);
#4394 = DEFINITIONAL_REPRESENTATION('',(#4395),#4399);
#4395 = LINE('',#4396,#4397);
#4396 = CARTESIAN_POINT('',(5.834342599788,7.05782873328));
#4397 = VECTOR('',#4398,1.);
#4398 = DIRECTION('',(-0.995884398616,-9.063258019778E-02));
#4399 = ( GEOMETRIC_REPRESENTATION_CONTEXT(2) 
PARAMETRIC_REPRESENTATION_CONTEXT() REPRESENTATION_CONTEXT('2D SPACE',''
  ) );
#4400 = ADVANCED_FACE('',(#4401),#2070,.F.);
#4401 = FACE_BOUND('',#4402,.F.);
#4402 = EDGE_LOOP('',(#4403,#4433,#4454,#4455,#4477,#4498,#4499,#4500));
#4403 = ORIENTED_EDGE('',*,*,#4404,.F.);
#4404 = EDGE_CURVE('',#4405,#4407,#4409,.T.);
#4405 = VERTEX_POINT('',#4406);
#4406 = CARTESIAN_POINT('',(16.690176918459,4.075293784567,17.25));
#4407 = VERTEX_POINT('',#4408);
#4408 = CARTESIAN_POINT('',(13.299073538825,10.876794932743,17.25));
#4409 = SURFACE_CURVE('',#4410,(#4414,#4421),.PCURVE_S1.);
#4410 = LINE('',#4411,#4412);
#4411 = CARTESIAN_POINT('',(16.913275825014,3.627826603766,17.25));
#4412 = VECTOR('',#4413,1.);
#4413 = DIRECTION('',(-0.44619781311,0.894934361602,0.));
#4414 = PCURVE('',#2070,#4415);
#4415 = DEFINITIONAL_REPRESENTATION('',(#4416),#4420);
#4416 = LINE('',#4417,#4418);
#4417 = CARTESIAN_POINT('',(0.,0.));
#4418 = VECTOR('',#4419,1.);
#4419 = DIRECTION('',(0.,1.));
#4420 = ( GEOMETRIC_REPRESENTATION_CONTEXT(2) 
PARAMETRIC_REPRESENTATION_CONTEXT() REPRESENTATION_CONTEXT('2D SPACE',''
  ) );
#4421 = PCURVE('',#4422,#4427);
#4422 = PLANE('',#4423);
#4423 = AXIS2_PLACEMENT_3D('',#4424,#4425,#4426);
#4424 = CARTESIAN_POINT('',(18.837384702458,4.587151901952,17.25));
#4425 = DIRECTION('',(0.,0.,1.));
#4426 = DIRECTION('',(-0.44619781311,0.894934361602,0.));
#4427 = DEFINITIONAL_REPRESENTATION('',(#4428),#4432);
#4428 = LINE('',#4429,#4430);
#4429 = CARTESIAN_POINT('',(3.134159598517E-13,2.15));
#4430 = VECTOR('',#4431,1.);
#4431 = DIRECTION('',(1.,0.));
#4432 = ( GEOMETRIC_REPRESENTATION_CONTEXT(2) 
PARAMETRIC_REPRESENTATION_CONTEXT() REPRESENTATION_CONTEXT('2D SPACE',''
  ) );
#4433 = ORIENTED_EDGE('',*,*,#4434,.T.);
#4434 = EDGE_CURVE('',#4405,#2254,#4435,.T.);
#4435 = SURFACE_CURVE('',#4436,(#4440,#4447),.PCURVE_S1.);
#4436 = LINE('',#4437,#4438);
#4437 = CARTESIAN_POINT('',(16.690176918459,4.075293784567,17.25));
#4438 = VECTOR('',#4439,1.);
#4439 = DIRECTION('',(0.,0.,1.));
#4440 = PCURVE('',#2070,#4441);
#4441 = DEFINITIONAL_REPRESENTATION('',(#4442),#4446);
#4442 = LINE('',#4443,#4444);
#4443 = CARTESIAN_POINT('',(0.,0.5));
#4444 = VECTOR('',#4445,1.);
#4445 = DIRECTION('',(1.,0.));
#4446 = ( GEOMETRIC_REPRESENTATION_CONTEXT(2) 
PARAMETRIC_REPRESENTATION_CONTEXT() REPRESENTATION_CONTEXT('2D SPACE',''
  ) );
#4447 = PCURVE('',#2270,#4448);
#4448 = DEFINITIONAL_REPRESENTATION('',(#4449),#4453);
#4449 = LINE('',#4450,#4451);
#4450 = CARTESIAN_POINT('',(4.712388980385,0.));
#4451 = VECTOR('',#4452,1.);
#4452 = DIRECTION('',(-0.,1.));
#4453 = ( GEOMETRIC_REPRESENTATION_CONTEXT(2) 
PARAMETRIC_REPRESENTATION_CONTEXT() REPRESENTATION_CONTEXT('2D SPACE',''
  ) );
#4454 = ORIENTED_EDGE('',*,*,#2282,.F.);
#4455 = ORIENTED_EDGE('',*,*,#4456,.T.);
#4456 = EDGE_CURVE('',#2283,#4457,#4459,.T.);
#4457 = VERTEX_POINT('',#4458);
#4458 = CARTESIAN_POINT('',(16.277781455278,4.902431120803,20.25));
#4459 = SURFACE_CURVE('',#4460,(#4464,#4471),.PCURVE_S1.);
#4460 = LINE('',#4461,#4462);
#4461 = CARTESIAN_POINT('',(16.277781455278,4.902431120803,18.89));
#4462 = VECTOR('',#4463,1.);
#4463 = DIRECTION('',(0.,0.,1.));
#4464 = PCURVE('',#2070,#4465);
#4465 = DEFINITIONAL_REPRESENTATION('',(#4466),#4470);
#4466 = LINE('',#4467,#4468);
#4467 = CARTESIAN_POINT('',(1.64,1.424243577769));
#4468 = VECTOR('',#4469,1.);
#4469 = DIRECTION('',(1.,0.));
#4470 = ( GEOMETRIC_REPRESENTATION_CONTEXT(2) 
PARAMETRIC_REPRESENTATION_CONTEXT() REPRESENTATION_CONTEXT('2D SPACE',''
  ) );
#4471 = PCURVE('',#2322,#4472);
#4472 = DEFINITIONAL_REPRESENTATION('',(#4473),#4476);
#4473 = B_SPLINE_CURVE_WITH_KNOTS('',1,(#4474,#4475),.UNSPECIFIED.,.F.,
  .F.,(2,2),(1.0099994,1.66),.PIECEWISE_BEZIER_KNOTS.);
#4474 = CARTESIAN_POINT('',(0.292532753868,1.0099994));
#4475 = CARTESIAN_POINT('',(0.292532753868,1.66));
#4476 = ( GEOMETRIC_REPRESENTATION_CONTEXT(2) 
PARAMETRIC_REPRESENTATION_CONTEXT() REPRESENTATION_CONTEXT('2D SPACE',''
  ) );
#4477 = ORIENTED_EDGE('',*,*,#4478,.T.);
#4478 = EDGE_CURVE('',#4457,#4308,#4479,.T.);
#4479 = SURFACE_CURVE('',#4480,(#4484,#4491),.PCURVE_S1.);
#4480 = LINE('',#4481,#4482);
#4481 = CARTESIAN_POINT('',(16.913275825014,3.627826603766,20.25));
#4482 = VECTOR('',#4483,1.);
#4483 = DIRECTION('',(-0.44619781311,0.894934361602,0.));
#4484 = PCURVE('',#2070,#4485);
#4485 = DEFINITIONAL_REPRESENTATION('',(#4486),#4490);
#4486 = LINE('',#4487,#4488);
#4487 = CARTESIAN_POINT('',(3.,0.));
#4488 = VECTOR('',#4489,1.);
#4489 = DIRECTION('',(0.,1.));
#4490 = ( GEOMETRIC_REPRESENTATION_CONTEXT(2) 
PARAMETRIC_REPRESENTATION_CONTEXT() REPRESENTATION_CONTEXT('2D SPACE',''
  ) );
#4491 = PCURVE('',#4346,#4492);
#4492 = DEFINITIONAL_REPRESENTATION('',(#4493),#4497);
#4493 = LINE('',#4494,#4495);
#4494 = CARTESIAN_POINT('',(3.134159598517E-13,2.15));
#4495 = VECTOR('',#4496,1.);
#4496 = DIRECTION('',(1.,0.));
#4497 = ( GEOMETRIC_REPRESENTATION_CONTEXT(2) 
PARAMETRIC_REPRESENTATION_CONTEXT() REPRESENTATION_CONTEXT('2D SPACE',''
  ) );
#4498 = ORIENTED_EDGE('',*,*,#4307,.T.);
#4499 = ORIENTED_EDGE('',*,*,#2054,.F.);
#4500 = ORIENTED_EDGE('',*,*,#4501,.F.);
#4501 = EDGE_CURVE('',#4407,#2055,#4502,.T.);
#4502 = SURFACE_CURVE('',#4503,(#4507,#4514),.PCURVE_S1.);
#4503 = LINE('',#4504,#4505);
#4504 = CARTESIAN_POINT('',(13.299073538825,10.876794932743,17.25));
#4505 = VECTOR('',#4506,1.);
#4506 = DIRECTION('',(0.,0.,1.));
#4507 = PCURVE('',#2070,#4508);
#4508 = DEFINITIONAL_REPRESENTATION('',(#4509),#4513);
#4509 = LINE('',#4510,#4511);
#4510 = CARTESIAN_POINT('',(0.,8.1));
#4511 = VECTOR('',#4512,1.);
#4512 = DIRECTION('',(1.,0.));
#4513 = ( GEOMETRIC_REPRESENTATION_CONTEXT(2) 
PARAMETRIC_REPRESENTATION_CONTEXT() REPRESENTATION_CONTEXT('2D SPACE',''
  ) );
#4514 = PCURVE('',#2099,#4515);
#4515 = DEFINITIONAL_REPRESENTATION('',(#4516),#4520);
#4516 = LINE('',#4517,#4518);
#4517 = CARTESIAN_POINT('',(1.570796326795,0.));
#4518 = VECTOR('',#4519,1.);
#4519 = DIRECTION('',(0.,1.));
#4520 = ( GEOMETRIC_REPRESENTATION_CONTEXT(2) 
PARAMETRIC_REPRESENTATION_CONTEXT() REPRESENTATION_CONTEXT('2D SPACE',''
  ) );
#4521 = ADVANCED_FACE('',(#4522),#2099,.F.);
#4522 = FACE_BOUND('',#4523,.F.);
#4523 = EDGE_LOOP('',(#4524,#4547,#4569,#4570));
#4524 = ORIENTED_EDGE('',*,*,#4525,.F.);
#4525 = EDGE_CURVE('',#4526,#2083,#4528,.T.);
#4526 = VERTEX_POINT('',#4527);
#4527 = CARTESIAN_POINT('',(13.523441813071,11.547361020098,17.25));
#4528 = SURFACE_CURVE('',#4529,(#4533,#4540),.PCURVE_S1.);
#4529 = LINE('',#4530,#4531);
#4530 = CARTESIAN_POINT('',(13.523441813071,11.547361020098,17.25));
#4531 = VECTOR('',#4532,1.);
#4532 = DIRECTION('',(0.,0.,1.));
#4533 = PCURVE('',#2099,#4534);
#4534 = DEFINITIONAL_REPRESENTATION('',(#4535),#4539);
#4535 = LINE('',#4536,#4537);
#4536 = CARTESIAN_POINT('',(0.,0.));
#4537 = VECTOR('',#4538,1.);
#4538 = DIRECTION('',(0.,1.));
#4539 = ( GEOMETRIC_REPRESENTATION_CONTEXT(2) 
PARAMETRIC_REPRESENTATION_CONTEXT() REPRESENTATION_CONTEXT('2D SPACE',''
  ) );
#4540 = PCURVE('',#2127,#4541);
#4541 = DEFINITIONAL_REPRESENTATION('',(#4542),#4546);
#4542 = LINE('',#4543,#4544);
#4543 = CARTESIAN_POINT('',(0.,-1.65));
#4544 = VECTOR('',#4545,1.);
#4545 = DIRECTION('',(1.,0.));
#4546 = ( GEOMETRIC_REPRESENTATION_CONTEXT(2) 
PARAMETRIC_REPRESENTATION_CONTEXT() REPRESENTATION_CONTEXT('2D SPACE',''
  ) );
#4547 = ORIENTED_EDGE('',*,*,#4548,.T.);
#4548 = EDGE_CURVE('',#4526,#4407,#4549,.T.);
#4549 = SURFACE_CURVE('',#4550,(#4555,#4562),.PCURVE_S1.);
#4550 = CIRCLE('',#4551,0.5);
#4551 = AXIS2_PLACEMENT_3D('',#4552,#4553,#4554);
#4552 = CARTESIAN_POINT('',(13.746540719626,11.099893839297,17.25));
#4553 = DIRECTION('',(0.,-0.,1.));
#4554 = DIRECTION('',(0.894934361602,0.44619781311,0.));
#4555 = PCURVE('',#2099,#4556);
#4556 = DEFINITIONAL_REPRESENTATION('',(#4557),#4561);
#4557 = LINE('',#4558,#4559);
#4558 = CARTESIAN_POINT('',(-1.570796326795,0.));
#4559 = VECTOR('',#4560,1.);
#4560 = DIRECTION('',(1.,0.));
#4561 = ( GEOMETRIC_REPRESENTATION_CONTEXT(2) 
PARAMETRIC_REPRESENTATION_CONTEXT() REPRESENTATION_CONTEXT('2D SPACE',''
  ) );
#4562 = PCURVE('',#4422,#4563);
#4563 = DEFINITIONAL_REPRESENTATION('',(#4564),#4568);
#4564 = CIRCLE('',#4565,0.5);
#4565 = AXIS2_PLACEMENT_2D('',#4566,#4567);
#4566 = CARTESIAN_POINT('',(8.1,1.649999999998));
#4567 = DIRECTION('',(0.,-1.));
#4568 = ( GEOMETRIC_REPRESENTATION_CONTEXT(2) 
PARAMETRIC_REPRESENTATION_CONTEXT() REPRESENTATION_CONTEXT('2D SPACE',''
  ) );
#4569 = ORIENTED_EDGE('',*,*,#4501,.T.);
#4570 = ORIENTED_EDGE('',*,*,#2082,.F.);
#4571 = ADVANCED_FACE('',(#4572),#2127,.F.);
#4572 = FACE_BOUND('',#4573,.F.);
#4573 = EDGE_LOOP('',(#4574,#4575,#4598,#4619));
#4574 = ORIENTED_EDGE('',*,*,#2111,.F.);
#4575 = ORIENTED_EDGE('',*,*,#4576,.F.);
#4576 = EDGE_CURVE('',#4577,#2112,#4579,.T.);
#4577 = VERTEX_POINT('',#4578);
#4578 = CARTESIAN_POINT('',(14.552616328913,12.060488505175,17.25));
#4579 = SURFACE_CURVE('',#4580,(#4584,#4591),.PCURVE_S1.);
#4580 = LINE('',#4581,#4582);
#4581 = CARTESIAN_POINT('',(14.552616328913,12.060488505175,17.25));
#4582 = VECTOR('',#4583,1.);
#4583 = DIRECTION('',(0.,0.,1.));
#4584 = PCURVE('',#2127,#4585);
#4585 = DEFINITIONAL_REPRESENTATION('',(#4586),#4590);
#4586 = LINE('',#4587,#4588);
#4587 = CARTESIAN_POINT('',(0.,-0.5));
#4588 = VECTOR('',#4589,1.);
#4589 = DIRECTION('',(1.,0.));
#4590 = ( GEOMETRIC_REPRESENTATION_CONTEXT(2) 
PARAMETRIC_REPRESENTATION_CONTEXT() REPRESENTATION_CONTEXT('2D SPACE',''
  ) );
#4591 = PCURVE('',#2156,#4592);
#4592 = DEFINITIONAL_REPRESENTATION('',(#4593),#4597);
#4593 = LINE('',#4594,#4595);
#4594 = CARTESIAN_POINT('',(6.28318530718,0.));
#4595 = VECTOR('',#4596,1.);
#4596 = DIRECTION('',(-0.,1.));
#4597 = ( GEOMETRIC_REPRESENTATION_CONTEXT(2) 
PARAMETRIC_REPRESENTATION_CONTEXT() REPRESENTATION_CONTEXT('2D SPACE',''
  ) );
#4598 = ORIENTED_EDGE('',*,*,#4599,.T.);
#4599 = EDGE_CURVE('',#4577,#4526,#4600,.T.);
#4600 = SURFACE_CURVE('',#4601,(#4605,#4612),.PCURVE_S1.);
#4601 = LINE('',#4602,#4603);
#4602 = CARTESIAN_POINT('',(15.000083509714,12.28358741173,17.25));
#4603 = VECTOR('',#4604,1.);
#4604 = DIRECTION('',(-0.894934361602,-0.44619781311,0.));
#4605 = PCURVE('',#2127,#4606);
#4606 = DEFINITIONAL_REPRESENTATION('',(#4607),#4611);
#4607 = LINE('',#4608,#4609);
#4608 = CARTESIAN_POINT('',(0.,0.));
#4609 = VECTOR('',#4610,1.);
#4610 = DIRECTION('',(0.,-1.));
#4611 = ( GEOMETRIC_REPRESENTATION_CONTEXT(2) 
PARAMETRIC_REPRESENTATION_CONTEXT() REPRESENTATION_CONTEXT('2D SPACE',''
  ) );
#4612 = PCURVE('',#4422,#4613);
#4613 = DEFINITIONAL_REPRESENTATION('',(#4614),#4618);
#4614 = LINE('',#4615,#4616);
#4615 = CARTESIAN_POINT('',(8.6,-2.148503597255E-12));
#4616 = VECTOR('',#4617,1.);
#4617 = DIRECTION('',(0.,1.));
#4618 = ( GEOMETRIC_REPRESENTATION_CONTEXT(2) 
PARAMETRIC_REPRESENTATION_CONTEXT() REPRESENTATION_CONTEXT('2D SPACE',''
  ) );
#4619 = ORIENTED_EDGE('',*,*,#4525,.T.);
#4620 = ADVANCED_FACE('',(#4621),#2156,.F.);
#4621 = FACE_BOUND('',#4622,.F.);
#4622 = EDGE_LOOP('',(#4623,#4624,#4647,#4673));
#4623 = ORIENTED_EDGE('',*,*,#2139,.F.);
#4624 = ORIENTED_EDGE('',*,*,#4625,.F.);
#4625 = EDGE_CURVE('',#4626,#2140,#4628,.T.);
#4626 = VERTEX_POINT('',#4627);
#4627 = CARTESIAN_POINT('',(15.223182416269,11.836120230929,17.25));
#4628 = SURFACE_CURVE('',#4629,(#4633,#4640),.PCURVE_S1.);
#4629 = LINE('',#4630,#4631);
#4630 = CARTESIAN_POINT('',(15.223182416269,11.836120230929,17.25));
#4631 = VECTOR('',#4632,1.);
#4632 = DIRECTION('',(0.,0.,1.));
#4633 = PCURVE('',#2156,#4634);
#4634 = DEFINITIONAL_REPRESENTATION('',(#4635),#4639);
#4635 = LINE('',#4636,#4637);
#4636 = CARTESIAN_POINT('',(4.712388980385,0.));
#4637 = VECTOR('',#4638,1.);
#4638 = DIRECTION('',(-0.,1.));
#4639 = ( GEOMETRIC_REPRESENTATION_CONTEXT(2) 
PARAMETRIC_REPRESENTATION_CONTEXT() REPRESENTATION_CONTEXT('2D SPACE',''
  ) );
#4640 = PCURVE('',#2184,#4641);
#4641 = DEFINITIONAL_REPRESENTATION('',(#4642),#4646);
#4642 = LINE('',#4643,#4644);
#4643 = CARTESIAN_POINT('',(0.,8.1));
#4644 = VECTOR('',#4645,1.);
#4645 = DIRECTION('',(1.,0.));
#4646 = ( GEOMETRIC_REPRESENTATION_CONTEXT(2) 
PARAMETRIC_REPRESENTATION_CONTEXT() REPRESENTATION_CONTEXT('2D SPACE',''
  ) );
#4647 = ORIENTED_EDGE('',*,*,#4648,.F.);
#4648 = EDGE_CURVE('',#4577,#4626,#4649,.T.);
#4649 = SURFACE_CURVE('',#4650,(#4655,#4662),.PCURVE_S1.);
#4650 = CIRCLE('',#4651,0.5);
#4651 = AXIS2_PLACEMENT_3D('',#4652,#4653,#4654);
#4652 = CARTESIAN_POINT('',(14.775715235468,11.613021324374,17.25));
#4653 = DIRECTION('',(0.,0.,-1.));
#4654 = DIRECTION('',(0.894934361602,0.44619781311,0.));
#4655 = PCURVE('',#2156,#4656);
#4656 = DEFINITIONAL_REPRESENTATION('',(#4657),#4661);
#4657 = LINE('',#4658,#4659);
#4658 = CARTESIAN_POINT('',(10.995574287565,0.));
#4659 = VECTOR('',#4660,1.);
#4660 = DIRECTION('',(-1.,0.));
#4661 = ( GEOMETRIC_REPRESENTATION_CONTEXT(2) 
PARAMETRIC_REPRESENTATION_CONTEXT() REPRESENTATION_CONTEXT('2D SPACE',''
  ) );
#4662 = PCURVE('',#4422,#4663);
#4663 = DEFINITIONAL_REPRESENTATION('',(#4664),#4672);
#4664 = ( BOUNDED_CURVE() B_SPLINE_CURVE(2,(#4665,#4666,#4667,#4668,
#4669,#4670,#4671),.UNSPECIFIED.,.T.,.F.) B_SPLINE_CURVE_WITH_KNOTS((1,2
    ,2,2,2,1),(-2.094395102393,0.,2.094395102393,4.188790204786,
6.28318530718,8.377580409573),.UNSPECIFIED.) CURVE() 
GEOMETRIC_REPRESENTATION_ITEM() RATIONAL_B_SPLINE_CURVE((1.,0.5,1.,0.5,
1.,0.5,1.)) REPRESENTATION_ITEM('') );
#4665 = CARTESIAN_POINT('',(8.1,-2.116640196448E-12));
#4666 = CARTESIAN_POINT('',(7.233974596216,-2.116640196448E-12));
#4667 = CARTESIAN_POINT('',(7.666987298108,0.749999999998));
#4668 = CARTESIAN_POINT('',(8.1,1.499999999998));
#4669 = CARTESIAN_POINT('',(8.533012701893,0.749999999998));
#4670 = CARTESIAN_POINT('',(8.966025403785,-2.115863040331E-12));
#4671 = CARTESIAN_POINT('',(8.1,-2.116640196448E-12));
#4672 = ( GEOMETRIC_REPRESENTATION_CONTEXT(2) 
PARAMETRIC_REPRESENTATION_CONTEXT() REPRESENTATION_CONTEXT('2D SPACE',''
  ) );
#4673 = ORIENTED_EDGE('',*,*,#4576,.T.);
#4674 = ADVANCED_FACE('',(#4675),#2184,.T.);
#4675 = FACE_BOUND('',#4676,.T.);
#4676 = EDGE_LOOP('',(#4677,#4700,#4721,#4722));
#4677 = ORIENTED_EDGE('',*,*,#4678,.F.);
#4678 = EDGE_CURVE('',#4679,#4626,#4681,.T.);
#4679 = VERTEX_POINT('',#4680);
#4680 = CARTESIAN_POINT('',(18.614285795904,5.034619082753,17.25));
#4681 = SURFACE_CURVE('',#4682,(#4686,#4693),.PCURVE_S1.);
#4682 = LINE('',#4683,#4684);
#4683 = CARTESIAN_POINT('',(18.837384702458,4.587151901952,17.25));
#4684 = VECTOR('',#4685,1.);
#4685 = DIRECTION('',(-0.44619781311,0.894934361602,0.));
#4686 = PCURVE('',#2184,#4687);
#4687 = DEFINITIONAL_REPRESENTATION('',(#4688),#4692);
#4688 = LINE('',#4689,#4690);
#4689 = CARTESIAN_POINT('',(0.,0.));
#4690 = VECTOR('',#4691,1.);
#4691 = DIRECTION('',(0.,1.));
#4692 = ( GEOMETRIC_REPRESENTATION_CONTEXT(2) 
PARAMETRIC_REPRESENTATION_CONTEXT() REPRESENTATION_CONTEXT('2D SPACE',''
  ) );
#4693 = PCURVE('',#4422,#4694);
#4694 = DEFINITIONAL_REPRESENTATION('',(#4695),#4699);
#4695 = LINE('',#4696,#4697);
#4696 = CARTESIAN_POINT('',(0.,0.));
#4697 = VECTOR('',#4698,1.);
#4698 = DIRECTION('',(1.,0.));
#4699 = ( GEOMETRIC_REPRESENTATION_CONTEXT(2) 
PARAMETRIC_REPRESENTATION_CONTEXT() REPRESENTATION_CONTEXT('2D SPACE',''
  ) );
#4700 = ORIENTED_EDGE('',*,*,#4701,.T.);
#4701 = EDGE_CURVE('',#4679,#2169,#4702,.T.);
#4702 = SURFACE_CURVE('',#4703,(#4707,#4714),.PCURVE_S1.);
#4703 = LINE('',#4704,#4705);
#4704 = CARTESIAN_POINT('',(18.614285795904,5.034619082753,17.25));
#4705 = VECTOR('',#4706,1.);
#4706 = DIRECTION('',(0.,0.,1.));
#4707 = PCURVE('',#2184,#4708);
#4708 = DEFINITIONAL_REPRESENTATION('',(#4709),#4713);
#4709 = LINE('',#4710,#4711);
#4710 = CARTESIAN_POINT('',(0.,0.5));
#4711 = VECTOR('',#4712,1.);
#4712 = DIRECTION('',(1.,0.));
#4713 = ( GEOMETRIC_REPRESENTATION_CONTEXT(2) 
PARAMETRIC_REPRESENTATION_CONTEXT() REPRESENTATION_CONTEXT('2D SPACE',''
  ) );
#4714 = PCURVE('',#2213,#4715);
#4715 = DEFINITIONAL_REPRESENTATION('',(#4716),#4720);
#4716 = LINE('',#4717,#4718);
#4717 = CARTESIAN_POINT('',(1.570796326795,0.));
#4718 = VECTOR('',#4719,1.);
#4719 = DIRECTION('',(0.,1.));
#4720 = ( GEOMETRIC_REPRESENTATION_CONTEXT(2) 
PARAMETRIC_REPRESENTATION_CONTEXT() REPRESENTATION_CONTEXT('2D SPACE',''
  ) );
#4721 = ORIENTED_EDGE('',*,*,#2168,.F.);
#4722 = ORIENTED_EDGE('',*,*,#4625,.F.);
#4723 = ADVANCED_FACE('',(#4724),#2213,.F.);
#4724 = FACE_BOUND('',#4725,.F.);
#4725 = EDGE_LOOP('',(#4726,#4749,#4771,#4772));
#4726 = ORIENTED_EDGE('',*,*,#4727,.F.);
#4727 = EDGE_CURVE('',#4728,#2197,#4730,.T.);
#4728 = VERTEX_POINT('',#4729);
#4729 = CARTESIAN_POINT('',(18.389917521657,4.364052995397,17.25));
#4730 = SURFACE_CURVE('',#4731,(#4735,#4742),.PCURVE_S1.);
#4731 = LINE('',#4732,#4733);
#4732 = CARTESIAN_POINT('',(18.389917521657,4.364052995397,17.25));
#4733 = VECTOR('',#4734,1.);
#4734 = DIRECTION('',(0.,0.,1.));
#4735 = PCURVE('',#2213,#4736);
#4736 = DEFINITIONAL_REPRESENTATION('',(#4737),#4741);
#4737 = LINE('',#4738,#4739);
#4738 = CARTESIAN_POINT('',(0.,0.));
#4739 = VECTOR('',#4740,1.);
#4740 = DIRECTION('',(0.,1.));
#4741 = ( GEOMETRIC_REPRESENTATION_CONTEXT(2) 
PARAMETRIC_REPRESENTATION_CONTEXT() REPRESENTATION_CONTEXT('2D SPACE',''
  ) );
#4742 = PCURVE('',#2241,#4743);
#4743 = DEFINITIONAL_REPRESENTATION('',(#4744),#4748);
#4744 = LINE('',#4745,#4746);
#4745 = CARTESIAN_POINT('',(0.,-0.5));
#4746 = VECTOR('',#4747,1.);
#4747 = DIRECTION('',(1.,0.));
#4748 = ( GEOMETRIC_REPRESENTATION_CONTEXT(2) 
PARAMETRIC_REPRESENTATION_CONTEXT() REPRESENTATION_CONTEXT('2D SPACE',''
  ) );
#4749 = ORIENTED_EDGE('',*,*,#4750,.T.);
#4750 = EDGE_CURVE('',#4728,#4679,#4751,.T.);
#4751 = SURFACE_CURVE('',#4752,(#4757,#4764),.PCURVE_S1.);
#4752 = CIRCLE('',#4753,0.5);
#4753 = AXIS2_PLACEMENT_3D('',#4754,#4755,#4756);
#4754 = CARTESIAN_POINT('',(18.166818615103,4.811520176198,17.25));
#4755 = DIRECTION('',(0.,-0.,1.));
#4756 = DIRECTION('',(0.894934361602,0.44619781311,0.));
#4757 = PCURVE('',#2213,#4758);
#4758 = DEFINITIONAL_REPRESENTATION('',(#4759),#4763);
#4759 = LINE('',#4760,#4761);
#4760 = CARTESIAN_POINT('',(-4.712388980385,0.));
#4761 = VECTOR('',#4762,1.);
#4762 = DIRECTION('',(1.,0.));
#4763 = ( GEOMETRIC_REPRESENTATION_CONTEXT(2) 
PARAMETRIC_REPRESENTATION_CONTEXT() REPRESENTATION_CONTEXT('2D SPACE',''
  ) );
#4764 = PCURVE('',#4422,#4765);
#4765 = DEFINITIONAL_REPRESENTATION('',(#4766),#4770);
#4766 = CIRCLE('',#4767,0.5);
#4767 = AXIS2_PLACEMENT_2D('',#4768,#4769);
#4768 = CARTESIAN_POINT('',(0.5,0.499999999999));
#4769 = DIRECTION('',(0.,-1.));
#4770 = ( GEOMETRIC_REPRESENTATION_CONTEXT(2) 
PARAMETRIC_REPRESENTATION_CONTEXT() REPRESENTATION_CONTEXT('2D SPACE',''
  ) );
#4771 = ORIENTED_EDGE('',*,*,#4701,.T.);
#4772 = ORIENTED_EDGE('',*,*,#2196,.F.);
#4773 = ADVANCED_FACE('',(#4774),#2241,.T.);
#4774 = FACE_BOUND('',#4775,.T.);
#4775 = EDGE_LOOP('',(#4776,#4777,#4778,#4801));
#4776 = ORIENTED_EDGE('',*,*,#2225,.F.);
#4777 = ORIENTED_EDGE('',*,*,#4727,.F.);
#4778 = ORIENTED_EDGE('',*,*,#4779,.T.);
#4779 = EDGE_CURVE('',#4728,#4780,#4782,.T.);
#4780 = VERTEX_POINT('',#4781);
#4781 = CARTESIAN_POINT('',(17.360743005815,3.850925510321,17.25));
#4782 = SURFACE_CURVE('',#4783,(#4787,#4794),.PCURVE_S1.);
#4783 = LINE('',#4784,#4785);
#4784 = CARTESIAN_POINT('',(18.837384702458,4.587151901952,17.25));
#4785 = VECTOR('',#4786,1.);
#4786 = DIRECTION('',(-0.894934361602,-0.44619781311,0.));
#4787 = PCURVE('',#2241,#4788);
#4788 = DEFINITIONAL_REPRESENTATION('',(#4789),#4793);
#4789 = LINE('',#4790,#4791);
#4790 = CARTESIAN_POINT('',(0.,0.));
#4791 = VECTOR('',#4792,1.);
#4792 = DIRECTION('',(0.,-1.));
#4793 = ( GEOMETRIC_REPRESENTATION_CONTEXT(2) 
PARAMETRIC_REPRESENTATION_CONTEXT() REPRESENTATION_CONTEXT('2D SPACE',''
  ) );
#4794 = PCURVE('',#4422,#4795);
#4795 = DEFINITIONAL_REPRESENTATION('',(#4796),#4800);
#4796 = LINE('',#4797,#4798);
#4797 = CARTESIAN_POINT('',(0.,0.));
#4798 = VECTOR('',#4799,1.);
#4799 = DIRECTION('',(0.,1.));
#4800 = ( GEOMETRIC_REPRESENTATION_CONTEXT(2) 
PARAMETRIC_REPRESENTATION_CONTEXT() REPRESENTATION_CONTEXT('2D SPACE',''
  ) );
#4801 = ORIENTED_EDGE('',*,*,#4802,.T.);
#4802 = EDGE_CURVE('',#4780,#2226,#4803,.T.);
#4803 = SURFACE_CURVE('',#4804,(#4808,#4815),.PCURVE_S1.);
#4804 = LINE('',#4805,#4806);
#4805 = CARTESIAN_POINT('',(17.360743005815,3.850925510321,17.25));
#4806 = VECTOR('',#4807,1.);
#4807 = DIRECTION('',(0.,0.,1.));
#4808 = PCURVE('',#2241,#4809);
#4809 = DEFINITIONAL_REPRESENTATION('',(#4810),#4814);
#4810 = LINE('',#4811,#4812);
#4811 = CARTESIAN_POINT('',(0.,-1.65));
#4812 = VECTOR('',#4813,1.);
#4813 = DIRECTION('',(1.,0.));
#4814 = ( GEOMETRIC_REPRESENTATION_CONTEXT(2) 
PARAMETRIC_REPRESENTATION_CONTEXT() REPRESENTATION_CONTEXT('2D SPACE',''
  ) );
#4815 = PCURVE('',#2270,#4816);
#4816 = DEFINITIONAL_REPRESENTATION('',(#4817),#4821);
#4817 = LINE('',#4818,#4819);
#4818 = CARTESIAN_POINT('',(6.28318530718,0.));
#4819 = VECTOR('',#4820,1.);
#4820 = DIRECTION('',(-0.,1.));
#4821 = ( GEOMETRIC_REPRESENTATION_CONTEXT(2) 
PARAMETRIC_REPRESENTATION_CONTEXT() REPRESENTATION_CONTEXT('2D SPACE',''
  ) );
#4822 = ADVANCED_FACE('',(#4823),#2270,.F.);
#4823 = FACE_BOUND('',#4824,.F.);
#4824 = EDGE_LOOP('',(#4825,#4826,#4827,#4853));
#4825 = ORIENTED_EDGE('',*,*,#2253,.F.);
#4826 = ORIENTED_EDGE('',*,*,#4434,.F.);
#4827 = ORIENTED_EDGE('',*,*,#4828,.F.);
#4828 = EDGE_CURVE('',#4780,#4405,#4829,.T.);
#4829 = SURFACE_CURVE('',#4830,(#4835,#4842),.PCURVE_S1.);
#4830 = CIRCLE('',#4831,0.5);
#4831 = AXIS2_PLACEMENT_3D('',#4832,#4833,#4834);
#4832 = CARTESIAN_POINT('',(17.13764409926,4.298392691122,17.25));
#4833 = DIRECTION('',(0.,0.,-1.));
#4834 = DIRECTION('',(0.894934361602,0.44619781311,0.));
#4835 = PCURVE('',#2270,#4836);
#4836 = DEFINITIONAL_REPRESENTATION('',(#4837),#4841);
#4837 = LINE('',#4838,#4839);
#4838 = CARTESIAN_POINT('',(7.853981633975,0.));
#4839 = VECTOR('',#4840,1.);
#4840 = DIRECTION('',(-1.,0.));
#4841 = ( GEOMETRIC_REPRESENTATION_CONTEXT(2) 
PARAMETRIC_REPRESENTATION_CONTEXT() REPRESENTATION_CONTEXT('2D SPACE',''
  ) );
#4842 = PCURVE('',#4422,#4843);
#4843 = DEFINITIONAL_REPRESENTATION('',(#4844),#4852);
#4844 = ( BOUNDED_CURVE() B_SPLINE_CURVE(2,(#4845,#4846,#4847,#4848,
#4849,#4850,#4851),.UNSPECIFIED.,.T.,.F.) B_SPLINE_CURVE_WITH_KNOTS((1,2
    ,2,2,2,1),(-2.094395102393,0.,2.094395102393,4.188790204786,
6.28318530718,8.377580409573),.UNSPECIFIED.) CURVE() 
GEOMETRIC_REPRESENTATION_ITEM() RATIONAL_B_SPLINE_CURVE((1.,0.5,1.,0.5,
1.,0.5,1.)) REPRESENTATION_ITEM('') );
#4845 = CARTESIAN_POINT('',(0.5,1.15));
#4846 = CARTESIAN_POINT('',(-0.366025403784,1.15));
#4847 = CARTESIAN_POINT('',(6.698729810813E-02,1.9));
#4848 = CARTESIAN_POINT('',(0.5,2.65));
#4849 = CARTESIAN_POINT('',(0.933012701893,1.9));
#4850 = CARTESIAN_POINT('',(1.366025403785,1.15));
#4851 = CARTESIAN_POINT('',(0.5,1.15));
#4852 = ( GEOMETRIC_REPRESENTATION_CONTEXT(2) 
PARAMETRIC_REPRESENTATION_CONTEXT() REPRESENTATION_CONTEXT('2D SPACE',''
  ) );
#4853 = ORIENTED_EDGE('',*,*,#4802,.T.);
#4854 = ADVANCED_FACE('',(#4855),#2322,.T.);
#4855 = FACE_BOUND('',#4856,.T.);
#4856 = EDGE_LOOP('',(#4857,#4879,#4880,#4881,#4903,#4904));
#4857 = ORIENTED_EDGE('',*,*,#4858,.F.);
#4858 = EDGE_CURVE('',#2306,#4859,#4861,.T.);
#4859 = VERTEX_POINT('',#4860);
#4860 = CARTESIAN_POINT('',(16.232740832715,-5.049566818838,24.04));
#4861 = SURFACE_CURVE('',#4862,(#4866,#4872),.PCURVE_S1.);
#4862 = LINE('',#4863,#4864);
#4863 = CARTESIAN_POINT('',(16.232740832715,-5.049566818838,18.89));
#4864 = VECTOR('',#4865,1.);
#4865 = DIRECTION('',(0.,0.,1.));
#4866 = PCURVE('',#2322,#4867);
#4867 = DEFINITIONAL_REPRESENTATION('',(#4868),#4871);
#4868 = B_SPLINE_CURVE_WITH_KNOTS('',1,(#4869,#4870),.UNSPECIFIED.,.F.,
  .F.,(2,2),(1.,5.15),.PIECEWISE_BEZIER_KNOTS.);
#4869 = CARTESIAN_POINT('',(-0.301584266001,1.));
#4870 = CARTESIAN_POINT('',(-0.301584266001,5.15));
#4871 = ( GEOMETRIC_REPRESENTATION_CONTEXT(2) 
PARAMETRIC_REPRESENTATION_CONTEXT() REPRESENTATION_CONTEXT('2D SPACE',''
  ) );
#4872 = PCURVE('',#2350,#4873);
#4873 = DEFINITIONAL_REPRESENTATION('',(#4874),#4878);
#4874 = LINE('',#4875,#4876);
#4875 = CARTESIAN_POINT('',(9.608278072405,1.));
#4876 = VECTOR('',#4877,1.);
#4877 = DIRECTION('',(0.,-1.));
#4878 = ( GEOMETRIC_REPRESENTATION_CONTEXT(2) 
PARAMETRIC_REPRESENTATION_CONTEXT() REPRESENTATION_CONTEXT('2D SPACE',''
  ) );
#4879 = ORIENTED_EDGE('',*,*,#2305,.T.);
#4880 = ORIENTED_EDGE('',*,*,#4456,.T.);
#4881 = ORIENTED_EDGE('',*,*,#4882,.T.);
#4882 = EDGE_CURVE('',#4457,#4331,#4883,.T.);
#4883 = SURFACE_CURVE('',#4884,(#4889,#4896),.PCURVE_S1.);
#4884 = CIRCLE('',#4885,17.);
#4885 = AXIS2_PLACEMENT_3D('',#4886,#4887,#4888);
#4886 = CARTESIAN_POINT('',(0.,0.,20.25));
#4887 = DIRECTION('',(0.,0.,1.));
#4888 = DIRECTION('',(1.,0.,-0.));
#4889 = PCURVE('',#2322,#4890);
#4890 = DEFINITIONAL_REPRESENTATION('',(#4891),#4895);
#4891 = LINE('',#4892,#4893);
#4892 = CARTESIAN_POINT('',(4.138911435803E-13,1.36));
#4893 = VECTOR('',#4894,1.);
#4894 = DIRECTION('',(1.,0.));
#4895 = ( GEOMETRIC_REPRESENTATION_CONTEXT(2) 
PARAMETRIC_REPRESENTATION_CONTEXT() REPRESENTATION_CONTEXT('2D SPACE',''
  ) );
#4896 = PCURVE('',#4346,#4897);
#4897 = DEFINITIONAL_REPRESENTATION('',(#4898),#4902);
#4898 = CIRCLE('',#4899,17.);
#4899 = AXIS2_PLACEMENT_2D('',#4900,#4901);
#4900 = CARTESIAN_POINT('',(4.300000000003,18.904999999999));
#4901 = DIRECTION('',(-0.44619781311,-0.894934361602));
#4902 = ( GEOMETRIC_REPRESENTATION_CONTEXT(2) 
PARAMETRIC_REPRESENTATION_CONTEXT() REPRESENTATION_CONTEXT('2D SPACE',''
  ) );
#4903 = ORIENTED_EDGE('',*,*,#4358,.T.);
#4904 = ORIENTED_EDGE('',*,*,#4905,.T.);
#4905 = EDGE_CURVE('',#4359,#4859,#4906,.T.);
#4906 = SURFACE_CURVE('',#4907,(#4912,#4919),.PCURVE_S1.);
#4907 = CIRCLE('',#4908,17.);
#4908 = AXIS2_PLACEMENT_3D('',#4909,#4910,#4911);
#4909 = CARTESIAN_POINT('',(0.,0.,24.04));
#4910 = DIRECTION('',(-2.465190328816E-32,4.498854004551E-16,-1.));
#4911 = DIRECTION('',(0.885559840597,0.464525315481,2.089831575766E-16)
  );
#4912 = PCURVE('',#2322,#4913);
#4913 = DEFINITIONAL_REPRESENTATION('',(#4914),#4918);
#4914 = LINE('',#4915,#4916);
#4915 = CARTESIAN_POINT('',(0.483098508208,5.15));
#4916 = VECTOR('',#4917,1.);
#4917 = DIRECTION('',(-1.,-0.));
#4918 = ( GEOMETRIC_REPRESENTATION_CONTEXT(2) 
PARAMETRIC_REPRESENTATION_CONTEXT() REPRESENTATION_CONTEXT('2D SPACE',''
  ) );
#4919 = PCURVE('',#4243,#4920);
#4920 = DEFINITIONAL_REPRESENTATION('',(#4921),#4929);
#4921 = ( BOUNDED_CURVE() B_SPLINE_CURVE(2,(#4922,#4923,#4924,#4925,
#4926,#4927,#4928),.UNSPECIFIED.,.T.,.F.) B_SPLINE_CURVE_WITH_KNOTS((1,2
    ,2,2,2,1),(-2.094395102393,0.,2.094395102393,4.188790204786,
6.28318530718,8.377580409573),.UNSPECIFIED.) CURVE() 
GEOMETRIC_REPRESENTATION_ITEM() RATIONAL_B_SPLINE_CURVE((1.,0.5,1.,0.5,
1.,0.5,1.)) REPRESENTATION_ITEM('') );
#4922 = CARTESIAN_POINT('',(2.556168087512,6.759491481691));
#4923 = CARTESIAN_POINT('',(16.234052700362,-19.31569734825));
#4924 = CARTESIAN_POINT('',(-13.18666554127,-18.12349847804));
#4925 = CARTESIAN_POINT('',(-42.60738378291,-16.93129960782));
#4926 = CARTESIAN_POINT('',(-26.86455015412,7.951690351906));
#4927 = CARTESIAN_POINT('',(-11.12171652533,32.834680311642));
#4928 = CARTESIAN_POINT('',(2.556168087512,6.759491481691));
#4929 = ( GEOMETRIC_REPRESENTATION_CONTEXT(2) 
PARAMETRIC_REPRESENTATION_CONTEXT() REPRESENTATION_CONTEXT('2D SPACE',''
  ) );
#4930 = ADVANCED_FACE('',(#4931),#2350,.F.);
#4931 = FACE_BOUND('',#4932,.F.);
#4932 = EDGE_LOOP('',(#4933,#4934,#4935,#4956));
#4933 = ORIENTED_EDGE('',*,*,#2334,.T.);
#4934 = ORIENTED_EDGE('',*,*,#4281,.T.);
#4935 = ORIENTED_EDGE('',*,*,#4936,.T.);
#4936 = EDGE_CURVE('',#4227,#4859,#4937,.T.);
#4937 = SURFACE_CURVE('',#4938,(#4942,#4949),.PCURVE_S1.);
#4938 = LINE('',#4939,#4940);
#4939 = CARTESIAN_POINT('',(6.664006602843,-5.920389851797,24.04));
#4940 = VECTOR('',#4941,1.);
#4941 = DIRECTION('',(0.995884398616,9.063258019778E-02,0.));
#4942 = PCURVE('',#2350,#4943);
#4943 = DEFINITIONAL_REPRESENTATION('',(#4944),#4948);
#4944 = LINE('',#4945,#4946);
#4945 = CARTESIAN_POINT('',(0.,-4.15));
#4946 = VECTOR('',#4947,1.);
#4947 = DIRECTION('',(1.,0.));
#4948 = ( GEOMETRIC_REPRESENTATION_CONTEXT(2) 
PARAMETRIC_REPRESENTATION_CONTEXT() REPRESENTATION_CONTEXT('2D SPACE',''
  ) );
#4949 = PCURVE('',#4243,#4950);
#4950 = DEFINITIONAL_REPRESENTATION('',(#4951),#4955);
#4951 = LINE('',#4952,#4953);
#4952 = CARTESIAN_POINT('',(-5.834342599787,-7.057828733279));
#4953 = VECTOR('',#4954,1.);
#4954 = DIRECTION('',(0.995884398616,9.063258019778E-02));
#4955 = ( GEOMETRIC_REPRESENTATION_CONTEXT(2) 
PARAMETRIC_REPRESENTATION_CONTEXT() REPRESENTATION_CONTEXT('2D SPACE',''
  ) );
#4956 = ORIENTED_EDGE('',*,*,#4858,.F.);
#4957 = ADVANCED_FACE('',(#4958),#2426,.T.);
#4958 = FACE_BOUND('',#4959,.T.);
#4959 = EDGE_LOOP('',(#4960,#4961,#4982,#4983));
#4960 = ORIENTED_EDGE('',*,*,#3380,.F.);
#4961 = ORIENTED_EDGE('',*,*,#4962,.T.);
#4962 = EDGE_CURVE('',#3357,#3180,#4963,.T.);
#4963 = SURFACE_CURVE('',#4964,(#4968,#4975),.PCURVE_S1.);
#4964 = LINE('',#4965,#4966);
#4965 = CARTESIAN_POINT('',(8.292887046351,-13.16888114786,15.));
#4966 = VECTOR('',#4967,1.);
#4967 = DIRECTION('',(0.532876276071,-0.846193166128,0.));
#4968 = PCURVE('',#2426,#4969);
#4969 = DEFINITIONAL_REPRESENTATION('',(#4970),#4974);
#4970 = LINE('',#4971,#4972);
#4971 = CARTESIAN_POINT('',(15.562499999999,-1.));
#4972 = VECTOR('',#4973,1.);
#4973 = DIRECTION('',(-1.,-0.));
#4974 = ( GEOMETRIC_REPRESENTATION_CONTEXT(2) 
PARAMETRIC_REPRESENTATION_CONTEXT() REPRESENTATION_CONTEXT('2D SPACE',''
  ) );
#4975 = PCURVE('',#3196,#4976);
#4976 = DEFINITIONAL_REPRESENTATION('',(#4977),#4981);
#4977 = LINE('',#4978,#4979);
#4978 = CARTESIAN_POINT('',(8.292887046351,-13.16888114786));
#4979 = VECTOR('',#4980,1.);
#4980 = DIRECTION('',(0.532876276071,-0.846193166128));
#4981 = ( GEOMETRIC_REPRESENTATION_CONTEXT(2) 
PARAMETRIC_REPRESENTATION_CONTEXT() REPRESENTATION_CONTEXT('2D SPACE',''
  ) );
#4982 = ORIENTED_EDGE('',*,*,#3208,.T.);
#4983 = ORIENTED_EDGE('',*,*,#2410,.F.);
#4984 = ADVANCED_FACE('',(#4985),#2483,.F.);
#4985 = FACE_BOUND('',#4986,.F.);
#4986 = EDGE_LOOP('',(#4987,#5010,#5039,#5060));
#4987 = ORIENTED_EDGE('',*,*,#4988,.F.);
#4988 = EDGE_CURVE('',#4989,#2465,#4991,.T.);
#4989 = VERTEX_POINT('',#4990);
#4990 = CARTESIAN_POINT('',(-18.38991752165,-4.364052995397,17.25));
#4991 = SURFACE_CURVE('',#4992,(#4996,#5003),.PCURVE_S1.);
#4992 = LINE('',#4993,#4994);
#4993 = CARTESIAN_POINT('',(-18.38991752165,-4.364052995397,17.25));
#4994 = VECTOR('',#4995,1.);
#4995 = DIRECTION('',(0.,0.,1.));
#4996 = PCURVE('',#2483,#4997);
#4997 = DEFINITIONAL_REPRESENTATION('',(#4998),#5002);
#4998 = LINE('',#4999,#5000);
#4999 = CARTESIAN_POINT('',(0.,0.));
#5000 = VECTOR('',#5001,1.);
#5001 = DIRECTION('',(0.,1.));
#5002 = ( GEOMETRIC_REPRESENTATION_CONTEXT(2) 
PARAMETRIC_REPRESENTATION_CONTEXT() REPRESENTATION_CONTEXT('2D SPACE',''
  ) );
#5003 = PCURVE('',#2511,#5004);
#5004 = DEFINITIONAL_REPRESENTATION('',(#5005),#5009);
#5005 = LINE('',#5006,#5007);
#5006 = CARTESIAN_POINT('',(0.,-0.499999999999));
#5007 = VECTOR('',#5008,1.);
#5008 = DIRECTION('',(1.,0.));
#5009 = ( GEOMETRIC_REPRESENTATION_CONTEXT(2) 
PARAMETRIC_REPRESENTATION_CONTEXT() REPRESENTATION_CONTEXT('2D SPACE',''
  ) );
#5010 = ORIENTED_EDGE('',*,*,#5011,.T.);
#5011 = EDGE_CURVE('',#4989,#5012,#5014,.T.);
#5012 = VERTEX_POINT('',#5013);
#5013 = CARTESIAN_POINT('',(-18.6142857959,-5.034619082753,17.25));
#5014 = SURFACE_CURVE('',#5015,(#5020,#5027),.PCURVE_S1.);
#5015 = CIRCLE('',#5016,0.5);
#5016 = AXIS2_PLACEMENT_3D('',#5017,#5018,#5019);
#5017 = CARTESIAN_POINT('',(-18.1668186151,-4.811520176198,17.25));
#5018 = DIRECTION('',(0.,0.,1.));
#5019 = DIRECTION('',(-0.894934361602,-0.44619781311,0.));
#5020 = PCURVE('',#2483,#5021);
#5021 = DEFINITIONAL_REPRESENTATION('',(#5022),#5026);
#5022 = LINE('',#5023,#5024);
#5023 = CARTESIAN_POINT('',(-4.712388980385,0.));
#5024 = VECTOR('',#5025,1.);
#5025 = DIRECTION('',(1.,0.));
#5026 = ( GEOMETRIC_REPRESENTATION_CONTEXT(2) 
PARAMETRIC_REPRESENTATION_CONTEXT() REPRESENTATION_CONTEXT('2D SPACE',''
  ) );
#5027 = PCURVE('',#5028,#5033);
#5028 = PLANE('',#5029);
#5029 = AXIS2_PLACEMENT_3D('',#5030,#5031,#5032);
#5030 = CARTESIAN_POINT('',(-18.83738470245,-4.587151901952,17.25));
#5031 = DIRECTION('',(0.,0.,1.));
#5032 = DIRECTION('',(0.44619781311,-0.894934361602,0.));
#5033 = DEFINITIONAL_REPRESENTATION('',(#5034),#5038);
#5034 = CIRCLE('',#5035,0.5);
#5035 = AXIS2_PLACEMENT_2D('',#5036,#5037);
#5036 = CARTESIAN_POINT('',(0.499999999997,0.499999999995));
#5037 = DIRECTION('',(0.,-1.));
#5038 = ( GEOMETRIC_REPRESENTATION_CONTEXT(2) 
PARAMETRIC_REPRESENTATION_CONTEXT() REPRESENTATION_CONTEXT('2D SPACE',''
  ) );
#5039 = ORIENTED_EDGE('',*,*,#5040,.T.);
#5040 = EDGE_CURVE('',#5012,#2467,#5041,.T.);
#5041 = SURFACE_CURVE('',#5042,(#5046,#5053),.PCURVE_S1.);
#5042 = LINE('',#5043,#5044);
#5043 = CARTESIAN_POINT('',(-18.6142857959,-5.034619082753,17.25));
#5044 = VECTOR('',#5045,1.);
#5045 = DIRECTION('',(0.,0.,1.));
#5046 = PCURVE('',#2483,#5047);
#5047 = DEFINITIONAL_REPRESENTATION('',(#5048),#5052);
#5048 = LINE('',#5049,#5050);
#5049 = CARTESIAN_POINT('',(1.570796326795,0.));
#5050 = VECTOR('',#5051,1.);
#5051 = DIRECTION('',(0.,1.));
#5052 = ( GEOMETRIC_REPRESENTATION_CONTEXT(2) 
PARAMETRIC_REPRESENTATION_CONTEXT() REPRESENTATION_CONTEXT('2D SPACE',''
  ) );
#5053 = PCURVE('',#2680,#5054);
#5054 = DEFINITIONAL_REPRESENTATION('',(#5055),#5059);
#5055 = LINE('',#5056,#5057);
#5056 = CARTESIAN_POINT('',(0.,0.499999999998));
#5057 = VECTOR('',#5058,1.);
#5058 = DIRECTION('',(1.,0.));
#5059 = ( GEOMETRIC_REPRESENTATION_CONTEXT(2) 
PARAMETRIC_REPRESENTATION_CONTEXT() REPRESENTATION_CONTEXT('2D SPACE',''
  ) );
#5060 = ORIENTED_EDGE('',*,*,#2464,.F.);
#5061 = ADVANCED_FACE('',(#5062),#2511,.T.);
#5062 = FACE_BOUND('',#5063,.T.);
#5063 = EDGE_LOOP('',(#5064,#5065,#5066,#5089));
#5064 = ORIENTED_EDGE('',*,*,#2495,.F.);
#5065 = ORIENTED_EDGE('',*,*,#4988,.F.);
#5066 = ORIENTED_EDGE('',*,*,#5067,.T.);
#5067 = EDGE_CURVE('',#4989,#5068,#5070,.T.);
#5068 = VERTEX_POINT('',#5069);
#5069 = CARTESIAN_POINT('',(-17.36074300581,-3.850925510321,17.25));
#5070 = SURFACE_CURVE('',#5071,(#5075,#5082),.PCURVE_S1.);
#5071 = LINE('',#5072,#5073);
#5072 = CARTESIAN_POINT('',(-18.83738470245,-4.587151901952,17.25));
#5073 = VECTOR('',#5074,1.);
#5074 = DIRECTION('',(0.894934361602,0.44619781311,0.));
#5075 = PCURVE('',#2511,#5076);
#5076 = DEFINITIONAL_REPRESENTATION('',(#5077),#5081);
#5077 = LINE('',#5078,#5079);
#5078 = CARTESIAN_POINT('',(0.,0.));
#5079 = VECTOR('',#5080,1.);
#5080 = DIRECTION('',(0.,-1.));
#5081 = ( GEOMETRIC_REPRESENTATION_CONTEXT(2) 
PARAMETRIC_REPRESENTATION_CONTEXT() REPRESENTATION_CONTEXT('2D SPACE',''
  ) );
#5082 = PCURVE('',#5028,#5083);
#5083 = DEFINITIONAL_REPRESENTATION('',(#5084),#5088);
#5084 = LINE('',#5085,#5086);
#5085 = CARTESIAN_POINT('',(0.,0.));
#5086 = VECTOR('',#5087,1.);
#5087 = DIRECTION('',(0.,1.));
#5088 = ( GEOMETRIC_REPRESENTATION_CONTEXT(2) 
PARAMETRIC_REPRESENTATION_CONTEXT() REPRESENTATION_CONTEXT('2D SPACE',''
  ) );
#5089 = ORIENTED_EDGE('',*,*,#5090,.T.);
#5090 = EDGE_CURVE('',#5068,#2496,#5091,.T.);
#5091 = SURFACE_CURVE('',#5092,(#5096,#5103),.PCURVE_S1.);
#5092 = LINE('',#5093,#5094);
#5093 = CARTESIAN_POINT('',(-17.36074300581,-3.850925510321,17.25));
#5094 = VECTOR('',#5095,1.);
#5095 = DIRECTION('',(0.,0.,1.));
#5096 = PCURVE('',#2511,#5097);
#5097 = DEFINITIONAL_REPRESENTATION('',(#5098),#5102);
#5098 = LINE('',#5099,#5100);
#5099 = CARTESIAN_POINT('',(0.,-1.649999999997));
#5100 = VECTOR('',#5101,1.);
#5101 = DIRECTION('',(1.,0.));
#5102 = ( GEOMETRIC_REPRESENTATION_CONTEXT(2) 
PARAMETRIC_REPRESENTATION_CONTEXT() REPRESENTATION_CONTEXT('2D SPACE',''
  ) );
#5103 = PCURVE('',#2540,#5104);
#5104 = DEFINITIONAL_REPRESENTATION('',(#5105),#5109);
#5105 = LINE('',#5106,#5107);
#5106 = CARTESIAN_POINT('',(6.28318530718,0.));
#5107 = VECTOR('',#5108,1.);
#5108 = DIRECTION('',(-0.,1.));
#5109 = ( GEOMETRIC_REPRESENTATION_CONTEXT(2) 
PARAMETRIC_REPRESENTATION_CONTEXT() REPRESENTATION_CONTEXT('2D SPACE',''
  ) );
#5110 = ADVANCED_FACE('',(#5111),#2540,.F.);
#5111 = FACE_BOUND('',#5112,.F.);
#5112 = EDGE_LOOP('',(#5113,#5114,#5137,#5163));
#5113 = ORIENTED_EDGE('',*,*,#2523,.F.);
#5114 = ORIENTED_EDGE('',*,*,#5115,.F.);
#5115 = EDGE_CURVE('',#5116,#2524,#5118,.T.);
#5116 = VERTEX_POINT('',#5117);
#5117 = CARTESIAN_POINT('',(-16.69017691845,-4.075293784567,17.25));
#5118 = SURFACE_CURVE('',#5119,(#5123,#5130),.PCURVE_S1.);
#5119 = LINE('',#5120,#5121);
#5120 = CARTESIAN_POINT('',(-16.69017691845,-4.075293784567,17.25));
#5121 = VECTOR('',#5122,1.);
#5122 = DIRECTION('',(0.,0.,1.));
#5123 = PCURVE('',#2540,#5124);
#5124 = DEFINITIONAL_REPRESENTATION('',(#5125),#5129);
#5125 = LINE('',#5126,#5127);
#5126 = CARTESIAN_POINT('',(4.712388980385,0.));
#5127 = VECTOR('',#5128,1.);
#5128 = DIRECTION('',(-0.,1.));
#5129 = ( GEOMETRIC_REPRESENTATION_CONTEXT(2) 
PARAMETRIC_REPRESENTATION_CONTEXT() REPRESENTATION_CONTEXT('2D SPACE',''
  ) );
#5130 = PCURVE('',#2568,#5131);
#5131 = DEFINITIONAL_REPRESENTATION('',(#5132),#5136);
#5132 = LINE('',#5133,#5134);
#5133 = CARTESIAN_POINT('',(0.,0.500000000002));
#5134 = VECTOR('',#5135,1.);
#5135 = DIRECTION('',(1.,0.));
#5136 = ( GEOMETRIC_REPRESENTATION_CONTEXT(2) 
PARAMETRIC_REPRESENTATION_CONTEXT() REPRESENTATION_CONTEXT('2D SPACE',''
  ) );
#5137 = ORIENTED_EDGE('',*,*,#5138,.F.);
#5138 = EDGE_CURVE('',#5068,#5116,#5139,.T.);
#5139 = SURFACE_CURVE('',#5140,(#5145,#5152),.PCURVE_S1.);
#5140 = CIRCLE('',#5141,0.5);
#5141 = AXIS2_PLACEMENT_3D('',#5142,#5143,#5144);
#5142 = CARTESIAN_POINT('',(-17.13764409926,-4.298392691122,17.25));
#5143 = DIRECTION('',(-0.,0.,-1.));
#5144 = DIRECTION('',(-0.894934361602,-0.44619781311,0.));
#5145 = PCURVE('',#2540,#5146);
#5146 = DEFINITIONAL_REPRESENTATION('',(#5147),#5151);
#5147 = LINE('',#5148,#5149);
#5148 = CARTESIAN_POINT('',(7.853981633975,0.));
#5149 = VECTOR('',#5150,1.);
#5150 = DIRECTION('',(-1.,0.));
#5151 = ( GEOMETRIC_REPRESENTATION_CONTEXT(2) 
PARAMETRIC_REPRESENTATION_CONTEXT() REPRESENTATION_CONTEXT('2D SPACE',''
  ) );
#5152 = PCURVE('',#5028,#5153);
#5153 = DEFINITIONAL_REPRESENTATION('',(#5154),#5162);
#5154 = ( BOUNDED_CURVE() B_SPLINE_CURVE(2,(#5155,#5156,#5157,#5158,
#5159,#5160,#5161),.UNSPECIFIED.,.T.,.F.) B_SPLINE_CURVE_WITH_KNOTS((1,2
    ,2,2,2,1),(-2.094395102393,0.,2.094395102393,4.188790204786,
6.28318530718,8.377580409573),.UNSPECIFIED.) CURVE() 
GEOMETRIC_REPRESENTATION_ITEM() RATIONAL_B_SPLINE_CURVE((1.,0.5,1.,0.5,
1.,0.5,1.)) REPRESENTATION_ITEM('') );
#5155 = CARTESIAN_POINT('',(0.499999999997,1.149999999992));
#5156 = CARTESIAN_POINT('',(-0.366025403788,1.149999999992));
#5157 = CARTESIAN_POINT('',(6.698729810456E-02,1.899999999992));
#5158 = CARTESIAN_POINT('',(0.499999999997,2.649999999992));
#5159 = CARTESIAN_POINT('',(0.933012701889,1.899999999992));
#5160 = CARTESIAN_POINT('',(1.366025403781,1.149999999992));
#5161 = CARTESIAN_POINT('',(0.499999999997,1.149999999992));
#5162 = ( GEOMETRIC_REPRESENTATION_CONTEXT(2) 
PARAMETRIC_REPRESENTATION_CONTEXT() REPRESENTATION_CONTEXT('2D SPACE',''
  ) );
#5163 = ORIENTED_EDGE('',*,*,#5090,.T.);
#5164 = ADVANCED_FACE('',(#5165),#2568,.F.);
#5165 = FACE_BOUND('',#5166,.F.);
#5166 = EDGE_LOOP('',(#5167,#5190,#5191,#5192));
#5167 = ORIENTED_EDGE('',*,*,#5168,.F.);
#5168 = EDGE_CURVE('',#5116,#5169,#5171,.T.);
#5169 = VERTEX_POINT('',#5170);
#5170 = CARTESIAN_POINT('',(-13.29907353882,-10.87679493274,17.25));
#5171 = SURFACE_CURVE('',#5172,(#5176,#5183),.PCURVE_S1.);
#5172 = LINE('',#5173,#5174);
#5173 = CARTESIAN_POINT('',(-16.91327582501,-3.627826603766,17.25));
#5174 = VECTOR('',#5175,1.);
#5175 = DIRECTION('',(0.44619781311,-0.894934361602,0.));
#5176 = PCURVE('',#2568,#5177);
#5177 = DEFINITIONAL_REPRESENTATION('',(#5178),#5182);
#5178 = LINE('',#5179,#5180);
#5179 = CARTESIAN_POINT('',(0.,0.));
#5180 = VECTOR('',#5181,1.);
#5181 = DIRECTION('',(0.,1.));
#5182 = ( GEOMETRIC_REPRESENTATION_CONTEXT(2) 
PARAMETRIC_REPRESENTATION_CONTEXT() REPRESENTATION_CONTEXT('2D SPACE',''
  ) );
#5183 = PCURVE('',#5028,#5184);
#5184 = DEFINITIONAL_REPRESENTATION('',(#5185),#5189);
#5185 = LINE('',#5186,#5187);
#5186 = CARTESIAN_POINT('',(-1.471489596838E-12,2.149999999996));
#5187 = VECTOR('',#5188,1.);
#5188 = DIRECTION('',(1.,0.));
#5189 = ( GEOMETRIC_REPRESENTATION_CONTEXT(2) 
PARAMETRIC_REPRESENTATION_CONTEXT() REPRESENTATION_CONTEXT('2D SPACE',''
  ) );
#5190 = ORIENTED_EDGE('',*,*,#5115,.T.);
#5191 = ORIENTED_EDGE('',*,*,#2552,.F.);
#5192 = ORIENTED_EDGE('',*,*,#5193,.F.);
#5193 = EDGE_CURVE('',#5169,#2553,#5194,.T.);
#5194 = SURFACE_CURVE('',#5195,(#5199,#5206),.PCURVE_S1.);
#5195 = LINE('',#5196,#5197);
#5196 = CARTESIAN_POINT('',(-13.29907353882,-10.87679493274,17.25));
#5197 = VECTOR('',#5198,1.);
#5198 = DIRECTION('',(0.,0.,1.));
#5199 = PCURVE('',#2568,#5200);
#5200 = DEFINITIONAL_REPRESENTATION('',(#5201),#5205);
#5201 = LINE('',#5202,#5203);
#5202 = CARTESIAN_POINT('',(0.,8.099999999998));
#5203 = VECTOR('',#5204,1.);
#5204 = DIRECTION('',(1.,0.));
#5205 = ( GEOMETRIC_REPRESENTATION_CONTEXT(2) 
PARAMETRIC_REPRESENTATION_CONTEXT() REPRESENTATION_CONTEXT('2D SPACE',''
  ) );
#5206 = PCURVE('',#2597,#5207);
#5207 = DEFINITIONAL_REPRESENTATION('',(#5208),#5212);
#5208 = LINE('',#5209,#5210);
#5209 = CARTESIAN_POINT('',(1.570796326795,0.));
#5210 = VECTOR('',#5211,1.);
#5211 = DIRECTION('',(0.,1.));
#5212 = ( GEOMETRIC_REPRESENTATION_CONTEXT(2) 
PARAMETRIC_REPRESENTATION_CONTEXT() REPRESENTATION_CONTEXT('2D SPACE',''
  ) );
#5213 = ADVANCED_FACE('',(#5214),#2597,.F.);
#5214 = FACE_BOUND('',#5215,.F.);
#5215 = EDGE_LOOP('',(#5216,#5239,#5261,#5262));
#5216 = ORIENTED_EDGE('',*,*,#5217,.F.);
#5217 = EDGE_CURVE('',#5218,#2581,#5220,.T.);
#5218 = VERTEX_POINT('',#5219);
#5219 = CARTESIAN_POINT('',(-13.52344181307,-11.54736102009,17.25));
#5220 = SURFACE_CURVE('',#5221,(#5225,#5232),.PCURVE_S1.);
#5221 = LINE('',#5222,#5223);
#5222 = CARTESIAN_POINT('',(-13.52344181307,-11.54736102009,17.25));
#5223 = VECTOR('',#5224,1.);
#5224 = DIRECTION('',(0.,0.,1.));
#5225 = PCURVE('',#2597,#5226);
#5226 = DEFINITIONAL_REPRESENTATION('',(#5227),#5231);
#5227 = LINE('',#5228,#5229);
#5228 = CARTESIAN_POINT('',(0.,0.));
#5229 = VECTOR('',#5230,1.);
#5230 = DIRECTION('',(0.,1.));
#5231 = ( GEOMETRIC_REPRESENTATION_CONTEXT(2) 
PARAMETRIC_REPRESENTATION_CONTEXT() REPRESENTATION_CONTEXT('2D SPACE',''
  ) );
#5232 = PCURVE('',#2625,#5233);
#5233 = DEFINITIONAL_REPRESENTATION('',(#5234),#5238);
#5234 = LINE('',#5235,#5236);
#5235 = CARTESIAN_POINT('',(0.,-1.650000000001));
#5236 = VECTOR('',#5237,1.);
#5237 = DIRECTION('',(1.,0.));
#5238 = ( GEOMETRIC_REPRESENTATION_CONTEXT(2) 
PARAMETRIC_REPRESENTATION_CONTEXT() REPRESENTATION_CONTEXT('2D SPACE',''
  ) );
#5239 = ORIENTED_EDGE('',*,*,#5240,.T.);
#5240 = EDGE_CURVE('',#5218,#5169,#5241,.T.);
#5241 = SURFACE_CURVE('',#5242,(#5247,#5254),.PCURVE_S1.);
#5242 = CIRCLE('',#5243,0.5);
#5243 = AXIS2_PLACEMENT_3D('',#5244,#5245,#5246);
#5244 = CARTESIAN_POINT('',(-13.74654071962,-11.09989383929,17.25));
#5245 = DIRECTION('',(0.,0.,1.));
#5246 = DIRECTION('',(-0.894934361602,-0.44619781311,0.));
#5247 = PCURVE('',#2597,#5248);
#5248 = DEFINITIONAL_REPRESENTATION('',(#5249),#5253);
#5249 = LINE('',#5250,#5251);
#5250 = CARTESIAN_POINT('',(-1.570796326795,0.));
#5251 = VECTOR('',#5252,1.);
#5252 = DIRECTION('',(1.,0.));
#5253 = ( GEOMETRIC_REPRESENTATION_CONTEXT(2) 
PARAMETRIC_REPRESENTATION_CONTEXT() REPRESENTATION_CONTEXT('2D SPACE',''
  ) );
#5254 = PCURVE('',#5028,#5255);
#5255 = DEFINITIONAL_REPRESENTATION('',(#5256),#5260);
#5256 = CIRCLE('',#5257,0.5);
#5257 = AXIS2_PLACEMENT_2D('',#5258,#5259);
#5258 = CARTESIAN_POINT('',(8.099999999993,1.649999999999));
#5259 = DIRECTION('',(0.,-1.));
#5260 = ( GEOMETRIC_REPRESENTATION_CONTEXT(2) 
PARAMETRIC_REPRESENTATION_CONTEXT() REPRESENTATION_CONTEXT('2D SPACE',''
  ) );
#5261 = ORIENTED_EDGE('',*,*,#5193,.T.);
#5262 = ORIENTED_EDGE('',*,*,#2580,.F.);
#5263 = ADVANCED_FACE('',(#5264),#2625,.F.);
#5264 = FACE_BOUND('',#5265,.F.);
#5265 = EDGE_LOOP('',(#5266,#5267,#5290,#5311));
#5266 = ORIENTED_EDGE('',*,*,#2609,.F.);
#5267 = ORIENTED_EDGE('',*,*,#5268,.F.);
#5268 = EDGE_CURVE('',#5269,#2610,#5271,.T.);
#5269 = VERTEX_POINT('',#5270);
#5270 = CARTESIAN_POINT('',(-14.55261632891,-12.06048850517,17.25));
#5271 = SURFACE_CURVE('',#5272,(#5276,#5283),.PCURVE_S1.);
#5272 = LINE('',#5273,#5274);
#5273 = CARTESIAN_POINT('',(-14.55261632891,-12.06048850517,17.25));
#5274 = VECTOR('',#5275,1.);
#5275 = DIRECTION('',(0.,0.,1.));
#5276 = PCURVE('',#2625,#5277);
#5277 = DEFINITIONAL_REPRESENTATION('',(#5278),#5282);
#5278 = LINE('',#5279,#5280);
#5279 = CARTESIAN_POINT('',(0.,-0.500000000001));
#5280 = VECTOR('',#5281,1.);
#5281 = DIRECTION('',(1.,0.));
#5282 = ( GEOMETRIC_REPRESENTATION_CONTEXT(2) 
PARAMETRIC_REPRESENTATION_CONTEXT() REPRESENTATION_CONTEXT('2D SPACE',''
  ) );
#5283 = PCURVE('',#2654,#5284);
#5284 = DEFINITIONAL_REPRESENTATION('',(#5285),#5289);
#5285 = LINE('',#5286,#5287);
#5286 = CARTESIAN_POINT('',(6.28318530718,0.));
#5287 = VECTOR('',#5288,1.);
#5288 = DIRECTION('',(-0.,1.));
#5289 = ( GEOMETRIC_REPRESENTATION_CONTEXT(2) 
PARAMETRIC_REPRESENTATION_CONTEXT() REPRESENTATION_CONTEXT('2D SPACE',''
  ) );
#5290 = ORIENTED_EDGE('',*,*,#5291,.T.);
#5291 = EDGE_CURVE('',#5269,#5218,#5292,.T.);
#5292 = SURFACE_CURVE('',#5293,(#5297,#5304),.PCURVE_S1.);
#5293 = LINE('',#5294,#5295);
#5294 = CARTESIAN_POINT('',(-15.00008350971,-12.28358741173,17.25));
#5295 = VECTOR('',#5296,1.);
#5296 = DIRECTION('',(0.894934361602,0.44619781311,0.));
#5297 = PCURVE('',#2625,#5298);
#5298 = DEFINITIONAL_REPRESENTATION('',(#5299),#5303);
#5299 = LINE('',#5300,#5301);
#5300 = CARTESIAN_POINT('',(0.,0.));
#5301 = VECTOR('',#5302,1.);
#5302 = DIRECTION('',(0.,-1.));
#5303 = ( GEOMETRIC_REPRESENTATION_CONTEXT(2) 
PARAMETRIC_REPRESENTATION_CONTEXT() REPRESENTATION_CONTEXT('2D SPACE',''
  ) );
#5304 = PCURVE('',#5028,#5305);
#5305 = DEFINITIONAL_REPRESENTATION('',(#5306),#5310);
#5306 = LINE('',#5307,#5308);
#5307 = CARTESIAN_POINT('',(8.599999999999,-5.728750807066E-12));
#5308 = VECTOR('',#5309,1.);
#5309 = DIRECTION('',(0.,1.));
#5310 = ( GEOMETRIC_REPRESENTATION_CONTEXT(2) 
PARAMETRIC_REPRESENTATION_CONTEXT() REPRESENTATION_CONTEXT('2D SPACE',''
  ) );
#5311 = ORIENTED_EDGE('',*,*,#5217,.T.);
#5312 = ADVANCED_FACE('',(#5313),#2654,.F.);
#5313 = FACE_BOUND('',#5314,.F.);
#5314 = EDGE_LOOP('',(#5315,#5316,#5339,#5365));
#5315 = ORIENTED_EDGE('',*,*,#2637,.F.);
#5316 = ORIENTED_EDGE('',*,*,#5317,.F.);
#5317 = EDGE_CURVE('',#5318,#2638,#5320,.T.);
#5318 = VERTEX_POINT('',#5319);
#5319 = CARTESIAN_POINT('',(-15.22318241626,-11.83612023092,17.25));
#5320 = SURFACE_CURVE('',#5321,(#5325,#5332),.PCURVE_S1.);
#5321 = LINE('',#5322,#5323);
#5322 = CARTESIAN_POINT('',(-15.22318241626,-11.83612023092,17.25));
#5323 = VECTOR('',#5324,1.);
#5324 = DIRECTION('',(0.,0.,1.));
#5325 = PCURVE('',#2654,#5326);
#5326 = DEFINITIONAL_REPRESENTATION('',(#5327),#5331);
#5327 = LINE('',#5328,#5329);
#5328 = CARTESIAN_POINT('',(4.712388980385,0.));
#5329 = VECTOR('',#5330,1.);
#5330 = DIRECTION('',(-0.,1.));
#5331 = ( GEOMETRIC_REPRESENTATION_CONTEXT(2) 
PARAMETRIC_REPRESENTATION_CONTEXT() REPRESENTATION_CONTEXT('2D SPACE',''
  ) );
#5332 = PCURVE('',#2680,#5333);
#5333 = DEFINITIONAL_REPRESENTATION('',(#5334),#5338);
#5334 = LINE('',#5335,#5336);
#5335 = CARTESIAN_POINT('',(0.,8.099999999993));
#5336 = VECTOR('',#5337,1.);
#5337 = DIRECTION('',(1.,0.));
#5338 = ( GEOMETRIC_REPRESENTATION_CONTEXT(2) 
PARAMETRIC_REPRESENTATION_CONTEXT() REPRESENTATION_CONTEXT('2D SPACE',''
  ) );
#5339 = ORIENTED_EDGE('',*,*,#5340,.F.);
#5340 = EDGE_CURVE('',#5269,#5318,#5341,.T.);
#5341 = SURFACE_CURVE('',#5342,(#5347,#5354),.PCURVE_S1.);
#5342 = CIRCLE('',#5343,0.5);
#5343 = AXIS2_PLACEMENT_3D('',#5344,#5345,#5346);
#5344 = CARTESIAN_POINT('',(-14.77571523546,-11.61302132437,17.25));
#5345 = DIRECTION('',(-0.,0.,-1.));
#5346 = DIRECTION('',(-0.894934361602,-0.44619781311,0.));
#5347 = PCURVE('',#2654,#5348);
#5348 = DEFINITIONAL_REPRESENTATION('',(#5349),#5353);
#5349 = LINE('',#5350,#5351);
#5350 = CARTESIAN_POINT('',(10.995574287565,0.));
#5351 = VECTOR('',#5352,1.);
#5352 = DIRECTION('',(-1.,0.));
#5353 = ( GEOMETRIC_REPRESENTATION_CONTEXT(2) 
PARAMETRIC_REPRESENTATION_CONTEXT() REPRESENTATION_CONTEXT('2D SPACE',''
  ) );
#5354 = PCURVE('',#5028,#5355);
#5355 = DEFINITIONAL_REPRESENTATION('',(#5356),#5364);
#5356 = ( BOUNDED_CURVE() B_SPLINE_CURVE(2,(#5357,#5358,#5359,#5360,
#5361,#5362,#5363),.UNSPECIFIED.,.T.,.F.) B_SPLINE_CURVE_WITH_KNOTS((1,2
    ,2,2,2,1),(-2.094395102393,0.,2.094395102393,4.188790204786,
6.28318530718,8.377580409573),.UNSPECIFIED.) CURVE() 
GEOMETRIC_REPRESENTATION_ITEM() RATIONAL_B_SPLINE_CURVE((1.,0.5,1.,0.5,
1.,0.5,1.)) REPRESENTATION_ITEM('') );
#5357 = CARTESIAN_POINT('',(8.099999999997,-3.314015728506E-13));
#5358 = CARTESIAN_POINT('',(7.233974596212,-3.314015728506E-13));
#5359 = CARTESIAN_POINT('',(7.666987298105,0.75));
#5360 = CARTESIAN_POINT('',(8.099999999997,1.5));
#5361 = CARTESIAN_POINT('',(8.533012701889,0.75));
#5362 = CARTESIAN_POINT('',(8.966025403781,-3.306244167334E-13));
#5363 = CARTESIAN_POINT('',(8.099999999997,-3.314015728506E-13));
#5364 = ( GEOMETRIC_REPRESENTATION_CONTEXT(2) 
PARAMETRIC_REPRESENTATION_CONTEXT() REPRESENTATION_CONTEXT('2D SPACE',''
  ) );
#5365 = ORIENTED_EDGE('',*,*,#5268,.T.);
#5366 = ADVANCED_FACE('',(#5367),#2680,.T.);
#5367 = FACE_BOUND('',#5368,.T.);
#5368 = EDGE_LOOP('',(#5369,#5390,#5391,#5392));
#5369 = ORIENTED_EDGE('',*,*,#5370,.F.);
#5370 = EDGE_CURVE('',#5012,#5318,#5371,.T.);
#5371 = SURFACE_CURVE('',#5372,(#5376,#5383),.PCURVE_S1.);
#5372 = LINE('',#5373,#5374);
#5373 = CARTESIAN_POINT('',(-18.83738470245,-4.587151901952,17.25));
#5374 = VECTOR('',#5375,1.);
#5375 = DIRECTION('',(0.44619781311,-0.894934361602,0.));
#5376 = PCURVE('',#2680,#5377);
#5377 = DEFINITIONAL_REPRESENTATION('',(#5378),#5382);
#5378 = LINE('',#5379,#5380);
#5379 = CARTESIAN_POINT('',(0.,0.));
#5380 = VECTOR('',#5381,1.);
#5381 = DIRECTION('',(0.,1.));
#5382 = ( GEOMETRIC_REPRESENTATION_CONTEXT(2) 
PARAMETRIC_REPRESENTATION_CONTEXT() REPRESENTATION_CONTEXT('2D SPACE',''
  ) );
#5383 = PCURVE('',#5028,#5384);
#5384 = DEFINITIONAL_REPRESENTATION('',(#5385),#5389);
#5385 = LINE('',#5386,#5387);
#5386 = CARTESIAN_POINT('',(0.,0.));
#5387 = VECTOR('',#5388,1.);
#5388 = DIRECTION('',(1.,0.));
#5389 = ( GEOMETRIC_REPRESENTATION_CONTEXT(2) 
PARAMETRIC_REPRESENTATION_CONTEXT() REPRESENTATION_CONTEXT('2D SPACE',''
  ) );
#5390 = ORIENTED_EDGE('',*,*,#5040,.T.);
#5391 = ORIENTED_EDGE('',*,*,#2666,.F.);
#5392 = ORIENTED_EDGE('',*,*,#5317,.F.);
#5393 = ADVANCED_FACE('',(#5394),#2713,.F.);
#5394 = FACE_BOUND('',#5395,.F.);
#5395 = EDGE_LOOP('',(#5396,#5419,#5448,#5469));
#5396 = ORIENTED_EDGE('',*,*,#5397,.F.);
#5397 = EDGE_CURVE('',#5398,#2695,#5400,.T.);
#5398 = VERTEX_POINT('',#5399);
#5399 = CARTESIAN_POINT('',(4.364052995397,-18.38991752165,17.25));
#5400 = SURFACE_CURVE('',#5401,(#5405,#5412),.PCURVE_S1.);
#5401 = LINE('',#5402,#5403);
#5402 = CARTESIAN_POINT('',(4.364052995397,-18.38991752165,17.25));
#5403 = VECTOR('',#5404,1.);
#5404 = DIRECTION('',(0.,0.,1.));
#5405 = PCURVE('',#2713,#5406);
#5406 = DEFINITIONAL_REPRESENTATION('',(#5407),#5411);
#5407 = LINE('',#5408,#5409);
#5408 = CARTESIAN_POINT('',(0.,0.));
#5409 = VECTOR('',#5410,1.);
#5410 = DIRECTION('',(0.,1.));
#5411 = ( GEOMETRIC_REPRESENTATION_CONTEXT(2) 
PARAMETRIC_REPRESENTATION_CONTEXT() REPRESENTATION_CONTEXT('2D SPACE',''
  ) );
#5412 = PCURVE('',#2741,#5413);
#5413 = DEFINITIONAL_REPRESENTATION('',(#5414),#5418);
#5414 = LINE('',#5415,#5416);
#5415 = CARTESIAN_POINT('',(0.,-0.499999999999));
#5416 = VECTOR('',#5417,1.);
#5417 = DIRECTION('',(1.,0.));
#5418 = ( GEOMETRIC_REPRESENTATION_CONTEXT(2) 
PARAMETRIC_REPRESENTATION_CONTEXT() REPRESENTATION_CONTEXT('2D SPACE',''
  ) );
#5419 = ORIENTED_EDGE('',*,*,#5420,.T.);
#5420 = EDGE_CURVE('',#5398,#5421,#5423,.T.);
#5421 = VERTEX_POINT('',#5422);
#5422 = CARTESIAN_POINT('',(5.034619082753,-18.6142857959,17.25));
#5423 = SURFACE_CURVE('',#5424,(#5429,#5436),.PCURVE_S1.);
#5424 = CIRCLE('',#5425,0.5);
#5425 = AXIS2_PLACEMENT_3D('',#5426,#5427,#5428);
#5426 = CARTESIAN_POINT('',(4.811520176198,-18.1668186151,17.25));
#5427 = DIRECTION('',(-0.,0.,1.));
#5428 = DIRECTION('',(0.44619781311,-0.894934361602,0.));
#5429 = PCURVE('',#2713,#5430);
#5430 = DEFINITIONAL_REPRESENTATION('',(#5431),#5435);
#5431 = LINE('',#5432,#5433);
#5432 = CARTESIAN_POINT('',(-4.712388980385,0.));
#5433 = VECTOR('',#5434,1.);
#5434 = DIRECTION('',(1.,0.));
#5435 = ( GEOMETRIC_REPRESENTATION_CONTEXT(2) 
PARAMETRIC_REPRESENTATION_CONTEXT() REPRESENTATION_CONTEXT('2D SPACE',''
  ) );
#5436 = PCURVE('',#5437,#5442);
#5437 = PLANE('',#5438);
#5438 = AXIS2_PLACEMENT_3D('',#5439,#5440,#5441);
#5439 = CARTESIAN_POINT('',(4.587151901952,-18.83738470245,17.25));
#5440 = DIRECTION('',(0.,0.,1.));
#5441 = DIRECTION('',(0.894934361602,0.44619781311,-0.));
#5442 = DEFINITIONAL_REPRESENTATION('',(#5443),#5447);
#5443 = CIRCLE('',#5444,0.5);
#5444 = AXIS2_PLACEMENT_2D('',#5445,#5446);
#5445 = CARTESIAN_POINT('',(0.499999999997,0.499999999995));
#5446 = DIRECTION('',(0.,-1.));
#5447 = ( GEOMETRIC_REPRESENTATION_CONTEXT(2) 
PARAMETRIC_REPRESENTATION_CONTEXT() REPRESENTATION_CONTEXT('2D SPACE',''
  ) );
#5448 = ORIENTED_EDGE('',*,*,#5449,.T.);
#5449 = EDGE_CURVE('',#5421,#2697,#5450,.T.);
#5450 = SURFACE_CURVE('',#5451,(#5455,#5462),.PCURVE_S1.);
#5451 = LINE('',#5452,#5453);
#5452 = CARTESIAN_POINT('',(5.034619082753,-18.6142857959,17.25));
#5453 = VECTOR('',#5454,1.);
#5454 = DIRECTION('',(0.,0.,1.));
#5455 = PCURVE('',#2713,#5456);
#5456 = DEFINITIONAL_REPRESENTATION('',(#5457),#5461);
#5457 = LINE('',#5458,#5459);
#5458 = CARTESIAN_POINT('',(1.570796326795,0.));
#5459 = VECTOR('',#5460,1.);
#5460 = DIRECTION('',(0.,1.));
#5461 = ( GEOMETRIC_REPRESENTATION_CONTEXT(2) 
PARAMETRIC_REPRESENTATION_CONTEXT() REPRESENTATION_CONTEXT('2D SPACE',''
  ) );
#5462 = PCURVE('',#2910,#5463);
#5463 = DEFINITIONAL_REPRESENTATION('',(#5464),#5468);
#5464 = LINE('',#5465,#5466);
#5465 = CARTESIAN_POINT('',(0.,0.499999999998));
#5466 = VECTOR('',#5467,1.);
#5467 = DIRECTION('',(1.,0.));
#5468 = ( GEOMETRIC_REPRESENTATION_CONTEXT(2) 
PARAMETRIC_REPRESENTATION_CONTEXT() REPRESENTATION_CONTEXT('2D SPACE',''
  ) );
#5469 = ORIENTED_EDGE('',*,*,#2694,.F.);
#5470 = ADVANCED_FACE('',(#5471),#2741,.T.);
#5471 = FACE_BOUND('',#5472,.T.);
#5472 = EDGE_LOOP('',(#5473,#5474,#5475,#5498));
#5473 = ORIENTED_EDGE('',*,*,#2725,.F.);
#5474 = ORIENTED_EDGE('',*,*,#5397,.F.);
#5475 = ORIENTED_EDGE('',*,*,#5476,.T.);
#5476 = EDGE_CURVE('',#5398,#5477,#5479,.T.);
#5477 = VERTEX_POINT('',#5478);
#5478 = CARTESIAN_POINT('',(3.850925510321,-17.36074300581,17.25));
#5479 = SURFACE_CURVE('',#5480,(#5484,#5491),.PCURVE_S1.);
#5480 = LINE('',#5481,#5482);
#5481 = CARTESIAN_POINT('',(4.587151901952,-18.83738470245,17.25));
#5482 = VECTOR('',#5483,1.);
#5483 = DIRECTION('',(-0.44619781311,0.894934361602,0.));
#5484 = PCURVE('',#2741,#5485);
#5485 = DEFINITIONAL_REPRESENTATION('',(#5486),#5490);
#5486 = LINE('',#5487,#5488);
#5487 = CARTESIAN_POINT('',(0.,0.));
#5488 = VECTOR('',#5489,1.);
#5489 = DIRECTION('',(0.,-1.));
#5490 = ( GEOMETRIC_REPRESENTATION_CONTEXT(2) 
PARAMETRIC_REPRESENTATION_CONTEXT() REPRESENTATION_CONTEXT('2D SPACE',''
  ) );
#5491 = PCURVE('',#5437,#5492);
#5492 = DEFINITIONAL_REPRESENTATION('',(#5493),#5497);
#5493 = LINE('',#5494,#5495);
#5494 = CARTESIAN_POINT('',(0.,0.));
#5495 = VECTOR('',#5496,1.);
#5496 = DIRECTION('',(0.,1.));
#5497 = ( GEOMETRIC_REPRESENTATION_CONTEXT(2) 
PARAMETRIC_REPRESENTATION_CONTEXT() REPRESENTATION_CONTEXT('2D SPACE',''
  ) );
#5498 = ORIENTED_EDGE('',*,*,#5499,.T.);
#5499 = EDGE_CURVE('',#5477,#2726,#5500,.T.);
#5500 = SURFACE_CURVE('',#5501,(#5505,#5512),.PCURVE_S1.);
#5501 = LINE('',#5502,#5503);
#5502 = CARTESIAN_POINT('',(3.850925510321,-17.36074300581,17.25));
#5503 = VECTOR('',#5504,1.);
#5504 = DIRECTION('',(0.,0.,1.));
#5505 = PCURVE('',#2741,#5506);
#5506 = DEFINITIONAL_REPRESENTATION('',(#5507),#5511);
#5507 = LINE('',#5508,#5509);
#5508 = CARTESIAN_POINT('',(0.,-1.649999999997));
#5509 = VECTOR('',#5510,1.);
#5510 = DIRECTION('',(1.,0.));
#5511 = ( GEOMETRIC_REPRESENTATION_CONTEXT(2) 
PARAMETRIC_REPRESENTATION_CONTEXT() REPRESENTATION_CONTEXT('2D SPACE',''
  ) );
#5512 = PCURVE('',#2770,#5513);
#5513 = DEFINITIONAL_REPRESENTATION('',(#5514),#5518);
#5514 = LINE('',#5515,#5516);
#5515 = CARTESIAN_POINT('',(6.28318530718,0.));
#5516 = VECTOR('',#5517,1.);
#5517 = DIRECTION('',(-0.,1.));
#5518 = ( GEOMETRIC_REPRESENTATION_CONTEXT(2) 
PARAMETRIC_REPRESENTATION_CONTEXT() REPRESENTATION_CONTEXT('2D SPACE',''
  ) );
#5519 = ADVANCED_FACE('',(#5520),#2770,.F.);
#5520 = FACE_BOUND('',#5521,.F.);
#5521 = EDGE_LOOP('',(#5522,#5523,#5546,#5572));
#5522 = ORIENTED_EDGE('',*,*,#2753,.F.);
#5523 = ORIENTED_EDGE('',*,*,#5524,.F.);
#5524 = EDGE_CURVE('',#5525,#2754,#5527,.T.);
#5525 = VERTEX_POINT('',#5526);
#5526 = CARTESIAN_POINT('',(4.075293784567,-16.69017691845,17.25));
#5527 = SURFACE_CURVE('',#5528,(#5532,#5539),.PCURVE_S1.);
#5528 = LINE('',#5529,#5530);
#5529 = CARTESIAN_POINT('',(4.075293784567,-16.69017691845,17.25));
#5530 = VECTOR('',#5531,1.);
#5531 = DIRECTION('',(0.,0.,1.));
#5532 = PCURVE('',#2770,#5533);
#5533 = DEFINITIONAL_REPRESENTATION('',(#5534),#5538);
#5534 = LINE('',#5535,#5536);
#5535 = CARTESIAN_POINT('',(4.712388980385,0.));
#5536 = VECTOR('',#5537,1.);
#5537 = DIRECTION('',(-0.,1.));
#5538 = ( GEOMETRIC_REPRESENTATION_CONTEXT(2) 
PARAMETRIC_REPRESENTATION_CONTEXT() REPRESENTATION_CONTEXT('2D SPACE',''
  ) );
#5539 = PCURVE('',#2798,#5540);
#5540 = DEFINITIONAL_REPRESENTATION('',(#5541),#5545);
#5541 = LINE('',#5542,#5543);
#5542 = CARTESIAN_POINT('',(0.,0.500000000002));
#5543 = VECTOR('',#5544,1.);
#5544 = DIRECTION('',(1.,0.));
#5545 = ( GEOMETRIC_REPRESENTATION_CONTEXT(2) 
PARAMETRIC_REPRESENTATION_CONTEXT() REPRESENTATION_CONTEXT('2D SPACE',''
  ) );
#5546 = ORIENTED_EDGE('',*,*,#5547,.F.);
#5547 = EDGE_CURVE('',#5477,#5525,#5548,.T.);
#5548 = SURFACE_CURVE('',#5549,(#5554,#5561),.PCURVE_S1.);
#5549 = CIRCLE('',#5550,0.5);
#5550 = AXIS2_PLACEMENT_3D('',#5551,#5552,#5553);
#5551 = CARTESIAN_POINT('',(4.298392691122,-17.13764409926,17.25));
#5552 = DIRECTION('',(0.,-0.,-1.));
#5553 = DIRECTION('',(0.44619781311,-0.894934361602,0.));
#5554 = PCURVE('',#2770,#5555);
#5555 = DEFINITIONAL_REPRESENTATION('',(#5556),#5560);
#5556 = LINE('',#5557,#5558);
#5557 = CARTESIAN_POINT('',(7.853981633975,0.));
#5558 = VECTOR('',#5559,1.);
#5559 = DIRECTION('',(-1.,0.));
#5560 = ( GEOMETRIC_REPRESENTATION_CONTEXT(2) 
PARAMETRIC_REPRESENTATION_CONTEXT() REPRESENTATION_CONTEXT('2D SPACE',''
  ) );
#5561 = PCURVE('',#5437,#5562);
#5562 = DEFINITIONAL_REPRESENTATION('',(#5563),#5571);
#5563 = ( BOUNDED_CURVE() B_SPLINE_CURVE(2,(#5564,#5565,#5566,#5567,
#5568,#5569,#5570),.UNSPECIFIED.,.T.,.F.) B_SPLINE_CURVE_WITH_KNOTS((1,2
    ,2,2,2,1),(-2.094395102393,0.,2.094395102393,4.188790204786,
6.28318530718,8.377580409573),.UNSPECIFIED.) CURVE() 
GEOMETRIC_REPRESENTATION_ITEM() RATIONAL_B_SPLINE_CURVE((1.,0.5,1.,0.5,
1.,0.5,1.)) REPRESENTATION_ITEM('') );
#5564 = CARTESIAN_POINT('',(0.499999999997,1.149999999992));
#5565 = CARTESIAN_POINT('',(-0.366025403788,1.149999999992));
#5566 = CARTESIAN_POINT('',(6.698729810456E-02,1.899999999992));
#5567 = CARTESIAN_POINT('',(0.499999999997,2.649999999992));
#5568 = CARTESIAN_POINT('',(0.933012701889,1.899999999992));
#5569 = CARTESIAN_POINT('',(1.366025403781,1.149999999992));
#5570 = CARTESIAN_POINT('',(0.499999999997,1.149999999992));
#5571 = ( GEOMETRIC_REPRESENTATION_CONTEXT(2) 
PARAMETRIC_REPRESENTATION_CONTEXT() REPRESENTATION_CONTEXT('2D SPACE',''
  ) );
#5572 = ORIENTED_EDGE('',*,*,#5499,.T.);
#5573 = ADVANCED_FACE('',(#5574),#2798,.F.);
#5574 = FACE_BOUND('',#5575,.F.);
#5575 = EDGE_LOOP('',(#5576,#5599,#5600,#5601));
#5576 = ORIENTED_EDGE('',*,*,#5577,.F.);
#5577 = EDGE_CURVE('',#5525,#5578,#5580,.T.);
#5578 = VERTEX_POINT('',#5579);
#5579 = CARTESIAN_POINT('',(10.876794932743,-13.29907353882,17.25));
#5580 = SURFACE_CURVE('',#5581,(#5585,#5592),.PCURVE_S1.);
#5581 = LINE('',#5582,#5583);
#5582 = CARTESIAN_POINT('',(3.627826603766,-16.91327582501,17.25));
#5583 = VECTOR('',#5584,1.);
#5584 = DIRECTION('',(0.894934361602,0.44619781311,0.));
#5585 = PCURVE('',#2798,#5586);
#5586 = DEFINITIONAL_REPRESENTATION('',(#5587),#5591);
#5587 = LINE('',#5588,#5589);
#5588 = CARTESIAN_POINT('',(0.,0.));
#5589 = VECTOR('',#5590,1.);
#5590 = DIRECTION('',(0.,1.));
#5591 = ( GEOMETRIC_REPRESENTATION_CONTEXT(2) 
PARAMETRIC_REPRESENTATION_CONTEXT() REPRESENTATION_CONTEXT('2D SPACE',''
  ) );
#5592 = PCURVE('',#5437,#5593);
#5593 = DEFINITIONAL_REPRESENTATION('',(#5594),#5598);
#5594 = LINE('',#5595,#5596);
#5595 = CARTESIAN_POINT('',(-1.471489596838E-12,2.149999999996));
#5596 = VECTOR('',#5597,1.);
#5597 = DIRECTION('',(1.,0.));
#5598 = ( GEOMETRIC_REPRESENTATION_CONTEXT(2) 
PARAMETRIC_REPRESENTATION_CONTEXT() REPRESENTATION_CONTEXT('2D SPACE',''
  ) );
#5599 = ORIENTED_EDGE('',*,*,#5524,.T.);
#5600 = ORIENTED_EDGE('',*,*,#2782,.F.);
#5601 = ORIENTED_EDGE('',*,*,#5602,.F.);
#5602 = EDGE_CURVE('',#5578,#2783,#5603,.T.);
#5603 = SURFACE_CURVE('',#5604,(#5608,#5615),.PCURVE_S1.);
#5604 = LINE('',#5605,#5606);
#5605 = CARTESIAN_POINT('',(10.876794932743,-13.29907353882,17.25));
#5606 = VECTOR('',#5607,1.);
#5607 = DIRECTION('',(0.,0.,1.));
#5608 = PCURVE('',#2798,#5609);
#5609 = DEFINITIONAL_REPRESENTATION('',(#5610),#5614);
#5610 = LINE('',#5611,#5612);
#5611 = CARTESIAN_POINT('',(0.,8.100000000001));
#5612 = VECTOR('',#5613,1.);
#5613 = DIRECTION('',(1.,0.));
#5614 = ( GEOMETRIC_REPRESENTATION_CONTEXT(2) 
PARAMETRIC_REPRESENTATION_CONTEXT() REPRESENTATION_CONTEXT('2D SPACE',''
  ) );
#5615 = PCURVE('',#2827,#5616);
#5616 = DEFINITIONAL_REPRESENTATION('',(#5617),#5621);
#5617 = LINE('',#5618,#5619);
#5618 = CARTESIAN_POINT('',(1.570796326795,0.));
#5619 = VECTOR('',#5620,1.);
#5620 = DIRECTION('',(0.,1.));
#5621 = ( GEOMETRIC_REPRESENTATION_CONTEXT(2) 
PARAMETRIC_REPRESENTATION_CONTEXT() REPRESENTATION_CONTEXT('2D SPACE',''
  ) );
#5622 = ADVANCED_FACE('',(#5623),#2827,.F.);
#5623 = FACE_BOUND('',#5624,.F.);
#5624 = EDGE_LOOP('',(#5625,#5648,#5670,#5671));
#5625 = ORIENTED_EDGE('',*,*,#5626,.F.);
#5626 = EDGE_CURVE('',#5627,#2811,#5629,.T.);
#5627 = VERTEX_POINT('',#5628);
#5628 = CARTESIAN_POINT('',(11.547361020098,-13.52344181307,17.25));
#5629 = SURFACE_CURVE('',#5630,(#5634,#5641),.PCURVE_S1.);
#5630 = LINE('',#5631,#5632);
#5631 = CARTESIAN_POINT('',(11.547361020098,-13.52344181307,17.25));
#5632 = VECTOR('',#5633,1.);
#5633 = DIRECTION('',(0.,0.,1.));
#5634 = PCURVE('',#2827,#5635);
#5635 = DEFINITIONAL_REPRESENTATION('',(#5636),#5640);
#5636 = LINE('',#5637,#5638);
#5637 = CARTESIAN_POINT('',(0.,0.));
#5638 = VECTOR('',#5639,1.);
#5639 = DIRECTION('',(0.,1.));
#5640 = ( GEOMETRIC_REPRESENTATION_CONTEXT(2) 
PARAMETRIC_REPRESENTATION_CONTEXT() REPRESENTATION_CONTEXT('2D SPACE',''
  ) );
#5641 = PCURVE('',#2855,#5642);
#5642 = DEFINITIONAL_REPRESENTATION('',(#5643),#5647);
#5643 = LINE('',#5644,#5645);
#5644 = CARTESIAN_POINT('',(0.,-1.649999999997));
#5645 = VECTOR('',#5646,1.);
#5646 = DIRECTION('',(1.,0.));
#5647 = ( GEOMETRIC_REPRESENTATION_CONTEXT(2) 
PARAMETRIC_REPRESENTATION_CONTEXT() REPRESENTATION_CONTEXT('2D SPACE',''
  ) );
#5648 = ORIENTED_EDGE('',*,*,#5649,.T.);
#5649 = EDGE_CURVE('',#5627,#5578,#5650,.T.);
#5650 = SURFACE_CURVE('',#5651,(#5656,#5663),.PCURVE_S1.);
#5651 = CIRCLE('',#5652,0.5);
#5652 = AXIS2_PLACEMENT_3D('',#5653,#5654,#5655);
#5653 = CARTESIAN_POINT('',(11.099893839297,-13.74654071962,17.25));
#5654 = DIRECTION('',(-0.,0.,1.));
#5655 = DIRECTION('',(0.44619781311,-0.894934361602,0.));
#5656 = PCURVE('',#2827,#5657);
#5657 = DEFINITIONAL_REPRESENTATION('',(#5658),#5662);
#5658 = LINE('',#5659,#5660);
#5659 = CARTESIAN_POINT('',(-1.570796326795,0.));
#5660 = VECTOR('',#5661,1.);
#5661 = DIRECTION('',(1.,0.));
#5662 = ( GEOMETRIC_REPRESENTATION_CONTEXT(2) 
PARAMETRIC_REPRESENTATION_CONTEXT() REPRESENTATION_CONTEXT('2D SPACE',''
  ) );
#5663 = PCURVE('',#5437,#5664);
#5664 = DEFINITIONAL_REPRESENTATION('',(#5665),#5669);
#5665 = CIRCLE('',#5666,0.5);
#5666 = AXIS2_PLACEMENT_2D('',#5667,#5668);
#5667 = CARTESIAN_POINT('',(8.099999999999,1.649999999996));
#5668 = DIRECTION('',(0.,-1.));
#5669 = ( GEOMETRIC_REPRESENTATION_CONTEXT(2) 
PARAMETRIC_REPRESENTATION_CONTEXT() REPRESENTATION_CONTEXT('2D SPACE',''
  ) );
#5670 = ORIENTED_EDGE('',*,*,#5602,.T.);
#5671 = ORIENTED_EDGE('',*,*,#2810,.F.);
#5672 = ADVANCED_FACE('',(#5673),#2855,.F.);
#5673 = FACE_BOUND('',#5674,.F.);
#5674 = EDGE_LOOP('',(#5675,#5676,#5699,#5720));
#5675 = ORIENTED_EDGE('',*,*,#2839,.F.);
#5676 = ORIENTED_EDGE('',*,*,#5677,.F.);
#5677 = EDGE_CURVE('',#5678,#2840,#5680,.T.);
#5678 = VERTEX_POINT('',#5679);
#5679 = CARTESIAN_POINT('',(12.060488505175,-14.55261632891,17.25));
#5680 = SURFACE_CURVE('',#5681,(#5685,#5692),.PCURVE_S1.);
#5681 = LINE('',#5682,#5683);
#5682 = CARTESIAN_POINT('',(12.060488505175,-14.55261632891,17.25));
#5683 = VECTOR('',#5684,1.);
#5684 = DIRECTION('',(0.,0.,1.));
#5685 = PCURVE('',#2855,#5686);
#5686 = DEFINITIONAL_REPRESENTATION('',(#5687),#5691);
#5687 = LINE('',#5688,#5689);
#5688 = CARTESIAN_POINT('',(0.,-0.499999999999));
#5689 = VECTOR('',#5690,1.);
#5690 = DIRECTION('',(1.,0.));
#5691 = ( GEOMETRIC_REPRESENTATION_CONTEXT(2) 
PARAMETRIC_REPRESENTATION_CONTEXT() REPRESENTATION_CONTEXT('2D SPACE',''
  ) );
#5692 = PCURVE('',#2884,#5693);
#5693 = DEFINITIONAL_REPRESENTATION('',(#5694),#5698);
#5694 = LINE('',#5695,#5696);
#5695 = CARTESIAN_POINT('',(6.28318530718,0.));
#5696 = VECTOR('',#5697,1.);
#5697 = DIRECTION('',(-0.,1.));
#5698 = ( GEOMETRIC_REPRESENTATION_CONTEXT(2) 
PARAMETRIC_REPRESENTATION_CONTEXT() REPRESENTATION_CONTEXT('2D SPACE',''
  ) );
#5699 = ORIENTED_EDGE('',*,*,#5700,.T.);
#5700 = EDGE_CURVE('',#5678,#5627,#5701,.T.);
#5701 = SURFACE_CURVE('',#5702,(#5706,#5713),.PCURVE_S1.);
#5702 = LINE('',#5703,#5704);
#5703 = CARTESIAN_POINT('',(12.28358741173,-15.00008350971,17.25));
#5704 = VECTOR('',#5705,1.);
#5705 = DIRECTION('',(-0.44619781311,0.894934361602,0.));
#5706 = PCURVE('',#2855,#5707);
#5707 = DEFINITIONAL_REPRESENTATION('',(#5708),#5712);
#5708 = LINE('',#5709,#5710);
#5709 = CARTESIAN_POINT('',(0.,0.));
#5710 = VECTOR('',#5711,1.);
#5711 = DIRECTION('',(0.,-1.));
#5712 = ( GEOMETRIC_REPRESENTATION_CONTEXT(2) 
PARAMETRIC_REPRESENTATION_CONTEXT() REPRESENTATION_CONTEXT('2D SPACE',''
  ) );
#5713 = PCURVE('',#5437,#5714);
#5714 = DEFINITIONAL_REPRESENTATION('',(#5715),#5719);
#5715 = LINE('',#5716,#5717);
#5716 = CARTESIAN_POINT('',(8.599999999999,-5.728750807066E-12));
#5717 = VECTOR('',#5718,1.);
#5718 = DIRECTION('',(0.,1.));
#5719 = ( GEOMETRIC_REPRESENTATION_CONTEXT(2) 
PARAMETRIC_REPRESENTATION_CONTEXT() REPRESENTATION_CONTEXT('2D SPACE',''
  ) );
#5720 = ORIENTED_EDGE('',*,*,#5626,.T.);
#5721 = ADVANCED_FACE('',(#5722),#2884,.F.);
#5722 = FACE_BOUND('',#5723,.F.);
#5723 = EDGE_LOOP('',(#5724,#5725,#5748,#5774));
#5724 = ORIENTED_EDGE('',*,*,#2867,.F.);
#5725 = ORIENTED_EDGE('',*,*,#5726,.F.);
#5726 = EDGE_CURVE('',#5727,#2868,#5729,.T.);
#5727 = VERTEX_POINT('',#5728);
#5728 = CARTESIAN_POINT('',(11.836120230929,-15.22318241626,17.25));
#5729 = SURFACE_CURVE('',#5730,(#5734,#5741),.PCURVE_S1.);
#5730 = LINE('',#5731,#5732);
#5731 = CARTESIAN_POINT('',(11.836120230929,-15.22318241626,17.25));
#5732 = VECTOR('',#5733,1.);
#5733 = DIRECTION('',(0.,0.,1.));
#5734 = PCURVE('',#2884,#5735);
#5735 = DEFINITIONAL_REPRESENTATION('',(#5736),#5740);
#5736 = LINE('',#5737,#5738);
#5737 = CARTESIAN_POINT('',(4.712388980385,0.));
#5738 = VECTOR('',#5739,1.);
#5739 = DIRECTION('',(-0.,1.));
#5740 = ( GEOMETRIC_REPRESENTATION_CONTEXT(2) 
PARAMETRIC_REPRESENTATION_CONTEXT() REPRESENTATION_CONTEXT('2D SPACE',''
  ) );
#5741 = PCURVE('',#2910,#5742);
#5742 = DEFINITIONAL_REPRESENTATION('',(#5743),#5747);
#5743 = LINE('',#5744,#5745);
#5744 = CARTESIAN_POINT('',(0.,8.100000000001));
#5745 = VECTOR('',#5746,1.);
#5746 = DIRECTION('',(1.,0.));
#5747 = ( GEOMETRIC_REPRESENTATION_CONTEXT(2) 
PARAMETRIC_REPRESENTATION_CONTEXT() REPRESENTATION_CONTEXT('2D SPACE',''
  ) );
#5748 = ORIENTED_EDGE('',*,*,#5749,.F.);
#5749 = EDGE_CURVE('',#5678,#5727,#5750,.T.);
#5750 = SURFACE_CURVE('',#5751,(#5756,#5763),.PCURVE_S1.);
#5751 = CIRCLE('',#5752,0.5);
#5752 = AXIS2_PLACEMENT_3D('',#5753,#5754,#5755);
#5753 = CARTESIAN_POINT('',(11.613021324374,-14.77571523546,17.25));
#5754 = DIRECTION('',(0.,-0.,-1.));
#5755 = DIRECTION('',(0.44619781311,-0.894934361602,0.));
#5756 = PCURVE('',#2884,#5757);
#5757 = DEFINITIONAL_REPRESENTATION('',(#5758),#5762);
#5758 = LINE('',#5759,#5760);
#5759 = CARTESIAN_POINT('',(10.995574287565,0.));
#5760 = VECTOR('',#5761,1.);
#5761 = DIRECTION('',(-1.,0.));
#5762 = ( GEOMETRIC_REPRESENTATION_CONTEXT(2) 
PARAMETRIC_REPRESENTATION_CONTEXT() REPRESENTATION_CONTEXT('2D SPACE',''
  ) );
#5763 = PCURVE('',#5437,#5764);
#5764 = DEFINITIONAL_REPRESENTATION('',(#5765),#5773);
#5765 = ( BOUNDED_CURVE() B_SPLINE_CURVE(2,(#5766,#5767,#5768,#5769,
#5770,#5771,#5772),.UNSPECIFIED.,.T.,.F.) B_SPLINE_CURVE_WITH_KNOTS((1,2
    ,2,2,2,1),(-2.094395102393,0.,2.094395102393,4.188790204786,
6.28318530718,8.377580409573),.UNSPECIFIED.) CURVE() 
GEOMETRIC_REPRESENTATION_ITEM() RATIONAL_B_SPLINE_CURVE((1.,0.5,1.,0.5,
1.,0.5,1.)) REPRESENTATION_ITEM('') );
#5766 = CARTESIAN_POINT('',(8.1,-2.116640196448E-12));
#5767 = CARTESIAN_POINT('',(7.233974596216,-2.116640196448E-12));
#5768 = CARTESIAN_POINT('',(7.666987298108,0.749999999998));
#5769 = CARTESIAN_POINT('',(8.1,1.499999999998));
#5770 = CARTESIAN_POINT('',(8.533012701893,0.749999999998));
#5771 = CARTESIAN_POINT('',(8.966025403785,-2.115863040331E-12));
#5772 = CARTESIAN_POINT('',(8.1,-2.116640196448E-12));
#5773 = ( GEOMETRIC_REPRESENTATION_CONTEXT(2) 
PARAMETRIC_REPRESENTATION_CONTEXT() REPRESENTATION_CONTEXT('2D SPACE',''
  ) );
#5774 = ORIENTED_EDGE('',*,*,#5677,.T.);
#5775 = ADVANCED_FACE('',(#5776),#2910,.T.);
#5776 = FACE_BOUND('',#5777,.T.);
#5777 = EDGE_LOOP('',(#5778,#5799,#5800,#5801));
#5778 = ORIENTED_EDGE('',*,*,#5779,.F.);
#5779 = EDGE_CURVE('',#5421,#5727,#5780,.T.);
#5780 = SURFACE_CURVE('',#5781,(#5785,#5792),.PCURVE_S1.);
#5781 = LINE('',#5782,#5783);
#5782 = CARTESIAN_POINT('',(4.587151901952,-18.83738470245,17.25));
#5783 = VECTOR('',#5784,1.);
#5784 = DIRECTION('',(0.894934361602,0.44619781311,0.));
#5785 = PCURVE('',#2910,#5786);
#5786 = DEFINITIONAL_REPRESENTATION('',(#5787),#5791);
#5787 = LINE('',#5788,#5789);
#5788 = CARTESIAN_POINT('',(0.,0.));
#5789 = VECTOR('',#5790,1.);
#5790 = DIRECTION('',(0.,1.));
#5791 = ( GEOMETRIC_REPRESENTATION_CONTEXT(2) 
PARAMETRIC_REPRESENTATION_CONTEXT() REPRESENTATION_CONTEXT('2D SPACE',''
  ) );
#5792 = PCURVE('',#5437,#5793);
#5793 = DEFINITIONAL_REPRESENTATION('',(#5794),#5798);
#5794 = LINE('',#5795,#5796);
#5795 = CARTESIAN_POINT('',(0.,0.));
#5796 = VECTOR('',#5797,1.);
#5797 = DIRECTION('',(1.,0.));
#5798 = ( GEOMETRIC_REPRESENTATION_CONTEXT(2) 
PARAMETRIC_REPRESENTATION_CONTEXT() REPRESENTATION_CONTEXT('2D SPACE',''
  ) );
#5799 = ORIENTED_EDGE('',*,*,#5449,.T.);
#5800 = ORIENTED_EDGE('',*,*,#2896,.F.);
#5801 = ORIENTED_EDGE('',*,*,#5726,.F.);
#5802 = ADVANCED_FACE('',(#5803),#2943,.F.);
#5803 = FACE_BOUND('',#5804,.F.);
#5804 = EDGE_LOOP('',(#5805,#5828,#5857,#5878));
#5805 = ORIENTED_EDGE('',*,*,#5806,.F.);
#5806 = EDGE_CURVE('',#5807,#2925,#5809,.T.);
#5807 = VERTEX_POINT('',#5808);
#5808 = CARTESIAN_POINT('',(-4.364052995397,18.389917521657,17.25));
#5809 = SURFACE_CURVE('',#5810,(#5814,#5821),.PCURVE_S1.);
#5810 = LINE('',#5811,#5812);
#5811 = CARTESIAN_POINT('',(-4.364052995397,18.389917521657,17.25));
#5812 = VECTOR('',#5813,1.);
#5813 = DIRECTION('',(0.,0.,1.));
#5814 = PCURVE('',#2943,#5815);
#5815 = DEFINITIONAL_REPRESENTATION('',(#5816),#5820);
#5816 = LINE('',#5817,#5818);
#5817 = CARTESIAN_POINT('',(0.,0.));
#5818 = VECTOR('',#5819,1.);
#5819 = DIRECTION('',(0.,1.));
#5820 = ( GEOMETRIC_REPRESENTATION_CONTEXT(2) 
PARAMETRIC_REPRESENTATION_CONTEXT() REPRESENTATION_CONTEXT('2D SPACE',''
  ) );
#5821 = PCURVE('',#2971,#5822);
#5822 = DEFINITIONAL_REPRESENTATION('',(#5823),#5827);
#5823 = LINE('',#5824,#5825);
#5824 = CARTESIAN_POINT('',(0.,-0.5));
#5825 = VECTOR('',#5826,1.);
#5826 = DIRECTION('',(1.,0.));
#5827 = ( GEOMETRIC_REPRESENTATION_CONTEXT(2) 
PARAMETRIC_REPRESENTATION_CONTEXT() REPRESENTATION_CONTEXT('2D SPACE',''
  ) );
#5828 = ORIENTED_EDGE('',*,*,#5829,.T.);
#5829 = EDGE_CURVE('',#5807,#5830,#5832,.T.);
#5830 = VERTEX_POINT('',#5831);
#5831 = CARTESIAN_POINT('',(-5.034619082753,18.614285795904,17.25));
#5832 = SURFACE_CURVE('',#5833,(#5838,#5845),.PCURVE_S1.);
#5833 = CIRCLE('',#5834,0.5);
#5834 = AXIS2_PLACEMENT_3D('',#5835,#5836,#5837);
#5835 = CARTESIAN_POINT('',(-4.811520176198,18.166818615103,17.25));
#5836 = DIRECTION('',(0.,0.,1.));
#5837 = DIRECTION('',(-0.44619781311,0.894934361602,0.));
#5838 = PCURVE('',#2943,#5839);
#5839 = DEFINITIONAL_REPRESENTATION('',(#5840),#5844);
#5840 = LINE('',#5841,#5842);
#5841 = CARTESIAN_POINT('',(-4.712388980385,0.));
#5842 = VECTOR('',#5843,1.);
#5843 = DIRECTION('',(1.,0.));
#5844 = ( GEOMETRIC_REPRESENTATION_CONTEXT(2) 
PARAMETRIC_REPRESENTATION_CONTEXT() REPRESENTATION_CONTEXT('2D SPACE',''
  ) );
#5845 = PCURVE('',#5846,#5851);
#5846 = PLANE('',#5847);
#5847 = AXIS2_PLACEMENT_3D('',#5848,#5849,#5850);
#5848 = CARTESIAN_POINT('',(-4.587151901952,18.837384702458,17.25));
#5849 = DIRECTION('',(0.,0.,1.));
#5850 = DIRECTION('',(-0.894934361602,-0.44619781311,0.));
#5851 = DEFINITIONAL_REPRESENTATION('',(#5852),#5856);
#5852 = CIRCLE('',#5853,0.5);
#5853 = AXIS2_PLACEMENT_2D('',#5854,#5855);
#5854 = CARTESIAN_POINT('',(0.5,0.499999999999));
#5855 = DIRECTION('',(0.,-1.));
#5856 = ( GEOMETRIC_REPRESENTATION_CONTEXT(2) 
PARAMETRIC_REPRESENTATION_CONTEXT() REPRESENTATION_CONTEXT('2D SPACE',''
  ) );
#5857 = ORIENTED_EDGE('',*,*,#5858,.T.);
#5858 = EDGE_CURVE('',#5830,#2927,#5859,.T.);
#5859 = SURFACE_CURVE('',#5860,(#5864,#5871),.PCURVE_S1.);
#5860 = LINE('',#5861,#5862);
#5861 = CARTESIAN_POINT('',(-5.034619082753,18.614285795904,17.25));
#5862 = VECTOR('',#5863,1.);
#5863 = DIRECTION('',(0.,0.,1.));
#5864 = PCURVE('',#2943,#5865);
#5865 = DEFINITIONAL_REPRESENTATION('',(#5866),#5870);
#5866 = LINE('',#5867,#5868);
#5867 = CARTESIAN_POINT('',(1.570796326795,0.));
#5868 = VECTOR('',#5869,1.);
#5869 = DIRECTION('',(0.,1.));
#5870 = ( GEOMETRIC_REPRESENTATION_CONTEXT(2) 
PARAMETRIC_REPRESENTATION_CONTEXT() REPRESENTATION_CONTEXT('2D SPACE',''
  ) );
#5871 = PCURVE('',#3140,#5872);
#5872 = DEFINITIONAL_REPRESENTATION('',(#5873),#5877);
#5873 = LINE('',#5874,#5875);
#5874 = CARTESIAN_POINT('',(0.,0.5));
#5875 = VECTOR('',#5876,1.);
#5876 = DIRECTION('',(1.,0.));
#5877 = ( GEOMETRIC_REPRESENTATION_CONTEXT(2) 
PARAMETRIC_REPRESENTATION_CONTEXT() REPRESENTATION_CONTEXT('2D SPACE',''
  ) );
#5878 = ORIENTED_EDGE('',*,*,#2924,.F.);
#5879 = ADVANCED_FACE('',(#5880),#2971,.T.);
#5880 = FACE_BOUND('',#5881,.T.);
#5881 = EDGE_LOOP('',(#5882,#5883,#5884,#5907));
#5882 = ORIENTED_EDGE('',*,*,#2955,.F.);
#5883 = ORIENTED_EDGE('',*,*,#5806,.F.);
#5884 = ORIENTED_EDGE('',*,*,#5885,.T.);
#5885 = EDGE_CURVE('',#5807,#5886,#5888,.T.);
#5886 = VERTEX_POINT('',#5887);
#5887 = CARTESIAN_POINT('',(-3.850925510321,17.360743005815,17.25));
#5888 = SURFACE_CURVE('',#5889,(#5893,#5900),.PCURVE_S1.);
#5889 = LINE('',#5890,#5891);
#5890 = CARTESIAN_POINT('',(-4.587151901952,18.837384702458,17.25));
#5891 = VECTOR('',#5892,1.);
#5892 = DIRECTION('',(0.44619781311,-0.894934361602,0.));
#5893 = PCURVE('',#2971,#5894);
#5894 = DEFINITIONAL_REPRESENTATION('',(#5895),#5899);
#5895 = LINE('',#5896,#5897);
#5896 = CARTESIAN_POINT('',(0.,0.));
#5897 = VECTOR('',#5898,1.);
#5898 = DIRECTION('',(0.,-1.));
#5899 = ( GEOMETRIC_REPRESENTATION_CONTEXT(2) 
PARAMETRIC_REPRESENTATION_CONTEXT() REPRESENTATION_CONTEXT('2D SPACE',''
  ) );
#5900 = PCURVE('',#5846,#5901);
#5901 = DEFINITIONAL_REPRESENTATION('',(#5902),#5906);
#5902 = LINE('',#5903,#5904);
#5903 = CARTESIAN_POINT('',(0.,0.));
#5904 = VECTOR('',#5905,1.);
#5905 = DIRECTION('',(0.,1.));
#5906 = ( GEOMETRIC_REPRESENTATION_CONTEXT(2) 
PARAMETRIC_REPRESENTATION_CONTEXT() REPRESENTATION_CONTEXT('2D SPACE',''
  ) );
#5907 = ORIENTED_EDGE('',*,*,#5908,.T.);
#5908 = EDGE_CURVE('',#5886,#2956,#5909,.T.);
#5909 = SURFACE_CURVE('',#5910,(#5914,#5921),.PCURVE_S1.);
#5910 = LINE('',#5911,#5912);
#5911 = CARTESIAN_POINT('',(-3.850925510321,17.360743005815,17.25));
#5912 = VECTOR('',#5913,1.);
#5913 = DIRECTION('',(0.,0.,1.));
#5914 = PCURVE('',#2971,#5915);
#5915 = DEFINITIONAL_REPRESENTATION('',(#5916),#5920);
#5916 = LINE('',#5917,#5918);
#5917 = CARTESIAN_POINT('',(0.,-1.65));
#5918 = VECTOR('',#5919,1.);
#5919 = DIRECTION('',(1.,0.));
#5920 = ( GEOMETRIC_REPRESENTATION_CONTEXT(2) 
PARAMETRIC_REPRESENTATION_CONTEXT() REPRESENTATION_CONTEXT('2D SPACE',''
  ) );
#5921 = PCURVE('',#3000,#5922);
#5922 = DEFINITIONAL_REPRESENTATION('',(#5923),#5927);
#5923 = LINE('',#5924,#5925);
#5924 = CARTESIAN_POINT('',(6.28318530718,0.));
#5925 = VECTOR('',#5926,1.);
#5926 = DIRECTION('',(-0.,1.));
#5927 = ( GEOMETRIC_REPRESENTATION_CONTEXT(2) 
PARAMETRIC_REPRESENTATION_CONTEXT() REPRESENTATION_CONTEXT('2D SPACE',''
  ) );
#5928 = ADVANCED_FACE('',(#5929),#3000,.F.);
#5929 = FACE_BOUND('',#5930,.F.);
#5930 = EDGE_LOOP('',(#5931,#5932,#5955,#5981));
#5931 = ORIENTED_EDGE('',*,*,#2983,.F.);
#5932 = ORIENTED_EDGE('',*,*,#5933,.F.);
#5933 = EDGE_CURVE('',#5934,#2984,#5936,.T.);
#5934 = VERTEX_POINT('',#5935);
#5935 = CARTESIAN_POINT('',(-4.075293784567,16.690176918459,17.25));
#5936 = SURFACE_CURVE('',#5937,(#5941,#5948),.PCURVE_S1.);
#5937 = LINE('',#5938,#5939);
#5938 = CARTESIAN_POINT('',(-4.075293784567,16.690176918459,17.25));
#5939 = VECTOR('',#5940,1.);
#5940 = DIRECTION('',(0.,0.,1.));
#5941 = PCURVE('',#3000,#5942);
#5942 = DEFINITIONAL_REPRESENTATION('',(#5943),#5947);
#5943 = LINE('',#5944,#5945);
#5944 = CARTESIAN_POINT('',(4.712388980385,0.));
#5945 = VECTOR('',#5946,1.);
#5946 = DIRECTION('',(-0.,1.));
#5947 = ( GEOMETRIC_REPRESENTATION_CONTEXT(2) 
PARAMETRIC_REPRESENTATION_CONTEXT() REPRESENTATION_CONTEXT('2D SPACE',''
  ) );
#5948 = PCURVE('',#3028,#5949);
#5949 = DEFINITIONAL_REPRESENTATION('',(#5950),#5954);
#5950 = LINE('',#5951,#5952);
#5951 = CARTESIAN_POINT('',(0.,0.5));
#5952 = VECTOR('',#5953,1.);
#5953 = DIRECTION('',(1.,0.));
#5954 = ( GEOMETRIC_REPRESENTATION_CONTEXT(2) 
PARAMETRIC_REPRESENTATION_CONTEXT() REPRESENTATION_CONTEXT('2D SPACE',''
  ) );
#5955 = ORIENTED_EDGE('',*,*,#5956,.F.);
#5956 = EDGE_CURVE('',#5886,#5934,#5957,.T.);
#5957 = SURFACE_CURVE('',#5958,(#5963,#5970),.PCURVE_S1.);
#5958 = CIRCLE('',#5959,0.5);
#5959 = AXIS2_PLACEMENT_3D('',#5960,#5961,#5962);
#5960 = CARTESIAN_POINT('',(-4.298392691122,17.13764409926,17.25));
#5961 = DIRECTION('',(0.,0.,-1.));
#5962 = DIRECTION('',(-0.44619781311,0.894934361602,0.));
#5963 = PCURVE('',#3000,#5964);
#5964 = DEFINITIONAL_REPRESENTATION('',(#5965),#5969);
#5965 = LINE('',#5966,#5967);
#5966 = CARTESIAN_POINT('',(7.853981633975,0.));
#5967 = VECTOR('',#5968,1.);
#5968 = DIRECTION('',(-1.,0.));
#5969 = ( GEOMETRIC_REPRESENTATION_CONTEXT(2) 
PARAMETRIC_REPRESENTATION_CONTEXT() REPRESENTATION_CONTEXT('2D SPACE',''
  ) );
#5970 = PCURVE('',#5846,#5971);
#5971 = DEFINITIONAL_REPRESENTATION('',(#5972),#5980);
#5972 = ( BOUNDED_CURVE() B_SPLINE_CURVE(2,(#5973,#5974,#5975,#5976,
#5977,#5978,#5979),.UNSPECIFIED.,.T.,.F.) B_SPLINE_CURVE_WITH_KNOTS((1,2
    ,2,2,2,1),(-2.094395102393,0.,2.094395102393,4.188790204786,
6.28318530718,8.377580409573),.UNSPECIFIED.) CURVE() 
GEOMETRIC_REPRESENTATION_ITEM() RATIONAL_B_SPLINE_CURVE((1.,0.5,1.,0.5,
1.,0.5,1.)) REPRESENTATION_ITEM('') );
#5973 = CARTESIAN_POINT('',(0.5,1.15));
#5974 = CARTESIAN_POINT('',(-0.366025403784,1.15));
#5975 = CARTESIAN_POINT('',(6.698729810813E-02,1.9));
#5976 = CARTESIAN_POINT('',(0.5,2.65));
#5977 = CARTESIAN_POINT('',(0.933012701893,1.9));
#5978 = CARTESIAN_POINT('',(1.366025403785,1.15));
#5979 = CARTESIAN_POINT('',(0.5,1.15));
#5980 = ( GEOMETRIC_REPRESENTATION_CONTEXT(2) 
PARAMETRIC_REPRESENTATION_CONTEXT() REPRESENTATION_CONTEXT('2D SPACE',''
  ) );
#5981 = ORIENTED_EDGE('',*,*,#5908,.T.);
#5982 = ADVANCED_FACE('',(#5983),#3028,.F.);
#5983 = FACE_BOUND('',#5984,.F.);
#5984 = EDGE_LOOP('',(#5985,#6008,#6009,#6010));
#5985 = ORIENTED_EDGE('',*,*,#5986,.F.);
#5986 = EDGE_CURVE('',#5934,#5987,#5989,.T.);
#5987 = VERTEX_POINT('',#5988);
#5988 = CARTESIAN_POINT('',(-10.87679493274,13.299073538825,17.25));
#5989 = SURFACE_CURVE('',#5990,(#5994,#6001),.PCURVE_S1.);
#5990 = LINE('',#5991,#5992);
#5991 = CARTESIAN_POINT('',(-3.627826603766,16.913275825014,17.25));
#5992 = VECTOR('',#5993,1.);
#5993 = DIRECTION('',(-0.894934361602,-0.44619781311,0.));
#5994 = PCURVE('',#3028,#5995);
#5995 = DEFINITIONAL_REPRESENTATION('',(#5996),#6000);
#5996 = LINE('',#5997,#5998);
#5997 = CARTESIAN_POINT('',(0.,0.));
#5998 = VECTOR('',#5999,1.);
#5999 = DIRECTION('',(0.,1.));
#6000 = ( GEOMETRIC_REPRESENTATION_CONTEXT(2) 
PARAMETRIC_REPRESENTATION_CONTEXT() REPRESENTATION_CONTEXT('2D SPACE',''
  ) );
#6001 = PCURVE('',#5846,#6002);
#6002 = DEFINITIONAL_REPRESENTATION('',(#6003),#6007);
#6003 = LINE('',#6004,#6005);
#6004 = CARTESIAN_POINT('',(3.134159598517E-13,2.15));
#6005 = VECTOR('',#6006,1.);
#6006 = DIRECTION('',(1.,0.));
#6007 = ( GEOMETRIC_REPRESENTATION_CONTEXT(2) 
PARAMETRIC_REPRESENTATION_CONTEXT() REPRESENTATION_CONTEXT('2D SPACE',''
  ) );
#6008 = ORIENTED_EDGE('',*,*,#5933,.T.);
#6009 = ORIENTED_EDGE('',*,*,#3012,.F.);
#6010 = ORIENTED_EDGE('',*,*,#6011,.F.);
#6011 = EDGE_CURVE('',#5987,#3013,#6012,.T.);
#6012 = SURFACE_CURVE('',#6013,(#6017,#6024),.PCURVE_S1.);
#6013 = LINE('',#6014,#6015);
#6014 = CARTESIAN_POINT('',(-10.87679493274,13.299073538825,17.25));
#6015 = VECTOR('',#6016,1.);
#6016 = DIRECTION('',(0.,0.,1.));
#6017 = PCURVE('',#3028,#6018);
#6018 = DEFINITIONAL_REPRESENTATION('',(#6019),#6023);
#6019 = LINE('',#6020,#6021);
#6020 = CARTESIAN_POINT('',(0.,8.099999999998));
#6021 = VECTOR('',#6022,1.);
#6022 = DIRECTION('',(1.,0.));
#6023 = ( GEOMETRIC_REPRESENTATION_CONTEXT(2) 
PARAMETRIC_REPRESENTATION_CONTEXT() REPRESENTATION_CONTEXT('2D SPACE',''
  ) );
#6024 = PCURVE('',#3057,#6025);
#6025 = DEFINITIONAL_REPRESENTATION('',(#6026),#6030);
#6026 = LINE('',#6027,#6028);
#6027 = CARTESIAN_POINT('',(1.570796326795,0.));
#6028 = VECTOR('',#6029,1.);
#6029 = DIRECTION('',(0.,1.));
#6030 = ( GEOMETRIC_REPRESENTATION_CONTEXT(2) 
PARAMETRIC_REPRESENTATION_CONTEXT() REPRESENTATION_CONTEXT('2D SPACE',''
  ) );
#6031 = ADVANCED_FACE('',(#6032),#3057,.F.);
#6032 = FACE_BOUND('',#6033,.F.);
#6033 = EDGE_LOOP('',(#6034,#6057,#6079,#6080));
#6034 = ORIENTED_EDGE('',*,*,#6035,.F.);
#6035 = EDGE_CURVE('',#6036,#3041,#6038,.T.);
#6036 = VERTEX_POINT('',#6037);
#6037 = CARTESIAN_POINT('',(-11.54736102009,13.523441813071,17.25));
#6038 = SURFACE_CURVE('',#6039,(#6043,#6050),.PCURVE_S1.);
#6039 = LINE('',#6040,#6041);
#6040 = CARTESIAN_POINT('',(-11.54736102009,13.523441813071,17.25));
#6041 = VECTOR('',#6042,1.);
#6042 = DIRECTION('',(0.,0.,1.));
#6043 = PCURVE('',#3057,#6044);
#6044 = DEFINITIONAL_REPRESENTATION('',(#6045),#6049);
#6045 = LINE('',#6046,#6047);
#6046 = CARTESIAN_POINT('',(0.,0.));
#6047 = VECTOR('',#6048,1.);
#6048 = DIRECTION('',(0.,1.));
#6049 = ( GEOMETRIC_REPRESENTATION_CONTEXT(2) 
PARAMETRIC_REPRESENTATION_CONTEXT() REPRESENTATION_CONTEXT('2D SPACE',''
  ) );
#6050 = PCURVE('',#3085,#6051);
#6051 = DEFINITIONAL_REPRESENTATION('',(#6052),#6056);
#6052 = LINE('',#6053,#6054);
#6053 = CARTESIAN_POINT('',(0.,-1.650000000004));
#6054 = VECTOR('',#6055,1.);
#6055 = DIRECTION('',(1.,0.));
#6056 = ( GEOMETRIC_REPRESENTATION_CONTEXT(2) 
PARAMETRIC_REPRESENTATION_CONTEXT() REPRESENTATION_CONTEXT('2D SPACE',''
  ) );
#6057 = ORIENTED_EDGE('',*,*,#6058,.T.);
#6058 = EDGE_CURVE('',#6036,#5987,#6059,.T.);
#6059 = SURFACE_CURVE('',#6060,(#6065,#6072),.PCURVE_S1.);
#6060 = CIRCLE('',#6061,0.5);
#6061 = AXIS2_PLACEMENT_3D('',#6062,#6063,#6064);
#6062 = CARTESIAN_POINT('',(-11.09989383929,13.746540719626,17.25));
#6063 = DIRECTION('',(0.,0.,1.));
#6064 = DIRECTION('',(-0.44619781311,0.894934361602,0.));
#6065 = PCURVE('',#3057,#6066);
#6066 = DEFINITIONAL_REPRESENTATION('',(#6067),#6071);
#6067 = LINE('',#6068,#6069);
#6068 = CARTESIAN_POINT('',(-1.570796326795,0.));
#6069 = VECTOR('',#6070,1.);
#6070 = DIRECTION('',(1.,0.));
#6071 = ( GEOMETRIC_REPRESENTATION_CONTEXT(2) 
PARAMETRIC_REPRESENTATION_CONTEXT() REPRESENTATION_CONTEXT('2D SPACE',''
  ) );
#6072 = PCURVE('',#5846,#6073);
#6073 = DEFINITIONAL_REPRESENTATION('',(#6074),#6078);
#6074 = CIRCLE('',#6075,0.5);
#6075 = AXIS2_PLACEMENT_2D('',#6076,#6077);
#6076 = CARTESIAN_POINT('',(8.099999999993,1.650000000001));
#6077 = DIRECTION('',(0.,-1.));
#6078 = ( GEOMETRIC_REPRESENTATION_CONTEXT(2) 
PARAMETRIC_REPRESENTATION_CONTEXT() REPRESENTATION_CONTEXT('2D SPACE',''
  ) );
#6079 = ORIENTED_EDGE('',*,*,#6011,.T.);
#6080 = ORIENTED_EDGE('',*,*,#3040,.F.);
#6081 = ADVANCED_FACE('',(#6082),#3085,.F.);
#6082 = FACE_BOUND('',#6083,.F.);
#6083 = EDGE_LOOP('',(#6084,#6085,#6108,#6129));
#6084 = ORIENTED_EDGE('',*,*,#3069,.F.);
#6085 = ORIENTED_EDGE('',*,*,#6086,.F.);
#6086 = EDGE_CURVE('',#6087,#3070,#6089,.T.);
#6087 = VERTEX_POINT('',#6088);
#6088 = CARTESIAN_POINT('',(-12.06048850517,14.552616328913,17.25));
#6089 = SURFACE_CURVE('',#6090,(#6094,#6101),.PCURVE_S1.);
#6090 = LINE('',#6091,#6092);
#6091 = CARTESIAN_POINT('',(-12.06048850517,14.552616328913,17.25));
#6092 = VECTOR('',#6093,1.);
#6093 = DIRECTION('',(0.,0.,1.));
#6094 = PCURVE('',#3085,#6095);
#6095 = DEFINITIONAL_REPRESENTATION('',(#6096),#6100);
#6096 = LINE('',#6097,#6098);
#6097 = CARTESIAN_POINT('',(0.,-0.500000000002));
#6098 = VECTOR('',#6099,1.);
#6099 = DIRECTION('',(1.,0.));
#6100 = ( GEOMETRIC_REPRESENTATION_CONTEXT(2) 
PARAMETRIC_REPRESENTATION_CONTEXT() REPRESENTATION_CONTEXT('2D SPACE',''
  ) );
#6101 = PCURVE('',#3114,#6102);
#6102 = DEFINITIONAL_REPRESENTATION('',(#6103),#6107);
#6103 = LINE('',#6104,#6105);
#6104 = CARTESIAN_POINT('',(6.28318530718,0.));
#6105 = VECTOR('',#6106,1.);
#6106 = DIRECTION('',(-0.,1.));
#6107 = ( GEOMETRIC_REPRESENTATION_CONTEXT(2) 
PARAMETRIC_REPRESENTATION_CONTEXT() REPRESENTATION_CONTEXT('2D SPACE',''
  ) );
#6108 = ORIENTED_EDGE('',*,*,#6109,.T.);
#6109 = EDGE_CURVE('',#6087,#6036,#6110,.T.);
#6110 = SURFACE_CURVE('',#6111,(#6115,#6122),.PCURVE_S1.);
#6111 = LINE('',#6112,#6113);
#6112 = CARTESIAN_POINT('',(-12.28358741173,15.000083509714,17.25));
#6113 = VECTOR('',#6114,1.);
#6114 = DIRECTION('',(0.44619781311,-0.894934361602,0.));
#6115 = PCURVE('',#3085,#6116);
#6116 = DEFINITIONAL_REPRESENTATION('',(#6117),#6121);
#6117 = LINE('',#6118,#6119);
#6118 = CARTESIAN_POINT('',(0.,0.));
#6119 = VECTOR('',#6120,1.);
#6120 = DIRECTION('',(0.,-1.));
#6121 = ( GEOMETRIC_REPRESENTATION_CONTEXT(2) 
PARAMETRIC_REPRESENTATION_CONTEXT() REPRESENTATION_CONTEXT('2D SPACE',''
  ) );
#6122 = PCURVE('',#5846,#6123);
#6123 = DEFINITIONAL_REPRESENTATION('',(#6124),#6128);
#6124 = LINE('',#6125,#6126);
#6125 = CARTESIAN_POINT('',(8.6,-2.148503597255E-12));
#6126 = VECTOR('',#6127,1.);
#6127 = DIRECTION('',(0.,1.));
#6128 = ( GEOMETRIC_REPRESENTATION_CONTEXT(2) 
PARAMETRIC_REPRESENTATION_CONTEXT() REPRESENTATION_CONTEXT('2D SPACE',''
  ) );
#6129 = ORIENTED_EDGE('',*,*,#6035,.T.);
#6130 = ADVANCED_FACE('',(#6131),#3114,.F.);
#6131 = FACE_BOUND('',#6132,.F.);
#6132 = EDGE_LOOP('',(#6133,#6134,#6157,#6183));
#6133 = ORIENTED_EDGE('',*,*,#3097,.F.);
#6134 = ORIENTED_EDGE('',*,*,#6135,.F.);
#6135 = EDGE_CURVE('',#6136,#3098,#6138,.T.);
#6136 = VERTEX_POINT('',#6137);
#6137 = CARTESIAN_POINT('',(-11.83612023092,15.223182416269,17.25));
#6138 = SURFACE_CURVE('',#6139,(#6143,#6150),.PCURVE_S1.);
#6139 = LINE('',#6140,#6141);
#6140 = CARTESIAN_POINT('',(-11.83612023092,15.223182416269,17.25));
#6141 = VECTOR('',#6142,1.);
#6142 = DIRECTION('',(0.,0.,1.));
#6143 = PCURVE('',#3114,#6144);
#6144 = DEFINITIONAL_REPRESENTATION('',(#6145),#6149);
#6145 = LINE('',#6146,#6147);
#6146 = CARTESIAN_POINT('',(4.712388980385,0.));
#6147 = VECTOR('',#6148,1.);
#6148 = DIRECTION('',(-0.,1.));
#6149 = ( GEOMETRIC_REPRESENTATION_CONTEXT(2) 
PARAMETRIC_REPRESENTATION_CONTEXT() REPRESENTATION_CONTEXT('2D SPACE',''
  ) );
#6150 = PCURVE('',#3140,#6151);
#6151 = DEFINITIONAL_REPRESENTATION('',(#6152),#6156);
#6152 = LINE('',#6153,#6154);
#6153 = CARTESIAN_POINT('',(0.,8.099999999992));
#6154 = VECTOR('',#6155,1.);
#6155 = DIRECTION('',(1.,0.));
#6156 = ( GEOMETRIC_REPRESENTATION_CONTEXT(2) 
PARAMETRIC_REPRESENTATION_CONTEXT() REPRESENTATION_CONTEXT('2D SPACE',''
  ) );
#6157 = ORIENTED_EDGE('',*,*,#6158,.F.);
#6158 = EDGE_CURVE('',#6087,#6136,#6159,.T.);
#6159 = SURFACE_CURVE('',#6160,(#6165,#6172),.PCURVE_S1.);
#6160 = CIRCLE('',#6161,0.5);
#6161 = AXIS2_PLACEMENT_3D('',#6162,#6163,#6164);
#6162 = CARTESIAN_POINT('',(-11.61302132437,14.775715235468,17.25));
#6163 = DIRECTION('',(0.,0.,-1.));
#6164 = DIRECTION('',(-0.44619781311,0.894934361602,0.));
#6165 = PCURVE('',#3114,#6166);
#6166 = DEFINITIONAL_REPRESENTATION('',(#6167),#6171);
#6167 = LINE('',#6168,#6169);
#6168 = CARTESIAN_POINT('',(10.995574287565,0.));
#6169 = VECTOR('',#6170,1.);
#6170 = DIRECTION('',(-1.,0.));
#6171 = ( GEOMETRIC_REPRESENTATION_CONTEXT(2) 
PARAMETRIC_REPRESENTATION_CONTEXT() REPRESENTATION_CONTEXT('2D SPACE',''
  ) );
#6172 = PCURVE('',#5846,#6173);
#6173 = DEFINITIONAL_REPRESENTATION('',(#6174),#6182);
#6174 = ( BOUNDED_CURVE() B_SPLINE_CURVE(2,(#6175,#6176,#6177,#6178,
#6179,#6180,#6181),.UNSPECIFIED.,.T.,.F.) B_SPLINE_CURVE_WITH_KNOTS((1,2
    ,2,2,2,1),(-2.094395102393,0.,2.094395102393,4.188790204786,
6.28318530718,8.377580409573),.UNSPECIFIED.) CURVE() 
GEOMETRIC_REPRESENTATION_ITEM() RATIONAL_B_SPLINE_CURVE((1.,0.5,1.,0.5,
1.,0.5,1.)) REPRESENTATION_ITEM('') );
#6175 = CARTESIAN_POINT('',(8.099999999997,-3.314015728506E-13));
#6176 = CARTESIAN_POINT('',(7.233974596212,-3.314015728506E-13));
#6177 = CARTESIAN_POINT('',(7.666987298105,0.75));
#6178 = CARTESIAN_POINT('',(8.099999999997,1.5));
#6179 = CARTESIAN_POINT('',(8.533012701889,0.75));
#6180 = CARTESIAN_POINT('',(8.966025403781,-3.306244167334E-13));
#6181 = CARTESIAN_POINT('',(8.099999999997,-3.314015728506E-13));
#6182 = ( GEOMETRIC_REPRESENTATION_CONTEXT(2) 
PARAMETRIC_REPRESENTATION_CONTEXT() REPRESENTATION_CONTEXT('2D SPACE',''
  ) );
#6183 = ORIENTED_EDGE('',*,*,#6086,.T.);
#6184 = ADVANCED_FACE('',(#6185),#3140,.T.);
#6185 = FACE_BOUND('',#6186,.T.);
#6186 = EDGE_LOOP('',(#6187,#6208,#6209,#6210));
#6187 = ORIENTED_EDGE('',*,*,#6188,.F.);
#6188 = EDGE_CURVE('',#5830,#6136,#6189,.T.);
#6189 = SURFACE_CURVE('',#6190,(#6194,#6201),.PCURVE_S1.);
#6190 = LINE('',#6191,#6192);
#6191 = CARTESIAN_POINT('',(-4.587151901952,18.837384702458,17.25));
#6192 = VECTOR('',#6193,1.);
#6193 = DIRECTION('',(-0.894934361602,-0.44619781311,0.));
#6194 = PCURVE('',#3140,#6195);
#6195 = DEFINITIONAL_REPRESENTATION('',(#6196),#6200);
#6196 = LINE('',#6197,#6198);
#6197 = CARTESIAN_POINT('',(0.,0.));
#6198 = VECTOR('',#6199,1.);
#6199 = DIRECTION('',(0.,1.));
#6200 = ( GEOMETRIC_REPRESENTATION_CONTEXT(2) 
PARAMETRIC_REPRESENTATION_CONTEXT() REPRESENTATION_CONTEXT('2D SPACE',''
  ) );
#6201 = PCURVE('',#5846,#6202);
#6202 = DEFINITIONAL_REPRESENTATION('',(#6203),#6207);
#6203 = LINE('',#6204,#6205);
#6204 = CARTESIAN_POINT('',(0.,0.));
#6205 = VECTOR('',#6206,1.);
#6206 = DIRECTION('',(1.,0.));
#6207 = ( GEOMETRIC_REPRESENTATION_CONTEXT(2) 
PARAMETRIC_REPRESENTATION_CONTEXT() REPRESENTATION_CONTEXT('2D SPACE',''
  ) );
#6208 = ORIENTED_EDGE('',*,*,#5858,.T.);
#6209 = ORIENTED_EDGE('',*,*,#3126,.F.);
#6210 = ORIENTED_EDGE('',*,*,#6135,.F.);
#6211 = ADVANCED_FACE('',(#6212),#3196,.T.);
#6212 = FACE_BOUND('',#6213,.T.);
#6213 = EDGE_LOOP('',(#6214,#6215,#6216,#6217));
#6214 = ORIENTED_EDGE('',*,*,#3232,.F.);
#6215 = ORIENTED_EDGE('',*,*,#3179,.T.);
#6216 = ORIENTED_EDGE('',*,*,#4962,.F.);
#6217 = ORIENTED_EDGE('',*,*,#3356,.F.);
#6218 = ADVANCED_FACE('',(#6219),#3704,.T.);
#6219 = FACE_BOUND('',#6220,.T.);
#6220 = EDGE_LOOP('',(#6221,#6222,#6223,#6224));
#6221 = ORIENTED_EDGE('',*,*,#3950,.F.);
#6222 = ORIENTED_EDGE('',*,*,#3923,.T.);
#6223 = ORIENTED_EDGE('',*,*,#3742,.F.);
#6224 = ORIENTED_EDGE('',*,*,#3687,.F.);
#6225 = ADVANCED_FACE('',(#6226),#3632,.T.);
#6226 = FACE_BOUND('',#6227,.T.);
#6227 = EDGE_LOOP('',(#6228,#6229,#6230,#6231));
#6228 = ORIENTED_EDGE('',*,*,#4074,.F.);
#6229 = ORIENTED_EDGE('',*,*,#4047,.T.);
#6230 = ORIENTED_EDGE('',*,*,#3977,.F.);
#6231 = ORIENTED_EDGE('',*,*,#3615,.F.);
#6232 = ADVANCED_FACE('',(#6233),#3560,.T.);
#6233 = FACE_BOUND('',#6234,.T.);
#6234 = EDGE_LOOP('',(#6235,#6236,#6237,#6238));
#6235 = ORIENTED_EDGE('',*,*,#4198,.F.);
#6236 = ORIENTED_EDGE('',*,*,#4171,.T.);
#6237 = ORIENTED_EDGE('',*,*,#4101,.F.);
#6238 = ORIENTED_EDGE('',*,*,#3543,.F.);
#6239 = ADVANCED_FACE('',(#6240),#3829,.T.);
#6240 = FACE_BOUND('',#6241,.T.);
#6241 = EDGE_LOOP('',(#6242,#6243,#6266,#6293));
#6242 = ORIENTED_EDGE('',*,*,#3814,.T.);
#6243 = ORIENTED_EDGE('',*,*,#6244,.T.);
#6244 = EDGE_CURVE('',#3792,#6245,#6247,.T.);
#6245 = VERTEX_POINT('',#6246);
#6246 = CARTESIAN_POINT('',(-1.396014574593,-30.83990634177,
    22.570100704921));
#6247 = SEAM_CURVE('',#6248,(#6252,#6259),.PCURVE_S1.);
#6248 = LINE('',#6249,#6250);
#6249 = CARTESIAN_POINT('',(-2.220188116011,-22.5824012425,
    22.726137588895));
#6250 = VECTOR('',#6251,1.);
#6251 = DIRECTION('',(9.929801703841E-02,-0.994880132442,
    -1.879962457525E-02));
#6252 = PCURVE('',#3829,#6253);
#6253 = DEFINITIONAL_REPRESENTATION('',(#6254),#6258);
#6254 = LINE('',#6255,#6256);
#6255 = CARTESIAN_POINT('',(6.28318530718,0.));
#6256 = VECTOR('',#6257,1.);
#6257 = DIRECTION('',(0.,1.));
#6258 = ( GEOMETRIC_REPRESENTATION_CONTEXT(2) 
PARAMETRIC_REPRESENTATION_CONTEXT() REPRESENTATION_CONTEXT('2D SPACE',''
  ) );
#6259 = PCURVE('',#3829,#6260);
#6260 = DEFINITIONAL_REPRESENTATION('',(#6261),#6265);
#6261 = LINE('',#6262,#6263);
#6262 = CARTESIAN_POINT('',(4.138911435803E-13,0.));
#6263 = VECTOR('',#6264,1.);
#6264 = DIRECTION('',(0.,1.));
#6265 = ( GEOMETRIC_REPRESENTATION_CONTEXT(2) 
PARAMETRIC_REPRESENTATION_CONTEXT() REPRESENTATION_CONTEXT('2D SPACE',''
  ) );
#6266 = ORIENTED_EDGE('',*,*,#6267,.F.);
#6267 = EDGE_CURVE('',#6245,#6245,#6268,.T.);
#6268 = SURFACE_CURVE('',#6269,(#6274,#6281),.PCURVE_S1.);
#6269 = CIRCLE('',#6270,2.89);
#6270 = AXIS2_PLACEMENT_3D('',#6271,#6272,#6273);
#6271 = CARTESIAN_POINT('',(-1.401410480329,-30.78584403948,
    19.680611450455));
#6272 = DIRECTION('',(9.929801703841E-02,-0.994880132442,
    -1.879962457525E-02));
#6273 = DIRECTION('',(1.867095410469E-03,-1.87066789917E-02,
    0.999823271441));
#6274 = PCURVE('',#3829,#6275);
#6275 = DEFINITIONAL_REPRESENTATION('',(#6276),#6280);
#6276 = LINE('',#6277,#6278);
#6277 = CARTESIAN_POINT('',(0.,8.3));
#6278 = VECTOR('',#6279,1.);
#6279 = DIRECTION('',(1.,0.));
#6280 = ( GEOMETRIC_REPRESENTATION_CONTEXT(2) 
PARAMETRIC_REPRESENTATION_CONTEXT() REPRESENTATION_CONTEXT('2D SPACE',''
  ) );
#6281 = PCURVE('',#6282,#6287);
#6282 = CONICAL_SURFACE('',#6283,2.89,0.256708330433);
#6283 = AXIS2_PLACEMENT_3D('',#6284,#6285,#6286);
#6284 = CARTESIAN_POINT('',(-1.401410480329,-30.78584403948,
    19.680611450455));
#6285 = DIRECTION('',(9.929801703841E-02,-0.994880132442,
    -1.879962457525E-02));
#6286 = DIRECTION('',(1.867095410469E-03,-1.87066789917E-02,
    0.999823271441));
#6287 = DEFINITIONAL_REPRESENTATION('',(#6288),#6292);
#6288 = LINE('',#6289,#6290);
#6289 = CARTESIAN_POINT('',(0.,2.887456227764E-15));
#6290 = VECTOR('',#6291,1.);
#6291 = DIRECTION('',(1.,0.));
#6292 = ( GEOMETRIC_REPRESENTATION_CONTEXT(2) 
PARAMETRIC_REPRESENTATION_CONTEXT() REPRESENTATION_CONTEXT('2D SPACE',''
  ) );
#6293 = ORIENTED_EDGE('',*,*,#6244,.F.);
#6294 = ADVANCED_FACE('',(#6295,#6326),#3885,.F.);
#6295 = FACE_BOUND('',#6296,.T.);
#6296 = EDGE_LOOP('',(#6297));
#6297 = ORIENTED_EDGE('',*,*,#6298,.T.);
#6298 = EDGE_CURVE('',#6299,#6299,#6301,.T.);
#6299 = VERTEX_POINT('',#6300);
#6300 = CARTESIAN_POINT('',(15.99665,0.,14.7));
#6301 = SURFACE_CURVE('',#6302,(#6307,#6314),.PCURVE_S1.);
#6302 = CIRCLE('',#6303,15.99665);
#6303 = AXIS2_PLACEMENT_3D('',#6304,#6305,#6306);
#6304 = CARTESIAN_POINT('',(0.,0.,14.7));
#6305 = DIRECTION('',(0.,0.,1.));
#6306 = DIRECTION('',(1.,0.,-0.));
#6307 = PCURVE('',#3885,#6308);
#6308 = DEFINITIONAL_REPRESENTATION('',(#6309),#6313);
#6309 = CIRCLE('',#6310,15.99665);
#6310 = AXIS2_PLACEMENT_2D('',#6311,#6312);
#6311 = CARTESIAN_POINT('',(0.,0.));
#6312 = DIRECTION('',(1.,0.));
#6313 = ( GEOMETRIC_REPRESENTATION_CONTEXT(2) 
PARAMETRIC_REPRESENTATION_CONTEXT() REPRESENTATION_CONTEXT('2D SPACE',''
  ) );
#6314 = PCURVE('',#6315,#6320);
#6315 = CONICAL_SURFACE('',#6316,15.71,1.949752893875E-02);
#6316 = AXIS2_PLACEMENT_3D('',#6317,#6318,#6319);
#6317 = CARTESIAN_POINT('',(0.,0.,0.));
#6318 = DIRECTION('',(0.,0.,1.));
#6319 = DIRECTION('',(1.,0.,-0.));
#6320 = DEFINITIONAL_REPRESENTATION('',(#6321),#6325);
#6321 = LINE('',#6322,#6323);
#6322 = CARTESIAN_POINT('',(0.,14.7));
#6323 = VECTOR('',#6324,1.);
#6324 = DIRECTION('',(1.,0.));
#6325 = ( GEOMETRIC_REPRESENTATION_CONTEXT(2) 
PARAMETRIC_REPRESENTATION_CONTEXT() REPRESENTATION_CONTEXT('2D SPACE',''
  ) );
#6326 = FACE_BOUND('',#6327,.T.);
#6327 = EDGE_LOOP('',(#6328));
#6328 = ORIENTED_EDGE('',*,*,#3870,.F.);
#6329 = ADVANCED_FACE('',(#6330,#6336,#6450,#6564,#6678,#6792,#6906),
  #4243,.T.);
#6330 = FACE_BOUND('',#6331,.T.);
#6331 = EDGE_LOOP('',(#6332,#6333,#6334,#6335));
#6332 = ORIENTED_EDGE('',*,*,#4380,.T.);
#6333 = ORIENTED_EDGE('',*,*,#4224,.T.);
#6334 = ORIENTED_EDGE('',*,*,#4936,.T.);
#6335 = ORIENTED_EDGE('',*,*,#4905,.F.);
#6336 = FACE_BOUND('',#6337,.T.);
#6337 = EDGE_LOOP('',(#6338,#6368,#6396,#6424));
#6338 = ORIENTED_EDGE('',*,*,#6339,.T.);
#6339 = EDGE_CURVE('',#6340,#6342,#6344,.T.);
#6340 = VERTEX_POINT('',#6341);
#6341 = CARTESIAN_POINT('',(12.56571327604,-1.278251146404,24.04));
#6342 = VERTEX_POINT('',#6343);
#6343 = CARTESIAN_POINT('',(12.846338319536,-4.361801256847,24.04));
#6344 = SURFACE_CURVE('',#6345,(#6349,#6356),.PCURVE_S1.);
#6345 = LINE('',#6346,#6347);
#6346 = CARTESIAN_POINT('',(12.59681353865,-1.619985501293,24.04));
#6347 = VECTOR('',#6348,1.);
#6348 = DIRECTION('',(9.063258019778E-02,-0.995884398616,0.));
#6349 = PCURVE('',#4243,#6350);
#6350 = DEFINITIONAL_REPRESENTATION('',(#6351),#6355);
#6351 = LINE('',#6352,#6353);
#6352 = CARTESIAN_POINT('',(9.846433602E-02,-2.757424382775));
#6353 = VECTOR('',#6354,1.);
#6354 = DIRECTION('',(9.063258019778E-02,-0.995884398616));
#6355 = ( GEOMETRIC_REPRESENTATION_CONTEXT(2) 
PARAMETRIC_REPRESENTATION_CONTEXT() REPRESENTATION_CONTEXT('2D SPACE',''
  ) );
#6356 = PCURVE('',#6357,#6362);
#6357 = PLANE('',#6358);
#6358 = AXIS2_PLACEMENT_3D('',#6359,#6360,#6361);
#6359 = CARTESIAN_POINT('',(12.848352059728,-4.363479041922,24.03));
#6360 = DIRECTION('',(-0.979208222306,-8.911492926461E-02,
    -0.182235525492));
#6361 = DIRECTION('',(-0.181485516711,-1.651647587905E-02,0.983254907564
    ));
#6362 = DEFINITIONAL_REPRESENTATION('',(#6363),#6367);
#6363 = LINE('',#6364,#6365);
#6364 = CARTESIAN_POINT('',(1.017030265807E-02,2.755000000001));
#6365 = VECTOR('',#6366,1.);
#6366 = DIRECTION('',(1.811674580034E-14,-1.));
#6367 = ( GEOMETRIC_REPRESENTATION_CONTEXT(2) 
PARAMETRIC_REPRESENTATION_CONTEXT() REPRESENTATION_CONTEXT('2D SPACE',''
  ) );
#6368 = ORIENTED_EDGE('',*,*,#6369,.T.);
#6369 = EDGE_CURVE('',#6342,#6370,#6372,.T.);
#6370 = VERTEX_POINT('',#6371);
#6371 = CARTESIAN_POINT('',(9.56361132937,-4.660552816383,24.04));
#6372 = SURFACE_CURVE('',#6373,(#6377,#6384),.PCURVE_S1.);
#6373 = LINE('',#6374,#6375);
#6374 = CARTESIAN_POINT('',(11.279666154349,-4.5043795931,24.04));
#6375 = VECTOR('',#6376,1.);
#6376 = DIRECTION('',(-0.995884398616,-9.063258019778E-02,0.));
#6377 = PCURVE('',#4243,#6378);
#6378 = DEFINITIONAL_REPRESENTATION('',(#6379),#6383);
#6379 = LINE('',#6380,#6381);
#6380 = CARTESIAN_POINT('',(-1.218683048281,-5.641818474582));
#6381 = VECTOR('',#6382,1.);
#6382 = DIRECTION('',(-0.995884398616,-9.063258019778E-02));
#6383 = ( GEOMETRIC_REPRESENTATION_CONTEXT(2) 
PARAMETRIC_REPRESENTATION_CONTEXT() REPRESENTATION_CONTEXT('2D SPACE',''
  ) );
#6384 = PCURVE('',#6385,#6390);
#6385 = PLANE('',#6386);
#6386 = AXIS2_PLACEMENT_3D('',#6387,#6388,#6389);
#6387 = CARTESIAN_POINT('',(9.561933544295,-4.662566556574,24.03));
#6388 = DIRECTION('',(-8.911492926461E-02,0.979208222306,-0.182235525492
    ));
#6389 = DIRECTION('',(-1.651647587905E-02,0.181485516711,0.983254907564)
  );
#6390 = DEFINITIONAL_REPRESENTATION('',(#6391),#6395);
#6391 = LINE('',#6392,#6393);
#6392 = CARTESIAN_POINT('',(1.017030265805E-02,1.725));
#6393 = VECTOR('',#6394,1.);
#6394 = DIRECTION('',(1.811674580034E-14,-1.));
#6395 = ( GEOMETRIC_REPRESENTATION_CONTEXT(2) 
PARAMETRIC_REPRESENTATION_CONTEXT() REPRESENTATION_CONTEXT('2D SPACE',''
  ) );
#6396 = ORIENTED_EDGE('',*,*,#6397,.T.);
#6397 = EDGE_CURVE('',#6370,#6398,#6400,.T.);
#6398 = VERTEX_POINT('',#6399);
#6399 = CARTESIAN_POINT('',(9.282986285874,-1.577002705939,24.04));
#6400 = SURFACE_CURVE('',#6401,(#6405,#6412),.PCURVE_S1.);
#6401 = LINE('',#6402,#6403);
#6402 = CARTESIAN_POINT('',(9.173606049177,-0.375116242974,24.04));
#6403 = VECTOR('',#6404,1.);
#6404 = DIRECTION('',(-9.063258019778E-02,0.995884398616,0.));
#6405 = PCURVE('',#4243,#6406);
#6406 = DEFINITIONAL_REPRESENTATION('',(#6407),#6411);
#6407 = LINE('',#6408,#6409);
#6408 = CARTESIAN_POINT('',(-3.324743153453,-1.512555124456));
#6409 = VECTOR('',#6410,1.);
#6410 = DIRECTION('',(-9.063258019778E-02,0.995884398616));
#6411 = ( GEOMETRIC_REPRESENTATION_CONTEXT(2) 
PARAMETRIC_REPRESENTATION_CONTEXT() REPRESENTATION_CONTEXT('2D SPACE',''
  ) );
#6412 = PCURVE('',#6413,#6418);
#6413 = PLANE('',#6414);
#6414 = AXIS2_PLACEMENT_3D('',#6415,#6416,#6417);
#6415 = CARTESIAN_POINT('',(9.280972545682,-1.575324920865,24.03));
#6416 = DIRECTION('',(0.979208222306,8.911492926461E-02,-0.182235525492)
  );
#6417 = DIRECTION('',(0.181485516711,1.651647587905E-02,0.983254907564)
  );
#6418 = DEFINITIONAL_REPRESENTATION('',(#6419),#6423);
#6419 = LINE('',#6420,#6421);
#6420 = CARTESIAN_POINT('',(1.017030265819E-02,-1.205));
#6421 = VECTOR('',#6422,1.);
#6422 = DIRECTION('',(1.811674580034E-14,-1.));
#6423 = ( GEOMETRIC_REPRESENTATION_CONTEXT(2) 
PARAMETRIC_REPRESENTATION_CONTEXT() REPRESENTATION_CONTEXT('2D SPACE',''
  ) );
#6424 = ORIENTED_EDGE('',*,*,#6425,.T.);
#6425 = EDGE_CURVE('',#6398,#6340,#6426,.T.);
#6426 = SURFACE_CURVE('',#6427,(#6431,#6438),.PCURVE_S1.);
#6427 = LINE('',#6428,#6429);
#6428 = CARTESIAN_POINT('',(12.642250368569,-1.27128572533,24.04));
#6429 = VECTOR('',#6430,1.);
#6430 = DIRECTION('',(0.995884398616,9.063258019778E-02,-0.));
#6431 = PCURVE('',#4243,#6432);
#6432 = DEFINITIONAL_REPRESENTATION('',(#6433),#6437);
#6433 = LINE('',#6434,#6435);
#6434 = CARTESIAN_POINT('',(0.143901165939,-2.408724606812));
#6435 = VECTOR('',#6436,1.);
#6436 = DIRECTION('',(0.995884398616,9.063258019778E-02));
#6437 = ( GEOMETRIC_REPRESENTATION_CONTEXT(2) 
PARAMETRIC_REPRESENTATION_CONTEXT() REPRESENTATION_CONTEXT('2D SPACE',''
  ) );
#6438 = PCURVE('',#6439,#6444);
#6439 = PLANE('',#6440);
#6440 = AXIS2_PLACEMENT_3D('',#6441,#6442,#6443);
#6441 = CARTESIAN_POINT('',(12.567391061115,-1.276237406212,24.03));
#6442 = DIRECTION('',(8.911492926461E-02,-0.979208222306,-0.182235525492
    ));
#6443 = DIRECTION('',(1.651647587905E-02,-0.181485516711,0.983254907564)
  );
#6444 = DEFINITIONAL_REPRESENTATION('',(#6445),#6449);
#6445 = LINE('',#6446,#6447);
#6446 = CARTESIAN_POINT('',(1.017030265807E-02,-7.499999999929E-02));
#6447 = VECTOR('',#6448,1.);
#6448 = DIRECTION('',(1.811674580034E-14,-1.));
#6449 = ( GEOMETRIC_REPRESENTATION_CONTEXT(2) 
PARAMETRIC_REPRESENTATION_CONTEXT() REPRESENTATION_CONTEXT('2D SPACE',''
  ) );
#6450 = FACE_BOUND('',#6451,.T.);
#6451 = EDGE_LOOP('',(#6452,#6482,#6510,#6538));
#6452 = ORIENTED_EDGE('',*,*,#6453,.T.);
#6453 = EDGE_CURVE('',#6454,#6456,#6458,.T.);
#6454 = VERTEX_POINT('',#6455);
#6455 = CARTESIAN_POINT('',(12.206808258457,2.665451072116,24.04));
#6456 = VERTEX_POINT('',#6457);
#6457 = CARTESIAN_POINT('',(12.487433301953,-0.418099038328,24.04));
#6458 = SURFACE_CURVE('',#6459,(#6463,#6470),.PCURVE_S1.);
#6459 = LINE('',#6460,#6461);
#6460 = CARTESIAN_POINT('',(12.417361029858,0.351865607967,24.04));
#6461 = VECTOR('',#6462,1.);
#6462 = DIRECTION('',(9.063258019778E-02,-0.995884398616,0.));
#6463 = PCURVE('',#4243,#6464);
#6464 = DEFINITIONAL_REPRESENTATION('',(#6465),#6469);
#6465 = LINE('',#6466,#6467);
#6466 = CARTESIAN_POINT('',(-8.0988172772E-02,-0.785573273515));
#6467 = VECTOR('',#6468,1.);
#6468 = DIRECTION('',(9.063258019778E-02,-0.995884398616));
#6469 = ( GEOMETRIC_REPRESENTATION_CONTEXT(2) 
PARAMETRIC_REPRESENTATION_CONTEXT() REPRESENTATION_CONTEXT('2D SPACE',''
  ) );
#6470 = PCURVE('',#6471,#6476);
#6471 = PLANE('',#6472);
#6472 = AXIS2_PLACEMENT_3D('',#6473,#6474,#6475);
#6473 = CARTESIAN_POINT('',(12.489447042145,-0.419776823402,24.03));
#6474 = DIRECTION('',(-0.979208222306,-8.911492926461E-02,
    -0.182235525492));
#6475 = DIRECTION('',(-0.181485516711,-1.651647587905E-02,0.983254907564
    ));
#6476 = DEFINITIONAL_REPRESENTATION('',(#6477),#6481);
#6477 = LINE('',#6478,#6479);
#6478 = CARTESIAN_POINT('',(1.017030265822E-02,0.775));
#6479 = VECTOR('',#6480,1.);
#6480 = DIRECTION('',(1.811674580034E-14,-1.));
#6481 = ( GEOMETRIC_REPRESENTATION_CONTEXT(2) 
PARAMETRIC_REPRESENTATION_CONTEXT() REPRESENTATION_CONTEXT('2D SPACE',''
  ) );
#6482 = ORIENTED_EDGE('',*,*,#6483,.T.);
#6483 = EDGE_CURVE('',#6456,#6484,#6486,.T.);
#6484 = VERTEX_POINT('',#6485);
#6485 = CARTESIAN_POINT('',(9.204706311786,-0.716850597863,24.04));
#6486 = SURFACE_CURVE('',#6487,(#6491,#6498),.PCURVE_S1.);
#6487 = LINE('',#6488,#6489);
#6488 = CARTESIAN_POINT('',(10.920761136766,-0.560677374581,24.04));
#6489 = VECTOR('',#6490,1.);
#6490 = DIRECTION('',(-0.995884398616,-9.063258019778E-02,0.));
#6491 = PCURVE('',#4243,#6492);
#6492 = DEFINITIONAL_REPRESENTATION('',(#6493),#6497);
#6493 = LINE('',#6494,#6495);
#6494 = CARTESIAN_POINT('',(-1.577588065864,-1.698116256063));
#6495 = VECTOR('',#6496,1.);
#6496 = DIRECTION('',(-0.995884398616,-9.063258019778E-02));
#6497 = ( GEOMETRIC_REPRESENTATION_CONTEXT(2) 
PARAMETRIC_REPRESENTATION_CONTEXT() REPRESENTATION_CONTEXT('2D SPACE',''
  ) );
#6498 = PCURVE('',#6499,#6504);
#6499 = PLANE('',#6500);
#6500 = AXIS2_PLACEMENT_3D('',#6501,#6502,#6503);
#6501 = CARTESIAN_POINT('',(9.203028526712,-0.718864338055,24.03));
#6502 = DIRECTION('',(-8.911492926461E-02,0.979208222306,-0.182235525492
    ));
#6503 = DIRECTION('',(-1.651647587905E-02,0.181485516711,0.983254907564)
  );
#6504 = DEFINITIONAL_REPRESENTATION('',(#6505),#6509);
#6505 = LINE('',#6506,#6507);
#6506 = CARTESIAN_POINT('',(1.017030265805E-02,1.725));
#6507 = VECTOR('',#6508,1.);
#6508 = DIRECTION('',(1.811674580034E-14,-1.));
#6509 = ( GEOMETRIC_REPRESENTATION_CONTEXT(2) 
PARAMETRIC_REPRESENTATION_CONTEXT() REPRESENTATION_CONTEXT('2D SPACE',''
  ) );
#6510 = ORIENTED_EDGE('',*,*,#6511,.T.);
#6511 = EDGE_CURVE('',#6484,#6512,#6514,.T.);
#6512 = VERTEX_POINT('',#6513);
#6513 = CARTESIAN_POINT('',(8.92408126829,2.36669951258,24.04));
#6514 = SURFACE_CURVE('',#6515,(#6519,#6526),.PCURVE_S1.);
#6515 = LINE('',#6516,#6517);
#6516 = CARTESIAN_POINT('',(8.994153540385,1.596734866286,24.04));
#6517 = VECTOR('',#6518,1.);
#6518 = DIRECTION('',(-9.063258019778E-02,0.995884398616,0.));
#6519 = PCURVE('',#4243,#6520);
#6520 = DEFINITIONAL_REPRESENTATION('',(#6521),#6525);
#6521 = LINE('',#6522,#6523);
#6522 = CARTESIAN_POINT('',(-3.504195662245,0.459295984804));
#6523 = VECTOR('',#6524,1.);
#6524 = DIRECTION('',(-9.063258019778E-02,0.995884398616));
#6525 = ( GEOMETRIC_REPRESENTATION_CONTEXT(2) 
PARAMETRIC_REPRESENTATION_CONTEXT() REPRESENTATION_CONTEXT('2D SPACE',''
  ) );
#6526 = PCURVE('',#6527,#6532);
#6527 = PLANE('',#6528);
#6528 = AXIS2_PLACEMENT_3D('',#6529,#6530,#6531);
#6529 = CARTESIAN_POINT('',(8.922067528099,2.368377297655,24.03));
#6530 = DIRECTION('',(0.979208222306,8.911492926461E-02,-0.182235525492)
  );
#6531 = DIRECTION('',(0.181485516711,1.651647587905E-02,0.983254907564)
  );
#6532 = DEFINITIONAL_REPRESENTATION('',(#6533),#6537);
#6533 = LINE('',#6534,#6535);
#6534 = CARTESIAN_POINT('',(1.017030265804E-02,0.775));
#6535 = VECTOR('',#6536,1.);
#6536 = DIRECTION('',(1.811674580034E-14,-1.));
#6537 = ( GEOMETRIC_REPRESENTATION_CONTEXT(2) 
PARAMETRIC_REPRESENTATION_CONTEXT() REPRESENTATION_CONTEXT('2D SPACE',''
  ) );
#6538 = ORIENTED_EDGE('',*,*,#6539,.T.);
#6539 = EDGE_CURVE('',#6512,#6454,#6540,.T.);
#6540 = SURFACE_CURVE('',#6541,(#6545,#6552),.PCURVE_S1.);
#6541 = LINE('',#6542,#6543);
#6542 = CARTESIAN_POINT('',(12.283345350986,2.672416493189,24.04));
#6543 = VECTOR('',#6544,1.);
#6544 = DIRECTION('',(0.995884398616,9.063258019778E-02,-0.));
#6545 = PCURVE('',#4243,#6546);
#6546 = DEFINITIONAL_REPRESENTATION('',(#6547),#6551);
#6547 = LINE('',#6548,#6549);
#6548 = CARTESIAN_POINT('',(-0.215003851644,1.534977611707));
#6549 = VECTOR('',#6550,1.);
#6550 = DIRECTION('',(0.995884398616,9.063258019778E-02));
#6551 = ( GEOMETRIC_REPRESENTATION_CONTEXT(2) 
PARAMETRIC_REPRESENTATION_CONTEXT() REPRESENTATION_CONTEXT('2D SPACE',''
  ) );
#6552 = PCURVE('',#6553,#6558);
#6553 = PLANE('',#6554);
#6554 = AXIS2_PLACEMENT_3D('',#6555,#6556,#6557);
#6555 = CARTESIAN_POINT('',(12.208486043531,2.667464812307,24.03));
#6556 = DIRECTION('',(8.911492926461E-02,-0.979208222306,-0.182235525492
    ));
#6557 = DIRECTION('',(1.651647587905E-02,-0.181485516711,0.983254907564)
  );
#6558 = DEFINITIONAL_REPRESENTATION('',(#6559),#6563);
#6559 = LINE('',#6560,#6561);
#6560 = CARTESIAN_POINT('',(1.017030265808E-02,-7.500000000028E-02));
#6561 = VECTOR('',#6562,1.);
#6562 = DIRECTION('',(1.811674580034E-14,-1.));
#6563 = ( GEOMETRIC_REPRESENTATION_CONTEXT(2) 
PARAMETRIC_REPRESENTATION_CONTEXT() REPRESENTATION_CONTEXT('2D SPACE',''
  ) );
#6564 = FACE_BOUND('',#6565,.T.);
#6565 = EDGE_LOOP('',(#6566,#6596,#6624,#6652));
#6566 = ORIENTED_EDGE('',*,*,#6567,.T.);
#6567 = EDGE_CURVE('',#6568,#6570,#6572,.T.);
#6568 = VERTEX_POINT('',#6569);
#6569 = CARTESIAN_POINT('',(15.781679406635,-4.046318710407,24.04));
#6570 = VERTEX_POINT('',#6571);
#6571 = CARTESIAN_POINT('',(14.23805858878,-4.186799209714,24.04));
#6572 = SURFACE_CURVE('',#6573,(#6577,#6584),.PCURVE_S1.);
#6573 = LINE('',#6574,#6575);
#6574 = CARTESIAN_POINT('',(13.615630839645,-4.243444572337,24.04));
#6575 = VECTOR('',#6576,1.);
#6576 = DIRECTION('',(-0.995884398616,-9.063258019778E-02,0.));
#6577 = PCURVE('',#4243,#6578);
#6578 = DEFINITIONAL_REPRESENTATION('',(#6579),#6583);
#6579 = LINE('',#6580,#6581);
#6580 = CARTESIAN_POINT('',(1.117281637015,-5.380883453819));
#6581 = VECTOR('',#6582,1.);
#6582 = DIRECTION('',(-0.995884398616,-9.063258019778E-02));
#6583 = ( GEOMETRIC_REPRESENTATION_CONTEXT(2) 
PARAMETRIC_REPRESENTATION_CONTEXT() REPRESENTATION_CONTEXT('2D SPACE',''
  ) );
#6584 = PCURVE('',#6585,#6590);
#6585 = PLANE('',#6586);
#6586 = AXIS2_PLACEMENT_3D('',#6587,#6588,#6589);
#6587 = CARTESIAN_POINT('',(14.23805858878,-4.186799209714,24.03));
#6588 = DIRECTION('',(-9.063258019778E-02,0.995884398616,0.));
#6589 = DIRECTION('',(0.,0.,1.));
#6590 = DEFINITIONAL_REPRESENTATION('',(#6591),#6595);
#6591 = LINE('',#6592,#6593);
#6592 = CARTESIAN_POINT('',(9.999999999998E-03,-0.625));
#6593 = VECTOR('',#6594,1.);
#6594 = DIRECTION('',(0.,-1.));
#6595 = ( GEOMETRIC_REPRESENTATION_CONTEXT(2) 
PARAMETRIC_REPRESENTATION_CONTEXT() REPRESENTATION_CONTEXT('2D SPACE',''
  ) );
#6596 = ORIENTED_EDGE('',*,*,#6597,.T.);
#6597 = EDGE_CURVE('',#6570,#6598,#6600,.T.);
#6598 = VERTEX_POINT('',#6599);
#6599 = CARTESIAN_POINT('',(13.966160848187,-1.199146013866,24.04));
#6600 = SURFACE_CURVE('',#6601,(#6605,#6612),.PCURVE_S1.);
#6601 = LINE('',#6602,#6603);
#6602 = CARTESIAN_POINT('',(13.99063164484,-1.468034801492,24.04));
#6603 = VECTOR('',#6604,1.);
#6604 = DIRECTION('',(-9.063258019778E-02,0.995884398616,0.));
#6605 = PCURVE('',#4243,#6606);
#6606 = DEFINITIONAL_REPRESENTATION('',(#6607),#6611);
#6607 = LINE('',#6608,#6609);
#6608 = CARTESIAN_POINT('',(1.49228244221,-2.605473682974));
#6609 = VECTOR('',#6610,1.);
#6610 = DIRECTION('',(-9.063258019778E-02,0.995884398616));
#6611 = ( GEOMETRIC_REPRESENTATION_CONTEXT(2) 
PARAMETRIC_REPRESENTATION_CONTEXT() REPRESENTATION_CONTEXT('2D SPACE',''
  ) );
#6612 = PCURVE('',#6613,#6618);
#6613 = PLANE('',#6614);
#6614 = AXIS2_PLACEMENT_3D('',#6615,#6616,#6617);
#6615 = CARTESIAN_POINT('',(14.23805858878,-4.186799209714,24.03));
#6616 = DIRECTION('',(0.995884398616,9.063258019778E-02,0.));
#6617 = DIRECTION('',(0.,-0.,1.));
#6618 = DEFINITIONAL_REPRESENTATION('',(#6619),#6623);
#6619 = LINE('',#6620,#6621);
#6620 = CARTESIAN_POINT('',(9.999999999998E-03,-2.73));
#6621 = VECTOR('',#6622,1.);
#6622 = DIRECTION('',(0.,-1.));
#6623 = ( GEOMETRIC_REPRESENTATION_CONTEXT(2) 
PARAMETRIC_REPRESENTATION_CONTEXT() REPRESENTATION_CONTEXT('2D SPACE',''
  ) );
#6624 = ORIENTED_EDGE('',*,*,#6625,.F.);
#6625 = EDGE_CURVE('',#6626,#6598,#6628,.T.);
#6626 = VERTEX_POINT('',#6627);
#6627 = CARTESIAN_POINT('',(15.509781666042,-1.058665514559,24.04));
#6628 = SURFACE_CURVE('',#6629,(#6633,#6640),.PCURVE_S1.);
#6629 = LINE('',#6630,#6631);
#6630 = CARTESIAN_POINT('',(13.343733099052,-1.25579137649,24.04));
#6631 = VECTOR('',#6632,1.);
#6632 = DIRECTION('',(-0.995884398616,-9.063258019778E-02,0.));
#6633 = PCURVE('',#4243,#6634);
#6634 = DEFINITIONAL_REPRESENTATION('',(#6635),#6639);
#6635 = LINE('',#6636,#6637);
#6636 = CARTESIAN_POINT('',(0.845383896422,-2.393230257972));
#6637 = VECTOR('',#6638,1.);
#6638 = DIRECTION('',(-0.995884398616,-9.063258019778E-02));
#6639 = ( GEOMETRIC_REPRESENTATION_CONTEXT(2) 
PARAMETRIC_REPRESENTATION_CONTEXT() REPRESENTATION_CONTEXT('2D SPACE',''
  ) );
#6640 = PCURVE('',#6641,#6646);
#6641 = PLANE('',#6642);
#6642 = AXIS2_PLACEMENT_3D('',#6643,#6644,#6645);
#6643 = CARTESIAN_POINT('',(13.966160848187,-1.199146013866,24.03));
#6644 = DIRECTION('',(-9.063258019778E-02,0.995884398616,0.));
#6645 = DIRECTION('',(0.,0.,1.));
#6646 = DEFINITIONAL_REPRESENTATION('',(#6647),#6651);
#6647 = LINE('',#6648,#6649);
#6648 = CARTESIAN_POINT('',(9.999999999998E-03,-0.625));
#6649 = VECTOR('',#6650,1.);
#6650 = DIRECTION('',(0.,-1.));
#6651 = ( GEOMETRIC_REPRESENTATION_CONTEXT(2) 
PARAMETRIC_REPRESENTATION_CONTEXT() REPRESENTATION_CONTEXT('2D SPACE',''
  ) );
#6652 = ORIENTED_EDGE('',*,*,#6653,.F.);
#6653 = EDGE_CURVE('',#6568,#6626,#6654,.T.);
#6654 = SURFACE_CURVE('',#6655,(#6659,#6666),.PCURVE_S1.);
#6655 = LINE('',#6656,#6657);
#6656 = CARTESIAN_POINT('',(15.534252462695,-1.327554302186,24.04));
#6657 = VECTOR('',#6658,1.);
#6658 = DIRECTION('',(-9.063258019778E-02,0.995884398616,0.));
#6659 = PCURVE('',#4243,#6660);
#6660 = DEFINITIONAL_REPRESENTATION('',(#6661),#6665);
#6661 = LINE('',#6662,#6663);
#6662 = CARTESIAN_POINT('',(3.035903260065,-2.464993183668));
#6663 = VECTOR('',#6664,1.);
#6664 = DIRECTION('',(-9.063258019778E-02,0.995884398616));
#6665 = ( GEOMETRIC_REPRESENTATION_CONTEXT(2) 
PARAMETRIC_REPRESENTATION_CONTEXT() REPRESENTATION_CONTEXT('2D SPACE',''
  ) );
#6666 = PCURVE('',#6667,#6672);
#6667 = PLANE('',#6668);
#6668 = AXIS2_PLACEMENT_3D('',#6669,#6670,#6671);
#6669 = CARTESIAN_POINT('',(15.781679406635,-4.046318710407,24.03));
#6670 = DIRECTION('',(0.995884398616,9.063258019778E-02,0.));
#6671 = DIRECTION('',(0.,-0.,1.));
#6672 = DEFINITIONAL_REPRESENTATION('',(#6673),#6677);
#6673 = LINE('',#6674,#6675);
#6674 = CARTESIAN_POINT('',(9.999999999998E-03,-2.729999999999));
#6675 = VECTOR('',#6676,1.);
#6676 = DIRECTION('',(0.,-1.));
#6677 = ( GEOMETRIC_REPRESENTATION_CONTEXT(2) 
PARAMETRIC_REPRESENTATION_CONTEXT() REPRESENTATION_CONTEXT('2D SPACE',''
  ) );
#6678 = FACE_BOUND('',#6679,.T.);
#6679 = EDGE_LOOP('',(#6680,#6710,#6738,#6766));
#6680 = ORIENTED_EDGE('',*,*,#6681,.T.);
#6681 = EDGE_CURVE('',#6682,#6684,#6686,.T.);
#6682 = VERTEX_POINT('',#6683);
#6683 = CARTESIAN_POINT('',(11.847903240874,6.609153290635,24.04));
#6684 = VERTEX_POINT('',#6685);
#6685 = CARTESIAN_POINT('',(12.12852828437,3.525603180191,24.04));
#6686 = SURFACE_CURVE('',#6687,(#6691,#6698),.PCURVE_S1.);
#6687 = LINE('',#6688,#6689);
#6688 = CARTESIAN_POINT('',(12.237908521067,2.323716717226,24.04));
#6689 = VECTOR('',#6690,1.);
#6690 = DIRECTION('',(9.063258019778E-02,-0.995884398616,0.));
#6691 = PCURVE('',#4243,#6692);
#6692 = DEFINITIONAL_REPRESENTATION('',(#6693),#6697);
#6693 = LINE('',#6694,#6695);
#6694 = CARTESIAN_POINT('',(-0.260440681563,1.186277835744));
#6695 = VECTOR('',#6696,1.);
#6696 = DIRECTION('',(9.063258019778E-02,-0.995884398616));
#6697 = ( GEOMETRIC_REPRESENTATION_CONTEXT(2) 
PARAMETRIC_REPRESENTATION_CONTEXT() REPRESENTATION_CONTEXT('2D SPACE',''
  ) );
#6698 = PCURVE('',#6699,#6704);
#6699 = PLANE('',#6700);
#6700 = AXIS2_PLACEMENT_3D('',#6701,#6702,#6703);
#6701 = CARTESIAN_POINT('',(12.130542024561,3.523925395117,24.03));
#6702 = DIRECTION('',(-0.979208222306,-8.911492926461E-02,
    -0.182235525492));
#6703 = DIRECTION('',(-0.181485516711,-1.651647587905E-02,0.983254907564
    ));
#6704 = DEFINITIONAL_REPRESENTATION('',(#6705),#6709);
#6705 = LINE('',#6706,#6707);
#6706 = CARTESIAN_POINT('',(1.017030265801E-02,-1.205));
#6707 = VECTOR('',#6708,1.);
#6708 = DIRECTION('',(1.811674580034E-14,-1.));
#6709 = ( GEOMETRIC_REPRESENTATION_CONTEXT(2) 
PARAMETRIC_REPRESENTATION_CONTEXT() REPRESENTATION_CONTEXT('2D SPACE',''
  ) );
#6710 = ORIENTED_EDGE('',*,*,#6711,.T.);
#6711 = EDGE_CURVE('',#6684,#6712,#6714,.T.);
#6712 = VERTEX_POINT('',#6713);
#6713 = CARTESIAN_POINT('',(8.845801294203,3.226851620656,24.04));
#6714 = SURFACE_CURVE('',#6715,(#6719,#6726),.PCURVE_S1.);
#6715 = LINE('',#6716,#6717);
#6716 = CARTESIAN_POINT('',(10.561856119183,3.383024843938,24.04));
#6717 = VECTOR('',#6718,1.);
#6718 = DIRECTION('',(-0.995884398616,-9.063258019778E-02,0.));
#6719 = PCURVE('',#4243,#6720);
#6720 = DEFINITIONAL_REPRESENTATION('',(#6721),#6725);
#6721 = LINE('',#6722,#6723);
#6722 = CARTESIAN_POINT('',(-1.936493083447,2.245585962456));
#6723 = VECTOR('',#6724,1.);
#6724 = DIRECTION('',(-0.995884398616,-9.063258019778E-02));
#6725 = ( GEOMETRIC_REPRESENTATION_CONTEXT(2) 
PARAMETRIC_REPRESENTATION_CONTEXT() REPRESENTATION_CONTEXT('2D SPACE',''
  ) );
#6726 = PCURVE('',#6727,#6732);
#6727 = PLANE('',#6728);
#6728 = AXIS2_PLACEMENT_3D('',#6729,#6730,#6731);
#6729 = CARTESIAN_POINT('',(8.844123509129,3.224837880464,24.03));
#6730 = DIRECTION('',(-8.911492926461E-02,0.979208222306,-0.182235525492
    ));
#6731 = DIRECTION('',(-1.651647587905E-02,0.181485516711,0.983254907564)
  );
#6732 = DEFINITIONAL_REPRESENTATION('',(#6733),#6737);
#6733 = LINE('',#6734,#6735);
#6734 = CARTESIAN_POINT('',(1.017030265805E-02,1.725));
#6735 = VECTOR('',#6736,1.);
#6736 = DIRECTION('',(1.811674580034E-14,-1.));
#6737 = ( GEOMETRIC_REPRESENTATION_CONTEXT(2) 
PARAMETRIC_REPRESENTATION_CONTEXT() REPRESENTATION_CONTEXT('2D SPACE',''
  ) );
#6738 = ORIENTED_EDGE('',*,*,#6739,.T.);
#6739 = EDGE_CURVE('',#6712,#6740,#6742,.T.);
#6740 = VERTEX_POINT('',#6741);
#6741 = CARTESIAN_POINT('',(8.565176250707,6.310401731099,24.04));
#6742 = SURFACE_CURVE('',#6743,(#6747,#6754),.PCURVE_S1.);
#6743 = LINE('',#6744,#6745);
#6744 = CARTESIAN_POINT('',(8.814701031593,3.568585975545,24.04));
#6745 = VECTOR('',#6746,1.);
#6746 = DIRECTION('',(-9.063258019778E-02,0.995884398616,0.));
#6747 = PCURVE('',#4243,#6748);
#6748 = DEFINITIONAL_REPRESENTATION('',(#6749),#6753);
#6749 = LINE('',#6750,#6751);
#6750 = CARTESIAN_POINT('',(-3.683648171037,2.431147094063));
#6751 = VECTOR('',#6752,1.);
#6752 = DIRECTION('',(-9.063258019778E-02,0.995884398616));
#6753 = ( GEOMETRIC_REPRESENTATION_CONTEXT(2) 
PARAMETRIC_REPRESENTATION_CONTEXT() REPRESENTATION_CONTEXT('2D SPACE',''
  ) );
#6754 = PCURVE('',#6755,#6760);
#6755 = PLANE('',#6756);
#6756 = AXIS2_PLACEMENT_3D('',#6757,#6758,#6759);
#6757 = CARTESIAN_POINT('',(8.563162510516,6.312079516174,24.03));
#6758 = DIRECTION('',(0.979208222306,8.911492926461E-02,-0.182235525492)
  );
#6759 = DIRECTION('',(0.181485516711,1.651647587905E-02,0.983254907564)
  );
#6760 = DEFINITIONAL_REPRESENTATION('',(#6761),#6765);
#6761 = LINE('',#6762,#6763);
#6762 = CARTESIAN_POINT('',(1.017030265789E-02,2.755));
#6763 = VECTOR('',#6764,1.);
#6764 = DIRECTION('',(1.811674580034E-14,-1.));
#6765 = ( GEOMETRIC_REPRESENTATION_CONTEXT(2) 
PARAMETRIC_REPRESENTATION_CONTEXT() REPRESENTATION_CONTEXT('2D SPACE',''
  ) );
#6766 = ORIENTED_EDGE('',*,*,#6767,.T.);
#6767 = EDGE_CURVE('',#6740,#6682,#6768,.T.);
#6768 = SURFACE_CURVE('',#6769,(#6773,#6780),.PCURVE_S1.);
#6769 = LINE('',#6770,#6771);
#6770 = CARTESIAN_POINT('',(11.924440333403,6.616118711708,24.04));
#6771 = VECTOR('',#6772,1.);
#6772 = DIRECTION('',(0.995884398616,9.063258019778E-02,-0.));
#6773 = PCURVE('',#4243,#6774);
#6774 = DEFINITIONAL_REPRESENTATION('',(#6775),#6779);
#6775 = LINE('',#6776,#6777);
#6776 = CARTESIAN_POINT('',(-0.573908869227,5.478679830226));
#6777 = VECTOR('',#6778,1.);
#6778 = DIRECTION('',(0.995884398616,9.063258019778E-02));
#6779 = ( GEOMETRIC_REPRESENTATION_CONTEXT(2) 
PARAMETRIC_REPRESENTATION_CONTEXT() REPRESENTATION_CONTEXT('2D SPACE',''
  ) );
#6780 = PCURVE('',#6781,#6786);
#6781 = PLANE('',#6782);
#6782 = AXIS2_PLACEMENT_3D('',#6783,#6784,#6785);
#6783 = CARTESIAN_POINT('',(11.849581025948,6.611167030826,24.03));
#6784 = DIRECTION('',(8.911492926461E-02,-0.979208222306,-0.182235525492
    ));
#6785 = DIRECTION('',(1.651647587905E-02,-0.181485516711,0.983254907564)
  );
#6786 = DEFINITIONAL_REPRESENTATION('',(#6787),#6791);
#6787 = LINE('',#6788,#6789);
#6788 = CARTESIAN_POINT('',(1.017030265808E-02,-7.500000000028E-02));
#6789 = VECTOR('',#6790,1.);
#6790 = DIRECTION('',(1.811674580034E-14,-1.));
#6791 = ( GEOMETRIC_REPRESENTATION_CONTEXT(2) 
PARAMETRIC_REPRESENTATION_CONTEXT() REPRESENTATION_CONTEXT('2D SPACE',''
  ) );
#6792 = FACE_BOUND('',#6793,.T.);
#6793 = EDGE_LOOP('',(#6794,#6824,#6852,#6880));
#6794 = ORIENTED_EDGE('',*,*,#6795,.T.);
#6795 = EDGE_CURVE('',#6796,#6798,#6800,.T.);
#6796 = VERTEX_POINT('',#6797);
#6797 = CARTESIAN_POINT('',(15.422774389052,-0.102616491888,24.04));
#6798 = VERTEX_POINT('',#6799);
#6799 = CARTESIAN_POINT('',(13.879153571197,-0.243096991195,24.04));
#6800 = SURFACE_CURVE('',#6801,(#6805,#6812),.PCURVE_S1.);
#6801 = LINE('',#6802,#6803);
#6802 = CARTESIAN_POINT('',(13.256725822062,-0.299742353818,24.04));
#6803 = VECTOR('',#6804,1.);
#6804 = DIRECTION('',(-0.995884398616,-9.063258019778E-02,0.));
#6805 = PCURVE('',#4243,#6806);
#6806 = DEFINITIONAL_REPRESENTATION('',(#6807),#6811);
#6807 = LINE('',#6808,#6809);
#6808 = CARTESIAN_POINT('',(0.758376619432,-1.4371812353));
#6809 = VECTOR('',#6810,1.);
#6810 = DIRECTION('',(-0.995884398616,-9.063258019778E-02));
#6811 = ( GEOMETRIC_REPRESENTATION_CONTEXT(2) 
PARAMETRIC_REPRESENTATION_CONTEXT() REPRESENTATION_CONTEXT('2D SPACE',''
  ) );
#6812 = PCURVE('',#6813,#6818);
#6813 = PLANE('',#6814);
#6814 = AXIS2_PLACEMENT_3D('',#6815,#6816,#6817);
#6815 = CARTESIAN_POINT('',(13.879153571197,-0.243096991195,24.03));
#6816 = DIRECTION('',(-9.063258019778E-02,0.995884398616,0.));
#6817 = DIRECTION('',(0.,0.,1.));
#6818 = DEFINITIONAL_REPRESENTATION('',(#6819),#6823);
#6819 = LINE('',#6820,#6821);
#6820 = CARTESIAN_POINT('',(9.999999999998E-03,-0.625));
#6821 = VECTOR('',#6822,1.);
#6822 = DIRECTION('',(0.,-1.));
#6823 = ( GEOMETRIC_REPRESENTATION_CONTEXT(2) 
PARAMETRIC_REPRESENTATION_CONTEXT() REPRESENTATION_CONTEXT('2D SPACE',''
  ) );
#6824 = ORIENTED_EDGE('',*,*,#6825,.T.);
#6825 = EDGE_CURVE('',#6798,#6826,#6828,.T.);
#6826 = VERTEX_POINT('',#6827);
#6827 = CARTESIAN_POINT('',(13.607255830604,2.744556204653,24.04));
#6828 = SURFACE_CURVE('',#6829,(#6833,#6840),.PCURVE_S1.);
#6829 = LINE('',#6830,#6831);
#6830 = CARTESIAN_POINT('',(13.811179136049,0.503816307767,24.04));
#6831 = VECTOR('',#6832,1.);
#6832 = DIRECTION('',(-9.063258019778E-02,0.995884398616,0.));
#6833 = PCURVE('',#4243,#6834);
#6834 = DEFINITIONAL_REPRESENTATION('',(#6835),#6839);
#6835 = LINE('',#6836,#6837);
#6836 = CARTESIAN_POINT('',(1.312829933419,-0.633622573715));
#6837 = VECTOR('',#6838,1.);
#6838 = DIRECTION('',(-9.063258019778E-02,0.995884398616));
#6839 = ( GEOMETRIC_REPRESENTATION_CONTEXT(2) 
PARAMETRIC_REPRESENTATION_CONTEXT() REPRESENTATION_CONTEXT('2D SPACE',''
  ) );
#6840 = PCURVE('',#6841,#6846);
#6841 = PLANE('',#6842);
#6842 = AXIS2_PLACEMENT_3D('',#6843,#6844,#6845);
#6843 = CARTESIAN_POINT('',(13.879153571197,-0.243096991195,24.03));
#6844 = DIRECTION('',(0.995884398616,9.063258019778E-02,0.));
#6845 = DIRECTION('',(0.,-0.,1.));
#6846 = DEFINITIONAL_REPRESENTATION('',(#6847),#6851);
#6847 = LINE('',#6848,#6849);
#6848 = CARTESIAN_POINT('',(9.999999999998E-03,-0.75));
#6849 = VECTOR('',#6850,1.);
#6850 = DIRECTION('',(0.,-1.));
#6851 = ( GEOMETRIC_REPRESENTATION_CONTEXT(2) 
PARAMETRIC_REPRESENTATION_CONTEXT() REPRESENTATION_CONTEXT('2D SPACE',''
  ) );
#6852 = ORIENTED_EDGE('',*,*,#6853,.F.);
#6853 = EDGE_CURVE('',#6854,#6826,#6856,.T.);
#6854 = VERTEX_POINT('',#6855);
#6855 = CARTESIAN_POINT('',(15.150876648458,2.88503670396,24.04));
#6856 = SURFACE_CURVE('',#6857,(#6861,#6868),.PCURVE_S1.);
#6857 = LINE('',#6858,#6859);
#6858 = CARTESIAN_POINT('',(12.984828081469,2.68791084203,24.04));
#6859 = VECTOR('',#6860,1.);
#6860 = DIRECTION('',(-0.995884398616,-9.063258019778E-02,0.));
#6861 = PCURVE('',#4243,#6862);
#6862 = DEFINITIONAL_REPRESENTATION('',(#6863),#6867);
#6863 = LINE('',#6864,#6865);
#6864 = CARTESIAN_POINT('',(0.486478878839,1.550471960548));
#6865 = VECTOR('',#6866,1.);
#6866 = DIRECTION('',(-0.995884398616,-9.063258019778E-02));
#6867 = ( GEOMETRIC_REPRESENTATION_CONTEXT(2) 
PARAMETRIC_REPRESENTATION_CONTEXT() REPRESENTATION_CONTEXT('2D SPACE',''
  ) );
#6868 = PCURVE('',#6869,#6874);
#6869 = PLANE('',#6870);
#6870 = AXIS2_PLACEMENT_3D('',#6871,#6872,#6873);
#6871 = CARTESIAN_POINT('',(13.607255830604,2.744556204653,24.03));
#6872 = DIRECTION('',(-9.063258019778E-02,0.995884398616,0.));
#6873 = DIRECTION('',(0.,0.,1.));
#6874 = DEFINITIONAL_REPRESENTATION('',(#6875),#6879);
#6875 = LINE('',#6876,#6877);
#6876 = CARTESIAN_POINT('',(9.999999999998E-03,-0.625));
#6877 = VECTOR('',#6878,1.);
#6878 = DIRECTION('',(0.,-1.));
#6879 = ( GEOMETRIC_REPRESENTATION_CONTEXT(2) 
PARAMETRIC_REPRESENTATION_CONTEXT() REPRESENTATION_CONTEXT('2D SPACE',''
  ) );
#6880 = ORIENTED_EDGE('',*,*,#6881,.F.);
#6881 = EDGE_CURVE('',#6796,#6854,#6882,.T.);
#6882 = SURFACE_CURVE('',#6883,(#6887,#6894),.PCURVE_S1.);
#6883 = LINE('',#6884,#6885);
#6884 = CARTESIAN_POINT('',(15.354799953903,0.644296807074,24.04));
#6885 = VECTOR('',#6886,1.);
#6886 = DIRECTION('',(-9.063258019778E-02,0.995884398616,0.));
#6887 = PCURVE('',#4243,#6888);
#6888 = DEFINITIONAL_REPRESENTATION('',(#6889),#6893);
#6889 = LINE('',#6890,#6891);
#6890 = CARTESIAN_POINT('',(2.856450751273,-0.493142074408));
#6891 = VECTOR('',#6892,1.);
#6892 = DIRECTION('',(-9.063258019778E-02,0.995884398616));
#6893 = ( GEOMETRIC_REPRESENTATION_CONTEXT(2) 
PARAMETRIC_REPRESENTATION_CONTEXT() REPRESENTATION_CONTEXT('2D SPACE',''
  ) );
#6894 = PCURVE('',#6895,#6900);
#6895 = PLANE('',#6896);
#6896 = AXIS2_PLACEMENT_3D('',#6897,#6898,#6899);
#6897 = CARTESIAN_POINT('',(15.422774389052,-0.102616491888,24.03));
#6898 = DIRECTION('',(0.995884398616,9.063258019778E-02,0.));
#6899 = DIRECTION('',(0.,-0.,1.));
#6900 = DEFINITIONAL_REPRESENTATION('',(#6901),#6905);
#6901 = LINE('',#6902,#6903);
#6902 = CARTESIAN_POINT('',(9.999999999998E-03,-0.75));
#6903 = VECTOR('',#6904,1.);
#6904 = DIRECTION('',(0.,-1.));
#6905 = ( GEOMETRIC_REPRESENTATION_CONTEXT(2) 
PARAMETRIC_REPRESENTATION_CONTEXT() REPRESENTATION_CONTEXT('2D SPACE',''
  ) );
#6906 = FACE_BOUND('',#6907,.T.);
#6907 = EDGE_LOOP('',(#6908,#6938,#6966,#6994));
#6908 = ORIENTED_EDGE('',*,*,#6909,.T.);
#6909 = EDGE_CURVE('',#6910,#6912,#6914,.T.);
#6910 = VERTEX_POINT('',#6911);
#6911 = CARTESIAN_POINT('',(15.063869371469,3.841085726631,24.04));
#6912 = VERTEX_POINT('',#6913);
#6913 = CARTESIAN_POINT('',(13.520248553614,3.700605227325,24.04));
#6914 = SURFACE_CURVE('',#6915,(#6919,#6926),.PCURVE_S1.);
#6915 = LINE('',#6916,#6917);
#6916 = CARTESIAN_POINT('',(12.897820804479,3.643959864701,24.04));
#6917 = VECTOR('',#6918,1.);
#6918 = DIRECTION('',(-0.995884398616,-9.063258019778E-02,0.));
#6919 = PCURVE('',#4243,#6920);
#6920 = DEFINITIONAL_REPRESENTATION('',(#6921),#6925);
#6921 = LINE('',#6922,#6923);
#6922 = CARTESIAN_POINT('',(0.399471601849,2.506520983219));
#6923 = VECTOR('',#6924,1.);
#6924 = DIRECTION('',(-0.995884398616,-9.063258019778E-02));
#6925 = ( GEOMETRIC_REPRESENTATION_CONTEXT(2) 
PARAMETRIC_REPRESENTATION_CONTEXT() REPRESENTATION_CONTEXT('2D SPACE',''
  ) );
#6926 = PCURVE('',#6927,#6932);
#6927 = PLANE('',#6928);
#6928 = AXIS2_PLACEMENT_3D('',#6929,#6930,#6931);
#6929 = CARTESIAN_POINT('',(13.520248553614,3.700605227325,24.03));
#6930 = DIRECTION('',(-9.063258019778E-02,0.995884398616,0.));
#6931 = DIRECTION('',(0.,0.,1.));
#6932 = DEFINITIONAL_REPRESENTATION('',(#6933),#6937);
#6933 = LINE('',#6934,#6935);
#6934 = CARTESIAN_POINT('',(9.999999999998E-03,-0.625));
#6935 = VECTOR('',#6936,1.);
#6936 = DIRECTION('',(0.,-1.));
#6937 = ( GEOMETRIC_REPRESENTATION_CONTEXT(2) 
PARAMETRIC_REPRESENTATION_CONTEXT() REPRESENTATION_CONTEXT('2D SPACE',''
  ) );
#6938 = ORIENTED_EDGE('',*,*,#6939,.T.);
#6939 = EDGE_CURVE('',#6912,#6940,#6942,.T.);
#6940 = VERTEX_POINT('',#6941);
#6941 = CARTESIAN_POINT('',(13.248350813021,6.688258423173,24.04));
#6942 = SURFACE_CURVE('',#6943,(#6947,#6954),.PCURVE_S1.);
#6943 = LINE('',#6944,#6945);
#6944 = CARTESIAN_POINT('',(13.631726627257,2.475667417027,24.04));
#6945 = VECTOR('',#6946,1.);
#6946 = DIRECTION('',(-9.063258019778E-02,0.995884398616,0.));
#6947 = PCURVE('',#4243,#6948);
#6948 = DEFINITIONAL_REPRESENTATION('',(#6949),#6953);
#6949 = LINE('',#6950,#6951);
#6950 = CARTESIAN_POINT('',(1.133377424627,1.338228535545));
#6951 = VECTOR('',#6952,1.);
#6952 = DIRECTION('',(-9.063258019778E-02,0.995884398616));
#6953 = ( GEOMETRIC_REPRESENTATION_CONTEXT(2) 
PARAMETRIC_REPRESENTATION_CONTEXT() REPRESENTATION_CONTEXT('2D SPACE',''
  ) );
#6954 = PCURVE('',#6955,#6960);
#6955 = PLANE('',#6956);
#6956 = AXIS2_PLACEMENT_3D('',#6957,#6958,#6959);
#6957 = CARTESIAN_POINT('',(13.520248553614,3.700605227325,24.03));
#6958 = DIRECTION('',(0.995884398616,9.063258019778E-02,0.));
#6959 = DIRECTION('',(0.,-0.,1.));
#6960 = DEFINITIONAL_REPRESENTATION('',(#6961),#6965);
#6961 = LINE('',#6962,#6963);
#6962 = CARTESIAN_POINT('',(9.999999999998E-03,1.23));
#6963 = VECTOR('',#6964,1.);
#6964 = DIRECTION('',(0.,-1.));
#6965 = ( GEOMETRIC_REPRESENTATION_CONTEXT(2) 
PARAMETRIC_REPRESENTATION_CONTEXT() REPRESENTATION_CONTEXT('2D SPACE',''
  ) );
#6966 = ORIENTED_EDGE('',*,*,#6967,.F.);
#6967 = EDGE_CURVE('',#6968,#6940,#6970,.T.);
#6968 = VERTEX_POINT('',#6969);
#6969 = CARTESIAN_POINT('',(14.791971630875,6.828738922479,24.04));
#6970 = SURFACE_CURVE('',#6971,(#6975,#6982),.PCURVE_S1.);
#6971 = LINE('',#6972,#6973);
#6972 = CARTESIAN_POINT('',(12.625923063886,6.631613060549,24.04));
#6973 = VECTOR('',#6974,1.);
#6974 = DIRECTION('',(-0.995884398616,-9.063258019778E-02,0.));
#6975 = PCURVE('',#4243,#6976);
#6976 = DEFINITIONAL_REPRESENTATION('',(#6977),#6981);
#6977 = LINE('',#6978,#6979);
#6978 = CARTESIAN_POINT('',(0.127573861256,5.494174179067));
#6979 = VECTOR('',#6980,1.);
#6980 = DIRECTION('',(-0.995884398616,-9.063258019778E-02));
#6981 = ( GEOMETRIC_REPRESENTATION_CONTEXT(2) 
PARAMETRIC_REPRESENTATION_CONTEXT() REPRESENTATION_CONTEXT('2D SPACE',''
  ) );
#6982 = PCURVE('',#6983,#6988);
#6983 = PLANE('',#6984);
#6984 = AXIS2_PLACEMENT_3D('',#6985,#6986,#6987);
#6985 = CARTESIAN_POINT('',(13.248350813021,6.688258423173,24.03));
#6986 = DIRECTION('',(-9.063258019778E-02,0.995884398616,0.));
#6987 = DIRECTION('',(0.,0.,1.));
#6988 = DEFINITIONAL_REPRESENTATION('',(#6989),#6993);
#6989 = LINE('',#6990,#6991);
#6990 = CARTESIAN_POINT('',(9.999999999998E-03,-0.625));
#6991 = VECTOR('',#6992,1.);
#6992 = DIRECTION('',(0.,-1.));
#6993 = ( GEOMETRIC_REPRESENTATION_CONTEXT(2) 
PARAMETRIC_REPRESENTATION_CONTEXT() REPRESENTATION_CONTEXT('2D SPACE',''
  ) );
#6994 = ORIENTED_EDGE('',*,*,#6995,.F.);
#6995 = EDGE_CURVE('',#6910,#6968,#6996,.T.);
#6996 = SURFACE_CURVE('',#6997,(#7001,#7008),.PCURVE_S1.);
#6997 = LINE('',#6998,#6999);
#6998 = CARTESIAN_POINT('',(15.175347445112,2.616147916334,24.04));
#6999 = VECTOR('',#7000,1.);
#7000 = DIRECTION('',(-9.063258019778E-02,0.995884398616,0.));
#7001 = PCURVE('',#4243,#7002);
#7002 = DEFINITIONAL_REPRESENTATION('',(#7003),#7007);
#7003 = LINE('',#7004,#7005);
#7004 = CARTESIAN_POINT('',(2.676998242482,1.478709034852));
#7005 = VECTOR('',#7006,1.);
#7006 = DIRECTION('',(-9.063258019778E-02,0.995884398616));
#7007 = ( GEOMETRIC_REPRESENTATION_CONTEXT(2) 
PARAMETRIC_REPRESENTATION_CONTEXT() REPRESENTATION_CONTEXT('2D SPACE',''
  ) );
#7008 = PCURVE('',#7009,#7014);
#7009 = PLANE('',#7010);
#7010 = AXIS2_PLACEMENT_3D('',#7011,#7012,#7013);
#7011 = CARTESIAN_POINT('',(15.063869371469,3.841085726631,24.03));
#7012 = DIRECTION('',(0.995884398616,9.063258019778E-02,0.));
#7013 = DIRECTION('',(0.,-0.,1.));
#7014 = DEFINITIONAL_REPRESENTATION('',(#7015),#7019);
#7015 = LINE('',#7016,#7017);
#7016 = CARTESIAN_POINT('',(9.999999999998E-03,1.229999999999));
#7017 = VECTOR('',#7018,1.);
#7018 = DIRECTION('',(0.,-1.));
#7019 = ( GEOMETRIC_REPRESENTATION_CONTEXT(2) 
PARAMETRIC_REPRESENTATION_CONTEXT() REPRESENTATION_CONTEXT('2D SPACE',''
  ) );
#7020 = ADVANCED_FACE('',(#7021),#4346,.F.);
#7021 = FACE_BOUND('',#7022,.F.);
#7022 = EDGE_LOOP('',(#7023,#7024,#7025));
#7023 = ORIENTED_EDGE('',*,*,#4478,.F.);
#7024 = ORIENTED_EDGE('',*,*,#4882,.T.);
#7025 = ORIENTED_EDGE('',*,*,#4330,.T.);
#7026 = ADVANCED_FACE('',(#7027),#4422,.T.);
#7027 = FACE_BOUND('',#7028,.T.);
#7028 = EDGE_LOOP('',(#7029,#7030,#7031,#7032,#7033,#7034,#7035,#7036));
#7029 = ORIENTED_EDGE('',*,*,#4779,.F.);
#7030 = ORIENTED_EDGE('',*,*,#4750,.T.);
#7031 = ORIENTED_EDGE('',*,*,#4678,.T.);
#7032 = ORIENTED_EDGE('',*,*,#4648,.F.);
#7033 = ORIENTED_EDGE('',*,*,#4599,.T.);
#7034 = ORIENTED_EDGE('',*,*,#4548,.T.);
#7035 = ORIENTED_EDGE('',*,*,#4404,.F.);
#7036 = ORIENTED_EDGE('',*,*,#4828,.F.);
#7037 = ADVANCED_FACE('',(#7038),#5028,.T.);
#7038 = FACE_BOUND('',#7039,.T.);
#7039 = EDGE_LOOP('',(#7040,#7041,#7042,#7043,#7044,#7045,#7046,#7047));
#7040 = ORIENTED_EDGE('',*,*,#5067,.F.);
#7041 = ORIENTED_EDGE('',*,*,#5011,.T.);
#7042 = ORIENTED_EDGE('',*,*,#5370,.T.);
#7043 = ORIENTED_EDGE('',*,*,#5340,.F.);
#7044 = ORIENTED_EDGE('',*,*,#5291,.T.);
#7045 = ORIENTED_EDGE('',*,*,#5240,.T.);
#7046 = ORIENTED_EDGE('',*,*,#5168,.F.);
#7047 = ORIENTED_EDGE('',*,*,#5138,.F.);
#7048 = ADVANCED_FACE('',(#7049),#5437,.T.);
#7049 = FACE_BOUND('',#7050,.T.);
#7050 = EDGE_LOOP('',(#7051,#7052,#7053,#7054,#7055,#7056,#7057,#7058));
#7051 = ORIENTED_EDGE('',*,*,#5476,.F.);
#7052 = ORIENTED_EDGE('',*,*,#5420,.T.);
#7053 = ORIENTED_EDGE('',*,*,#5779,.T.);
#7054 = ORIENTED_EDGE('',*,*,#5749,.F.);
#7055 = ORIENTED_EDGE('',*,*,#5700,.T.);
#7056 = ORIENTED_EDGE('',*,*,#5649,.T.);
#7057 = ORIENTED_EDGE('',*,*,#5577,.F.);
#7058 = ORIENTED_EDGE('',*,*,#5547,.F.);
#7059 = ADVANCED_FACE('',(#7060),#5846,.T.);
#7060 = FACE_BOUND('',#7061,.T.);
#7061 = EDGE_LOOP('',(#7062,#7063,#7064,#7065,#7066,#7067,#7068,#7069));
#7062 = ORIENTED_EDGE('',*,*,#5885,.F.);
#7063 = ORIENTED_EDGE('',*,*,#5829,.T.);
#7064 = ORIENTED_EDGE('',*,*,#6188,.T.);
#7065 = ORIENTED_EDGE('',*,*,#6158,.F.);
#7066 = ORIENTED_EDGE('',*,*,#6109,.T.);
#7067 = ORIENTED_EDGE('',*,*,#6058,.T.);
#7068 = ORIENTED_EDGE('',*,*,#5986,.F.);
#7069 = ORIENTED_EDGE('',*,*,#5956,.F.);
#7070 = ADVANCED_FACE('',(#7071),#6282,.T.);
#7071 = FACE_BOUND('',#7072,.T.);
#7072 = EDGE_LOOP('',(#7073,#7074,#7097,#7124));
#7073 = ORIENTED_EDGE('',*,*,#6267,.T.);
#7074 = ORIENTED_EDGE('',*,*,#7075,.T.);
#7075 = EDGE_CURVE('',#6245,#7076,#7078,.T.);
#7076 = VERTEX_POINT('',#7077);
#7077 = CARTESIAN_POINT('',(-1.316184070926,-31.63973885031,
    22.765023892263));
#7078 = SEAM_CURVE('',#7079,(#7083,#7090),.PCURVE_S1.);
#7079 = LINE('',#7080,#7081);
#7080 = CARTESIAN_POINT('',(-1.396014574593,-30.83990634177,
    22.570100704921));
#7081 = VECTOR('',#7082,1.);
#7082 = DIRECTION('',(9.651816891057E-02,-0.967028461724,0.235669678335)
  );
#7083 = PCURVE('',#6282,#7084);
#7084 = DEFINITIONAL_REPRESENTATION('',(#7085),#7089);
#7085 = LINE('',#7086,#7087);
#7086 = CARTESIAN_POINT('',(6.28318530718,0.));
#7087 = VECTOR('',#7088,1.);
#7088 = DIRECTION('',(0.,1.));
#7089 = ( GEOMETRIC_REPRESENTATION_CONTEXT(2) 
PARAMETRIC_REPRESENTATION_CONTEXT() REPRESENTATION_CONTEXT('2D SPACE',''
  ) );
#7090 = PCURVE('',#6282,#7091);
#7091 = DEFINITIONAL_REPRESENTATION('',(#7092),#7096);
#7092 = LINE('',#7093,#7094);
#7093 = CARTESIAN_POINT('',(4.138911435803E-13,0.));
#7094 = VECTOR('',#7095,1.);
#7095 = DIRECTION('',(0.,1.));
#7096 = ( GEOMETRIC_REPRESENTATION_CONTEXT(2) 
PARAMETRIC_REPRESENTATION_CONTEXT() REPRESENTATION_CONTEXT('2D SPACE',''
  ) );
#7097 = ORIENTED_EDGE('',*,*,#7098,.F.);
#7098 = EDGE_CURVE('',#7076,#7076,#7099,.T.);
#7099 = SURFACE_CURVE('',#7100,(#7105,#7112),.PCURVE_S1.);
#7100 = CIRCLE('',#7101,3.1);
#7101 = AXIS2_PLACEMENT_3D('',#7102,#7103,#7104);
#7102 = CARTESIAN_POINT('',(-1.321972066698,-31.58174814543,
    19.665571750795));
#7103 = DIRECTION('',(9.929801703841E-02,-0.994880132442,
    -1.879962457525E-02));
#7104 = DIRECTION('',(1.867095410469E-03,-1.87066789917E-02,
    0.999823271441));
#7105 = PCURVE('',#6282,#7106);
#7106 = DEFINITIONAL_REPRESENTATION('',(#7107),#7111);
#7107 = LINE('',#7108,#7109);
#7108 = CARTESIAN_POINT('',(0.,0.8));
#7109 = VECTOR('',#7110,1.);
#7110 = DIRECTION('',(1.,0.));
#7111 = ( GEOMETRIC_REPRESENTATION_CONTEXT(2) 
PARAMETRIC_REPRESENTATION_CONTEXT() REPRESENTATION_CONTEXT('2D SPACE',''
  ) );
#7112 = PCURVE('',#7113,#7118);
#7113 = CYLINDRICAL_SURFACE('',#7114,3.1);
#7114 = AXIS2_PLACEMENT_3D('',#7115,#7116,#7117);
#7115 = CARTESIAN_POINT('',(-1.321972066698,-31.58174814543,
    19.665571750795));
#7116 = DIRECTION('',(9.929801703841E-02,-0.994880132442,
    -1.879962457525E-02));
#7117 = DIRECTION('',(1.867095410469E-03,-1.87066789917E-02,
    0.999823271441));
#7118 = DEFINITIONAL_REPRESENTATION('',(#7119),#7123);
#7119 = LINE('',#7120,#7121);
#7120 = CARTESIAN_POINT('',(0.,0.));
#7121 = VECTOR('',#7122,1.);
#7122 = DIRECTION('',(1.,0.));
#7123 = ( GEOMETRIC_REPRESENTATION_CONTEXT(2) 
PARAMETRIC_REPRESENTATION_CONTEXT() REPRESENTATION_CONTEXT('2D SPACE',''
  ) );
#7124 = ORIENTED_EDGE('',*,*,#7075,.F.);
#7125 = ADVANCED_FACE('',(#7126,#7180),#6315,.T.);
#7126 = FACE_BOUND('',#7127,.T.);
#7127 = EDGE_LOOP('',(#7128,#7157,#7178,#7179));
#7128 = ORIENTED_EDGE('',*,*,#7129,.T.);
#7129 = EDGE_CURVE('',#7130,#7130,#7132,.T.);
#7130 = VERTEX_POINT('',#7131);
#7131 = CARTESIAN_POINT('',(15.715735946682,-9.623112861675E-16,
    0.294151111914));
#7132 = SURFACE_CURVE('',#7133,(#7138,#7145),.PCURVE_S1.);
#7133 = CIRCLE('',#7134,15.715735946682);
#7134 = AXIS2_PLACEMENT_3D('',#7135,#7136,#7137);
#7135 = CARTESIAN_POINT('',(0.,0.,0.294151111914));
#7136 = DIRECTION('',(0.,-0.,1.));
#7137 = DIRECTION('',(1.,-6.123233995737E-17,-0.));
#7138 = PCURVE('',#6315,#7139);
#7139 = DEFINITIONAL_REPRESENTATION('',(#7140),#7144);
#7140 = LINE('',#7141,#7142);
#7141 = CARTESIAN_POINT('',(0.,0.294151111914));
#7142 = VECTOR('',#7143,1.);
#7143 = DIRECTION('',(1.,0.));
#7144 = ( GEOMETRIC_REPRESENTATION_CONTEXT(2) 
PARAMETRIC_REPRESENTATION_CONTEXT() REPRESENTATION_CONTEXT('2D SPACE',''
  ) );
#7145 = PCURVE('',#7146,#7151);
#7146 = TOROIDAL_SURFACE('',#7147,15.415792967921,0.3);
#7147 = AXIS2_PLACEMENT_3D('',#7148,#7149,#7150);
#7148 = CARTESIAN_POINT('',(0.,0.,0.3));
#7149 = DIRECTION('',(0.,-0.,1.));
#7150 = DIRECTION('',(1.,-6.123233995737E-17,-0.));
#7151 = DEFINITIONAL_REPRESENTATION('',(#7152),#7156);
#7152 = LINE('',#7153,#7154);
#7153 = CARTESIAN_POINT('',(0.,6.263687778241));
#7154 = VECTOR('',#7155,1.);
#7155 = DIRECTION('',(1.,0.));
#7156 = ( GEOMETRIC_REPRESENTATION_CONTEXT(2) 
PARAMETRIC_REPRESENTATION_CONTEXT() REPRESENTATION_CONTEXT('2D SPACE',''
  ) );
#7157 = ORIENTED_EDGE('',*,*,#7158,.T.);
#7158 = EDGE_CURVE('',#7130,#6299,#7159,.T.);
#7159 = SEAM_CURVE('',#7160,(#7164,#7171),.PCURVE_S1.);
#7160 = LINE('',#7161,#7162);
#7161 = CARTESIAN_POINT('',(15.71,0.,0.));
#7162 = VECTOR('',#7163,1.);
#7163 = DIRECTION('',(1.949629361948E-02,0.,0.999809929204));
#7164 = PCURVE('',#6315,#7165);
#7165 = DEFINITIONAL_REPRESENTATION('',(#7166),#7170);
#7166 = LINE('',#7167,#7168);
#7167 = CARTESIAN_POINT('',(6.28318530718,0.));
#7168 = VECTOR('',#7169,1.);
#7169 = DIRECTION('',(0.,1.));
#7170 = ( GEOMETRIC_REPRESENTATION_CONTEXT(2) 
PARAMETRIC_REPRESENTATION_CONTEXT() REPRESENTATION_CONTEXT('2D SPACE',''
  ) );
#7171 = PCURVE('',#6315,#7172);
#7172 = DEFINITIONAL_REPRESENTATION('',(#7173),#7177);
#7173 = LINE('',#7174,#7175);
#7174 = CARTESIAN_POINT('',(4.138911435803E-13,0.));
#7175 = VECTOR('',#7176,1.);
#7176 = DIRECTION('',(0.,1.));
#7177 = ( GEOMETRIC_REPRESENTATION_CONTEXT(2) 
PARAMETRIC_REPRESENTATION_CONTEXT() REPRESENTATION_CONTEXT('2D SPACE',''
  ) );
#7178 = ORIENTED_EDGE('',*,*,#6298,.F.);
#7179 = ORIENTED_EDGE('',*,*,#7158,.F.);
#7180 = FACE_BOUND('',#7181,.T.);
#7181 = EDGE_LOOP('',(#7182));
#7182 = ORIENTED_EDGE('',*,*,#7183,.T.);
#7183 = EDGE_CURVE('',#7184,#7184,#7186,.T.);
#7184 = VERTEX_POINT('',#7185);
#7185 = CARTESIAN_POINT('',(-10.49819541841,-11.95641881934,
    10.320805250902));
#7186 = SURFACE_CURVE('',#7187,(#7370,#7556),.PCURVE_S1.);
#7187 = B_SPLINE_CURVE_WITH_KNOTS('',7,(#7188,#7189,#7190,#7191,#7192,
    #7193,#7194,#7195,#7196,#7197,#7198,#7199,#7200,#7201,#7202,#7203,
    #7204,#7205,#7206,#7207,#7208,#7209,#7210,#7211,#7212,#7213,#7214,
    #7215,#7216,#7217,#7218,#7219,#7220,#7221,#7222,#7223,#7224,#7225,
    #7226,#7227,#7228,#7229,#7230,#7231,#7232,#7233,#7234,#7235,#7236,
    #7237,#7238,#7239,#7240,#7241,#7242,#7243,#7244,#7245,#7246,#7247,
    #7248,#7249,#7250,#7251,#7252,#7253,#7254,#7255,#7256,#7257,#7258,
    #7259,#7260,#7261,#7262,#7263,#7264,#7265,#7266,#7267,#7268,#7269,
    #7270,#7271,#7272,#7273,#7274,#7275,#7276,#7277,#7278,#7279,#7280,
    #7281,#7282,#7283,#7284,#7285,#7286,#7287,#7288,#7289,#7290,#7291,
    #7292,#7293,#7294,#7295,#7296,#7297,#7298,#7299,#7300,#7301,#7302,
    #7303,#7304,#7305,#7306,#7307,#7308,#7309,#7310,#7311,#7312,#7313,
    #7314,#7315,#7316,#7317,#7318,#7319,#7320,#7321,#7322,#7323,#7324,
    #7325,#7326,#7327,#7328,#7329,#7330,#7331,#7332,#7333,#7334,#7335,
    #7336,#7337,#7338,#7339,#7340,#7341,#7342,#7343,#7344,#7345,#7346,
    #7347,#7348,#7349,#7350,#7351,#7352,#7353,#7354,#7355,#7356,#7357,
    #7358,#7359,#7360,#7361,#7362,#7363,#7364,#7365,#7366,#7367,#7368,
    #7369),.UNSPECIFIED.,.T.,.F.,(1,7,6,6,6,6,6,6,6,6,6,6,6,6,6,6,6,6,6,
    6,6,6,6,6,6,6,6,6,6,6,6,7,1),(-3.327442565E-02,0.,3.554425742872E-02
    ,5.506175880346E-02,9.690500105437E-02,0.135842697229,0.157095130152
    ,0.179951213745,0.228954015126,0.278350591606,0.301047141941,
    0.322514751031,0.361314473061,0.399983567392,0.41806693012,
    0.449345628456,0.484552538872,0.562318022538,0.627885161474,
    0.649373302141,0.675956338826,0.69622657679,0.706978865316,
    0.728519456229,0.750102534079,0.760883661975,0.7813295362,
    0.807864519565,0.829403872281,0.895337796328,0.96672557435,1.,
    1.035544257429),.UNSPECIFIED.);
#7188 = CARTESIAN_POINT('',(-10.49819541841,-11.95641881934,
    10.320805250902));
#7189 = CARTESIAN_POINT('',(-10.4053858837,-12.0378758193,10.31952048124
    ));
#7190 = CARTESIAN_POINT('',(-10.31158824371,-12.11862674097,
    10.314930730247));
#7191 = CARTESIAN_POINT('',(-10.21691465618,-12.19855772252,
    10.306909235861));
#7192 = CARTESIAN_POINT('',(-10.12150341424,-12.27754282074,
    10.295327088562));
#7193 = CARTESIAN_POINT('',(-10.02552032466,-12.3554461702,
    10.280060221251));
#7194 = CARTESIAN_POINT('',(-9.929160086128,-12.43212414234,
    10.260996399119));
#7195 = CARTESIAN_POINT('',(-9.779652292166,-12.54877689797,
    10.225437967404));
#7196 = CARTESIAN_POINT('',(-9.726611304648,-12.58971160853,
    10.211660827357));
#7197 = CARTESIAN_POINT('',(-9.673562346865,-12.63020660453,
    10.196695563865));
#7198 = CARTESIAN_POINT('',(-9.620545617188,-12.67023652037,
    10.180528764928));
#7199 = CARTESIAN_POINT('',(-9.567603792654,-12.70977581007,
    10.163149297469));
#7200 = CARTESIAN_POINT('',(-9.5147819512,-12.74879890072,
    10.144548772715));
#7201 = CARTESIAN_POINT('',(-9.349242490273,-12.86978006765,
    10.082215752572));
#7202 = CARTESIAN_POINT('',(-9.23711110829,-12.94980198049,
    10.034067298492));
#7203 = CARTESIAN_POINT('',(-9.126222255825,-13.02707735305,
    9.980231932629));
#7204 = CARTESIAN_POINT('',(-9.01708350256,-13.10136643609,
    9.920727292997));
#7205 = CARTESIAN_POINT('',(-8.910210745957,-13.17245970895,
    9.855643153687));
#7206 = CARTESIAN_POINT('',(-8.806117877242,-13.2401791261,
    9.785151206225));
#7207 = CARTESIAN_POINT('',(-8.611495245978,-13.36412161132,
    9.639130576854));
#7208 = CARTESIAN_POINT('',(-8.520509211829,-13.4208264822,
    9.564279429056));
#7209 = CARTESIAN_POINT('',(-8.432747704182,-13.47437917721,
    9.485167760852));
#7210 = CARTESIAN_POINT('',(-8.348562028272,-13.52471084119,
    9.402040324204));
#7211 = CARTESIAN_POINT('',(-8.268257235967,-13.57178934374,
    9.315172956168));
#7212 = CARTESIAN_POINT('',(-8.192093926421,-13.61561006019,
    9.224865275362));
#7213 = CARTESIAN_POINT('',(-8.081099049634,-13.67833360498,
    9.080437677156));
#7214 = CARTESIAN_POINT('',(-8.043204856999,-13.69951523518,
    9.028508839954));
#7215 = CARTESIAN_POINT('',(-8.006641692286,-13.71973455169,
    8.975696356621));
#7216 = CARTESIAN_POINT('',(-7.97143936147,-13.73899658517,
    8.922049837754));
#7217 = CARTESIAN_POINT('',(-7.937623673641,-13.75730792509,
    8.867618687694));
#7218 = CARTESIAN_POINT('',(-7.90521686162,-13.77467625643,
    8.812451777463));
#7219 = CARTESIAN_POINT('',(-7.840921563266,-13.80878357398,
    8.696527817559));
#7220 = CARTESIAN_POINT('',(-7.809256710012,-13.82537617871,
    8.63566306645));
#7221 = CARTESIAN_POINT('',(-7.779266950843,-13.84089822692,
    8.574062262771));
#7222 = CARTESIAN_POINT('',(-7.750971644555,-13.85536104843,
    8.51178364316));
#7223 = CARTESIAN_POINT('',(-7.724386563367,-13.86877634528,
    8.448884034756));
#7224 = CARTESIAN_POINT('',(-7.699524455571,-13.88115575057,
    8.385418607434));
#7225 = CARTESIAN_POINT('',(-7.626808008865,-13.91685440918,
    8.184273630577));
#7226 = CARTESIAN_POINT('',(-7.585191792426,-13.93648581965,
    8.044762441548));
#7227 = CARTESIAN_POINT('',(-7.551639711809,-13.95151927804,
    7.903416238353));
#7228 = CARTESIAN_POINT('',(-7.526206783259,-13.96205105405,
    7.760726334436));
#7229 = CARTESIAN_POINT('',(-7.508920513664,-13.96815326166,
    7.617164912118));
#7230 = CARTESIAN_POINT('',(-7.499791127902,-13.96986809324,
    7.473183757422));
#7231 = CARTESIAN_POINT('',(-7.497844675164,-13.96451459028,
    7.184085316848));
#7232 = CARTESIAN_POINT('',(-7.505159397841,-13.95737589803,
    7.038986304493));
#7233 = CARTESIAN_POINT('',(-7.520766248929,-13.94579460486,
    6.894356158596));
#7234 = CARTESIAN_POINT('',(-7.544658631724,-13.9297432576,
    6.750658379807));
#7235 = CARTESIAN_POINT('',(-7.57681245259,-13.90916420321,
    6.608378393751));
#7236 = CARTESIAN_POINT('',(-7.617175505429,-13.88397547003,
    6.468022176126));
#7237 = CARTESIAN_POINT('',(-7.687932882065,-13.84033885308,
    6.266749758974));
#7238 = CARTESIAN_POINT('',(-7.711921918677,-13.82560724705,
    6.203904256793));
#7239 = CARTESIAN_POINT('',(-7.73761428343,-13.8098726688,6.14163090895)
  );
#7240 = CARTESIAN_POINT('',(-7.764997910305,-13.79312553401,
    6.079984144969));
#7241 = CARTESIAN_POINT('',(-7.794057800949,-13.77535625825,
    6.019020038243));
#7242 = CARTESIAN_POINT('',(-7.824775475793,-13.75655567888,
    5.958796058083));
#7243 = CARTESIAN_POINT('',(-7.887729572032,-13.71794955496,
    5.843163260494));
#7244 = CARTESIAN_POINT('',(-7.919793699386,-13.69825354472,
    5.787670284851));
#7245 = CARTESIAN_POINT('',(-7.953301576986,-13.67762056151,
    5.732941765391));
#7246 = CARTESIAN_POINT('',(-7.988230692395,-13.65604441922,
    5.679028483753));
#7247 = CARTESIAN_POINT('',(-8.024554803168,-13.63352011209,
    5.62598177602));
#7248 = CARTESIAN_POINT('',(-8.062243489047,-13.61004429641,
    5.573853176095));
#7249 = CARTESIAN_POINT('',(-8.17178170912,-13.54146460688,
    5.430231059976));
#7250 = CARTESIAN_POINT('',(-8.246650936774,-13.49419730301,
    5.340926873391));
#7251 = CARTESIAN_POINT('',(-8.325655156971,-13.44381206684,
    5.255096436063));
#7252 = CARTESIAN_POINT('',(-8.408537784554,-13.3903249026,
    5.173037885401));
#7253 = CARTESIAN_POINT('',(-8.494998123672,-13.33377850676,
    5.095025141135));
#7254 = CARTESIAN_POINT('',(-8.584689612104,-13.27425116242,
    5.021300486976));
#7255 = CARTESIAN_POINT('',(-8.769435001896,-13.14969013957,
    4.883066906656));
#7256 = CARTESIAN_POINT('',(-8.864483978857,-13.08466646447,
    4.818517273992));
#7257 = CARTESIAN_POINT('',(-8.961972495587,-13.0169172697,
    4.758623275422));
#7258 = CARTESIAN_POINT('',(-9.061497437804,-12.94658736061,
    4.703523438117));
#7259 = CARTESIAN_POINT('',(-9.162652189969,-12.87384334545,
    4.653295973498));
#7260 = CARTESIAN_POINT('',(-9.265033747439,-12.79887329433,
    4.60796495545));
#7261 = CARTESIAN_POINT('',(-9.416518190415,-12.68588395228,
    4.548586351475));
#7262 = CARTESIAN_POINT('',(-9.464971456536,-12.6494385967,
    4.530730992159));
#7263 = CARTESIAN_POINT('',(-9.513570993934,-12.61257053667,
    4.513937112936));
#7264 = CARTESIAN_POINT('',(-9.562279842598,-12.57529995038,
    4.498199373984));
#7265 = CARTESIAN_POINT('',(-9.611062715557,-12.53764698882,
    4.483510403321));
#7266 = CARTESIAN_POINT('',(-9.659885998878,-12.49963177583,
    4.469860796803));
#7267 = CARTESIAN_POINT('',(-9.79318178016,-12.39492786879,
    4.435407466245));
#7268 = CARTESIAN_POINT('',(-9.877671253865,-12.3275575346,
    4.416651766437));
#7269 = CARTESIAN_POINT('',(-9.962022480377,-12.25926580859,
    4.400914111897));
#7270 = CARTESIAN_POINT('',(-10.04609004359,-12.19015174058,4.3881228927
    ));
#7271 = CARTESIAN_POINT('',(-10.12974633796,-12.12030986017,
    4.378196989335));
#7272 = CARTESIAN_POINT('',(-10.21288110275,-12.04982900971,
    4.371049966239));
#7273 = CARTESIAN_POINT('',(-10.3882842681,-11.89883188462,
    4.361578984302));
#7274 = CARTESIAN_POINT('',(-10.48038681562,-11.81816835639,
    4.359973528393));
#7275 = CARTESIAN_POINT('',(-10.57157843021,-11.73691496386,
    4.36165203352));
#7276 = CARTESIAN_POINT('',(-10.66175137548,-11.65517849222,
    4.366487421722));
#7277 = CARTESIAN_POINT('',(-10.75081848796,-11.57305728943,
    4.374354939214));
#7278 = CARTESIAN_POINT('',(-10.83871131784,-11.49064041507,
    4.385135694437));
#7279 = CARTESIAN_POINT('',(-11.11680936494,-11.22548455658,
    4.428725820866));
#7280 = CARTESIAN_POINT('',(-11.30217308338,-11.04198747729,
    4.472396956646));
#7281 = CARTESIAN_POINT('',(-11.48103441117,-10.8582616646,4.52854565892
    ));
#7282 = CARTESIAN_POINT('',(-11.6531057666,-10.67503416545,
    4.596216807809));
#7283 = CARTESIAN_POINT('',(-11.81822137151,-10.49299296857,
    4.674657387589));
#7284 = CARTESIAN_POINT('',(-11.97630385317,-10.31279375321,
    4.763356274821));
#7285 = CARTESIAN_POINT('',(-12.25465332511,-9.985267200318,
    4.945455235549));
#7286 = CARTESIAN_POINT('',(-12.37688208165,-9.837312007199,
    5.03588309109));
#7287 = CARTESIAN_POINT('',(-12.49401950725,-9.691598193065,
    5.133340342146));
#7288 = CARTESIAN_POINT('',(-12.60596769803,-9.548647267421,
    5.237831613315));
#7289 = CARTESIAN_POINT('',(-12.71254213846,-9.409147417654,
    5.349460718427));
#7290 = CARTESIAN_POINT('',(-12.81348180162,-9.273965649276,
    5.468439439081));
#7291 = CARTESIAN_POINT('',(-12.93949998309,-9.101752987235,
    5.63680092952));
#7292 = CARTESIAN_POINT('',(-12.96995406753,-9.059839103846,
    5.679193292658));
#7293 = CARTESIAN_POINT('',(-12.99974141356,-9.018561892778,
    5.722434653302));
#7294 = CARTESIAN_POINT('',(-13.02884356982,-8.977970111674,
    5.766539298688));
#7295 = CARTESIAN_POINT('',(-13.0572389747,-8.93811853725,5.811521949116
    ));
#7296 = CARTESIAN_POINT('',(-13.08490295635,-8.899067965297,
    5.857397757951));
#7297 = CARTESIAN_POINT('',(-13.14509170391,-8.813649222116,
    5.962059608956));
#7298 = CARTESIAN_POINT('',(-13.17721159871,-8.767744694698,
    6.02132407313));
#7299 = CARTESIAN_POINT('',(-13.20811666623,-8.723295700916,
    6.082008027258));
#7300 = CARTESIAN_POINT('',(-13.23774337327,-8.680449491947,
    6.144137398005));
#7301 = CARTESIAN_POINT('',(-13.26601665837,-8.639374580707,
    6.207730141592));
#7302 = CARTESIAN_POINT('',(-13.2928511858,-8.600258824906,
    6.272794669814));
#7303 = CARTESIAN_POINT('',(-13.33744556775,-8.535131197778,
    6.390061833956));
#7304 = CARTESIAN_POINT('',(-13.35584601263,-8.508214985671,
    6.441646778556));
#7305 = CARTESIAN_POINT('',(-13.37331170191,-8.482650149904,
    6.494079658436));
#7306 = CARTESIAN_POINT('',(-13.38979559214,-8.458536499213,
    6.547348676735));
#7307 = CARTESIAN_POINT('',(-13.40524745937,-8.43597906912,
    6.601432059211));
#7308 = CARTESIAN_POINT('',(-13.41961552978,-8.415084816109,
    6.656296422332));
#7309 = CARTESIAN_POINT('',(-13.43986729402,-8.385814243892,
    6.741387319459));
#7310 = CARTESIAN_POINT('',(-13.44656698887,-8.376166794367,
    6.771085816836));
#7311 = CARTESIAN_POINT('',(-13.45293929398,-8.367033050225,
    6.800983410425));
#7312 = CARTESIAN_POINT('',(-13.45897652976,-8.358428539188,
    6.831071647409));
#7313 = CARTESIAN_POINT('',(-13.4646712379,-8.350368229697,
    6.861340845209));
#7314 = CARTESIAN_POINT('',(-13.47001618137,-8.342866530913,
    6.891780091482));
#7315 = CARTESIAN_POINT('',(-13.48499737792,-8.322055607427,
    6.983674031915));
#7316 = CARTESIAN_POINT('',(-13.49355975055,-8.310469485239,
    7.045610781482));
#7317 = CARTESIAN_POINT('',(-13.50063437759,-8.301290736453,
    7.108079982418));
#7318 = CARTESIAN_POINT('',(-13.50617353901,-8.29461133824,
    7.170962577694));
#7319 = CARTESIAN_POINT('',(-13.51014177844,-8.290497462128,
    7.234127287134));
#7320 = CARTESIAN_POINT('',(-13.51251880207,-8.288983501486,
    7.297429930881));
#7321 = CARTESIAN_POINT('',(-13.51408749881,-8.291150831874,
    7.424120394705));
#7322 = CARTESIAN_POINT('',(-13.51327301251,-8.294842557024,
    7.487518745829));
#7323 = CARTESIAN_POINT('',(-13.51085605174,-8.3011395465,7.55074902287)
  );
#7324 = CARTESIAN_POINT('',(-13.50685232162,-8.31000247468,
    7.613666545976));
#7325 = CARTESIAN_POINT('',(-13.50129321331,-8.321360397869,
    7.676139980372));
#7326 = CARTESIAN_POINT('',(-13.49422291784,-8.335116733881,
    7.738050577933));
#7327 = CARTESIAN_POINT('',(-13.48143596438,-8.359166758987,
    7.829882298402));
#7328 = CARTESIAN_POINT('',(-13.47681254373,-8.367748267644,
    7.860307627199));
#7329 = CARTESIAN_POINT('',(-13.47183196499,-8.376885380743,
    7.890555325457));
#7330 = CARTESIAN_POINT('',(-13.4665011781,-8.386563188209,
    7.920614563927));
#7331 = CARTESIAN_POINT('',(-13.46082739597,-8.39676625673,7.95047576378
    ));
#7332 = CARTESIAN_POINT('',(-13.45481809447,-8.407478629766,
    7.980130596615));
#7333 = CARTESIAN_POINT('',(-13.43646305072,-8.439933929252,
    8.065406115961));
#7334 = CARTESIAN_POINT('',(-13.42326616448,-8.462956666275,
    8.120471431956));
#7335 = CARTESIAN_POINT('',(-13.40894189543,-8.487641980396,
    8.174721482093));
#7336 = CARTESIAN_POINT('',(-13.39354230201,-8.513878875767,
    8.228123527427));
#7337 = CARTESIAN_POINT('',(-13.37711820778,-8.54155879335,8.28065679389
    ));
#7338 = CARTESIAN_POINT('',(-13.35971744972,-8.570578985361,
    8.332310725758));
#7339 = CARTESIAN_POINT('',(-13.31758854823,-8.640126763439,
    8.448976620997));
#7340 = CARTESIAN_POINT('',(-13.29222331948,-8.681504601617,
    8.513380666799));
#7341 = CARTESIAN_POINT('',(-13.2653809097,-8.724775582874,
    8.576295771548));
#7342 = CARTESIAN_POINT('',(-13.23714624345,-8.769753628667,
    8.637733027001));
#7343 = CARTESIAN_POINT('',(-13.20759439317,-8.816272209242,
    8.697712655283));
#7344 = CARTESIAN_POINT('',(-13.17678927171,-8.864186149592,
    8.756262442505));
#7345 = CARTESIAN_POINT('',(-13.11880119257,-8.953300436062,
    8.859809807898));
#7346 = CARTESIAN_POINT('',(-13.09202952462,-8.994064203159,
    8.905281253485));
#7347 = CARTESIAN_POINT('',(-13.06449578826,-9.035598155215,
    8.949847105792));
#7348 = CARTESIAN_POINT('',(-13.03622532661,-9.077841751508,
    8.993523436782));
#7349 = CARTESIAN_POINT('',(-13.00724035871,-9.120740492076,
    9.036325793721));
#7350 = CARTESIAN_POINT('',(-12.97755997953,-9.164245917715,
    9.078269199184));
#7351 = CARTESIAN_POINT('',(-12.85426598215,-9.343216959187,
    9.245175792833));
#7352 = CARTESIAN_POINT('',(-12.75500260506,-9.483350298198,
    9.363020849169));
#7353 = CARTESIAN_POINT('',(-12.64982497058,-9.627558663866,
    9.473402704232));
#7354 = CARTESIAN_POINT('',(-12.53900937053,-9.774972537259,
    9.576546777203));
#7355 = CARTESIAN_POINT('',(-12.42275280988,-9.924899684426,
    9.672566471866));
#7356 = CARTESIAN_POINT('',(-12.30116256357,-10.07681328643,
    9.761472096954));
#7357 = CARTESIAN_POINT('',(-12.03680679843,-10.39655745836,
    9.931621533485));
#7358 = CARTESIAN_POINT('',(-11.89320747081,-10.56456138649,
    10.011568172856));
#7359 = CARTESIAN_POINT('',(-11.7434776771,-10.73382494059,
    10.082881313194));
#7360 = CARTESIAN_POINT('',(-11.58768457323,-10.90382425096,
    10.145192746297));
#7361 = CARTESIAN_POINT('',(-11.42594851023,-11.07401489685,
    10.19796282731));
#7362 = CARTESIAN_POINT('',(-11.25846343742,-11.24382744117,
    10.240505867693));
#7363 = CARTESIAN_POINT('',(-11.00489536338,-11.49138052747,
    10.28663679033));
#7364 = CARTESIAN_POINT('',(-10.92310423949,-11.5698626109,
    10.298893895302));
#7365 = CARTESIAN_POINT('',(-10.84017280493,-11.6480584869,
    10.30865604669));
#7366 = CARTESIAN_POINT('',(-10.75614854927,-11.72589506101,
    10.315829414027));
#7367 = CARTESIAN_POINT('',(-10.67109186989,-11.80329240139,
    10.320314446787));
#7368 = CARTESIAN_POINT('',(-10.58507741364,-11.88016429761,
    10.32200796517));
#7369 = CARTESIAN_POINT('',(-10.49819541841,-11.95641881934,
    10.320805250902));
#7370 = PCURVE('',#6315,#7371);
#7371 = DEFINITIONAL_REPRESENTATION('',(#7372),#7555);
#7372 = B_SPLINE_CURVE_WITH_KNOTS('',7,(#7373,#7374,#7375,#7376,#7377,
    #7378,#7379,#7380,#7381,#7382,#7383,#7384,#7385,#7386,#7387,#7388,
    #7389,#7390,#7391,#7392,#7393,#7394,#7395,#7396,#7397,#7398,#7399,
    #7400,#7401,#7402,#7403,#7404,#7405,#7406,#7407,#7408,#7409,#7410,
    #7411,#7412,#7413,#7414,#7415,#7416,#7417,#7418,#7419,#7420,#7421,
    #7422,#7423,#7424,#7425,#7426,#7427,#7428,#7429,#7430,#7431,#7432,
    #7433,#7434,#7435,#7436,#7437,#7438,#7439,#7440,#7441,#7442,#7443,
    #7444,#7445,#7446,#7447,#7448,#7449,#7450,#7451,#7452,#7453,#7454,
    #7455,#7456,#7457,#7458,#7459,#7460,#7461,#7462,#7463,#7464,#7465,
    #7466,#7467,#7468,#7469,#7470,#7471,#7472,#7473,#7474,#7475,#7476,
    #7477,#7478,#7479,#7480,#7481,#7482,#7483,#7484,#7485,#7486,#7487,
    #7488,#7489,#7490,#7491,#7492,#7493,#7494,#7495,#7496,#7497,#7498,
    #7499,#7500,#7501,#7502,#7503,#7504,#7505,#7506,#7507,#7508,#7509,
    #7510,#7511,#7512,#7513,#7514,#7515,#7516,#7517,#7518,#7519,#7520,
    #7521,#7522,#7523,#7524,#7525,#7526,#7527,#7528,#7529,#7530,#7531,
    #7532,#7533,#7534,#7535,#7536,#7537,#7538,#7539,#7540,#7541,#7542,
    #7543,#7544,#7545,#7546,#7547,#7548,#7549,#7550,#7551,#7552,#7553,
    #7554),.UNSPECIFIED.,.T.,.F.,(1,7,6,6,6,6,6,6,6,6,6,6,6,6,6,6,6,6,6,
    6,6,6,6,6,6,6,6,6,6,6,6,7,1),(-3.327442565E-02,0.,3.554425742872E-02
    ,5.506175880346E-02,9.690500105437E-02,0.135842697229,0.157095130152
    ,0.179951213745,0.228954015126,0.278350591606,0.301047141941,
    0.322514751031,0.361314473061,0.399983567392,0.41806693012,
    0.449345628456,0.484552538872,0.562318022538,0.627885161474,
    0.649373302141,0.675956338826,0.69622657679,0.706978865316,
    0.728519456229,0.750102534079,0.760883661975,0.7813295362,
    0.807864519565,0.829403872281,0.895337796328,0.96672557435,1.,
    1.035544257429),.UNSPECIFIED.);
#7373 = CARTESIAN_POINT('',(3.991840679191,10.320805250902));
#7374 = CARTESIAN_POINT('',(3.99960161549,10.31952048124));
#7375 = CARTESIAN_POINT('',(4.007379967672,10.314930730247));
#7376 = CARTESIAN_POINT('',(4.015166608751,10.306909235861));
#7377 = CARTESIAN_POINT('',(4.022950710573,10.295327088562));
#7378 = CARTESIAN_POINT('',(4.030719729638,10.280060221251));
#7379 = CARTESIAN_POINT('',(4.038459392918,10.260996399119));
#7380 = CARTESIAN_POINT('',(4.050378651129,10.225437967404));
#7381 = CARTESIAN_POINT('',(4.054589915861,10.211660827357));
#7382 = CARTESIAN_POINT('',(4.058784793214,10.196695563864));
#7383 = CARTESIAN_POINT('',(4.062960455749,10.180528764928));
#7384 = CARTESIAN_POINT('',(4.067113940665,10.163149297469));
#7385 = CARTESIAN_POINT('',(4.071242157219,10.144548772715));
#7386 = CARTESIAN_POINT('',(4.084131251001,10.082215752572));
#7387 = CARTESIAN_POINT('',(4.092790937393,10.034067298492));
#7388 = CARTESIAN_POINT('',(4.101287548535,9.98023193263));
#7389 = CARTESIAN_POINT('',(4.109587622654,9.920727292997));
#7390 = CARTESIAN_POINT('',(4.117658140387,9.855643153687));
#7391 = CARTESIAN_POINT('',(4.125467024187,9.785151206225));
#7392 = CARTESIAN_POINT('',(4.139978306373,9.639130576854));
#7393 = CARTESIAN_POINT('',(4.146721093087,9.564279429056));
#7394 = CARTESIAN_POINT('',(4.153187665733,9.485167760852));
#7395 = CARTESIAN_POINT('',(4.159357551592,9.402040324204));
#7396 = CARTESIAN_POINT('',(4.165213750975,9.315172956168));
#7397 = CARTESIAN_POINT('',(4.170742350825,9.224865275362));
#7398 = CARTESIAN_POINT('',(4.178764756103,9.080437677156));
#7399 = CARTESIAN_POINT('',(4.181496579116,9.028508839954));
#7400 = CARTESIAN_POINT('',(4.184125876997,8.975696356621));
#7401 = CARTESIAN_POINT('',(4.186651207953,8.922049837754));
#7402 = CARTESIAN_POINT('',(4.189071383279,8.867618687694));
#7403 = CARTESIAN_POINT('',(4.191385431875,8.812451777463));
#7404 = CARTESIAN_POINT('',(4.195966241877,8.696527817559));
#7405 = CARTESIAN_POINT('',(4.198216259195,8.63566306645));
#7406 = CARTESIAN_POINT('',(4.200341652742,8.574062262771));
#7407 = CARTESIAN_POINT('',(4.202341697536,8.51178364316));
#7408 = CARTESIAN_POINT('',(4.204215865785,8.448884034756));
#7409 = CARTESIAN_POINT('',(4.205963785104,8.385418607434));
#7410 = CARTESIAN_POINT('',(4.211061457685,8.184273630577));
#7411 = CARTESIAN_POINT('',(4.213955915124,8.044762441548));
#7412 = CARTESIAN_POINT('',(4.216266633014,7.903416238353));
#7413 = CARTESIAN_POINT('',(4.217993084272,7.760726334436));
#7414 = CARTESIAN_POINT('',(4.219135466991,7.617164912118));
#7415 = CARTESIAN_POINT('',(4.219694020687,7.473183757422));
#7416 = CARTESIAN_POINT('',(4.219642458055,7.184085316848));
#7417 = CARTESIAN_POINT('',(4.219022917364,7.038986304493));
#7418 = CARTESIAN_POINT('',(4.217809504851,6.894356158596));
#7419 = CARTESIAN_POINT('',(4.2160013378,6.750658379807));
#7420 = CARTESIAN_POINT('',(4.21359759927,6.608378393751));
#7421 = CARTESIAN_POINT('',(4.210598270973,6.468022176126));
#7422 = CARTESIAN_POINT('',(4.205353782217,6.266749758974));
#7423 = CARTESIAN_POINT('',(4.203577345118,6.203904256793));
#7424 = CARTESIAN_POINT('',(4.201675765719,6.14163090895));
#7425 = CARTESIAN_POINT('',(4.199649370676,6.079984144969));
#7426 = CARTESIAN_POINT('',(4.197498644003,6.019020038243));
#7427 = CARTESIAN_POINT('',(4.195224268633,5.958796058083));
#7428 = CARTESIAN_POINT('',(4.190559862227,5.843163260494));
#7429 = CARTESIAN_POINT('',(4.18818276157,5.787670284851));
#7430 = CARTESIAN_POINT('',(4.1856966623,5.732941765391));
#7431 = CARTESIAN_POINT('',(4.183102556834,5.679028483753));
#7432 = CARTESIAN_POINT('',(4.180401672094,5.62598177602));
#7433 = CARTESIAN_POINT('',(4.177595507869,5.573853176095));
#7434 = CARTESIAN_POINT('',(4.169427118151,5.430231059976));
#7435 = CARTESIAN_POINT('',(4.163829902933,5.340926873391));
#7436 = CARTESIAN_POINT('',(4.157905498754,5.255096436063));
#7437 = CARTESIAN_POINT('',(4.151667936069,5.173037885401));
#7438 = CARTESIAN_POINT('',(4.145134387341,5.095025141135));
#7439 = CARTESIAN_POINT('',(4.13832554783,5.021300486976));
#7440 = CARTESIAN_POINT('',(4.124230252391,4.883066906656));
#7441 = CARTESIAN_POINT('',(4.116944413876,4.818517273992));
#7442 = CARTESIAN_POINT('',(4.109433028293,4.758623275422));
#7443 = CARTESIAN_POINT('',(4.101721797713,4.703523438117));
#7444 = CARTESIAN_POINT('',(4.093837249906,4.653295973498));
#7445 = CARTESIAN_POINT('',(4.08580638942,4.60796495545));
#7446 = CARTESIAN_POINT('',(4.073845032513,4.548586351475));
#7447 = CARTESIAN_POINT('',(4.070007462194,4.530730992159));
#7448 = CARTESIAN_POINT('',(4.066146291725,4.513937112936));
#7449 = CARTESIAN_POINT('',(4.062264085703,4.498199373984));
#7450 = CARTESIAN_POINT('',(4.0583633193,4.483510403321));
#7451 = CARTESIAN_POINT('',(4.054446378258,4.469860796803));
#7452 = CARTESIAN_POINT('',(4.043716441103,4.435407466245));
#7453 = CARTESIAN_POINT('',(4.036875793628,4.416651766437));
#7454 = CARTESIAN_POINT('',(4.030005363927,4.400914111897));
#7455 = CARTESIAN_POINT('',(4.023115831605,4.3881228927));
#7456 = CARTESIAN_POINT('',(4.016216800645,4.378196989335));
#7457 = CARTESIAN_POINT('',(4.009316791649,4.371049966239));
#7458 = CARTESIAN_POINT('',(3.994663932164,4.361578984302));
#7459 = CARTESIAN_POINT('',(3.98691294504,4.359973528393));
#7460 = CARTESIAN_POINT('',(3.979180614004,4.36165203352));
#7461 = CARTESIAN_POINT('',(3.971475895075,4.366487421722));
#7462 = CARTESIAN_POINT('',(3.963806427765,4.374354939214));
#7463 = CARTESIAN_POINT('',(3.956178603843,4.385135694437));
#7464 = CARTESIAN_POINT('',(3.931852695544,4.428725820866));
#7465 = CARTESIAN_POINT('',(3.915343931855,4.472396956646));
#7466 = CARTESIAN_POINT('',(3.899117376766,4.52854565892));
#7467 = CARTESIAN_POINT('',(3.883212255751,4.596216807809));
#7468 = CARTESIAN_POINT('',(3.867661711884,4.674657387589));
#7469 = CARTESIAN_POINT('',(3.852494847104,4.763356274821));
#7470 = CARTESIAN_POINT('',(3.825299756942,4.945455235549));
#7471 = CARTESIAN_POINT('',(3.813160240531,5.03588309109));
#7472 = CARTESIAN_POINT('',(3.801336287257,5.133340342146));
#7473 = CARTESIAN_POINT('',(3.78985499966,5.237831613315));
#7474 = CARTESIAN_POINT('',(3.778755732557,5.349460718427));
#7475 = CARTESIAN_POINT('',(3.768090446893,5.468439439081));
#7476 = CARTESIAN_POINT('',(3.754602291266,5.63680092952));
#7477 = CARTESIAN_POINT('',(3.751327803498,5.679193292658));
#7478 = CARTESIAN_POINT('',(3.748110860991,5.722434653302));
#7479 = CARTESIAN_POINT('',(3.744954603051,5.766539298688));
#7480 = CARTESIAN_POINT('',(3.74186260103,5.811521949116));
#7481 = CARTESIAN_POINT('',(3.738838858321,5.857397757951));
#7482 = CARTESIAN_POINT('',(3.732237060988,5.962059608956));
#7483 = CARTESIAN_POINT('',(3.728697816815,6.02132407313));
#7484 = CARTESIAN_POINT('',(3.725278282389,6.082008027258));
#7485 = CARTESIAN_POINT('',(3.721988345195,6.144137398005));
#7486 = CARTESIAN_POINT('',(3.718839428851,6.207730141592));
#7487 = CARTESIAN_POINT('',(3.715844346304,6.272794669814));
#7488 = CARTESIAN_POINT('',(3.710861346625,6.390061833956));
#7489 = CARTESIAN_POINT('',(3.70880328105,6.441646778556));
#7490 = CARTESIAN_POINT('',(3.706849215088,6.494079658436));
#7491 = CARTESIAN_POINT('',(3.705006027935,6.547348676735));
#7492 = CARTESIAN_POINT('',(3.703280986328,6.601432059211));
#7493 = CARTESIAN_POINT('',(3.701681511692,6.656296422332));
#7494 = CARTESIAN_POINT('',(3.699437012464,6.741387319459));
#7495 = CARTESIAN_POINT('',(3.698696471528,6.771085816836));
#7496 = CARTESIAN_POINT('',(3.697994444403,6.800983410425));
#7497 = CARTESIAN_POINT('',(3.697332013487,6.831071647409));
#7498 = CARTESIAN_POINT('',(3.696710223638,6.861340845209));
#7499 = CARTESIAN_POINT('',(3.696130082175,6.891780091482));
#7500 = CARTESIAN_POINT('',(3.694515711907,6.983674031915));
#7501 = CARTESIAN_POINT('',(3.693609762546,7.045610781482));
#7502 = CARTESIAN_POINT('',(3.692882555184,7.108079982418));
#7503 = CARTESIAN_POINT('',(3.692340553597,7.170962577694));
#7504 = CARTESIAN_POINT('',(3.691988425572,7.234127287134));
#7505 = CARTESIAN_POINT('',(3.691828627513,7.297429930881));
#7506 = CARTESIAN_POINT('',(3.691893414436,7.424120394705));
#7507 = CARTESIAN_POINT('',(3.692118763743,7.487518745829));
#7508 = CARTESIAN_POINT('',(3.692536975413,7.55074902287));
#7509 = CARTESIAN_POINT('',(3.693145353935,7.613666545976));
#7510 = CARTESIAN_POINT('',(3.693938990485,7.676139980372));
#7511 = CARTESIAN_POINT('',(3.694911183552,7.738050577933));
#7512 = CARTESIAN_POINT('',(3.696624646387,7.829882298402));
#7513 = CARTESIAN_POINT('',(3.697238010375,7.860307627199));
#7514 = CARTESIAN_POINT('',(3.697892952452,7.890555325457));
#7515 = CARTESIAN_POINT('',(3.698588437509,7.920614563927));
#7516 = CARTESIAN_POINT('',(3.699323394415,7.95047576378));
#7517 = CARTESIAN_POINT('',(3.700096716009,7.980130596615));
#7518 = CARTESIAN_POINT('',(3.702444413888,8.065406115961));
#7519 = CARTESIAN_POINT('',(3.704115448297,8.120471431956));
#7520 = CARTESIAN_POINT('',(3.705912732152,8.174721482093));
#7521 = CARTESIAN_POINT('',(3.707828579127,8.228123527427));
#7522 = CARTESIAN_POINT('',(3.709855485517,8.28065679389));
#7523 = CARTESIAN_POINT('',(3.711986368998,8.332310725758));
#7524 = CARTESIAN_POINT('',(3.717106910445,8.448976620997));
#7525 = CARTESIAN_POINT('',(3.72016311316,8.513380666799));
#7526 = CARTESIAN_POINT('',(3.723369438509,8.576295771548));
#7527 = CARTESIAN_POINT('',(3.726713173263,8.637733027001));
#7528 = CARTESIAN_POINT('',(3.73018300509,8.697712655283));
#7529 = CARTESIAN_POINT('',(3.733769159673,8.756262442505));
#7530 = CARTESIAN_POINT('',(3.740462390794,8.859809807898));
#7531 = CARTESIAN_POINT('',(3.743532387345,8.905281253485));
#7532 = CARTESIAN_POINT('',(3.746669094151,8.949847105792));
#7533 = CARTESIAN_POINT('',(3.749868513402,8.993523436782));
#7534 = CARTESIAN_POINT('',(3.753127082803,9.036325793721));
#7535 = CARTESIAN_POINT('',(3.756441675569,9.078269199184));
#7536 = CARTESIAN_POINT('',(3.770119125732,9.245175792833));
#7537 = CARTESIAN_POINT('',(3.780924181262,9.363020849168));
#7538 = CARTESIAN_POINT('',(3.792152179481,9.473402704233));
#7539 = CARTESIAN_POINT('',(3.80375120361,9.576546777201));
#7540 = CARTESIAN_POINT('',(3.815682038488,9.672566471867));
#7541 = CARTESIAN_POINT('',(3.827917811208,9.761472096954));
#7542 = CARTESIAN_POINT('',(3.854006485271,9.931621533485));
#7543 = CARTESIAN_POINT('',(3.867900960933,10.011568172856));
#7544 = CARTESIAN_POINT('',(3.882105185407,10.082881313194));
#7545 = CARTESIAN_POINT('',(3.896596706701,10.145192746297));
#7546 = CARTESIAN_POINT('',(3.911350906767,10.197962827309));
#7547 = CARTESIAN_POINT('',(3.926339811751,10.240505867693));
#7548 = CARTESIAN_POINT('',(3.948612834735,10.28663679033));
#7549 = CARTESIAN_POINT('',(3.955736997838,10.298893895302));
#7550 = CARTESIAN_POINT('',(3.962900403894,10.30865604669));
#7551 = CARTESIAN_POINT('',(3.970098417012,10.315829414027));
#7552 = CARTESIAN_POINT('',(3.977325550346,10.320314446787));
#7553 = CARTESIAN_POINT('',(3.984575416709,10.32200796517));
#7554 = CARTESIAN_POINT('',(3.991840679191,10.320805250902));
#7555 = ( GEOMETRIC_REPRESENTATION_CONTEXT(2) 
PARAMETRIC_REPRESENTATION_CONTEXT() REPRESENTATION_CONTEXT('2D SPACE',''
  ) );
#7556 = PCURVE('',#7557,#7562);
#7557 = CYLINDRICAL_SURFACE('',#7558,2.98);
#7558 = AXIS2_PLACEMENT_3D('',#7559,#7560,#7561);
#7559 = CARTESIAN_POINT('',(-10.55539814403,-5.998993290678,
    7.433396984062));
#7560 = DIRECTION('',(9.60030932695E-03,-0.999832215113,
    -1.560050265629E-02));
#7561 = DIRECTION('',(1.497878796293E-04,-1.559978354722E-02,
    0.999878304754));
#7562 = DEFINITIONAL_REPRESENTATION('',(#7563),#7746);
#7563 = B_SPLINE_CURVE_WITH_KNOTS('',7,(#7564,#7565,#7566,#7567,#7568,
    #7569,#7570,#7571,#7572,#7573,#7574,#7575,#7576,#7577,#7578,#7579,
    #7580,#7581,#7582,#7583,#7584,#7585,#7586,#7587,#7588,#7589,#7590,
    #7591,#7592,#7593,#7594,#7595,#7596,#7597,#7598,#7599,#7600,#7601,
    #7602,#7603,#7604,#7605,#7606,#7607,#7608,#7609,#7610,#7611,#7612,
    #7613,#7614,#7615,#7616,#7617,#7618,#7619,#7620,#7621,#7622,#7623,
    #7624,#7625,#7626,#7627,#7628,#7629,#7630,#7631,#7632,#7633,#7634,
    #7635,#7636,#7637,#7638,#7639,#7640,#7641,#7642,#7643,#7644,#7645,
    #7646,#7647,#7648,#7649,#7650,#7651,#7652,#7653,#7654,#7655,#7656,
    #7657,#7658,#7659,#7660,#7661,#7662,#7663,#7664,#7665,#7666,#7667,
    #7668,#7669,#7670,#7671,#7672,#7673,#7674,#7675,#7676,#7677,#7678,
    #7679,#7680,#7681,#7682,#7683,#7684,#7685,#7686,#7687,#7688,#7689,
    #7690,#7691,#7692,#7693,#7694,#7695,#7696,#7697,#7698,#7699,#7700,
    #7701,#7702,#7703,#7704,#7705,#7706,#7707,#7708,#7709,#7710,#7711,
    #7712,#7713,#7714,#7715,#7716,#7717,#7718,#7719,#7720,#7721,#7722,
    #7723,#7724,#7725,#7726,#7727,#7728,#7729,#7730,#7731,#7732,#7733,
    #7734,#7735,#7736,#7737,#7738,#7739,#7740,#7741,#7742,#7743,#7744,
    #7745),.UNSPECIFIED.,.F.,.F.,(8,6,6,6,6,6,6,6,6,6,6,6,6,6,6,6,6,6,6,
    6,6,6,6,6,6,6,6,6,6,6,8),(0.,3.554425742872E-02,5.506175880346E-02,
    9.690500105437E-02,0.135842697229,0.157095130152,0.179951213745,
    0.228954015126,0.278350591606,0.301047141941,0.322514751031,
    0.361314473061,0.399983567392,0.41806693012,0.449345628456,
    0.484552538872,0.562318022538,0.627885161474,0.649373302141,
    0.675956338826,0.69622657679,0.706978865316,0.728519456229,
    0.750102534079,0.760883661975,0.7813295362,0.807864519565,
    0.829403872281,0.895337796328,0.96672557435,1.),.UNSPECIFIED.);
#7564 = CARTESIAN_POINT('',(6.28318530718,5.911930106223));
#7565 = CARTESIAN_POINT('',(6.252305055818,5.994284482223));
#7566 = CARTESIAN_POINT('',(6.221090915119,6.075993943885));
#7567 = CARTESIAN_POINT('',(6.189532247007,6.156945549295));
#7568 = CARTESIAN_POINT('',(6.157622057048,6.23701405977));
#7569 = CARTESIAN_POINT('',(6.125357563464,6.316063976372));
#7570 = CARTESIAN_POINT('',(6.092740766141,6.393951576418));
#7571 = CARTESIAN_POINT('',(6.04167957969,6.512574809957));
#7572 = CARTESIAN_POINT('',(6.023476242942,6.554226792482));
#7573 = CARTESIAN_POINT('',(6.005170406529,6.595457746077));
#7574 = CARTESIAN_POINT('',(5.986763922942,6.636242132696));
#7575 = CARTESIAN_POINT('',(5.968259150072,6.67655417462));
#7576 = CARTESIAN_POINT('',(5.94965900526,6.716368001339));
#7577 = CARTESIAN_POINT('',(5.890893585735,6.839890525927));
#7578 = CARTESIAN_POINT('',(5.850392290093,6.921726648339));
#7579 = CARTESIAN_POINT('',(5.80950607908,7.00089348132));
#7580 = CARTESIAN_POINT('',(5.768279841594,7.077146167852));
#7581 = CARTESIAN_POINT('',(5.726762963209,7.150268869147));
#7582 = CARTESIAN_POINT('',(5.685011880629,7.220075957555));
#7583 = CARTESIAN_POINT('',(5.604084215229,7.348144079775));
#7584 = CARTESIAN_POINT('',(5.564923592945,7.40688064603));
#7585 = CARTESIAN_POINT('',(5.525661724246,7.462501075125));
#7586 = CARTESIAN_POINT('',(5.486341783408,7.514929332539));
#7587 = CARTESIAN_POINT('',(5.447000849625,7.564126061481));
#7588 = CARTESIAN_POINT('',(5.407671592605,7.61007946202));
#7589 = CARTESIAN_POINT('',(5.346940526815,7.676111211027));
#7590 = CARTESIAN_POINT('',(5.325508454355,7.698463199205));
#7591 = CARTESIAN_POINT('',(5.304091804849,7.719854042194));
#7592 = CARTESIAN_POINT('',(5.282693885221,7.74028770972));
#7593 = CARTESIAN_POINT('',(5.261317307136,7.759769771639));
#7594 = CARTESIAN_POINT('',(5.239964048885,7.778306935781));
#7595 = CARTESIAN_POINT('',(5.195697592757,7.814834257438));
#7596 = CARTESIAN_POINT('',(5.172788269649,7.832677591277));
#7597 = CARTESIAN_POINT('',(5.149909140712,7.84944594959));
#7598 = CARTESIAN_POINT('',(5.127061039585,7.865149565919));
#7599 = CARTESIAN_POINT('',(5.104244083614,7.879799102402));
#7600 = CARTESIAN_POINT('',(5.081457716697,7.893405207098));
#7601 = CARTESIAN_POINT('',(5.009910459192,7.932933939149));
#7602 = CARTESIAN_POINT('',(4.961259622276,7.955138028985));
#7603 = CARTESIAN_POINT('',(4.912730035392,7.972696147161));
#7604 = CARTESIAN_POINT('',(4.864299321117,7.985696354305));
#7605 = CARTESIAN_POINT('',(4.815940167759,7.994203121946));
#7606 = CARTESIAN_POINT('',(4.767619566518,7.998251489112));
#7607 = CARTESIAN_POINT('',(4.670588230285,7.997427651923));
#7608 = CARTESIAN_POINT('',(4.621883311993,7.992483551365));
#7609 = CARTESIAN_POINT('',(4.573142754305,7.983010673739));
#7610 = CARTESIAN_POINT('',(4.524332706937,7.968974402971));
#7611 = CARTESIAN_POINT('',(4.475425213576,7.950309754107));
#7612 = CARTESIAN_POINT('',(4.426397416694,7.926927376974));
#7613 = CARTESIAN_POINT('',(4.354639855768,7.885758739764));
#7614 = CARTESIAN_POINT('',(4.332020585014,7.87177972472));
#7615 = CARTESIAN_POINT('',(4.30937181288,7.856772627373));
#7616 = CARTESIAN_POINT('',(4.286693021281,7.840727131722));
#7617 = CARTESIAN_POINT('',(4.263984353065,7.823632924143));
#7618 = CARTESIAN_POINT('',(4.241246653807,7.805480124416));
#7619 = CARTESIAN_POINT('',(4.196949028566,7.768080028983));
#7620 = CARTESIAN_POINT('',(4.175391993078,7.74894521621));
#7621 = CARTESIAN_POINT('',(4.153811884944,7.728847801327));
#7622 = CARTESIAN_POINT('',(4.132210781459,7.707781023163));
#7623 = CARTESIAN_POINT('',(4.110591424909,7.685739327885));
#7624 = CARTESIAN_POINT('',(4.08895728806,7.662718860406));
#7625 = CARTESIAN_POINT('',(4.028192943627,7.595339653925));
#7626 = CARTESIAN_POINT('',(3.989035424487,7.548754703243));
#7627 = CARTESIAN_POINT('',(3.94987021868,7.498958453967));
#7628 = CARTESIAN_POINT('',(3.910730147252,7.445964719842));
#7629 = CARTESIAN_POINT('',(3.8716523732,7.389814803653));
#7630 = CARTESIAN_POINT('',(3.832680058826,7.330586522734));
#7631 = CARTESIAN_POINT('',(3.755178670001,7.206429299791));
#7632 = CARTESIAN_POINT('',(3.716642774648,7.141511041815));
#7633 = CARTESIAN_POINT('',(3.678307949259,7.073771670911));
#7634 = CARTESIAN_POINT('',(3.640219172351,7.003357677036));
#7635 = CARTESIAN_POINT('',(3.602416527305,6.93043832401));
#7636 = CARTESIAN_POINT('',(3.564936940934,6.85520514378));
#7637 = CARTESIAN_POINT('',(3.510456507228,6.741706798188));
#7638 = CARTESIAN_POINT('',(3.493174654249,6.705080943831));
#7639 = CARTESIAN_POINT('',(3.475973359092,6.668014492071));
#7640 = CARTESIAN_POINT('',(3.458855227774,6.630528055839));
#7641 = CARTESIAN_POINT('',(3.441822476361,6.592642236535));
#7642 = CARTESIAN_POINT('',(3.42487693096,6.554377624024));
#7643 = CARTESIAN_POINT('',(3.378862729982,6.448949093258));
#7644 = CARTESIAN_POINT('',(3.349970722247,6.381071536051));
#7645 = CARTESIAN_POINT('',(3.321351117826,6.312226985817));
#7646 = CARTESIAN_POINT('',(3.29300745214,6.242516988948));
#7647 = CARTESIAN_POINT('',(3.264940061466,6.172038549722));
#7648 = CARTESIAN_POINT('',(3.237146461676,6.100882902578));
#7649 = CARTESIAN_POINT('',(3.178640230926,5.948374939959));
#7650 = CARTESIAN_POINT('',(3.147999923825,5.866865778822));
#7651 = CARTESIAN_POINT('',(3.117692544647,5.784724366157));
#7652 = CARTESIAN_POINT('',(3.08770729101,5.702060486001));
#7653 = CARTESIAN_POINT('',(3.05803086044,5.618975252852));
#7654 = CARTESIAN_POINT('',(3.028647491641,5.53556022325));
#7655 = CARTESIAN_POINT('',(2.935243801871,5.267098998743));
#7656 = CARTESIAN_POINT('',(2.872318408518,5.081171866785));
#7657 = CARTESIAN_POINT('',(2.810528100897,4.894883808459));
#7658 = CARTESIAN_POINT('',(2.749656769661,4.708979409932));
#7659 = CARTESIAN_POINT('',(2.689487866089,4.524159883466));
#7660 = CARTESIAN_POINT('',(2.629776441138,4.341089514855));
#7661 = CARTESIAN_POINT('',(2.519991389158,4.008104839615));
#7662 = CARTESIAN_POINT('',(2.469906693541,3.85759031727));
#7663 = CARTESIAN_POINT('',(2.419763965875,3.709256014087));
#7664 = CARTESIAN_POINT('',(2.369385813148,3.563624219836));
#7665 = CARTESIAN_POINT('',(2.318585754764,3.42138315829));
#7666 = CARTESIAN_POINT('',(2.267156417971,3.283398891532));
#7667 = CARTESIAN_POINT('',(2.197651763861,3.107378786771));
#7668 = CARTESIAN_POINT('',(2.180399129016,3.064518225094));
#7669 = CARTESIAN_POINT('',(2.163040930729,3.02228738502));
#7670 = CARTESIAN_POINT('',(2.145568056621,2.980734970264));
#7671 = CARTESIAN_POINT('',(2.127971272655,2.939915725704));
#7672 = CARTESIAN_POINT('',(2.110241223126,2.899890437388));
#7673 = CARTESIAN_POINT('',(2.070257950998,2.812275418102));
#7674 = CARTESIAN_POINT('',(2.047930302956,2.765145676415));
#7675 = CARTESIAN_POINT('',(2.025366174997,2.719460742106));
#7676 = CARTESIAN_POINT('',(2.002548492333,2.675368047118));
#7677 = CARTESIAN_POINT('',(1.979462336246,2.633036516579));
#7678 = CARTESIAN_POINT('',(1.956094863375,2.592654664702));
#7679 = CARTESIAN_POINT('',(1.914394152243,2.525280418439));
#7680 = CARTESIAN_POINT('',(1.896184195152,2.497387321438));
#7681 = CARTESIAN_POINT('',(1.8778013447,2.470841119762));
#7682 = CARTESIAN_POINT('',(1.859243841816,2.445742241071));
#7683 = CARTESIAN_POINT('',(1.840512552131,2.422196525117));
#7684 = CARTESIAN_POINT('',(1.821611340681,2.400311928282));
#7685 = CARTESIAN_POINT('',(1.792435059713,2.369524383257));
#7686 = CARTESIAN_POINT('',(1.782277005503,2.359350921798));
#7687 = CARTESIAN_POINT('',(1.772074459162,2.349691116572));
#7688 = CARTESIAN_POINT('',(1.761828925199,2.34056069829));
#7689 = CARTESIAN_POINT('',(1.75154223747,2.331974855537));
#7690 = CARTESIAN_POINT('',(1.741216559182,2.323948234771));
#7691 = CARTESIAN_POINT('',(1.710095323087,2.301563387261));
#7692 = CARTESIAN_POINT('',(1.689187661408,2.288930763198));
#7693 = CARTESIAN_POINT('',(1.668154881092,2.278711084924));
#7694 = CARTESIAN_POINT('',(1.647022812893,2.270998629655));
#7695 = CARTESIAN_POINT('',(1.625820362506,2.265861946246));
#7696 = CARTESIAN_POINT('',(1.604580238,2.263337866399));
#7697 = CARTESIAN_POINT('',(1.562057221337,2.263513338251));
#7698 = CARTESIAN_POINT('',(1.540770799665,2.266223217161));
#7699 = CARTESIAN_POINT('',(1.519517896733,2.271555929563));
#7700 = CARTESIAN_POINT('',(1.498331504463,2.279474262739));
#7701 = CARTESIAN_POINT('',(1.477240848539,2.28990903242));
#7702 = CARTESIAN_POINT('',(1.456272114747,2.302765100909));
#7703 = CARTESIAN_POINT('',(1.425047749966,2.325501228493));
#7704 = CARTESIAN_POINT('',(1.41468216622,2.333651033149));
#7705 = CARTESIAN_POINT('',(1.404354964935,2.342362548978));
#7706 = CARTESIAN_POINT('',(1.394068354852,2.351620970627));
#7707 = CARTESIAN_POINT('',(1.383824212598,2.361410947564));
#7708 = CARTESIAN_POINT('',(1.373624082687,2.37171658408));
#7709 = CARTESIAN_POINT('',(1.344210903633,2.403012311189));
#7710 = CARTESIAN_POINT('',(1.325115681258,2.425298832926));
#7711 = CARTESIAN_POINT('',(1.30619111169,2.449271194587));
#7712 = CARTESIAN_POINT('',(1.287441310411,2.474818429914));
#7713 = CARTESIAN_POINT('',(1.268867292652,2.501831834247));
#7714 = CARTESIAN_POINT('',(1.250467358951,2.530208382467));
#7715 = CARTESIAN_POINT('',(1.20857845244,2.598328895355));
#7716 = CARTESIAN_POINT('',(1.185207550979,2.638938569512));
#7717 = CARTESIAN_POINT('',(1.162114205445,2.681478478731));
#7718 = CARTESIAN_POINT('',(1.139285865907,2.72576158735));
#7719 = CARTESIAN_POINT('',(1.116707917874,2.771620357365));
#7720 = CARTESIAN_POINT('',(1.094363596797,2.818908591063));
#7721 = CARTESIAN_POINT('',(1.054270473567,2.906949238051));
#7722 = CARTESIAN_POINT('',(1.036449304614,2.94725380449));
#7723 = CARTESIAN_POINT('',(1.018760960074,2.988349870465));
#7724 = CARTESIAN_POINT('',(1.001196120979,3.03017641138));
#7725 = CARTESIAN_POINT('',(0.983745585022,3.072678480562));
#7726 = CARTESIAN_POINT('',(0.966400266556,3.115807209261));
#7727 = CARTESIAN_POINT('',(0.896350219534,3.293328055852));
#7728 = CARTESIAN_POINT('',(0.844471546908,3.432552399618));
#7729 = CARTESIAN_POINT('',(0.793222522276,3.576024294701));
#7730 = CARTESIAN_POINT('',(0.742394535745,3.722868198932));
#7731 = CARTESIAN_POINT('',(0.691799897072,3.872388334029));
#7732 = CARTESIAN_POINT('',(0.641259979164,4.024056778772));
#7733 = CARTESIAN_POINT('',(0.535705279624,4.343630782836));
#7734 = CARTESIAN_POINT('',(0.480700290195,4.511737912652));
#7735 = CARTESIAN_POINT('',(0.425329926296,4.681297998384));
#7736 = CARTESIAN_POINT('',(0.369404383525,4.851792357751));
#7737 = CARTESIAN_POINT('',(0.312753642104,5.022683924666));
#7738 = CARTESIAN_POINT('',(0.255208705753,5.193412192702));
#7739 = CARTESIAN_POINT('',(0.169264887052,5.4426384097));
#7740 = CARTESIAN_POINT('',(0.141711741735,5.521701328109));
#7741 = CARTESIAN_POINT('',(0.113912930049,5.600527956982));
#7742 = CARTESIAN_POINT('',(8.585418783628E-02,5.679046222));
#7743 = CARTESIAN_POINT('',(5.75228905223E-02,5.757177177949));
#7744 = CARTESIAN_POINT('',(2.890799808238E-02,5.83483552187));
#7745 = CARTESIAN_POINT('',(2.6645352591E-15,5.911930106223));
#7746 = ( GEOMETRIC_REPRESENTATION_CONTEXT(2) 
PARAMETRIC_REPRESENTATION_CONTEXT() REPRESENTATION_CONTEXT('2D SPACE',''
  ) );
#7747 = ADVANCED_FACE('',(#7748),#6357,.F.);
#7748 = FACE_BOUND('',#7749,.F.);
#7749 = EDGE_LOOP('',(#7750,#7751,#7774,#7802));
#7750 = ORIENTED_EDGE('',*,*,#6339,.T.);
#7751 = ORIENTED_EDGE('',*,*,#7752,.T.);
#7752 = EDGE_CURVE('',#6342,#7753,#7755,.T.);
#7753 = VERTEX_POINT('',#7754);
#7754 = CARTESIAN_POINT('',(12.250271222837,-3.8651768748,27.));
#7755 = SURFACE_CURVE('',#7756,(#7760,#7767),.PCURVE_S1.);
#7756 = LINE('',#7757,#7758);
#7757 = CARTESIAN_POINT('',(12.848352059728,-4.363479041922,24.03));
#7758 = VECTOR('',#7759,1.);
#7759 = DIRECTION('',(-0.19479387866,0.162296141075,0.967323786242));
#7760 = PCURVE('',#6357,#7761);
#7761 = DEFINITIONAL_REPRESENTATION('',(#7762),#7766);
#7762 = LINE('',#7763,#7764);
#7763 = CARTESIAN_POINT('',(0.,0.));
#7764 = VECTOR('',#7765,1.);
#7765 = DIRECTION('',(0.983797567447,0.179282866682));
#7766 = ( GEOMETRIC_REPRESENTATION_CONTEXT(2) 
PARAMETRIC_REPRESENTATION_CONTEXT() REPRESENTATION_CONTEXT('2D SPACE',''
  ) );
#7767 = PCURVE('',#6385,#7768);
#7768 = DEFINITIONAL_REPRESENTATION('',(#7769),#7773);
#7769 = LINE('',#7770,#7771);
#7770 = CARTESIAN_POINT('',(-1.858509343286E-13,3.3));
#7771 = VECTOR('',#7772,1.);
#7772 = DIRECTION('',(0.983797567447,-0.179282866682));
#7773 = ( GEOMETRIC_REPRESENTATION_CONTEXT(2) 
PARAMETRIC_REPRESENTATION_CONTEXT() REPRESENTATION_CONTEXT('2D SPACE',''
  ) );
#7774 = ORIENTED_EDGE('',*,*,#7775,.T.);
#7775 = EDGE_CURVE('',#7753,#7776,#7778,.T.);
#7776 = VERTEX_POINT('',#7777);
#7777 = CARTESIAN_POINT('',(12.069088893994,-1.874318243103,27.));
#7778 = SURFACE_CURVE('',#7779,(#7783,#7790),.PCURVE_S1.);
#7779 = LINE('',#7780,#7781);
#7780 = CARTESIAN_POINT('',(12.300160557722,-4.413368376807,27.));
#7781 = VECTOR('',#7782,1.);
#7782 = DIRECTION('',(-9.063258019778E-02,0.995884398616,0.));
#7783 = PCURVE('',#6357,#7784);
#7784 = DEFINITIONAL_REPRESENTATION('',(#7785),#7789);
#7785 = LINE('',#7786,#7787);
#7786 = CARTESIAN_POINT('',(3.020579889459,5.441026101894E-14));
#7787 = VECTOR('',#7788,1.);
#7788 = DIRECTION('',(-1.811674580034E-14,1.));
#7789 = ( GEOMETRIC_REPRESENTATION_CONTEXT(2) 
PARAMETRIC_REPRESENTATION_CONTEXT() REPRESENTATION_CONTEXT('2D SPACE',''
  ) );
#7790 = PCURVE('',#7791,#7796);
#7791 = PLANE('',#7792);
#7792 = AXIS2_PLACEMENT_3D('',#7793,#7794,#7795);
#7793 = CARTESIAN_POINT('',(11.064662302705,-2.969401981393,27.));
#7794 = DIRECTION('',(0.,0.,1.));
#7795 = DIRECTION('',(0.995884398616,9.063258019778E-02,-0.));
#7796 = DEFINITIONAL_REPRESENTATION('',(#7797),#7801);
#7797 = LINE('',#7798,#7799);
#7798 = CARTESIAN_POINT('',(1.099543036553,-1.550000000001));
#7799 = VECTOR('',#7800,1.);
#7800 = DIRECTION('',(0.,1.));
#7801 = ( GEOMETRIC_REPRESENTATION_CONTEXT(2) 
PARAMETRIC_REPRESENTATION_CONTEXT() REPRESENTATION_CONTEXT('2D SPACE',''
  ) );
#7802 = ORIENTED_EDGE('',*,*,#7803,.F.);
#7803 = EDGE_CURVE('',#6340,#7776,#7804,.T.);
#7804 = SURFACE_CURVE('',#7805,(#7809,#7816),.PCURVE_S1.);
#7805 = LINE('',#7806,#7807);
#7806 = CARTESIAN_POINT('',(12.567391061115,-1.276237406212,24.03));
#7807 = VECTOR('',#7808,1.);
#7808 = DIRECTION('',(-0.162296141075,-0.19479387866,0.967323786242));
#7809 = PCURVE('',#6357,#7810);
#7810 = DEFINITIONAL_REPRESENTATION('',(#7811),#7815);
#7811 = LINE('',#7812,#7813);
#7812 = CARTESIAN_POINT('',(-8.334601420601E-14,3.1));
#7813 = VECTOR('',#7814,1.);
#7814 = DIRECTION('',(0.983797567447,-0.179282866682));
#7815 = ( GEOMETRIC_REPRESENTATION_CONTEXT(2) 
PARAMETRIC_REPRESENTATION_CONTEXT() REPRESENTATION_CONTEXT('2D SPACE',''
  ) );
#7816 = PCURVE('',#6439,#7817);
#7817 = DEFINITIONAL_REPRESENTATION('',(#7818),#7822);
#7818 = LINE('',#7819,#7820);
#7819 = CARTESIAN_POINT('',(0.,0.));
#7820 = VECTOR('',#7821,1.);
#7821 = DIRECTION('',(0.983797567447,0.179282866682));
#7822 = ( GEOMETRIC_REPRESENTATION_CONTEXT(2) 
PARAMETRIC_REPRESENTATION_CONTEXT() REPRESENTATION_CONTEXT('2D SPACE',''
  ) );
#7823 = ADVANCED_FACE('',(#7824),#6439,.F.);
#7824 = FACE_BOUND('',#7825,.F.);
#7825 = EDGE_LOOP('',(#7826,#7849,#7850,#7851));
#7826 = ORIENTED_EDGE('',*,*,#7827,.F.);
#7827 = EDGE_CURVE('',#6398,#7828,#7830,.T.);
#7828 = VERTEX_POINT('',#7829);
#7829 = CARTESIAN_POINT('',(9.879053382573,-2.073627087986,27.));
#7830 = SURFACE_CURVE('',#7831,(#7835,#7842),.PCURVE_S1.);
#7831 = LINE('',#7832,#7833);
#7832 = CARTESIAN_POINT('',(9.280972545682,-1.575324920865,24.03));
#7833 = VECTOR('',#7834,1.);
#7834 = DIRECTION('',(0.19479387866,-0.162296141075,0.967323786242));
#7835 = PCURVE('',#6439,#7836);
#7836 = DEFINITIONAL_REPRESENTATION('',(#7837),#7841);
#7837 = LINE('',#7838,#7839);
#7838 = CARTESIAN_POINT('',(-5.215388684803E-15,3.3));
#7839 = VECTOR('',#7840,1.);
#7840 = DIRECTION('',(0.983797567447,-0.179282866682));
#7841 = ( GEOMETRIC_REPRESENTATION_CONTEXT(2) 
PARAMETRIC_REPRESENTATION_CONTEXT() REPRESENTATION_CONTEXT('2D SPACE',''
  ) );
#7842 = PCURVE('',#6413,#7843);
#7843 = DEFINITIONAL_REPRESENTATION('',(#7844),#7848);
#7844 = LINE('',#7845,#7846);
#7845 = CARTESIAN_POINT('',(0.,0.));
#7846 = VECTOR('',#7847,1.);
#7847 = DIRECTION('',(0.983797567447,0.179282866682));
#7848 = ( GEOMETRIC_REPRESENTATION_CONTEXT(2) 
PARAMETRIC_REPRESENTATION_CONTEXT() REPRESENTATION_CONTEXT('2D SPACE',''
  ) );
#7849 = ORIENTED_EDGE('',*,*,#6425,.T.);
#7850 = ORIENTED_EDGE('',*,*,#7803,.T.);
#7851 = ORIENTED_EDGE('',*,*,#7852,.T.);
#7852 = EDGE_CURVE('',#7776,#7828,#7853,.T.);
#7853 = SURFACE_CURVE('',#7854,(#7858,#7865),.PCURVE_S1.);
#7854 = LINE('',#7855,#7856);
#7855 = CARTESIAN_POINT('',(12.617280396,-1.824428908218,27.));
#7856 = VECTOR('',#7857,1.);
#7857 = DIRECTION('',(-0.995884398616,-9.063258019778E-02,0.));
#7858 = PCURVE('',#6439,#7859);
#7859 = DEFINITIONAL_REPRESENTATION('',(#7860),#7864);
#7860 = LINE('',#7861,#7862);
#7861 = CARTESIAN_POINT('',(3.020579889459,5.534007280206E-14));
#7862 = VECTOR('',#7863,1.);
#7863 = DIRECTION('',(-1.811674580034E-14,1.));
#7864 = ( GEOMETRIC_REPRESENTATION_CONTEXT(2) 
PARAMETRIC_REPRESENTATION_CONTEXT() REPRESENTATION_CONTEXT('2D SPACE',''
  ) );
#7865 = PCURVE('',#7791,#7866);
#7866 = DEFINITIONAL_REPRESENTATION('',(#7867),#7871);
#7867 = LINE('',#7868,#7869);
#7868 = CARTESIAN_POINT('',(1.65,0.999543036553));
#7869 = VECTOR('',#7870,1.);
#7870 = DIRECTION('',(-1.,0.));
#7871 = ( GEOMETRIC_REPRESENTATION_CONTEXT(2) 
PARAMETRIC_REPRESENTATION_CONTEXT() REPRESENTATION_CONTEXT('2D SPACE',''
  ) );
#7872 = ADVANCED_FACE('',(#7873),#6385,.F.);
#7873 = FACE_BOUND('',#7874,.F.);
#7874 = EDGE_LOOP('',(#7875,#7876,#7899,#7920));
#7875 = ORIENTED_EDGE('',*,*,#6369,.T.);
#7876 = ORIENTED_EDGE('',*,*,#7877,.T.);
#7877 = EDGE_CURVE('',#6370,#7878,#7880,.T.);
#7878 = VERTEX_POINT('',#7879);
#7879 = CARTESIAN_POINT('',(10.060235711416,-4.064485719683,27.));
#7880 = SURFACE_CURVE('',#7881,(#7885,#7892),.PCURVE_S1.);
#7881 = LINE('',#7882,#7883);
#7882 = CARTESIAN_POINT('',(9.561933544295,-4.662566556574,24.03));
#7883 = VECTOR('',#7884,1.);
#7884 = DIRECTION('',(0.162296141075,0.19479387866,0.967323786242));
#7885 = PCURVE('',#6385,#7886);
#7886 = DEFINITIONAL_REPRESENTATION('',(#7887),#7891);
#7887 = LINE('',#7888,#7889);
#7888 = CARTESIAN_POINT('',(0.,0.));
#7889 = VECTOR('',#7890,1.);
#7890 = DIRECTION('',(0.983797567447,0.179282866682));
#7891 = ( GEOMETRIC_REPRESENTATION_CONTEXT(2) 
PARAMETRIC_REPRESENTATION_CONTEXT() REPRESENTATION_CONTEXT('2D SPACE',''
  ) );
#7892 = PCURVE('',#6413,#7893);
#7893 = DEFINITIONAL_REPRESENTATION('',(#7894),#7898);
#7894 = LINE('',#7895,#7896);
#7895 = CARTESIAN_POINT('',(-6.879719337259E-14,3.099999999999));
#7896 = VECTOR('',#7897,1.);
#7897 = DIRECTION('',(0.983797567447,-0.179282866682));
#7898 = ( GEOMETRIC_REPRESENTATION_CONTEXT(2) 
PARAMETRIC_REPRESENTATION_CONTEXT() REPRESENTATION_CONTEXT('2D SPACE',''
  ) );
#7899 = ORIENTED_EDGE('',*,*,#7900,.T.);
#7900 = EDGE_CURVE('',#7878,#7753,#7901,.T.);
#7901 = SURFACE_CURVE('',#7902,(#7906,#7913),.PCURVE_S1.);
#7902 = LINE('',#7903,#7904);
#7903 = CARTESIAN_POINT('',(9.51204420941,-4.114375054568,27.));
#7904 = VECTOR('',#7905,1.);
#7905 = DIRECTION('',(0.995884398616,9.063258019778E-02,0.));
#7906 = PCURVE('',#6385,#7907);
#7907 = DEFINITIONAL_REPRESENTATION('',(#7908),#7912);
#7908 = LINE('',#7909,#7910);
#7909 = CARTESIAN_POINT('',(3.020579889459,5.529843943864E-14));
#7910 = VECTOR('',#7911,1.);
#7911 = DIRECTION('',(-1.811674580034E-14,1.));
#7912 = ( GEOMETRIC_REPRESENTATION_CONTEXT(2) 
PARAMETRIC_REPRESENTATION_CONTEXT() REPRESENTATION_CONTEXT('2D SPACE',''
  ) );
#7913 = PCURVE('',#7791,#7914);
#7914 = DEFINITIONAL_REPRESENTATION('',(#7915),#7919);
#7915 = LINE('',#7916,#7917);
#7916 = CARTESIAN_POINT('',(-1.65,-0.999543036553));
#7917 = VECTOR('',#7918,1.);
#7918 = DIRECTION('',(1.,0.));
#7919 = ( GEOMETRIC_REPRESENTATION_CONTEXT(2) 
PARAMETRIC_REPRESENTATION_CONTEXT() REPRESENTATION_CONTEXT('2D SPACE',''
  ) );
#7920 = ORIENTED_EDGE('',*,*,#7752,.F.);
#7921 = ADVANCED_FACE('',(#7922),#6413,.F.);
#7922 = FACE_BOUND('',#7923,.F.);
#7923 = EDGE_LOOP('',(#7924,#7925,#7926,#7947));
#7924 = ORIENTED_EDGE('',*,*,#6397,.T.);
#7925 = ORIENTED_EDGE('',*,*,#7827,.T.);
#7926 = ORIENTED_EDGE('',*,*,#7927,.T.);
#7927 = EDGE_CURVE('',#7828,#7878,#7928,.T.);
#7928 = SURFACE_CURVE('',#7929,(#7933,#7940),.PCURVE_S1.);
#7929 = LINE('',#7930,#7931);
#7930 = CARTESIAN_POINT('',(9.829164047688,-1.52543558598,27.));
#7931 = VECTOR('',#7932,1.);
#7932 = DIRECTION('',(9.063258019778E-02,-0.995884398616,0.));
#7933 = PCURVE('',#6413,#7934);
#7934 = DEFINITIONAL_REPRESENTATION('',(#7935),#7939);
#7935 = LINE('',#7936,#7937);
#7936 = CARTESIAN_POINT('',(3.020579889459,5.441026101894E-14));
#7937 = VECTOR('',#7938,1.);
#7938 = DIRECTION('',(-1.811674580034E-14,1.));
#7939 = ( GEOMETRIC_REPRESENTATION_CONTEXT(2) 
PARAMETRIC_REPRESENTATION_CONTEXT() REPRESENTATION_CONTEXT('2D SPACE',''
  ) );
#7940 = PCURVE('',#7791,#7941);
#7941 = DEFINITIONAL_REPRESENTATION('',(#7942),#7946);
#7942 = LINE('',#7943,#7944);
#7943 = CARTESIAN_POINT('',(-1.099543036554,1.55));
#7944 = VECTOR('',#7945,1.);
#7945 = DIRECTION('',(0.,-1.));
#7946 = ( GEOMETRIC_REPRESENTATION_CONTEXT(2) 
PARAMETRIC_REPRESENTATION_CONTEXT() REPRESENTATION_CONTEXT('2D SPACE',''
  ) );
#7947 = ORIENTED_EDGE('',*,*,#7877,.F.);
#7948 = ADVANCED_FACE('',(#7949),#6471,.F.);
#7949 = FACE_BOUND('',#7950,.F.);
#7950 = EDGE_LOOP('',(#7951,#7952,#7975,#8003));
#7951 = ORIENTED_EDGE('',*,*,#6453,.T.);
#7952 = ORIENTED_EDGE('',*,*,#7953,.T.);
#7953 = EDGE_CURVE('',#6456,#7954,#7956,.T.);
#7954 = VERTEX_POINT('',#7955);
#7955 = CARTESIAN_POINT('',(11.891366205254,7.852534371876E-02,27.));
#7956 = SURFACE_CURVE('',#7957,(#7961,#7968),.PCURVE_S1.);
#7957 = LINE('',#7958,#7959);
#7958 = CARTESIAN_POINT('',(12.489447042145,-0.419776823402,24.03));
#7959 = VECTOR('',#7960,1.);
#7960 = DIRECTION('',(-0.19479387866,0.162296141075,0.967323786242));
#7961 = PCURVE('',#6471,#7962);
#7962 = DEFINITIONAL_REPRESENTATION('',(#7963),#7967);
#7963 = LINE('',#7964,#7965);
#7964 = CARTESIAN_POINT('',(0.,0.));
#7965 = VECTOR('',#7966,1.);
#7966 = DIRECTION('',(0.983797567447,0.179282866682));
#7967 = ( GEOMETRIC_REPRESENTATION_CONTEXT(2) 
PARAMETRIC_REPRESENTATION_CONTEXT() REPRESENTATION_CONTEXT('2D SPACE',''
  ) );
#7968 = PCURVE('',#6499,#7969);
#7969 = DEFINITIONAL_REPRESENTATION('',(#7970),#7974);
#7970 = LINE('',#7971,#7972);
#7971 = CARTESIAN_POINT('',(-5.2084497909E-15,3.3));
#7972 = VECTOR('',#7973,1.);
#7973 = DIRECTION('',(0.983797567447,-0.179282866682));
#7974 = ( GEOMETRIC_REPRESENTATION_CONTEXT(2) 
PARAMETRIC_REPRESENTATION_CONTEXT() REPRESENTATION_CONTEXT('2D SPACE',''
  ) );
#7975 = ORIENTED_EDGE('',*,*,#7976,.T.);
#7976 = EDGE_CURVE('',#7954,#7977,#7979,.T.);
#7977 = VERTEX_POINT('',#7978);
#7978 = CARTESIAN_POINT('',(11.71018387641,2.069383975416,27.));
#7979 = SURFACE_CURVE('',#7980,(#7984,#7991),.PCURVE_S1.);
#7980 = LINE('',#7981,#7982);
#7981 = CARTESIAN_POINT('',(11.941255540139,-0.469666158287,27.));
#7982 = VECTOR('',#7983,1.);
#7983 = DIRECTION('',(-9.063258019778E-02,0.995884398616,0.));
#7984 = PCURVE('',#6471,#7985);
#7985 = DEFINITIONAL_REPRESENTATION('',(#7986),#7990);
#7986 = LINE('',#7987,#7988);
#7987 = CARTESIAN_POINT('',(3.020579889459,5.457679447263E-14));
#7988 = VECTOR('',#7989,1.);
#7989 = DIRECTION('',(-1.811674580034E-14,1.));
#7990 = ( GEOMETRIC_REPRESENTATION_CONTEXT(2) 
PARAMETRIC_REPRESENTATION_CONTEXT() REPRESENTATION_CONTEXT('2D SPACE',''
  ) );
#7991 = PCURVE('',#7992,#7997);
#7992 = PLANE('',#7993);
#7993 = AXIS2_PLACEMENT_3D('',#7994,#7995,#7996);
#7994 = CARTESIAN_POINT('',(10.705757285122,0.974300237126,27.));
#7995 = DIRECTION('',(0.,0.,1.));
#7996 = DIRECTION('',(0.995884398616,9.063258019778E-02,-0.));
#7997 = DEFINITIONAL_REPRESENTATION('',(#7998),#8002);
#7998 = LINE('',#7999,#8000);
#7999 = CARTESIAN_POINT('',(1.099543036554,-1.55));
#8000 = VECTOR('',#8001,1.);
#8001 = DIRECTION('',(0.,1.));
#8002 = ( GEOMETRIC_REPRESENTATION_CONTEXT(2) 
PARAMETRIC_REPRESENTATION_CONTEXT() REPRESENTATION_CONTEXT('2D SPACE',''
  ) );
#8003 = ORIENTED_EDGE('',*,*,#8004,.F.);
#8004 = EDGE_CURVE('',#6454,#7977,#8005,.T.);
#8005 = SURFACE_CURVE('',#8006,(#8010,#8017),.PCURVE_S1.);
#8006 = LINE('',#8007,#8008);
#8007 = CARTESIAN_POINT('',(12.208486043531,2.667464812307,24.03));
#8008 = VECTOR('',#8009,1.);
#8009 = DIRECTION('',(-0.162296141075,-0.19479387866,0.967323786242));
#8010 = PCURVE('',#6471,#8011);
#8011 = DEFINITIONAL_REPRESENTATION('',(#8012),#8016);
#8012 = LINE('',#8013,#8014);
#8013 = CARTESIAN_POINT('',(1.15331575431E-13,3.1));
#8014 = VECTOR('',#8015,1.);
#8015 = DIRECTION('',(0.983797567447,-0.179282866682));
#8016 = ( GEOMETRIC_REPRESENTATION_CONTEXT(2) 
PARAMETRIC_REPRESENTATION_CONTEXT() REPRESENTATION_CONTEXT('2D SPACE',''
  ) );
#8017 = PCURVE('',#6553,#8018);
#8018 = DEFINITIONAL_REPRESENTATION('',(#8019),#8023);
#8019 = LINE('',#8020,#8021);
#8020 = CARTESIAN_POINT('',(0.,0.));
#8021 = VECTOR('',#8022,1.);
#8022 = DIRECTION('',(0.983797567447,0.179282866682));
#8023 = ( GEOMETRIC_REPRESENTATION_CONTEXT(2) 
PARAMETRIC_REPRESENTATION_CONTEXT() REPRESENTATION_CONTEXT('2D SPACE',''
  ) );
#8024 = ADVANCED_FACE('',(#8025),#6553,.F.);
#8025 = FACE_BOUND('',#8026,.F.);
#8026 = EDGE_LOOP('',(#8027,#8050,#8051,#8052));
#8027 = ORIENTED_EDGE('',*,*,#8028,.F.);
#8028 = EDGE_CURVE('',#6512,#8029,#8031,.T.);
#8029 = VERTEX_POINT('',#8030);
#8030 = CARTESIAN_POINT('',(9.52014836499,1.870075130534,27.));
#8031 = SURFACE_CURVE('',#8032,(#8036,#8043),.PCURVE_S1.);
#8032 = LINE('',#8033,#8034);
#8033 = CARTESIAN_POINT('',(8.922067528099,2.368377297655,24.03));
#8034 = VECTOR('',#8035,1.);
#8035 = DIRECTION('',(0.19479387866,-0.162296141075,0.967323786242));
#8036 = PCURVE('',#6553,#8037);
#8037 = DEFINITIONAL_REPRESENTATION('',(#8038),#8042);
#8038 = LINE('',#8039,#8040);
#8039 = CARTESIAN_POINT('',(-1.678644014865E-13,3.299999999999));
#8040 = VECTOR('',#8041,1.);
#8041 = DIRECTION('',(0.983797567447,-0.179282866682));
#8042 = ( GEOMETRIC_REPRESENTATION_CONTEXT(2) 
PARAMETRIC_REPRESENTATION_CONTEXT() REPRESENTATION_CONTEXT('2D SPACE',''
  ) );
#8043 = PCURVE('',#6527,#8044);
#8044 = DEFINITIONAL_REPRESENTATION('',(#8045),#8049);
#8045 = LINE('',#8046,#8047);
#8046 = CARTESIAN_POINT('',(0.,0.));
#8047 = VECTOR('',#8048,1.);
#8048 = DIRECTION('',(0.983797567447,0.179282866682));
#8049 = ( GEOMETRIC_REPRESENTATION_CONTEXT(2) 
PARAMETRIC_REPRESENTATION_CONTEXT() REPRESENTATION_CONTEXT('2D SPACE',''
  ) );
#8050 = ORIENTED_EDGE('',*,*,#6539,.T.);
#8051 = ORIENTED_EDGE('',*,*,#8004,.T.);
#8052 = ORIENTED_EDGE('',*,*,#8053,.T.);
#8053 = EDGE_CURVE('',#7977,#8029,#8054,.T.);
#8054 = SURFACE_CURVE('',#8055,(#8059,#8066),.PCURVE_S1.);
#8055 = LINE('',#8056,#8057);
#8056 = CARTESIAN_POINT('',(12.258375378416,2.119273310301,27.));
#8057 = VECTOR('',#8058,1.);
#8058 = DIRECTION('',(-0.995884398616,-9.063258019778E-02,0.));
#8059 = PCURVE('',#6553,#8060);
#8060 = DEFINITIONAL_REPRESENTATION('',(#8061),#8065);
#8061 = LINE('',#8062,#8063);
#8062 = CARTESIAN_POINT('',(3.020579889459,5.534007280206E-14));
#8063 = VECTOR('',#8064,1.);
#8064 = DIRECTION('',(-1.811674580034E-14,1.));
#8065 = ( GEOMETRIC_REPRESENTATION_CONTEXT(2) 
PARAMETRIC_REPRESENTATION_CONTEXT() REPRESENTATION_CONTEXT('2D SPACE',''
  ) );
#8066 = PCURVE('',#7992,#8067);
#8067 = DEFINITIONAL_REPRESENTATION('',(#8068),#8072);
#8068 = LINE('',#8069,#8070);
#8069 = CARTESIAN_POINT('',(1.649999999999,0.999543036553));
#8070 = VECTOR('',#8071,1.);
#8071 = DIRECTION('',(-1.,0.));
#8072 = ( GEOMETRIC_REPRESENTATION_CONTEXT(2) 
PARAMETRIC_REPRESENTATION_CONTEXT() REPRESENTATION_CONTEXT('2D SPACE',''
  ) );
#8073 = ADVANCED_FACE('',(#8074),#6499,.F.);
#8074 = FACE_BOUND('',#8075,.F.);
#8075 = EDGE_LOOP('',(#8076,#8077,#8100,#8121));
#8076 = ORIENTED_EDGE('',*,*,#6483,.T.);
#8077 = ORIENTED_EDGE('',*,*,#8078,.T.);
#8078 = EDGE_CURVE('',#6484,#8079,#8081,.T.);
#8079 = VERTEX_POINT('',#8080);
#8080 = CARTESIAN_POINT('',(9.701330693833,-0.120783501164,27.));
#8081 = SURFACE_CURVE('',#8082,(#8086,#8093),.PCURVE_S1.);
#8082 = LINE('',#8083,#8084);
#8083 = CARTESIAN_POINT('',(9.203028526712,-0.718864338055,24.03));
#8084 = VECTOR('',#8085,1.);
#8085 = DIRECTION('',(0.162296141075,0.19479387866,0.967323786242));
#8086 = PCURVE('',#6499,#8087);
#8087 = DEFINITIONAL_REPRESENTATION('',(#8088),#8092);
#8088 = LINE('',#8089,#8090);
#8089 = CARTESIAN_POINT('',(0.,0.));
#8090 = VECTOR('',#8091,1.);
#8091 = DIRECTION('',(0.983797567447,0.179282866682));
#8092 = ( GEOMETRIC_REPRESENTATION_CONTEXT(2) 
PARAMETRIC_REPRESENTATION_CONTEXT() REPRESENTATION_CONTEXT('2D SPACE',''
  ) );
#8093 = PCURVE('',#6527,#8094);
#8094 = DEFINITIONAL_REPRESENTATION('',(#8095),#8099);
#8095 = LINE('',#8096,#8097);
#8096 = CARTESIAN_POINT('',(-8.335295309992E-14,3.1));
#8097 = VECTOR('',#8098,1.);
#8098 = DIRECTION('',(0.983797567447,-0.179282866682));
#8099 = ( GEOMETRIC_REPRESENTATION_CONTEXT(2) 
PARAMETRIC_REPRESENTATION_CONTEXT() REPRESENTATION_CONTEXT('2D SPACE',''
  ) );
#8100 = ORIENTED_EDGE('',*,*,#8101,.T.);
#8101 = EDGE_CURVE('',#8079,#7954,#8102,.T.);
#8102 = SURFACE_CURVE('',#8103,(#8107,#8114),.PCURVE_S1.);
#8103 = LINE('',#8104,#8105);
#8104 = CARTESIAN_POINT('',(9.153139191827,-0.170672836049,27.));
#8105 = VECTOR('',#8106,1.);
#8106 = DIRECTION('',(0.995884398616,9.063258019778E-02,0.));
#8107 = PCURVE('',#6499,#8108);
#8108 = DEFINITIONAL_REPRESENTATION('',(#8109),#8113);
#8109 = LINE('',#8110,#8111);
#8110 = CARTESIAN_POINT('',(3.020579889459,5.533313390816E-14));
#8111 = VECTOR('',#8112,1.);
#8112 = DIRECTION('',(-1.811674580034E-14,1.));
#8113 = ( GEOMETRIC_REPRESENTATION_CONTEXT(2) 
PARAMETRIC_REPRESENTATION_CONTEXT() REPRESENTATION_CONTEXT('2D SPACE',''
  ) );
#8114 = PCURVE('',#7992,#8115);
#8115 = DEFINITIONAL_REPRESENTATION('',(#8116),#8120);
#8116 = LINE('',#8117,#8118);
#8117 = CARTESIAN_POINT('',(-1.65,-0.999543036553));
#8118 = VECTOR('',#8119,1.);
#8119 = DIRECTION('',(1.,0.));
#8120 = ( GEOMETRIC_REPRESENTATION_CONTEXT(2) 
PARAMETRIC_REPRESENTATION_CONTEXT() REPRESENTATION_CONTEXT('2D SPACE',''
  ) );
#8121 = ORIENTED_EDGE('',*,*,#7953,.F.);
#8122 = ADVANCED_FACE('',(#8123),#6527,.F.);
#8123 = FACE_BOUND('',#8124,.F.);
#8124 = EDGE_LOOP('',(#8125,#8126,#8127,#8148));
#8125 = ORIENTED_EDGE('',*,*,#6511,.T.);
#8126 = ORIENTED_EDGE('',*,*,#8028,.T.);
#8127 = ORIENTED_EDGE('',*,*,#8128,.T.);
#8128 = EDGE_CURVE('',#8029,#8079,#8129,.T.);
#8129 = SURFACE_CURVE('',#8130,(#8134,#8141),.PCURVE_S1.);
#8130 = LINE('',#8131,#8132);
#8131 = CARTESIAN_POINT('',(9.470259030105,2.41826663254,27.));
#8132 = VECTOR('',#8133,1.);
#8133 = DIRECTION('',(9.063258019778E-02,-0.995884398616,0.));
#8134 = PCURVE('',#6527,#8135);
#8135 = DEFINITIONAL_REPRESENTATION('',(#8136),#8140);
#8136 = LINE('',#8137,#8138);
#8137 = CARTESIAN_POINT('',(3.020579889459,5.441026101894E-14));
#8138 = VECTOR('',#8139,1.);
#8139 = DIRECTION('',(-1.811674580034E-14,1.));
#8140 = ( GEOMETRIC_REPRESENTATION_CONTEXT(2) 
PARAMETRIC_REPRESENTATION_CONTEXT() REPRESENTATION_CONTEXT('2D SPACE',''
  ) );
#8141 = PCURVE('',#7992,#8142);
#8142 = DEFINITIONAL_REPRESENTATION('',(#8143),#8147);
#8143 = LINE('',#8144,#8145);
#8144 = CARTESIAN_POINT('',(-1.099543036553,1.550000000001));
#8145 = VECTOR('',#8146,1.);
#8146 = DIRECTION('',(0.,-1.));
#8147 = ( GEOMETRIC_REPRESENTATION_CONTEXT(2) 
PARAMETRIC_REPRESENTATION_CONTEXT() REPRESENTATION_CONTEXT('2D SPACE',''
  ) );
#8148 = ORIENTED_EDGE('',*,*,#8078,.F.);
#8149 = ADVANCED_FACE('',(#8150),#6585,.F.);
#8150 = FACE_BOUND('',#8151,.F.);
#8151 = EDGE_LOOP('',(#8152,#8175,#8176,#8199,#8227,#8255,#8283,#8311));
#8152 = ORIENTED_EDGE('',*,*,#8153,.F.);
#8153 = EDGE_CURVE('',#6568,#8154,#8156,.T.);
#8154 = VERTEX_POINT('',#8155);
#8155 = CARTESIAN_POINT('',(15.781679406635,-4.046318710407,32.39));
#8156 = SURFACE_CURVE('',#8157,(#8161,#8168),.PCURVE_S1.);
#8157 = LINE('',#8158,#8159);
#8158 = CARTESIAN_POINT('',(15.781679406635,-4.046318710407,24.03));
#8159 = VECTOR('',#8160,1.);
#8160 = DIRECTION('',(0.,0.,1.));
#8161 = PCURVE('',#6585,#8162);
#8162 = DEFINITIONAL_REPRESENTATION('',(#8163),#8167);
#8163 = LINE('',#8164,#8165);
#8164 = CARTESIAN_POINT('',(0.,1.55));
#8165 = VECTOR('',#8166,1.);
#8166 = DIRECTION('',(1.,0.));
#8167 = ( GEOMETRIC_REPRESENTATION_CONTEXT(2) 
PARAMETRIC_REPRESENTATION_CONTEXT() REPRESENTATION_CONTEXT('2D SPACE',''
  ) );
#8168 = PCURVE('',#6667,#8169);
#8169 = DEFINITIONAL_REPRESENTATION('',(#8170),#8174);
#8170 = LINE('',#8171,#8172);
#8171 = CARTESIAN_POINT('',(0.,0.));
#8172 = VECTOR('',#8173,1.);
#8173 = DIRECTION('',(1.,0.));
#8174 = ( GEOMETRIC_REPRESENTATION_CONTEXT(2) 
PARAMETRIC_REPRESENTATION_CONTEXT() REPRESENTATION_CONTEXT('2D SPACE',''
  ) );
#8175 = ORIENTED_EDGE('',*,*,#6567,.T.);
#8176 = ORIENTED_EDGE('',*,*,#8177,.T.);
#8177 = EDGE_CURVE('',#6570,#8178,#8180,.T.);
#8178 = VERTEX_POINT('',#8179);
#8179 = CARTESIAN_POINT('',(14.23805858878,-4.186799209714,29.8));
#8180 = SURFACE_CURVE('',#8181,(#8185,#8192),.PCURVE_S1.);
#8181 = LINE('',#8182,#8183);
#8182 = CARTESIAN_POINT('',(14.23805858878,-4.186799209714,24.03));
#8183 = VECTOR('',#8184,1.);
#8184 = DIRECTION('',(0.,0.,1.));
#8185 = PCURVE('',#6585,#8186);
#8186 = DEFINITIONAL_REPRESENTATION('',(#8187),#8191);
#8187 = LINE('',#8188,#8189);
#8188 = CARTESIAN_POINT('',(0.,0.));
#8189 = VECTOR('',#8190,1.);
#8190 = DIRECTION('',(1.,0.));
#8191 = ( GEOMETRIC_REPRESENTATION_CONTEXT(2) 
PARAMETRIC_REPRESENTATION_CONTEXT() REPRESENTATION_CONTEXT('2D SPACE',''
  ) );
#8192 = PCURVE('',#6613,#8193);
#8193 = DEFINITIONAL_REPRESENTATION('',(#8194),#8198);
#8194 = LINE('',#8195,#8196);
#8195 = CARTESIAN_POINT('',(0.,0.));
#8196 = VECTOR('',#8197,1.);
#8197 = DIRECTION('',(1.,0.));
#8198 = ( GEOMETRIC_REPRESENTATION_CONTEXT(2) 
PARAMETRIC_REPRESENTATION_CONTEXT() REPRESENTATION_CONTEXT('2D SPACE',''
  ) );
#8199 = ORIENTED_EDGE('',*,*,#8200,.F.);
#8200 = EDGE_CURVE('',#8201,#8178,#8203,.T.);
#8201 = VERTEX_POINT('',#8202);
#8202 = CARTESIAN_POINT('',(12.938429448586,-4.305074726872,29.8));
#8203 = SURFACE_CURVE('',#8204,(#8208,#8215),.PCURVE_S1.);
#8204 = LINE('',#8205,#8206);
#8205 = CARTESIAN_POINT('',(12.938429448586,-4.305074726872,29.8));
#8206 = VECTOR('',#8207,1.);
#8207 = DIRECTION('',(0.995884398616,9.063258019778E-02,0.));
#8208 = PCURVE('',#6585,#8209);
#8209 = DEFINITIONAL_REPRESENTATION('',(#8210),#8214);
#8210 = LINE('',#8211,#8212);
#8211 = CARTESIAN_POINT('',(5.77,-1.305));
#8212 = VECTOR('',#8213,1.);
#8213 = DIRECTION('',(0.,1.));
#8214 = ( GEOMETRIC_REPRESENTATION_CONTEXT(2) 
PARAMETRIC_REPRESENTATION_CONTEXT() REPRESENTATION_CONTEXT('2D SPACE',''
  ) );
#8215 = PCURVE('',#8216,#8221);
#8216 = PLANE('',#8217);
#8217 = AXIS2_PLACEMENT_3D('',#8218,#8219,#8220);
#8218 = CARTESIAN_POINT('',(12.938429448586,-4.305074726872,29.8));
#8219 = DIRECTION('',(0.,0.,1.));
#8220 = DIRECTION('',(0.995884398616,9.063258019778E-02,-0.));
#8221 = DEFINITIONAL_REPRESENTATION('',(#8222),#8226);
#8222 = LINE('',#8223,#8224);
#8223 = CARTESIAN_POINT('',(0.,0.));
#8224 = VECTOR('',#8225,1.);
#8225 = DIRECTION('',(1.,0.));
#8226 = ( GEOMETRIC_REPRESENTATION_CONTEXT(2) 
PARAMETRIC_REPRESENTATION_CONTEXT() REPRESENTATION_CONTEXT('2D SPACE',''
  ) );
#8227 = ORIENTED_EDGE('',*,*,#8228,.T.);
#8228 = EDGE_CURVE('',#8201,#8229,#8231,.T.);
#8229 = VERTEX_POINT('',#8230);
#8230 = CARTESIAN_POINT('',(12.938429448586,-4.305074726872,32.4));
#8231 = SURFACE_CURVE('',#8232,(#8236,#8243),.PCURVE_S1.);
#8232 = LINE('',#8233,#8234);
#8233 = CARTESIAN_POINT('',(12.938429448586,-4.305074726872,29.8));
#8234 = VECTOR('',#8235,1.);
#8235 = DIRECTION('',(0.,0.,1.));
#8236 = PCURVE('',#6585,#8237);
#8237 = DEFINITIONAL_REPRESENTATION('',(#8238),#8242);
#8238 = LINE('',#8239,#8240);
#8239 = CARTESIAN_POINT('',(5.77,-1.305));
#8240 = VECTOR('',#8241,1.);
#8241 = DIRECTION('',(1.,0.));
#8242 = ( GEOMETRIC_REPRESENTATION_CONTEXT(2) 
PARAMETRIC_REPRESENTATION_CONTEXT() REPRESENTATION_CONTEXT('2D SPACE',''
  ) );
#8243 = PCURVE('',#8244,#8249);
#8244 = PLANE('',#8245);
#8245 = AXIS2_PLACEMENT_3D('',#8246,#8247,#8248);
#8246 = CARTESIAN_POINT('',(12.938429448586,-4.305074726872,29.8));
#8247 = DIRECTION('',(0.995884398616,9.063258019778E-02,0.));
#8248 = DIRECTION('',(0.,-0.,1.));
#8249 = DEFINITIONAL_REPRESENTATION('',(#8250),#8254);
#8250 = LINE('',#8251,#8252);
#8251 = CARTESIAN_POINT('',(0.,0.));
#8252 = VECTOR('',#8253,1.);
#8253 = DIRECTION('',(1.,0.));
#8254 = ( GEOMETRIC_REPRESENTATION_CONTEXT(2) 
PARAMETRIC_REPRESENTATION_CONTEXT() REPRESENTATION_CONTEXT('2D SPACE',''
  ) );
#8255 = ORIENTED_EDGE('',*,*,#8256,.T.);
#8256 = EDGE_CURVE('',#8229,#8257,#8259,.T.);
#8257 = VERTEX_POINT('',#8258);
#8258 = CARTESIAN_POINT('',(14.243038010773,-4.186346046813,32.4));
#8259 = SURFACE_CURVE('',#8260,(#8264,#8271),.PCURVE_S1.);
#8260 = LINE('',#8261,#8262);
#8261 = CARTESIAN_POINT('',(12.938429448586,-4.305074726872,32.4));
#8262 = VECTOR('',#8263,1.);
#8263 = DIRECTION('',(0.995884398616,9.063258019778E-02,0.));
#8264 = PCURVE('',#6585,#8265);
#8265 = DEFINITIONAL_REPRESENTATION('',(#8266),#8270);
#8266 = LINE('',#8267,#8268);
#8267 = CARTESIAN_POINT('',(8.37,-1.305));
#8268 = VECTOR('',#8269,1.);
#8269 = DIRECTION('',(0.,1.));
#8270 = ( GEOMETRIC_REPRESENTATION_CONTEXT(2) 
PARAMETRIC_REPRESENTATION_CONTEXT() REPRESENTATION_CONTEXT('2D SPACE',''
  ) );
#8271 = PCURVE('',#8272,#8277);
#8272 = PLANE('',#8273);
#8273 = AXIS2_PLACEMENT_3D('',#8274,#8275,#8276);
#8274 = CARTESIAN_POINT('',(12.938429448586,-4.305074726872,32.4));
#8275 = DIRECTION('',(0.,0.,1.));
#8276 = DIRECTION('',(0.995884398616,9.063258019778E-02,-0.));
#8277 = DEFINITIONAL_REPRESENTATION('',(#8278),#8282);
#8278 = LINE('',#8279,#8280);
#8279 = CARTESIAN_POINT('',(0.,0.));
#8280 = VECTOR('',#8281,1.);
#8281 = DIRECTION('',(1.,0.));
#8282 = ( GEOMETRIC_REPRESENTATION_CONTEXT(2) 
PARAMETRIC_REPRESENTATION_CONTEXT() REPRESENTATION_CONTEXT('2D SPACE',''
  ) );
#8283 = ORIENTED_EDGE('',*,*,#8284,.F.);
#8284 = EDGE_CURVE('',#8285,#8257,#8287,.T.);
#8285 = VERTEX_POINT('',#8286);
#8286 = CARTESIAN_POINT('',(14.243038010773,-4.186346046813,32.39));
#8287 = SURFACE_CURVE('',#8288,(#8292,#8299),.PCURVE_S1.);
#8288 = LINE('',#8289,#8290);
#8289 = CARTESIAN_POINT('',(14.243038010773,-4.186346046813,29.8));
#8290 = VECTOR('',#8291,1.);
#8291 = DIRECTION('',(0.,0.,1.));
#8292 = PCURVE('',#6585,#8293);
#8293 = DEFINITIONAL_REPRESENTATION('',(#8294),#8298);
#8294 = LINE('',#8295,#8296);
#8295 = CARTESIAN_POINT('',(5.77,4.999999999923E-03));
#8296 = VECTOR('',#8297,1.);
#8297 = DIRECTION('',(1.,0.));
#8298 = ( GEOMETRIC_REPRESENTATION_CONTEXT(2) 
PARAMETRIC_REPRESENTATION_CONTEXT() REPRESENTATION_CONTEXT('2D SPACE',''
  ) );
#8299 = PCURVE('',#8300,#8305);
#8300 = PLANE('',#8301);
#8301 = AXIS2_PLACEMENT_3D('',#8302,#8303,#8304);
#8302 = CARTESIAN_POINT('',(14.243038010773,-4.186346046813,29.8));
#8303 = DIRECTION('',(0.995884398616,9.063258019778E-02,0.));
#8304 = DIRECTION('',(0.,-0.,1.));
#8305 = DEFINITIONAL_REPRESENTATION('',(#8306),#8310);
#8306 = LINE('',#8307,#8308);
#8307 = CARTESIAN_POINT('',(0.,0.));
#8308 = VECTOR('',#8309,1.);
#8309 = DIRECTION('',(1.,0.));
#8310 = ( GEOMETRIC_REPRESENTATION_CONTEXT(2) 
PARAMETRIC_REPRESENTATION_CONTEXT() REPRESENTATION_CONTEXT('2D SPACE',''
  ) );
#8311 = ORIENTED_EDGE('',*,*,#8312,.T.);
#8312 = EDGE_CURVE('',#8285,#8154,#8313,.T.);
#8313 = SURFACE_CURVE('',#8314,(#8318,#8325),.PCURVE_S1.);
#8314 = LINE('',#8315,#8316);
#8315 = CARTESIAN_POINT('',(14.23805858878,-4.186799209714,32.39));
#8316 = VECTOR('',#8317,1.);
#8317 = DIRECTION('',(0.995884398616,9.063258019778E-02,0.));
#8318 = PCURVE('',#6585,#8319);
#8319 = DEFINITIONAL_REPRESENTATION('',(#8320),#8324);
#8320 = LINE('',#8321,#8322);
#8321 = CARTESIAN_POINT('',(8.36,0.));
#8322 = VECTOR('',#8323,1.);
#8323 = DIRECTION('',(0.,1.));
#8324 = ( GEOMETRIC_REPRESENTATION_CONTEXT(2) 
PARAMETRIC_REPRESENTATION_CONTEXT() REPRESENTATION_CONTEXT('2D SPACE',''
  ) );
#8325 = PCURVE('',#8326,#8331);
#8326 = PLANE('',#8327);
#8327 = AXIS2_PLACEMENT_3D('',#8328,#8329,#8330);
#8328 = CARTESIAN_POINT('',(14.23805858878,-4.186799209714,32.39));
#8329 = DIRECTION('',(0.,0.,1.));
#8330 = DIRECTION('',(0.995884398616,9.063258019778E-02,-0.));
#8331 = DEFINITIONAL_REPRESENTATION('',(#8332),#8336);
#8332 = LINE('',#8333,#8334);
#8333 = CARTESIAN_POINT('',(0.,0.));
#8334 = VECTOR('',#8335,1.);
#8335 = DIRECTION('',(1.,0.));
#8336 = ( GEOMETRIC_REPRESENTATION_CONTEXT(2) 
PARAMETRIC_REPRESENTATION_CONTEXT() REPRESENTATION_CONTEXT('2D SPACE',''
  ) );
#8337 = ADVANCED_FACE('',(#8338),#6667,.T.);
#8338 = FACE_BOUND('',#8339,.T.);
#8339 = EDGE_LOOP('',(#8340,#8341,#8342,#8365));
#8340 = ORIENTED_EDGE('',*,*,#8153,.F.);
#8341 = ORIENTED_EDGE('',*,*,#6653,.T.);
#8342 = ORIENTED_EDGE('',*,*,#8343,.T.);
#8343 = EDGE_CURVE('',#6626,#8344,#8346,.T.);
#8344 = VERTEX_POINT('',#8345);
#8345 = CARTESIAN_POINT('',(15.509781666042,-1.058665514559,32.39));
#8346 = SURFACE_CURVE('',#8347,(#8351,#8358),.PCURVE_S1.);
#8347 = LINE('',#8348,#8349);
#8348 = CARTESIAN_POINT('',(15.509781666042,-1.058665514559,24.03));
#8349 = VECTOR('',#8350,1.);
#8350 = DIRECTION('',(0.,0.,1.));
#8351 = PCURVE('',#6667,#8352);
#8352 = DEFINITIONAL_REPRESENTATION('',(#8353),#8357);
#8353 = LINE('',#8354,#8355);
#8354 = CARTESIAN_POINT('',(0.,-3.));
#8355 = VECTOR('',#8356,1.);
#8356 = DIRECTION('',(1.,0.));
#8357 = ( GEOMETRIC_REPRESENTATION_CONTEXT(2) 
PARAMETRIC_REPRESENTATION_CONTEXT() REPRESENTATION_CONTEXT('2D SPACE',''
  ) );
#8358 = PCURVE('',#6641,#8359);
#8359 = DEFINITIONAL_REPRESENTATION('',(#8360),#8364);
#8360 = LINE('',#8361,#8362);
#8361 = CARTESIAN_POINT('',(0.,1.55));
#8362 = VECTOR('',#8363,1.);
#8363 = DIRECTION('',(1.,0.));
#8364 = ( GEOMETRIC_REPRESENTATION_CONTEXT(2) 
PARAMETRIC_REPRESENTATION_CONTEXT() REPRESENTATION_CONTEXT('2D SPACE',''
  ) );
#8365 = ORIENTED_EDGE('',*,*,#8366,.F.);
#8366 = EDGE_CURVE('',#8154,#8344,#8367,.T.);
#8367 = SURFACE_CURVE('',#8368,(#8372,#8379),.PCURVE_S1.);
#8368 = LINE('',#8369,#8370);
#8369 = CARTESIAN_POINT('',(15.781679406635,-4.046318710407,32.39));
#8370 = VECTOR('',#8371,1.);
#8371 = DIRECTION('',(-9.063258019778E-02,0.995884398616,0.));
#8372 = PCURVE('',#6667,#8373);
#8373 = DEFINITIONAL_REPRESENTATION('',(#8374),#8378);
#8374 = LINE('',#8375,#8376);
#8375 = CARTESIAN_POINT('',(8.36,0.));
#8376 = VECTOR('',#8377,1.);
#8377 = DIRECTION('',(0.,-1.));
#8378 = ( GEOMETRIC_REPRESENTATION_CONTEXT(2) 
PARAMETRIC_REPRESENTATION_CONTEXT() REPRESENTATION_CONTEXT('2D SPACE',''
  ) );
#8379 = PCURVE('',#8326,#8380);
#8380 = DEFINITIONAL_REPRESENTATION('',(#8381),#8385);
#8381 = LINE('',#8382,#8383);
#8382 = CARTESIAN_POINT('',(1.55,4.204692150012E-13));
#8383 = VECTOR('',#8384,1.);
#8384 = DIRECTION('',(0.,1.));
#8385 = ( GEOMETRIC_REPRESENTATION_CONTEXT(2) 
PARAMETRIC_REPRESENTATION_CONTEXT() REPRESENTATION_CONTEXT('2D SPACE',''
  ) );
#8386 = ADVANCED_FACE('',(#8387),#6613,.F.);
#8387 = FACE_BOUND('',#8388,.F.);
#8388 = EDGE_LOOP('',(#8389,#8390,#8391,#8414));
#8389 = ORIENTED_EDGE('',*,*,#8177,.F.);
#8390 = ORIENTED_EDGE('',*,*,#6597,.T.);
#8391 = ORIENTED_EDGE('',*,*,#8392,.T.);
#8392 = EDGE_CURVE('',#6598,#8393,#8395,.T.);
#8393 = VERTEX_POINT('',#8394);
#8394 = CARTESIAN_POINT('',(13.966160848187,-1.199146013866,29.8));
#8395 = SURFACE_CURVE('',#8396,(#8400,#8407),.PCURVE_S1.);
#8396 = LINE('',#8397,#8398);
#8397 = CARTESIAN_POINT('',(13.966160848187,-1.199146013866,24.03));
#8398 = VECTOR('',#8399,1.);
#8399 = DIRECTION('',(0.,0.,1.));
#8400 = PCURVE('',#6613,#8401);
#8401 = DEFINITIONAL_REPRESENTATION('',(#8402),#8406);
#8402 = LINE('',#8403,#8404);
#8403 = CARTESIAN_POINT('',(0.,-3.));
#8404 = VECTOR('',#8405,1.);
#8405 = DIRECTION('',(1.,0.));
#8406 = ( GEOMETRIC_REPRESENTATION_CONTEXT(2) 
PARAMETRIC_REPRESENTATION_CONTEXT() REPRESENTATION_CONTEXT('2D SPACE',''
  ) );
#8407 = PCURVE('',#6641,#8408);
#8408 = DEFINITIONAL_REPRESENTATION('',(#8409),#8413);
#8409 = LINE('',#8410,#8411);
#8410 = CARTESIAN_POINT('',(0.,0.));
#8411 = VECTOR('',#8412,1.);
#8412 = DIRECTION('',(1.,0.));
#8413 = ( GEOMETRIC_REPRESENTATION_CONTEXT(2) 
PARAMETRIC_REPRESENTATION_CONTEXT() REPRESENTATION_CONTEXT('2D SPACE',''
  ) );
#8414 = ORIENTED_EDGE('',*,*,#8415,.T.);
#8415 = EDGE_CURVE('',#8393,#8178,#8416,.T.);
#8416 = SURFACE_CURVE('',#8417,(#8421,#8428),.PCURVE_S1.);
#8417 = LINE('',#8418,#8419);
#8418 = CARTESIAN_POINT('',(14.23805858878,-4.186799209714,29.8));
#8419 = VECTOR('',#8420,1.);
#8420 = DIRECTION('',(9.063258019778E-02,-0.995884398616,0.));
#8421 = PCURVE('',#6613,#8422);
#8422 = DEFINITIONAL_REPRESENTATION('',(#8423),#8427);
#8423 = LINE('',#8424,#8425);
#8424 = CARTESIAN_POINT('',(5.77,0.));
#8425 = VECTOR('',#8426,1.);
#8426 = DIRECTION('',(0.,1.));
#8427 = ( GEOMETRIC_REPRESENTATION_CONTEXT(2) 
PARAMETRIC_REPRESENTATION_CONTEXT() REPRESENTATION_CONTEXT('2D SPACE',''
  ) );
#8428 = PCURVE('',#8216,#8429);
#8429 = DEFINITIONAL_REPRESENTATION('',(#8430),#8434);
#8430 = LINE('',#8431,#8432);
#8431 = CARTESIAN_POINT('',(1.305,-1.127986593019E-13));
#8432 = VECTOR('',#8433,1.);
#8433 = DIRECTION('',(0.,-1.));
#8434 = ( GEOMETRIC_REPRESENTATION_CONTEXT(2) 
PARAMETRIC_REPRESENTATION_CONTEXT() REPRESENTATION_CONTEXT('2D SPACE',''
  ) );
#8435 = ADVANCED_FACE('',(#8436),#6641,.T.);
#8436 = FACE_BOUND('',#8437,.T.);
#8437 = EDGE_LOOP('',(#8438,#8439,#8440,#8441,#8464,#8487,#8510,#8533));
#8438 = ORIENTED_EDGE('',*,*,#8343,.F.);
#8439 = ORIENTED_EDGE('',*,*,#6625,.T.);
#8440 = ORIENTED_EDGE('',*,*,#8392,.T.);
#8441 = ORIENTED_EDGE('',*,*,#8442,.F.);
#8442 = EDGE_CURVE('',#8443,#8393,#8445,.T.);
#8443 = VERTEX_POINT('',#8444);
#8444 = CARTESIAN_POINT('',(12.666531707993,-1.317421531024,29.8));
#8445 = SURFACE_CURVE('',#8446,(#8450,#8457),.PCURVE_S1.);
#8446 = LINE('',#8447,#8448);
#8447 = CARTESIAN_POINT('',(12.666531707993,-1.317421531024,29.8));
#8448 = VECTOR('',#8449,1.);
#8449 = DIRECTION('',(0.995884398616,9.063258019778E-02,0.));
#8450 = PCURVE('',#6641,#8451);
#8451 = DEFINITIONAL_REPRESENTATION('',(#8452),#8456);
#8452 = LINE('',#8453,#8454);
#8453 = CARTESIAN_POINT('',(5.77,-1.305));
#8454 = VECTOR('',#8455,1.);
#8455 = DIRECTION('',(0.,1.));
#8456 = ( GEOMETRIC_REPRESENTATION_CONTEXT(2) 
PARAMETRIC_REPRESENTATION_CONTEXT() REPRESENTATION_CONTEXT('2D SPACE',''
  ) );
#8457 = PCURVE('',#8216,#8458);
#8458 = DEFINITIONAL_REPRESENTATION('',(#8459),#8463);
#8459 = LINE('',#8460,#8461);
#8460 = CARTESIAN_POINT('',(3.39173134023E-13,3.));
#8461 = VECTOR('',#8462,1.);
#8462 = DIRECTION('',(1.,0.));
#8463 = ( GEOMETRIC_REPRESENTATION_CONTEXT(2) 
PARAMETRIC_REPRESENTATION_CONTEXT() REPRESENTATION_CONTEXT('2D SPACE',''
  ) );
#8464 = ORIENTED_EDGE('',*,*,#8465,.T.);
#8465 = EDGE_CURVE('',#8443,#8466,#8468,.T.);
#8466 = VERTEX_POINT('',#8467);
#8467 = CARTESIAN_POINT('',(12.666531707993,-1.317421531024,32.4));
#8468 = SURFACE_CURVE('',#8469,(#8473,#8480),.PCURVE_S1.);
#8469 = LINE('',#8470,#8471);
#8470 = CARTESIAN_POINT('',(12.666531707993,-1.317421531024,29.8));
#8471 = VECTOR('',#8472,1.);
#8472 = DIRECTION('',(0.,0.,1.));
#8473 = PCURVE('',#6641,#8474);
#8474 = DEFINITIONAL_REPRESENTATION('',(#8475),#8479);
#8475 = LINE('',#8476,#8477);
#8476 = CARTESIAN_POINT('',(5.77,-1.305));
#8477 = VECTOR('',#8478,1.);
#8478 = DIRECTION('',(1.,0.));
#8479 = ( GEOMETRIC_REPRESENTATION_CONTEXT(2) 
PARAMETRIC_REPRESENTATION_CONTEXT() REPRESENTATION_CONTEXT('2D SPACE',''
  ) );
#8480 = PCURVE('',#8244,#8481);
#8481 = DEFINITIONAL_REPRESENTATION('',(#8482),#8486);
#8482 = LINE('',#8483,#8484);
#8483 = CARTESIAN_POINT('',(0.,-3.));
#8484 = VECTOR('',#8485,1.);
#8485 = DIRECTION('',(1.,0.));
#8486 = ( GEOMETRIC_REPRESENTATION_CONTEXT(2) 
PARAMETRIC_REPRESENTATION_CONTEXT() REPRESENTATION_CONTEXT('2D SPACE',''
  ) );
#8487 = ORIENTED_EDGE('',*,*,#8488,.T.);
#8488 = EDGE_CURVE('',#8466,#8489,#8491,.T.);
#8489 = VERTEX_POINT('',#8490);
#8490 = CARTESIAN_POINT('',(13.97114027018,-1.198692850965,32.4));
#8491 = SURFACE_CURVE('',#8492,(#8496,#8503),.PCURVE_S1.);
#8492 = LINE('',#8493,#8494);
#8493 = CARTESIAN_POINT('',(12.666531707993,-1.317421531024,32.4));
#8494 = VECTOR('',#8495,1.);
#8495 = DIRECTION('',(0.995884398616,9.063258019778E-02,0.));
#8496 = PCURVE('',#6641,#8497);
#8497 = DEFINITIONAL_REPRESENTATION('',(#8498),#8502);
#8498 = LINE('',#8499,#8500);
#8499 = CARTESIAN_POINT('',(8.37,-1.305));
#8500 = VECTOR('',#8501,1.);
#8501 = DIRECTION('',(0.,1.));
#8502 = ( GEOMETRIC_REPRESENTATION_CONTEXT(2) 
PARAMETRIC_REPRESENTATION_CONTEXT() REPRESENTATION_CONTEXT('2D SPACE',''
  ) );
#8503 = PCURVE('',#8272,#8504);
#8504 = DEFINITIONAL_REPRESENTATION('',(#8505),#8509);
#8505 = LINE('',#8506,#8507);
#8506 = CARTESIAN_POINT('',(3.39173134023E-13,3.));
#8507 = VECTOR('',#8508,1.);
#8508 = DIRECTION('',(1.,0.));
#8509 = ( GEOMETRIC_REPRESENTATION_CONTEXT(2) 
PARAMETRIC_REPRESENTATION_CONTEXT() REPRESENTATION_CONTEXT('2D SPACE',''
  ) );
#8510 = ORIENTED_EDGE('',*,*,#8511,.F.);
#8511 = EDGE_CURVE('',#8512,#8489,#8514,.T.);
#8512 = VERTEX_POINT('',#8513);
#8513 = CARTESIAN_POINT('',(13.97114027018,-1.198692850965,32.39));
#8514 = SURFACE_CURVE('',#8515,(#8519,#8526),.PCURVE_S1.);
#8515 = LINE('',#8516,#8517);
#8516 = CARTESIAN_POINT('',(13.97114027018,-1.198692850965,29.8));
#8517 = VECTOR('',#8518,1.);
#8518 = DIRECTION('',(0.,0.,1.));
#8519 = PCURVE('',#6641,#8520);
#8520 = DEFINITIONAL_REPRESENTATION('',(#8521),#8525);
#8521 = LINE('',#8522,#8523);
#8522 = CARTESIAN_POINT('',(5.77,4.999999999921E-03));
#8523 = VECTOR('',#8524,1.);
#8524 = DIRECTION('',(1.,0.));
#8525 = ( GEOMETRIC_REPRESENTATION_CONTEXT(2) 
PARAMETRIC_REPRESENTATION_CONTEXT() REPRESENTATION_CONTEXT('2D SPACE',''
  ) );
#8526 = PCURVE('',#8300,#8527);
#8527 = DEFINITIONAL_REPRESENTATION('',(#8528),#8532);
#8528 = LINE('',#8529,#8530);
#8529 = CARTESIAN_POINT('',(0.,-3.));
#8530 = VECTOR('',#8531,1.);
#8531 = DIRECTION('',(1.,0.));
#8532 = ( GEOMETRIC_REPRESENTATION_CONTEXT(2) 
PARAMETRIC_REPRESENTATION_CONTEXT() REPRESENTATION_CONTEXT('2D SPACE',''
  ) );
#8533 = ORIENTED_EDGE('',*,*,#8534,.T.);
#8534 = EDGE_CURVE('',#8512,#8344,#8535,.T.);
#8535 = SURFACE_CURVE('',#8536,(#8540,#8547),.PCURVE_S1.);
#8536 = LINE('',#8537,#8538);
#8537 = CARTESIAN_POINT('',(13.966160848187,-1.199146013866,32.39));
#8538 = VECTOR('',#8539,1.);
#8539 = DIRECTION('',(0.995884398616,9.063258019778E-02,0.));
#8540 = PCURVE('',#6641,#8541);
#8541 = DEFINITIONAL_REPRESENTATION('',(#8542),#8546);
#8542 = LINE('',#8543,#8544);
#8543 = CARTESIAN_POINT('',(8.36,0.));
#8544 = VECTOR('',#8545,1.);
#8545 = DIRECTION('',(0.,1.));
#8546 = ( GEOMETRIC_REPRESENTATION_CONTEXT(2) 
PARAMETRIC_REPRESENTATION_CONTEXT() REPRESENTATION_CONTEXT('2D SPACE',''
  ) );
#8547 = PCURVE('',#8326,#8548);
#8548 = DEFINITIONAL_REPRESENTATION('',(#8549),#8553);
#8549 = LINE('',#8550,#8551);
#8550 = CARTESIAN_POINT('',(3.39173134023E-13,3.));
#8551 = VECTOR('',#8552,1.);
#8552 = DIRECTION('',(1.,0.));
#8553 = ( GEOMETRIC_REPRESENTATION_CONTEXT(2) 
PARAMETRIC_REPRESENTATION_CONTEXT() REPRESENTATION_CONTEXT('2D SPACE',''
  ) );
#8554 = ADVANCED_FACE('',(#8555),#6699,.F.);
#8555 = FACE_BOUND('',#8556,.F.);
#8556 = EDGE_LOOP('',(#8557,#8558,#8581,#8609));
#8557 = ORIENTED_EDGE('',*,*,#6681,.T.);
#8558 = ORIENTED_EDGE('',*,*,#8559,.T.);
#8559 = EDGE_CURVE('',#6684,#8560,#8562,.T.);
#8560 = VERTEX_POINT('',#8561);
#8561 = CARTESIAN_POINT('',(11.53246118767,4.022227562238,27.));
#8562 = SURFACE_CURVE('',#8563,(#8567,#8574),.PCURVE_S1.);
#8563 = LINE('',#8564,#8565);
#8564 = CARTESIAN_POINT('',(12.130542024561,3.523925395117,24.03));
#8565 = VECTOR('',#8566,1.);
#8566 = DIRECTION('',(-0.19479387866,0.162296141075,0.967323786242));
#8567 = PCURVE('',#6699,#8568);
#8568 = DEFINITIONAL_REPRESENTATION('',(#8569),#8573);
#8569 = LINE('',#8570,#8571);
#8570 = CARTESIAN_POINT('',(0.,0.));
#8571 = VECTOR('',#8572,1.);
#8572 = DIRECTION('',(0.983797567447,0.179282866682));
#8573 = ( GEOMETRIC_REPRESENTATION_CONTEXT(2) 
PARAMETRIC_REPRESENTATION_CONTEXT() REPRESENTATION_CONTEXT('2D SPACE',''
  ) );
#8574 = PCURVE('',#6727,#8575);
#8575 = DEFINITIONAL_REPRESENTATION('',(#8576),#8580);
#8576 = LINE('',#8577,#8578);
#8577 = CARTESIAN_POINT('',(1.285441088409E-14,3.299999999999));
#8578 = VECTOR('',#8579,1.);
#8579 = DIRECTION('',(0.983797567447,-0.179282866682));
#8580 = ( GEOMETRIC_REPRESENTATION_CONTEXT(2) 
PARAMETRIC_REPRESENTATION_CONTEXT() REPRESENTATION_CONTEXT('2D SPACE',''
  ) );
#8581 = ORIENTED_EDGE('',*,*,#8582,.T.);
#8582 = EDGE_CURVE('',#8560,#8583,#8585,.T.);
#8583 = VERTEX_POINT('',#8584);
#8584 = CARTESIAN_POINT('',(11.351278858827,6.013086193935,27.));
#8585 = SURFACE_CURVE('',#8586,(#8590,#8597),.PCURVE_S1.);
#8586 = LINE('',#8587,#8588);
#8587 = CARTESIAN_POINT('',(11.582350522555,3.474036060232,27.));
#8588 = VECTOR('',#8589,1.);
#8589 = DIRECTION('',(-9.063258019778E-02,0.995884398616,0.));
#8590 = PCURVE('',#6699,#8591);
#8591 = DEFINITIONAL_REPRESENTATION('',(#8592),#8596);
#8592 = LINE('',#8593,#8594);
#8593 = CARTESIAN_POINT('',(3.020579889459,5.441026101894E-14));
#8594 = VECTOR('',#8595,1.);
#8595 = DIRECTION('',(-1.811674580034E-14,1.));
#8596 = ( GEOMETRIC_REPRESENTATION_CONTEXT(2) 
PARAMETRIC_REPRESENTATION_CONTEXT() REPRESENTATION_CONTEXT('2D SPACE',''
  ) );
#8597 = PCURVE('',#8598,#8603);
#8598 = PLANE('',#8599);
#8599 = AXIS2_PLACEMENT_3D('',#8600,#8601,#8602);
#8600 = CARTESIAN_POINT('',(10.346852267538,4.918002455645,27.));
#8601 = DIRECTION('',(0.,0.,1.));
#8602 = DIRECTION('',(0.995884398616,9.063258019778E-02,-0.));
#8603 = DEFINITIONAL_REPRESENTATION('',(#8604),#8608);
#8604 = LINE('',#8605,#8606);
#8605 = CARTESIAN_POINT('',(1.099543036554,-1.55));
#8606 = VECTOR('',#8607,1.);
#8607 = DIRECTION('',(0.,1.));
#8608 = ( GEOMETRIC_REPRESENTATION_CONTEXT(2) 
PARAMETRIC_REPRESENTATION_CONTEXT() REPRESENTATION_CONTEXT('2D SPACE',''
  ) );
#8609 = ORIENTED_EDGE('',*,*,#8610,.F.);
#8610 = EDGE_CURVE('',#6682,#8583,#8611,.T.);
#8611 = SURFACE_CURVE('',#8612,(#8616,#8623),.PCURVE_S1.);
#8612 = LINE('',#8613,#8614);
#8613 = CARTESIAN_POINT('',(11.849581025948,6.611167030826,24.03));
#8614 = VECTOR('',#8615,1.);
#8615 = DIRECTION('',(-0.162296141075,-0.19479387866,0.967323786242));
#8616 = PCURVE('',#6699,#8617);
#8617 = DEFINITIONAL_REPRESENTATION('',(#8618),#8622);
#8618 = LINE('',#8619,#8620);
#8619 = CARTESIAN_POINT('',(-6.879719337259E-14,3.099999999999));
#8620 = VECTOR('',#8621,1.);
#8621 = DIRECTION('',(0.983797567447,-0.179282866682));
#8622 = ( GEOMETRIC_REPRESENTATION_CONTEXT(2) 
PARAMETRIC_REPRESENTATION_CONTEXT() REPRESENTATION_CONTEXT('2D SPACE',''
  ) );
#8623 = PCURVE('',#6781,#8624);
#8624 = DEFINITIONAL_REPRESENTATION('',(#8625),#8629);
#8625 = LINE('',#8626,#8627);
#8626 = CARTESIAN_POINT('',(0.,0.));
#8627 = VECTOR('',#8628,1.);
#8628 = DIRECTION('',(0.983797567447,0.179282866682));
#8629 = ( GEOMETRIC_REPRESENTATION_CONTEXT(2) 
PARAMETRIC_REPRESENTATION_CONTEXT() REPRESENTATION_CONTEXT('2D SPACE',''
  ) );
#8630 = ADVANCED_FACE('',(#8631),#6781,.F.);
#8631 = FACE_BOUND('',#8632,.F.);
#8632 = EDGE_LOOP('',(#8633,#8656,#8657,#8658));
#8633 = ORIENTED_EDGE('',*,*,#8634,.F.);
#8634 = EDGE_CURVE('',#6740,#8635,#8637,.T.);
#8635 = VERTEX_POINT('',#8636);
#8636 = CARTESIAN_POINT('',(9.161243347407,5.813777349053,27.));
#8637 = SURFACE_CURVE('',#8638,(#8642,#8649),.PCURVE_S1.);
#8638 = LINE('',#8639,#8640);
#8639 = CARTESIAN_POINT('',(8.563162510516,6.312079516174,24.03));
#8640 = VECTOR('',#8641,1.);
#8641 = DIRECTION('',(0.19479387866,-0.162296141075,0.967323786242));
#8642 = PCURVE('',#6781,#8643);
#8643 = DEFINITIONAL_REPRESENTATION('',(#8644),#8648);
#8644 = LINE('',#8645,#8646);
#8645 = CARTESIAN_POINT('',(-1.679407293195E-13,3.299999999999));
#8646 = VECTOR('',#8647,1.);
#8647 = DIRECTION('',(0.983797567447,-0.179282866682));
#8648 = ( GEOMETRIC_REPRESENTATION_CONTEXT(2) 
PARAMETRIC_REPRESENTATION_CONTEXT() REPRESENTATION_CONTEXT('2D SPACE',''
  ) );
#8649 = PCURVE('',#6755,#8650);
#8650 = DEFINITIONAL_REPRESENTATION('',(#8651),#8655);
#8651 = LINE('',#8652,#8653);
#8652 = CARTESIAN_POINT('',(0.,0.));
#8653 = VECTOR('',#8654,1.);
#8654 = DIRECTION('',(0.983797567447,0.179282866682));
#8655 = ( GEOMETRIC_REPRESENTATION_CONTEXT(2) 
PARAMETRIC_REPRESENTATION_CONTEXT() REPRESENTATION_CONTEXT('2D SPACE',''
  ) );
#8656 = ORIENTED_EDGE('',*,*,#6767,.T.);
#8657 = ORIENTED_EDGE('',*,*,#8610,.T.);
#8658 = ORIENTED_EDGE('',*,*,#8659,.T.);
#8659 = EDGE_CURVE('',#8583,#8635,#8660,.T.);
#8660 = SURFACE_CURVE('',#8661,(#8665,#8672),.PCURVE_S1.);
#8661 = LINE('',#8662,#8663);
#8662 = CARTESIAN_POINT('',(11.899470360833,6.06297552882,27.));
#8663 = VECTOR('',#8664,1.);
#8664 = DIRECTION('',(-0.995884398616,-9.063258019778E-02,0.));
#8665 = PCURVE('',#6781,#8666);
#8666 = DEFINITIONAL_REPRESENTATION('',(#8667),#8671);
#8667 = LINE('',#8668,#8669);
#8668 = CARTESIAN_POINT('',(3.020579889459,5.529843943864E-14));
#8669 = VECTOR('',#8670,1.);
#8670 = DIRECTION('',(-1.811674580034E-14,1.));
#8671 = ( GEOMETRIC_REPRESENTATION_CONTEXT(2) 
PARAMETRIC_REPRESENTATION_CONTEXT() REPRESENTATION_CONTEXT('2D SPACE',''
  ) );
#8672 = PCURVE('',#8598,#8673);
#8673 = DEFINITIONAL_REPRESENTATION('',(#8674),#8678);
#8674 = LINE('',#8675,#8676);
#8675 = CARTESIAN_POINT('',(1.65,0.999543036553));
#8676 = VECTOR('',#8677,1.);
#8677 = DIRECTION('',(-1.,0.));
#8678 = ( GEOMETRIC_REPRESENTATION_CONTEXT(2) 
PARAMETRIC_REPRESENTATION_CONTEXT() REPRESENTATION_CONTEXT('2D SPACE',''
  ) );
#8679 = ADVANCED_FACE('',(#8680),#6755,.F.);
#8680 = FACE_BOUND('',#8681,.F.);
#8681 = EDGE_LOOP('',(#8682,#8683,#8684,#8707));
#8682 = ORIENTED_EDGE('',*,*,#6739,.T.);
#8683 = ORIENTED_EDGE('',*,*,#8634,.T.);
#8684 = ORIENTED_EDGE('',*,*,#8685,.T.);
#8685 = EDGE_CURVE('',#8635,#8686,#8688,.T.);
#8686 = VERTEX_POINT('',#8687);
#8687 = CARTESIAN_POINT('',(9.34242567625,3.822918717355,27.));
#8688 = SURFACE_CURVE('',#8689,(#8693,#8700),.PCURVE_S1.);
#8689 = LINE('',#8690,#8691);
#8690 = CARTESIAN_POINT('',(9.111354012522,6.361968851059,27.));
#8691 = VECTOR('',#8692,1.);
#8692 = DIRECTION('',(9.063258019778E-02,-0.995884398616,0.));
#8693 = PCURVE('',#6755,#8694);
#8694 = DEFINITIONAL_REPRESENTATION('',(#8695),#8699);
#8695 = LINE('',#8696,#8697);
#8696 = CARTESIAN_POINT('',(3.020579889459,5.441026101894E-14));
#8697 = VECTOR('',#8698,1.);
#8698 = DIRECTION('',(-1.811674580034E-14,1.));
#8699 = ( GEOMETRIC_REPRESENTATION_CONTEXT(2) 
PARAMETRIC_REPRESENTATION_CONTEXT() REPRESENTATION_CONTEXT('2D SPACE',''
  ) );
#8700 = PCURVE('',#8598,#8701);
#8701 = DEFINITIONAL_REPRESENTATION('',(#8702),#8706);
#8702 = LINE('',#8703,#8704);
#8703 = CARTESIAN_POINT('',(-1.099543036552,1.55));
#8704 = VECTOR('',#8705,1.);
#8705 = DIRECTION('',(0.,-1.));
#8706 = ( GEOMETRIC_REPRESENTATION_CONTEXT(2) 
PARAMETRIC_REPRESENTATION_CONTEXT() REPRESENTATION_CONTEXT('2D SPACE',''
  ) );
#8707 = ORIENTED_EDGE('',*,*,#8708,.F.);
#8708 = EDGE_CURVE('',#6712,#8686,#8709,.T.);
#8709 = SURFACE_CURVE('',#8710,(#8714,#8721),.PCURVE_S1.);
#8710 = LINE('',#8711,#8712);
#8711 = CARTESIAN_POINT('',(8.844123509129,3.224837880464,24.03));
#8712 = VECTOR('',#8713,1.);
#8713 = DIRECTION('',(0.162296141075,0.19479387866,0.967323786242));
#8714 = PCURVE('',#6755,#8715);
#8715 = DEFINITIONAL_REPRESENTATION('',(#8716),#8720);
#8716 = LINE('',#8717,#8718);
#8717 = CARTESIAN_POINT('',(-8.335295309992E-14,3.1));
#8718 = VECTOR('',#8719,1.);
#8719 = DIRECTION('',(0.983797567447,-0.179282866682));
#8720 = ( GEOMETRIC_REPRESENTATION_CONTEXT(2) 
PARAMETRIC_REPRESENTATION_CONTEXT() REPRESENTATION_CONTEXT('2D SPACE',''
  ) );
#8721 = PCURVE('',#6727,#8722);
#8722 = DEFINITIONAL_REPRESENTATION('',(#8723),#8727);
#8723 = LINE('',#8724,#8725);
#8724 = CARTESIAN_POINT('',(0.,0.));
#8725 = VECTOR('',#8726,1.);
#8726 = DIRECTION('',(0.983797567447,0.179282866682));
#8727 = ( GEOMETRIC_REPRESENTATION_CONTEXT(2) 
PARAMETRIC_REPRESENTATION_CONTEXT() REPRESENTATION_CONTEXT('2D SPACE',''
  ) );
#8728 = ADVANCED_FACE('',(#8729),#6727,.F.);
#8729 = FACE_BOUND('',#8730,.F.);
#8730 = EDGE_LOOP('',(#8731,#8732,#8733,#8754));
#8731 = ORIENTED_EDGE('',*,*,#6711,.T.);
#8732 = ORIENTED_EDGE('',*,*,#8708,.T.);
#8733 = ORIENTED_EDGE('',*,*,#8734,.T.);
#8734 = EDGE_CURVE('',#8686,#8560,#8735,.T.);
#8735 = SURFACE_CURVE('',#8736,(#8740,#8747),.PCURVE_S1.);
#8736 = LINE('',#8737,#8738);
#8737 = CARTESIAN_POINT('',(8.794234174244,3.77302938247,27.));
#8738 = VECTOR('',#8739,1.);
#8739 = DIRECTION('',(0.995884398616,9.063258019778E-02,0.));
#8740 = PCURVE('',#6727,#8741);
#8741 = DEFINITIONAL_REPRESENTATION('',(#8742),#8746);
#8742 = LINE('',#8743,#8744);
#8743 = CARTESIAN_POINT('',(3.020579889459,5.534007280206E-14));
#8744 = VECTOR('',#8745,1.);
#8745 = DIRECTION('',(-1.811674580034E-14,1.));
#8746 = ( GEOMETRIC_REPRESENTATION_CONTEXT(2) 
PARAMETRIC_REPRESENTATION_CONTEXT() REPRESENTATION_CONTEXT('2D SPACE',''
  ) );
#8747 = PCURVE('',#8598,#8748);
#8748 = DEFINITIONAL_REPRESENTATION('',(#8749),#8753);
#8749 = LINE('',#8750,#8751);
#8750 = CARTESIAN_POINT('',(-1.649999999999,-0.999543036553));
#8751 = VECTOR('',#8752,1.);
#8752 = DIRECTION('',(1.,0.));
#8753 = ( GEOMETRIC_REPRESENTATION_CONTEXT(2) 
PARAMETRIC_REPRESENTATION_CONTEXT() REPRESENTATION_CONTEXT('2D SPACE',''
  ) );
#8754 = ORIENTED_EDGE('',*,*,#8559,.F.);
#8755 = ADVANCED_FACE('',(#8756),#6813,.F.);
#8756 = FACE_BOUND('',#8757,.F.);
#8757 = EDGE_LOOP('',(#8758,#8781,#8782,#8805,#8833,#8861,#8889,#8917));
#8758 = ORIENTED_EDGE('',*,*,#8759,.F.);
#8759 = EDGE_CURVE('',#6796,#8760,#8762,.T.);
#8760 = VERTEX_POINT('',#8761);
#8761 = CARTESIAN_POINT('',(15.422774389052,-0.102616491888,32.39));
#8762 = SURFACE_CURVE('',#8763,(#8767,#8774),.PCURVE_S1.);
#8763 = LINE('',#8764,#8765);
#8764 = CARTESIAN_POINT('',(15.422774389052,-0.102616491888,24.03));
#8765 = VECTOR('',#8766,1.);
#8766 = DIRECTION('',(0.,0.,1.));
#8767 = PCURVE('',#6813,#8768);
#8768 = DEFINITIONAL_REPRESENTATION('',(#8769),#8773);
#8769 = LINE('',#8770,#8771);
#8770 = CARTESIAN_POINT('',(0.,1.55));
#8771 = VECTOR('',#8772,1.);
#8772 = DIRECTION('',(1.,0.));
#8773 = ( GEOMETRIC_REPRESENTATION_CONTEXT(2) 
PARAMETRIC_REPRESENTATION_CONTEXT() REPRESENTATION_CONTEXT('2D SPACE',''
  ) );
#8774 = PCURVE('',#6895,#8775);
#8775 = DEFINITIONAL_REPRESENTATION('',(#8776),#8780);
#8776 = LINE('',#8777,#8778);
#8777 = CARTESIAN_POINT('',(0.,0.));
#8778 = VECTOR('',#8779,1.);
#8779 = DIRECTION('',(1.,0.));
#8780 = ( GEOMETRIC_REPRESENTATION_CONTEXT(2) 
PARAMETRIC_REPRESENTATION_CONTEXT() REPRESENTATION_CONTEXT('2D SPACE',''
  ) );
#8781 = ORIENTED_EDGE('',*,*,#6795,.T.);
#8782 = ORIENTED_EDGE('',*,*,#8783,.T.);
#8783 = EDGE_CURVE('',#6798,#8784,#8786,.T.);
#8784 = VERTEX_POINT('',#8785);
#8785 = CARTESIAN_POINT('',(13.879153571197,-0.243096991195,29.8));
#8786 = SURFACE_CURVE('',#8787,(#8791,#8798),.PCURVE_S1.);
#8787 = LINE('',#8788,#8789);
#8788 = CARTESIAN_POINT('',(13.879153571197,-0.243096991195,24.03));
#8789 = VECTOR('',#8790,1.);
#8790 = DIRECTION('',(0.,0.,1.));
#8791 = PCURVE('',#6813,#8792);
#8792 = DEFINITIONAL_REPRESENTATION('',(#8793),#8797);
#8793 = LINE('',#8794,#8795);
#8794 = CARTESIAN_POINT('',(0.,0.));
#8795 = VECTOR('',#8796,1.);
#8796 = DIRECTION('',(1.,0.));
#8797 = ( GEOMETRIC_REPRESENTATION_CONTEXT(2) 
PARAMETRIC_REPRESENTATION_CONTEXT() REPRESENTATION_CONTEXT('2D SPACE',''
  ) );
#8798 = PCURVE('',#6841,#8799);
#8799 = DEFINITIONAL_REPRESENTATION('',(#8800),#8804);
#8800 = LINE('',#8801,#8802);
#8801 = CARTESIAN_POINT('',(0.,0.));
#8802 = VECTOR('',#8803,1.);
#8803 = DIRECTION('',(1.,0.));
#8804 = ( GEOMETRIC_REPRESENTATION_CONTEXT(2) 
PARAMETRIC_REPRESENTATION_CONTEXT() REPRESENTATION_CONTEXT('2D SPACE',''
  ) );
#8805 = ORIENTED_EDGE('',*,*,#8806,.F.);
#8806 = EDGE_CURVE('',#8807,#8784,#8809,.T.);
#8807 = VERTEX_POINT('',#8808);
#8808 = CARTESIAN_POINT('',(12.579524431003,-0.361372508353,29.8));
#8809 = SURFACE_CURVE('',#8810,(#8814,#8821),.PCURVE_S1.);
#8810 = LINE('',#8811,#8812);
#8811 = CARTESIAN_POINT('',(12.579524431003,-0.361372508353,29.8));
#8812 = VECTOR('',#8813,1.);
#8813 = DIRECTION('',(0.995884398616,9.063258019778E-02,0.));
#8814 = PCURVE('',#6813,#8815);
#8815 = DEFINITIONAL_REPRESENTATION('',(#8816),#8820);
#8816 = LINE('',#8817,#8818);
#8817 = CARTESIAN_POINT('',(5.77,-1.305));
#8818 = VECTOR('',#8819,1.);
#8819 = DIRECTION('',(0.,1.));
#8820 = ( GEOMETRIC_REPRESENTATION_CONTEXT(2) 
PARAMETRIC_REPRESENTATION_CONTEXT() REPRESENTATION_CONTEXT('2D SPACE',''
  ) );
#8821 = PCURVE('',#8822,#8827);
#8822 = PLANE('',#8823);
#8823 = AXIS2_PLACEMENT_3D('',#8824,#8825,#8826);
#8824 = CARTESIAN_POINT('',(12.579524431003,-0.361372508353,29.8));
#8825 = DIRECTION('',(0.,0.,1.));
#8826 = DIRECTION('',(0.995884398616,9.063258019778E-02,-0.));
#8827 = DEFINITIONAL_REPRESENTATION('',(#8828),#8832);
#8828 = LINE('',#8829,#8830);
#8829 = CARTESIAN_POINT('',(0.,0.));
#8830 = VECTOR('',#8831,1.);
#8831 = DIRECTION('',(1.,0.));
#8832 = ( GEOMETRIC_REPRESENTATION_CONTEXT(2) 
PARAMETRIC_REPRESENTATION_CONTEXT() REPRESENTATION_CONTEXT('2D SPACE',''
  ) );
#8833 = ORIENTED_EDGE('',*,*,#8834,.T.);
#8834 = EDGE_CURVE('',#8807,#8835,#8837,.T.);
#8835 = VERTEX_POINT('',#8836);
#8836 = CARTESIAN_POINT('',(12.579524431003,-0.361372508353,32.4));
#8837 = SURFACE_CURVE('',#8838,(#8842,#8849),.PCURVE_S1.);
#8838 = LINE('',#8839,#8840);
#8839 = CARTESIAN_POINT('',(12.579524431003,-0.361372508353,29.8));
#8840 = VECTOR('',#8841,1.);
#8841 = DIRECTION('',(0.,0.,1.));
#8842 = PCURVE('',#6813,#8843);
#8843 = DEFINITIONAL_REPRESENTATION('',(#8844),#8848);
#8844 = LINE('',#8845,#8846);
#8845 = CARTESIAN_POINT('',(5.77,-1.305));
#8846 = VECTOR('',#8847,1.);
#8847 = DIRECTION('',(1.,0.));
#8848 = ( GEOMETRIC_REPRESENTATION_CONTEXT(2) 
PARAMETRIC_REPRESENTATION_CONTEXT() REPRESENTATION_CONTEXT('2D SPACE',''
  ) );
#8849 = PCURVE('',#8850,#8855);
#8850 = PLANE('',#8851);
#8851 = AXIS2_PLACEMENT_3D('',#8852,#8853,#8854);
#8852 = CARTESIAN_POINT('',(12.579524431003,-0.361372508353,29.8));
#8853 = DIRECTION('',(0.995884398616,9.063258019778E-02,0.));
#8854 = DIRECTION('',(0.,-0.,1.));
#8855 = DEFINITIONAL_REPRESENTATION('',(#8856),#8860);
#8856 = LINE('',#8857,#8858);
#8857 = CARTESIAN_POINT('',(0.,0.));
#8858 = VECTOR('',#8859,1.);
#8859 = DIRECTION('',(1.,0.));
#8860 = ( GEOMETRIC_REPRESENTATION_CONTEXT(2) 
PARAMETRIC_REPRESENTATION_CONTEXT() REPRESENTATION_CONTEXT('2D SPACE',''
  ) );
#8861 = ORIENTED_EDGE('',*,*,#8862,.T.);
#8862 = EDGE_CURVE('',#8835,#8863,#8865,.T.);
#8863 = VERTEX_POINT('',#8864);
#8864 = CARTESIAN_POINT('',(13.88413299319,-0.242643828294,32.4));
#8865 = SURFACE_CURVE('',#8866,(#8870,#8877),.PCURVE_S1.);
#8866 = LINE('',#8867,#8868);
#8867 = CARTESIAN_POINT('',(12.579524431003,-0.361372508353,32.4));
#8868 = VECTOR('',#8869,1.);
#8869 = DIRECTION('',(0.995884398616,9.063258019778E-02,0.));
#8870 = PCURVE('',#6813,#8871);
#8871 = DEFINITIONAL_REPRESENTATION('',(#8872),#8876);
#8872 = LINE('',#8873,#8874);
#8873 = CARTESIAN_POINT('',(8.37,-1.305));
#8874 = VECTOR('',#8875,1.);
#8875 = DIRECTION('',(0.,1.));
#8876 = ( GEOMETRIC_REPRESENTATION_CONTEXT(2) 
PARAMETRIC_REPRESENTATION_CONTEXT() REPRESENTATION_CONTEXT('2D SPACE',''
  ) );
#8877 = PCURVE('',#8878,#8883);
#8878 = PLANE('',#8879);
#8879 = AXIS2_PLACEMENT_3D('',#8880,#8881,#8882);
#8880 = CARTESIAN_POINT('',(12.579524431003,-0.361372508353,32.4));
#8881 = DIRECTION('',(0.,0.,1.));
#8882 = DIRECTION('',(0.995884398616,9.063258019778E-02,-0.));
#8883 = DEFINITIONAL_REPRESENTATION('',(#8884),#8888);
#8884 = LINE('',#8885,#8886);
#8885 = CARTESIAN_POINT('',(0.,0.));
#8886 = VECTOR('',#8887,1.);
#8887 = DIRECTION('',(1.,0.));
#8888 = ( GEOMETRIC_REPRESENTATION_CONTEXT(2) 
PARAMETRIC_REPRESENTATION_CONTEXT() REPRESENTATION_CONTEXT('2D SPACE',''
  ) );
#8889 = ORIENTED_EDGE('',*,*,#8890,.F.);
#8890 = EDGE_CURVE('',#8891,#8863,#8893,.T.);
#8891 = VERTEX_POINT('',#8892);
#8892 = CARTESIAN_POINT('',(13.88413299319,-0.242643828294,32.39));
#8893 = SURFACE_CURVE('',#8894,(#8898,#8905),.PCURVE_S1.);
#8894 = LINE('',#8895,#8896);
#8895 = CARTESIAN_POINT('',(13.88413299319,-0.242643828294,29.8));
#8896 = VECTOR('',#8897,1.);
#8897 = DIRECTION('',(0.,0.,1.));
#8898 = PCURVE('',#6813,#8899);
#8899 = DEFINITIONAL_REPRESENTATION('',(#8900),#8904);
#8900 = LINE('',#8901,#8902);
#8901 = CARTESIAN_POINT('',(5.77,4.999999999923E-03));
#8902 = VECTOR('',#8903,1.);
#8903 = DIRECTION('',(1.,0.));
#8904 = ( GEOMETRIC_REPRESENTATION_CONTEXT(2) 
PARAMETRIC_REPRESENTATION_CONTEXT() REPRESENTATION_CONTEXT('2D SPACE',''
  ) );
#8905 = PCURVE('',#8906,#8911);
#8906 = PLANE('',#8907);
#8907 = AXIS2_PLACEMENT_3D('',#8908,#8909,#8910);
#8908 = CARTESIAN_POINT('',(13.88413299319,-0.242643828294,29.8));
#8909 = DIRECTION('',(0.995884398616,9.063258019778E-02,0.));
#8910 = DIRECTION('',(0.,-0.,1.));
#8911 = DEFINITIONAL_REPRESENTATION('',(#8912),#8916);
#8912 = LINE('',#8913,#8914);
#8913 = CARTESIAN_POINT('',(0.,0.));
#8914 = VECTOR('',#8915,1.);
#8915 = DIRECTION('',(1.,0.));
#8916 = ( GEOMETRIC_REPRESENTATION_CONTEXT(2) 
PARAMETRIC_REPRESENTATION_CONTEXT() REPRESENTATION_CONTEXT('2D SPACE',''
  ) );
#8917 = ORIENTED_EDGE('',*,*,#8918,.T.);
#8918 = EDGE_CURVE('',#8891,#8760,#8919,.T.);
#8919 = SURFACE_CURVE('',#8920,(#8924,#8931),.PCURVE_S1.);
#8920 = LINE('',#8921,#8922);
#8921 = CARTESIAN_POINT('',(13.879153571197,-0.243096991195,32.39));
#8922 = VECTOR('',#8923,1.);
#8923 = DIRECTION('',(0.995884398616,9.063258019778E-02,0.));
#8924 = PCURVE('',#6813,#8925);
#8925 = DEFINITIONAL_REPRESENTATION('',(#8926),#8930);
#8926 = LINE('',#8927,#8928);
#8927 = CARTESIAN_POINT('',(8.36,0.));
#8928 = VECTOR('',#8929,1.);
#8929 = DIRECTION('',(0.,1.));
#8930 = ( GEOMETRIC_REPRESENTATION_CONTEXT(2) 
PARAMETRIC_REPRESENTATION_CONTEXT() REPRESENTATION_CONTEXT('2D SPACE',''
  ) );
#8931 = PCURVE('',#8932,#8937);
#8932 = PLANE('',#8933);
#8933 = AXIS2_PLACEMENT_3D('',#8934,#8935,#8936);
#8934 = CARTESIAN_POINT('',(13.879153571197,-0.243096991195,32.39));
#8935 = DIRECTION('',(0.,0.,1.));
#8936 = DIRECTION('',(0.995884398616,9.063258019778E-02,-0.));
#8937 = DEFINITIONAL_REPRESENTATION('',(#8938),#8942);
#8938 = LINE('',#8939,#8940);
#8939 = CARTESIAN_POINT('',(0.,0.));
#8940 = VECTOR('',#8941,1.);
#8941 = DIRECTION('',(1.,0.));
#8942 = ( GEOMETRIC_REPRESENTATION_CONTEXT(2) 
PARAMETRIC_REPRESENTATION_CONTEXT() REPRESENTATION_CONTEXT('2D SPACE',''
  ) );
#8943 = ADVANCED_FACE('',(#8944),#6895,.T.);
#8944 = FACE_BOUND('',#8945,.T.);
#8945 = EDGE_LOOP('',(#8946,#8947,#8948,#8971));
#8946 = ORIENTED_EDGE('',*,*,#8759,.F.);
#8947 = ORIENTED_EDGE('',*,*,#6881,.T.);
#8948 = ORIENTED_EDGE('',*,*,#8949,.T.);
#8949 = EDGE_CURVE('',#6854,#8950,#8952,.T.);
#8950 = VERTEX_POINT('',#8951);
#8951 = CARTESIAN_POINT('',(15.150876648458,2.88503670396,32.39));
#8952 = SURFACE_CURVE('',#8953,(#8957,#8964),.PCURVE_S1.);
#8953 = LINE('',#8954,#8955);
#8954 = CARTESIAN_POINT('',(15.150876648458,2.88503670396,24.03));
#8955 = VECTOR('',#8956,1.);
#8956 = DIRECTION('',(0.,0.,1.));
#8957 = PCURVE('',#6895,#8958);
#8958 = DEFINITIONAL_REPRESENTATION('',(#8959),#8963);
#8959 = LINE('',#8960,#8961);
#8960 = CARTESIAN_POINT('',(0.,-3.));
#8961 = VECTOR('',#8962,1.);
#8962 = DIRECTION('',(1.,0.));
#8963 = ( GEOMETRIC_REPRESENTATION_CONTEXT(2) 
PARAMETRIC_REPRESENTATION_CONTEXT() REPRESENTATION_CONTEXT('2D SPACE',''
  ) );
#8964 = PCURVE('',#6869,#8965);
#8965 = DEFINITIONAL_REPRESENTATION('',(#8966),#8970);
#8966 = LINE('',#8967,#8968);
#8967 = CARTESIAN_POINT('',(0.,1.549999999999));
#8968 = VECTOR('',#8969,1.);
#8969 = DIRECTION('',(1.,0.));
#8970 = ( GEOMETRIC_REPRESENTATION_CONTEXT(2) 
PARAMETRIC_REPRESENTATION_CONTEXT() REPRESENTATION_CONTEXT('2D SPACE',''
  ) );
#8971 = ORIENTED_EDGE('',*,*,#8972,.F.);
#8972 = EDGE_CURVE('',#8760,#8950,#8973,.T.);
#8973 = SURFACE_CURVE('',#8974,(#8978,#8985),.PCURVE_S1.);
#8974 = LINE('',#8975,#8976);
#8975 = CARTESIAN_POINT('',(15.422774389052,-0.102616491888,32.39));
#8976 = VECTOR('',#8977,1.);
#8977 = DIRECTION('',(-9.063258019778E-02,0.995884398616,0.));
#8978 = PCURVE('',#6895,#8979);
#8979 = DEFINITIONAL_REPRESENTATION('',(#8980),#8984);
#8980 = LINE('',#8981,#8982);
#8981 = CARTESIAN_POINT('',(8.36,0.));
#8982 = VECTOR('',#8983,1.);
#8983 = DIRECTION('',(0.,-1.));
#8984 = ( GEOMETRIC_REPRESENTATION_CONTEXT(2) 
PARAMETRIC_REPRESENTATION_CONTEXT() REPRESENTATION_CONTEXT('2D SPACE',''
  ) );
#8985 = PCURVE('',#8932,#8986);
#8986 = DEFINITIONAL_REPRESENTATION('',(#8987),#8991);
#8987 = LINE('',#8988,#8989);
#8988 = CARTESIAN_POINT('',(1.55,4.210243265135E-13));
#8989 = VECTOR('',#8990,1.);
#8990 = DIRECTION('',(0.,1.));
#8991 = ( GEOMETRIC_REPRESENTATION_CONTEXT(2) 
PARAMETRIC_REPRESENTATION_CONTEXT() REPRESENTATION_CONTEXT('2D SPACE',''
  ) );
#8992 = ADVANCED_FACE('',(#8993),#6841,.F.);
#8993 = FACE_BOUND('',#8994,.F.);
#8994 = EDGE_LOOP('',(#8995,#8996,#8997,#9020));
#8995 = ORIENTED_EDGE('',*,*,#8783,.F.);
#8996 = ORIENTED_EDGE('',*,*,#6825,.T.);
#8997 = ORIENTED_EDGE('',*,*,#8998,.T.);
#8998 = EDGE_CURVE('',#6826,#8999,#9001,.T.);
#8999 = VERTEX_POINT('',#9000);
#9000 = CARTESIAN_POINT('',(13.607255830604,2.744556204653,29.8));
#9001 = SURFACE_CURVE('',#9002,(#9006,#9013),.PCURVE_S1.);
#9002 = LINE('',#9003,#9004);
#9003 = CARTESIAN_POINT('',(13.607255830604,2.744556204653,24.03));
#9004 = VECTOR('',#9005,1.);
#9005 = DIRECTION('',(0.,0.,1.));
#9006 = PCURVE('',#6841,#9007);
#9007 = DEFINITIONAL_REPRESENTATION('',(#9008),#9012);
#9008 = LINE('',#9009,#9010);
#9009 = CARTESIAN_POINT('',(0.,-3.));
#9010 = VECTOR('',#9011,1.);
#9011 = DIRECTION('',(1.,0.));
#9012 = ( GEOMETRIC_REPRESENTATION_CONTEXT(2) 
PARAMETRIC_REPRESENTATION_CONTEXT() REPRESENTATION_CONTEXT('2D SPACE',''
  ) );
#9013 = PCURVE('',#6869,#9014);
#9014 = DEFINITIONAL_REPRESENTATION('',(#9015),#9019);
#9015 = LINE('',#9016,#9017);
#9016 = CARTESIAN_POINT('',(0.,0.));
#9017 = VECTOR('',#9018,1.);
#9018 = DIRECTION('',(1.,0.));
#9019 = ( GEOMETRIC_REPRESENTATION_CONTEXT(2) 
PARAMETRIC_REPRESENTATION_CONTEXT() REPRESENTATION_CONTEXT('2D SPACE',''
  ) );
#9020 = ORIENTED_EDGE('',*,*,#9021,.T.);
#9021 = EDGE_CURVE('',#8999,#8784,#9022,.T.);
#9022 = SURFACE_CURVE('',#9023,(#9027,#9034),.PCURVE_S1.);
#9023 = LINE('',#9024,#9025);
#9024 = CARTESIAN_POINT('',(13.879153571197,-0.243096991195,29.8));
#9025 = VECTOR('',#9026,1.);
#9026 = DIRECTION('',(9.063258019778E-02,-0.995884398616,0.));
#9027 = PCURVE('',#6841,#9028);
#9028 = DEFINITIONAL_REPRESENTATION('',(#9029),#9033);
#9029 = LINE('',#9030,#9031);
#9030 = CARTESIAN_POINT('',(5.77,0.));
#9031 = VECTOR('',#9032,1.);
#9032 = DIRECTION('',(0.,1.));
#9033 = ( GEOMETRIC_REPRESENTATION_CONTEXT(2) 
PARAMETRIC_REPRESENTATION_CONTEXT() REPRESENTATION_CONTEXT('2D SPACE',''
  ) );
#9034 = PCURVE('',#8822,#9035);
#9035 = DEFINITIONAL_REPRESENTATION('',(#9036),#9040);
#9036 = LINE('',#9037,#9038);
#9037 = CARTESIAN_POINT('',(1.305,-1.133537708142E-13));
#9038 = VECTOR('',#9039,1.);
#9039 = DIRECTION('',(0.,-1.));
#9040 = ( GEOMETRIC_REPRESENTATION_CONTEXT(2) 
PARAMETRIC_REPRESENTATION_CONTEXT() REPRESENTATION_CONTEXT('2D SPACE',''
  ) );
#9041 = ADVANCED_FACE('',(#9042),#6869,.T.);
#9042 = FACE_BOUND('',#9043,.T.);
#9043 = EDGE_LOOP('',(#9044,#9045,#9046,#9047,#9070,#9093,#9116,#9139));
#9044 = ORIENTED_EDGE('',*,*,#8949,.F.);
#9045 = ORIENTED_EDGE('',*,*,#6853,.T.);
#9046 = ORIENTED_EDGE('',*,*,#8998,.T.);
#9047 = ORIENTED_EDGE('',*,*,#9048,.F.);
#9048 = EDGE_CURVE('',#9049,#8999,#9051,.T.);
#9049 = VERTEX_POINT('',#9050);
#9050 = CARTESIAN_POINT('',(12.30762669041,2.626280687495,29.8));
#9051 = SURFACE_CURVE('',#9052,(#9056,#9063),.PCURVE_S1.);
#9052 = LINE('',#9053,#9054);
#9053 = CARTESIAN_POINT('',(12.30762669041,2.626280687495,29.8));
#9054 = VECTOR('',#9055,1.);
#9055 = DIRECTION('',(0.995884398616,9.063258019778E-02,0.));
#9056 = PCURVE('',#6869,#9057);
#9057 = DEFINITIONAL_REPRESENTATION('',(#9058),#9062);
#9058 = LINE('',#9059,#9060);
#9059 = CARTESIAN_POINT('',(5.77,-1.305));
#9060 = VECTOR('',#9061,1.);
#9061 = DIRECTION('',(0.,1.));
#9062 = ( GEOMETRIC_REPRESENTATION_CONTEXT(2) 
PARAMETRIC_REPRESENTATION_CONTEXT() REPRESENTATION_CONTEXT('2D SPACE',''
  ) );
#9063 = PCURVE('',#8822,#9064);
#9064 = DEFINITIONAL_REPRESENTATION('',(#9065),#9069);
#9065 = LINE('',#9066,#9067);
#9066 = CARTESIAN_POINT('',(3.39173134023E-13,3.));
#9067 = VECTOR('',#9068,1.);
#9068 = DIRECTION('',(1.,0.));
#9069 = ( GEOMETRIC_REPRESENTATION_CONTEXT(2) 
PARAMETRIC_REPRESENTATION_CONTEXT() REPRESENTATION_CONTEXT('2D SPACE',''
  ) );
#9070 = ORIENTED_EDGE('',*,*,#9071,.T.);
#9071 = EDGE_CURVE('',#9049,#9072,#9074,.T.);
#9072 = VERTEX_POINT('',#9073);
#9073 = CARTESIAN_POINT('',(12.30762669041,2.626280687495,32.4));
#9074 = SURFACE_CURVE('',#9075,(#9079,#9086),.PCURVE_S1.);
#9075 = LINE('',#9076,#9077);
#9076 = CARTESIAN_POINT('',(12.30762669041,2.626280687495,29.8));
#9077 = VECTOR('',#9078,1.);
#9078 = DIRECTION('',(0.,0.,1.));
#9079 = PCURVE('',#6869,#9080);
#9080 = DEFINITIONAL_REPRESENTATION('',(#9081),#9085);
#9081 = LINE('',#9082,#9083);
#9082 = CARTESIAN_POINT('',(5.77,-1.305));
#9083 = VECTOR('',#9084,1.);
#9084 = DIRECTION('',(1.,0.));
#9085 = ( GEOMETRIC_REPRESENTATION_CONTEXT(2) 
PARAMETRIC_REPRESENTATION_CONTEXT() REPRESENTATION_CONTEXT('2D SPACE',''
  ) );
#9086 = PCURVE('',#8850,#9087);
#9087 = DEFINITIONAL_REPRESENTATION('',(#9088),#9092);
#9088 = LINE('',#9089,#9090);
#9089 = CARTESIAN_POINT('',(0.,-3.));
#9090 = VECTOR('',#9091,1.);
#9091 = DIRECTION('',(1.,0.));
#9092 = ( GEOMETRIC_REPRESENTATION_CONTEXT(2) 
PARAMETRIC_REPRESENTATION_CONTEXT() REPRESENTATION_CONTEXT('2D SPACE',''
  ) );
#9093 = ORIENTED_EDGE('',*,*,#9094,.T.);
#9094 = EDGE_CURVE('',#9072,#9095,#9097,.T.);
#9095 = VERTEX_POINT('',#9096);
#9096 = CARTESIAN_POINT('',(13.612235252597,2.745009367554,32.4));
#9097 = SURFACE_CURVE('',#9098,(#9102,#9109),.PCURVE_S1.);
#9098 = LINE('',#9099,#9100);
#9099 = CARTESIAN_POINT('',(12.30762669041,2.626280687495,32.4));
#9100 = VECTOR('',#9101,1.);
#9101 = DIRECTION('',(0.995884398616,9.063258019778E-02,0.));
#9102 = PCURVE('',#6869,#9103);
#9103 = DEFINITIONAL_REPRESENTATION('',(#9104),#9108);
#9104 = LINE('',#9105,#9106);
#9105 = CARTESIAN_POINT('',(8.37,-1.305));
#9106 = VECTOR('',#9107,1.);
#9107 = DIRECTION('',(0.,1.));
#9108 = ( GEOMETRIC_REPRESENTATION_CONTEXT(2) 
PARAMETRIC_REPRESENTATION_CONTEXT() REPRESENTATION_CONTEXT('2D SPACE',''
  ) );
#9109 = PCURVE('',#8878,#9110);
#9110 = DEFINITIONAL_REPRESENTATION('',(#9111),#9115);
#9111 = LINE('',#9112,#9113);
#9112 = CARTESIAN_POINT('',(3.39173134023E-13,3.));
#9113 = VECTOR('',#9114,1.);
#9114 = DIRECTION('',(1.,0.));
#9115 = ( GEOMETRIC_REPRESENTATION_CONTEXT(2) 
PARAMETRIC_REPRESENTATION_CONTEXT() REPRESENTATION_CONTEXT('2D SPACE',''
  ) );
#9116 = ORIENTED_EDGE('',*,*,#9117,.F.);
#9117 = EDGE_CURVE('',#9118,#9095,#9120,.T.);
#9118 = VERTEX_POINT('',#9119);
#9119 = CARTESIAN_POINT('',(13.612235252597,2.745009367554,32.39));
#9120 = SURFACE_CURVE('',#9121,(#9125,#9132),.PCURVE_S1.);
#9121 = LINE('',#9122,#9123);
#9122 = CARTESIAN_POINT('',(13.612235252597,2.745009367554,29.8));
#9123 = VECTOR('',#9124,1.);
#9124 = DIRECTION('',(0.,0.,1.));
#9125 = PCURVE('',#6869,#9126);
#9126 = DEFINITIONAL_REPRESENTATION('',(#9127),#9131);
#9127 = LINE('',#9128,#9129);
#9128 = CARTESIAN_POINT('',(5.77,4.999999999921E-03));
#9129 = VECTOR('',#9130,1.);
#9130 = DIRECTION('',(1.,0.));
#9131 = ( GEOMETRIC_REPRESENTATION_CONTEXT(2) 
PARAMETRIC_REPRESENTATION_CONTEXT() REPRESENTATION_CONTEXT('2D SPACE',''
  ) );
#9132 = PCURVE('',#8906,#9133);
#9133 = DEFINITIONAL_REPRESENTATION('',(#9134),#9138);
#9134 = LINE('',#9135,#9136);
#9135 = CARTESIAN_POINT('',(0.,-3.));
#9136 = VECTOR('',#9137,1.);
#9137 = DIRECTION('',(1.,0.));
#9138 = ( GEOMETRIC_REPRESENTATION_CONTEXT(2) 
PARAMETRIC_REPRESENTATION_CONTEXT() REPRESENTATION_CONTEXT('2D SPACE',''
  ) );
#9139 = ORIENTED_EDGE('',*,*,#9140,.T.);
#9140 = EDGE_CURVE('',#9118,#8950,#9141,.T.);
#9141 = SURFACE_CURVE('',#9142,(#9146,#9153),.PCURVE_S1.);
#9142 = LINE('',#9143,#9144);
#9143 = CARTESIAN_POINT('',(13.607255830604,2.744556204653,32.39));
#9144 = VECTOR('',#9145,1.);
#9145 = DIRECTION('',(0.995884398616,9.063258019778E-02,0.));
#9146 = PCURVE('',#6869,#9147);
#9147 = DEFINITIONAL_REPRESENTATION('',(#9148),#9152);
#9148 = LINE('',#9149,#9150);
#9149 = CARTESIAN_POINT('',(8.36,0.));
#9150 = VECTOR('',#9151,1.);
#9151 = DIRECTION('',(0.,1.));
#9152 = ( GEOMETRIC_REPRESENTATION_CONTEXT(2) 
PARAMETRIC_REPRESENTATION_CONTEXT() REPRESENTATION_CONTEXT('2D SPACE',''
  ) );
#9153 = PCURVE('',#8932,#9154);
#9154 = DEFINITIONAL_REPRESENTATION('',(#9155),#9159);
#9155 = LINE('',#9156,#9157);
#9156 = CARTESIAN_POINT('',(3.39173134023E-13,3.));
#9157 = VECTOR('',#9158,1.);
#9158 = DIRECTION('',(1.,0.));
#9159 = ( GEOMETRIC_REPRESENTATION_CONTEXT(2) 
PARAMETRIC_REPRESENTATION_CONTEXT() REPRESENTATION_CONTEXT('2D SPACE',''
  ) );
#9160 = ADVANCED_FACE('',(#9161),#6927,.F.);
#9161 = FACE_BOUND('',#9162,.F.);
#9162 = EDGE_LOOP('',(#9163,#9186,#9187,#9210,#9238,#9266,#9294,#9322));
#9163 = ORIENTED_EDGE('',*,*,#9164,.F.);
#9164 = EDGE_CURVE('',#6910,#9165,#9167,.T.);
#9165 = VERTEX_POINT('',#9166);
#9166 = CARTESIAN_POINT('',(15.063869371469,3.841085726631,32.39));
#9167 = SURFACE_CURVE('',#9168,(#9172,#9179),.PCURVE_S1.);
#9168 = LINE('',#9169,#9170);
#9169 = CARTESIAN_POINT('',(15.063869371469,3.841085726631,24.03));
#9170 = VECTOR('',#9171,1.);
#9171 = DIRECTION('',(0.,0.,1.));
#9172 = PCURVE('',#6927,#9173);
#9173 = DEFINITIONAL_REPRESENTATION('',(#9174),#9178);
#9174 = LINE('',#9175,#9176);
#9175 = CARTESIAN_POINT('',(0.,1.55));
#9176 = VECTOR('',#9177,1.);
#9177 = DIRECTION('',(1.,0.));
#9178 = ( GEOMETRIC_REPRESENTATION_CONTEXT(2) 
PARAMETRIC_REPRESENTATION_CONTEXT() REPRESENTATION_CONTEXT('2D SPACE',''
  ) );
#9179 = PCURVE('',#7009,#9180);
#9180 = DEFINITIONAL_REPRESENTATION('',(#9181),#9185);
#9181 = LINE('',#9182,#9183);
#9182 = CARTESIAN_POINT('',(0.,0.));
#9183 = VECTOR('',#9184,1.);
#9184 = DIRECTION('',(1.,0.));
#9185 = ( GEOMETRIC_REPRESENTATION_CONTEXT(2) 
PARAMETRIC_REPRESENTATION_CONTEXT() REPRESENTATION_CONTEXT('2D SPACE',''
  ) );
#9186 = ORIENTED_EDGE('',*,*,#6909,.T.);
#9187 = ORIENTED_EDGE('',*,*,#9188,.T.);
#9188 = EDGE_CURVE('',#6912,#9189,#9191,.T.);
#9189 = VERTEX_POINT('',#9190);
#9190 = CARTESIAN_POINT('',(13.520248553614,3.700605227325,29.8));
#9191 = SURFACE_CURVE('',#9192,(#9196,#9203),.PCURVE_S1.);
#9192 = LINE('',#9193,#9194);
#9193 = CARTESIAN_POINT('',(13.520248553614,3.700605227325,24.03));
#9194 = VECTOR('',#9195,1.);
#9195 = DIRECTION('',(0.,0.,1.));
#9196 = PCURVE('',#6927,#9197);
#9197 = DEFINITIONAL_REPRESENTATION('',(#9198),#9202);
#9198 = LINE('',#9199,#9200);
#9199 = CARTESIAN_POINT('',(0.,0.));
#9200 = VECTOR('',#9201,1.);
#9201 = DIRECTION('',(1.,0.));
#9202 = ( GEOMETRIC_REPRESENTATION_CONTEXT(2) 
PARAMETRIC_REPRESENTATION_CONTEXT() REPRESENTATION_CONTEXT('2D SPACE',''
  ) );
#9203 = PCURVE('',#6955,#9204);
#9204 = DEFINITIONAL_REPRESENTATION('',(#9205),#9209);
#9205 = LINE('',#9206,#9207);
#9206 = CARTESIAN_POINT('',(0.,0.));
#9207 = VECTOR('',#9208,1.);
#9208 = DIRECTION('',(1.,0.));
#9209 = ( GEOMETRIC_REPRESENTATION_CONTEXT(2) 
PARAMETRIC_REPRESENTATION_CONTEXT() REPRESENTATION_CONTEXT('2D SPACE',''
  ) );
#9210 = ORIENTED_EDGE('',*,*,#9211,.F.);
#9211 = EDGE_CURVE('',#9212,#9189,#9214,.T.);
#9212 = VERTEX_POINT('',#9213);
#9213 = CARTESIAN_POINT('',(12.22061941342,3.582329710167,29.8));
#9214 = SURFACE_CURVE('',#9215,(#9219,#9226),.PCURVE_S1.);
#9215 = LINE('',#9216,#9217);
#9216 = CARTESIAN_POINT('',(12.22061941342,3.582329710167,29.8));
#9217 = VECTOR('',#9218,1.);
#9218 = DIRECTION('',(0.995884398616,9.063258019778E-02,0.));
#9219 = PCURVE('',#6927,#9220);
#9220 = DEFINITIONAL_REPRESENTATION('',(#9221),#9225);
#9221 = LINE('',#9222,#9223);
#9222 = CARTESIAN_POINT('',(5.77,-1.305));
#9223 = VECTOR('',#9224,1.);
#9224 = DIRECTION('',(0.,1.));
#9225 = ( GEOMETRIC_REPRESENTATION_CONTEXT(2) 
PARAMETRIC_REPRESENTATION_CONTEXT() REPRESENTATION_CONTEXT('2D SPACE',''
  ) );
#9226 = PCURVE('',#9227,#9232);
#9227 = PLANE('',#9228);
#9228 = AXIS2_PLACEMENT_3D('',#9229,#9230,#9231);
#9229 = CARTESIAN_POINT('',(12.22061941342,3.582329710167,29.8));
#9230 = DIRECTION('',(0.,0.,1.));
#9231 = DIRECTION('',(0.995884398616,9.063258019778E-02,-0.));
#9232 = DEFINITIONAL_REPRESENTATION('',(#9233),#9237);
#9233 = LINE('',#9234,#9235);
#9234 = CARTESIAN_POINT('',(0.,0.));
#9235 = VECTOR('',#9236,1.);
#9236 = DIRECTION('',(1.,0.));
#9237 = ( GEOMETRIC_REPRESENTATION_CONTEXT(2) 
PARAMETRIC_REPRESENTATION_CONTEXT() REPRESENTATION_CONTEXT('2D SPACE',''
  ) );
#9238 = ORIENTED_EDGE('',*,*,#9239,.T.);
#9239 = EDGE_CURVE('',#9212,#9240,#9242,.T.);
#9240 = VERTEX_POINT('',#9241);
#9241 = CARTESIAN_POINT('',(12.22061941342,3.582329710167,32.4));
#9242 = SURFACE_CURVE('',#9243,(#9247,#9254),.PCURVE_S1.);
#9243 = LINE('',#9244,#9245);
#9244 = CARTESIAN_POINT('',(12.22061941342,3.582329710167,29.8));
#9245 = VECTOR('',#9246,1.);
#9246 = DIRECTION('',(0.,0.,1.));
#9247 = PCURVE('',#6927,#9248);
#9248 = DEFINITIONAL_REPRESENTATION('',(#9249),#9253);
#9249 = LINE('',#9250,#9251);
#9250 = CARTESIAN_POINT('',(5.77,-1.305));
#9251 = VECTOR('',#9252,1.);
#9252 = DIRECTION('',(1.,0.));
#9253 = ( GEOMETRIC_REPRESENTATION_CONTEXT(2) 
PARAMETRIC_REPRESENTATION_CONTEXT() REPRESENTATION_CONTEXT('2D SPACE',''
  ) );
#9254 = PCURVE('',#9255,#9260);
#9255 = PLANE('',#9256);
#9256 = AXIS2_PLACEMENT_3D('',#9257,#9258,#9259);
#9257 = CARTESIAN_POINT('',(12.22061941342,3.582329710167,29.8));
#9258 = DIRECTION('',(0.995884398616,9.063258019778E-02,0.));
#9259 = DIRECTION('',(0.,-0.,1.));
#9260 = DEFINITIONAL_REPRESENTATION('',(#9261),#9265);
#9261 = LINE('',#9262,#9263);
#9262 = CARTESIAN_POINT('',(0.,0.));
#9263 = VECTOR('',#9264,1.);
#9264 = DIRECTION('',(1.,0.));
#9265 = ( GEOMETRIC_REPRESENTATION_CONTEXT(2) 
PARAMETRIC_REPRESENTATION_CONTEXT() REPRESENTATION_CONTEXT('2D SPACE',''
  ) );
#9266 = ORIENTED_EDGE('',*,*,#9267,.T.);
#9267 = EDGE_CURVE('',#9240,#9268,#9270,.T.);
#9268 = VERTEX_POINT('',#9269);
#9269 = CARTESIAN_POINT('',(13.525227975607,3.701058390226,32.4));
#9270 = SURFACE_CURVE('',#9271,(#9275,#9282),.PCURVE_S1.);
#9271 = LINE('',#9272,#9273);
#9272 = CARTESIAN_POINT('',(12.22061941342,3.582329710167,32.4));
#9273 = VECTOR('',#9274,1.);
#9274 = DIRECTION('',(0.995884398616,9.063258019778E-02,0.));
#9275 = PCURVE('',#6927,#9276);
#9276 = DEFINITIONAL_REPRESENTATION('',(#9277),#9281);
#9277 = LINE('',#9278,#9279);
#9278 = CARTESIAN_POINT('',(8.37,-1.305));
#9279 = VECTOR('',#9280,1.);
#9280 = DIRECTION('',(0.,1.));
#9281 = ( GEOMETRIC_REPRESENTATION_CONTEXT(2) 
PARAMETRIC_REPRESENTATION_CONTEXT() REPRESENTATION_CONTEXT('2D SPACE',''
  ) );
#9282 = PCURVE('',#9283,#9288);
#9283 = PLANE('',#9284);
#9284 = AXIS2_PLACEMENT_3D('',#9285,#9286,#9287);
#9285 = CARTESIAN_POINT('',(12.22061941342,3.582329710167,32.4));
#9286 = DIRECTION('',(0.,0.,1.));
#9287 = DIRECTION('',(0.995884398616,9.063258019778E-02,-0.));
#9288 = DEFINITIONAL_REPRESENTATION('',(#9289),#9293);
#9289 = LINE('',#9290,#9291);
#9290 = CARTESIAN_POINT('',(0.,0.));
#9291 = VECTOR('',#9292,1.);
#9292 = DIRECTION('',(1.,0.));
#9293 = ( GEOMETRIC_REPRESENTATION_CONTEXT(2) 
PARAMETRIC_REPRESENTATION_CONTEXT() REPRESENTATION_CONTEXT('2D SPACE',''
  ) );
#9294 = ORIENTED_EDGE('',*,*,#9295,.F.);
#9295 = EDGE_CURVE('',#9296,#9268,#9298,.T.);
#9296 = VERTEX_POINT('',#9297);
#9297 = CARTESIAN_POINT('',(13.525227975607,3.701058390226,32.39));
#9298 = SURFACE_CURVE('',#9299,(#9303,#9310),.PCURVE_S1.);
#9299 = LINE('',#9300,#9301);
#9300 = CARTESIAN_POINT('',(13.525227975607,3.701058390226,29.8));
#9301 = VECTOR('',#9302,1.);
#9302 = DIRECTION('',(0.,0.,1.));
#9303 = PCURVE('',#6927,#9304);
#9304 = DEFINITIONAL_REPRESENTATION('',(#9305),#9309);
#9305 = LINE('',#9306,#9307);
#9306 = CARTESIAN_POINT('',(5.77,4.999999999923E-03));
#9307 = VECTOR('',#9308,1.);
#9308 = DIRECTION('',(1.,0.));
#9309 = ( GEOMETRIC_REPRESENTATION_CONTEXT(2) 
PARAMETRIC_REPRESENTATION_CONTEXT() REPRESENTATION_CONTEXT('2D SPACE',''
  ) );
#9310 = PCURVE('',#9311,#9316);
#9311 = PLANE('',#9312);
#9312 = AXIS2_PLACEMENT_3D('',#9313,#9314,#9315);
#9313 = CARTESIAN_POINT('',(13.525227975607,3.701058390226,29.8));
#9314 = DIRECTION('',(0.995884398616,9.063258019778E-02,0.));
#9315 = DIRECTION('',(0.,-0.,1.));
#9316 = DEFINITIONAL_REPRESENTATION('',(#9317),#9321);
#9317 = LINE('',#9318,#9319);
#9318 = CARTESIAN_POINT('',(0.,0.));
#9319 = VECTOR('',#9320,1.);
#9320 = DIRECTION('',(1.,0.));
#9321 = ( GEOMETRIC_REPRESENTATION_CONTEXT(2) 
PARAMETRIC_REPRESENTATION_CONTEXT() REPRESENTATION_CONTEXT('2D SPACE',''
  ) );
#9322 = ORIENTED_EDGE('',*,*,#9323,.T.);
#9323 = EDGE_CURVE('',#9296,#9165,#9324,.T.);
#9324 = SURFACE_CURVE('',#9325,(#9329,#9336),.PCURVE_S1.);
#9325 = LINE('',#9326,#9327);
#9326 = CARTESIAN_POINT('',(13.520248553614,3.700605227325,32.39));
#9327 = VECTOR('',#9328,1.);
#9328 = DIRECTION('',(0.995884398616,9.063258019778E-02,0.));
#9329 = PCURVE('',#6927,#9330);
#9330 = DEFINITIONAL_REPRESENTATION('',(#9331),#9335);
#9331 = LINE('',#9332,#9333);
#9332 = CARTESIAN_POINT('',(8.36,0.));
#9333 = VECTOR('',#9334,1.);
#9334 = DIRECTION('',(0.,1.));
#9335 = ( GEOMETRIC_REPRESENTATION_CONTEXT(2) 
PARAMETRIC_REPRESENTATION_CONTEXT() REPRESENTATION_CONTEXT('2D SPACE',''
  ) );
#9336 = PCURVE('',#9337,#9342);
#9337 = PLANE('',#9338);
#9338 = AXIS2_PLACEMENT_3D('',#9339,#9340,#9341);
#9339 = CARTESIAN_POINT('',(13.520248553614,3.700605227325,32.39));
#9340 = DIRECTION('',(0.,0.,1.));
#9341 = DIRECTION('',(0.995884398616,9.063258019778E-02,-0.));
#9342 = DEFINITIONAL_REPRESENTATION('',(#9343),#9347);
#9343 = LINE('',#9344,#9345);
#9344 = CARTESIAN_POINT('',(0.,0.));
#9345 = VECTOR('',#9346,1.);
#9346 = DIRECTION('',(1.,0.));
#9347 = ( GEOMETRIC_REPRESENTATION_CONTEXT(2) 
PARAMETRIC_REPRESENTATION_CONTEXT() REPRESENTATION_CONTEXT('2D SPACE',''
  ) );
#9348 = ADVANCED_FACE('',(#9349),#7009,.T.);
#9349 = FACE_BOUND('',#9350,.T.);
#9350 = EDGE_LOOP('',(#9351,#9352,#9353,#9376));
#9351 = ORIENTED_EDGE('',*,*,#9164,.F.);
#9352 = ORIENTED_EDGE('',*,*,#6995,.T.);
#9353 = ORIENTED_EDGE('',*,*,#9354,.T.);
#9354 = EDGE_CURVE('',#6968,#9355,#9357,.T.);
#9355 = VERTEX_POINT('',#9356);
#9356 = CARTESIAN_POINT('',(14.791971630875,6.828738922479,32.39));
#9357 = SURFACE_CURVE('',#9358,(#9362,#9369),.PCURVE_S1.);
#9358 = LINE('',#9359,#9360);
#9359 = CARTESIAN_POINT('',(14.791971630875,6.828738922479,24.03));
#9360 = VECTOR('',#9361,1.);
#9361 = DIRECTION('',(0.,0.,1.));
#9362 = PCURVE('',#7009,#9363);
#9363 = DEFINITIONAL_REPRESENTATION('',(#9364),#9368);
#9364 = LINE('',#9365,#9366);
#9365 = CARTESIAN_POINT('',(0.,-3.));
#9366 = VECTOR('',#9367,1.);
#9367 = DIRECTION('',(1.,0.));
#9368 = ( GEOMETRIC_REPRESENTATION_CONTEXT(2) 
PARAMETRIC_REPRESENTATION_CONTEXT() REPRESENTATION_CONTEXT('2D SPACE',''
  ) );
#9369 = PCURVE('',#6983,#9370);
#9370 = DEFINITIONAL_REPRESENTATION('',(#9371),#9375);
#9371 = LINE('',#9372,#9373);
#9372 = CARTESIAN_POINT('',(0.,1.549999999999));
#9373 = VECTOR('',#9374,1.);
#9374 = DIRECTION('',(1.,0.));
#9375 = ( GEOMETRIC_REPRESENTATION_CONTEXT(2) 
PARAMETRIC_REPRESENTATION_CONTEXT() REPRESENTATION_CONTEXT('2D SPACE',''
  ) );
#9376 = ORIENTED_EDGE('',*,*,#9377,.F.);
#9377 = EDGE_CURVE('',#9165,#9355,#9378,.T.);
#9378 = SURFACE_CURVE('',#9379,(#9383,#9390),.PCURVE_S1.);
#9379 = LINE('',#9380,#9381);
#9380 = CARTESIAN_POINT('',(15.063869371469,3.841085726631,32.39));
#9381 = VECTOR('',#9382,1.);
#9382 = DIRECTION('',(-9.063258019778E-02,0.995884398616,0.));
#9383 = PCURVE('',#7009,#9384);
#9384 = DEFINITIONAL_REPRESENTATION('',(#9385),#9389);
#9385 = LINE('',#9386,#9387);
#9386 = CARTESIAN_POINT('',(8.36,0.));
#9387 = VECTOR('',#9388,1.);
#9388 = DIRECTION('',(0.,-1.));
#9389 = ( GEOMETRIC_REPRESENTATION_CONTEXT(2) 
PARAMETRIC_REPRESENTATION_CONTEXT() REPRESENTATION_CONTEXT('2D SPACE',''
  ) );
#9390 = PCURVE('',#9337,#9391);
#9391 = DEFINITIONAL_REPRESENTATION('',(#9392),#9396);
#9392 = LINE('',#9393,#9394);
#9393 = CARTESIAN_POINT('',(1.55,-5.750677711802E-13));
#9394 = VECTOR('',#9395,1.);
#9395 = DIRECTION('',(0.,1.));
#9396 = ( GEOMETRIC_REPRESENTATION_CONTEXT(2) 
PARAMETRIC_REPRESENTATION_CONTEXT() REPRESENTATION_CONTEXT('2D SPACE',''
  ) );
#9397 = ADVANCED_FACE('',(#9398),#6983,.T.);
#9398 = FACE_BOUND('',#9399,.T.);
#9399 = EDGE_LOOP('',(#9400,#9401,#9402,#9425,#9448,#9471,#9494,#9517));
#9400 = ORIENTED_EDGE('',*,*,#9354,.F.);
#9401 = ORIENTED_EDGE('',*,*,#6967,.T.);
#9402 = ORIENTED_EDGE('',*,*,#9403,.T.);
#9403 = EDGE_CURVE('',#6940,#9404,#9406,.T.);
#9404 = VERTEX_POINT('',#9405);
#9405 = CARTESIAN_POINT('',(13.248350813021,6.688258423173,29.8));
#9406 = SURFACE_CURVE('',#9407,(#9411,#9418),.PCURVE_S1.);
#9407 = LINE('',#9408,#9409);
#9408 = CARTESIAN_POINT('',(13.248350813021,6.688258423173,24.03));
#9409 = VECTOR('',#9410,1.);
#9410 = DIRECTION('',(0.,0.,1.));
#9411 = PCURVE('',#6983,#9412);
#9412 = DEFINITIONAL_REPRESENTATION('',(#9413),#9417);
#9413 = LINE('',#9414,#9415);
#9414 = CARTESIAN_POINT('',(0.,0.));
#9415 = VECTOR('',#9416,1.);
#9416 = DIRECTION('',(1.,0.));
#9417 = ( GEOMETRIC_REPRESENTATION_CONTEXT(2) 
PARAMETRIC_REPRESENTATION_CONTEXT() REPRESENTATION_CONTEXT('2D SPACE',''
  ) );
#9418 = PCURVE('',#6955,#9419);
#9419 = DEFINITIONAL_REPRESENTATION('',(#9420),#9424);
#9420 = LINE('',#9421,#9422);
#9421 = CARTESIAN_POINT('',(0.,-3.));
#9422 = VECTOR('',#9423,1.);
#9423 = DIRECTION('',(1.,0.));
#9424 = ( GEOMETRIC_REPRESENTATION_CONTEXT(2) 
PARAMETRIC_REPRESENTATION_CONTEXT() REPRESENTATION_CONTEXT('2D SPACE',''
  ) );
#9425 = ORIENTED_EDGE('',*,*,#9426,.F.);
#9426 = EDGE_CURVE('',#9427,#9404,#9429,.T.);
#9427 = VERTEX_POINT('',#9428);
#9428 = CARTESIAN_POINT('',(11.948721672827,6.569982906014,29.8));
#9429 = SURFACE_CURVE('',#9430,(#9434,#9441),.PCURVE_S1.);
#9430 = LINE('',#9431,#9432);
#9431 = CARTESIAN_POINT('',(11.948721672827,6.569982906014,29.8));
#9432 = VECTOR('',#9433,1.);
#9433 = DIRECTION('',(0.995884398616,9.063258019778E-02,0.));
#9434 = PCURVE('',#6983,#9435);
#9435 = DEFINITIONAL_REPRESENTATION('',(#9436),#9440);
#9436 = LINE('',#9437,#9438);
#9437 = CARTESIAN_POINT('',(5.77,-1.305));
#9438 = VECTOR('',#9439,1.);
#9439 = DIRECTION('',(0.,1.));
#9440 = ( GEOMETRIC_REPRESENTATION_CONTEXT(2) 
PARAMETRIC_REPRESENTATION_CONTEXT() REPRESENTATION_CONTEXT('2D SPACE',''
  ) );
#9441 = PCURVE('',#9227,#9442);
#9442 = DEFINITIONAL_REPRESENTATION('',(#9443),#9447);
#9443 = LINE('',#9444,#9445);
#9444 = CARTESIAN_POINT('',(2.485789352136E-13,2.999999999999));
#9445 = VECTOR('',#9446,1.);
#9446 = DIRECTION('',(1.,0.));
#9447 = ( GEOMETRIC_REPRESENTATION_CONTEXT(2) 
PARAMETRIC_REPRESENTATION_CONTEXT() REPRESENTATION_CONTEXT('2D SPACE',''
  ) );
#9448 = ORIENTED_EDGE('',*,*,#9449,.T.);
#9449 = EDGE_CURVE('',#9427,#9450,#9452,.T.);
#9450 = VERTEX_POINT('',#9451);
#9451 = CARTESIAN_POINT('',(11.948721672827,6.569982906014,32.4));
#9452 = SURFACE_CURVE('',#9453,(#9457,#9464),.PCURVE_S1.);
#9453 = LINE('',#9454,#9455);
#9454 = CARTESIAN_POINT('',(11.948721672827,6.569982906014,29.8));
#9455 = VECTOR('',#9456,1.);
#9456 = DIRECTION('',(0.,0.,1.));
#9457 = PCURVE('',#6983,#9458);
#9458 = DEFINITIONAL_REPRESENTATION('',(#9459),#9463);
#9459 = LINE('',#9460,#9461);
#9460 = CARTESIAN_POINT('',(5.77,-1.305));
#9461 = VECTOR('',#9462,1.);
#9462 = DIRECTION('',(1.,0.));
#9463 = ( GEOMETRIC_REPRESENTATION_CONTEXT(2) 
PARAMETRIC_REPRESENTATION_CONTEXT() REPRESENTATION_CONTEXT('2D SPACE',''
  ) );
#9464 = PCURVE('',#9255,#9465);
#9465 = DEFINITIONAL_REPRESENTATION('',(#9466),#9470);
#9466 = LINE('',#9467,#9468);
#9467 = CARTESIAN_POINT('',(0.,-2.999999999999));
#9468 = VECTOR('',#9469,1.);
#9469 = DIRECTION('',(1.,0.));
#9470 = ( GEOMETRIC_REPRESENTATION_CONTEXT(2) 
PARAMETRIC_REPRESENTATION_CONTEXT() REPRESENTATION_CONTEXT('2D SPACE',''
  ) );
#9471 = ORIENTED_EDGE('',*,*,#9472,.T.);
#9472 = EDGE_CURVE('',#9450,#9473,#9475,.T.);
#9473 = VERTEX_POINT('',#9474);
#9474 = CARTESIAN_POINT('',(13.253330235014,6.688711586074,32.4));
#9475 = SURFACE_CURVE('',#9476,(#9480,#9487),.PCURVE_S1.);
#9476 = LINE('',#9477,#9478);
#9477 = CARTESIAN_POINT('',(11.948721672827,6.569982906014,32.4));
#9478 = VECTOR('',#9479,1.);
#9479 = DIRECTION('',(0.995884398616,9.063258019778E-02,0.));
#9480 = PCURVE('',#6983,#9481);
#9481 = DEFINITIONAL_REPRESENTATION('',(#9482),#9486);
#9482 = LINE('',#9483,#9484);
#9483 = CARTESIAN_POINT('',(8.37,-1.305));
#9484 = VECTOR('',#9485,1.);
#9485 = DIRECTION('',(0.,1.));
#9486 = ( GEOMETRIC_REPRESENTATION_CONTEXT(2) 
PARAMETRIC_REPRESENTATION_CONTEXT() REPRESENTATION_CONTEXT('2D SPACE',''
  ) );
#9487 = PCURVE('',#9283,#9488);
#9488 = DEFINITIONAL_REPRESENTATION('',(#9489),#9493);
#9489 = LINE('',#9490,#9491);
#9490 = CARTESIAN_POINT('',(2.485789352136E-13,2.999999999999));
#9491 = VECTOR('',#9492,1.);
#9492 = DIRECTION('',(1.,0.));
#9493 = ( GEOMETRIC_REPRESENTATION_CONTEXT(2) 
PARAMETRIC_REPRESENTATION_CONTEXT() REPRESENTATION_CONTEXT('2D SPACE',''
  ) );
#9494 = ORIENTED_EDGE('',*,*,#9495,.F.);
#9495 = EDGE_CURVE('',#9496,#9473,#9498,.T.);
#9496 = VERTEX_POINT('',#9497);
#9497 = CARTESIAN_POINT('',(13.253330235014,6.688711586074,32.39));
#9498 = SURFACE_CURVE('',#9499,(#9503,#9510),.PCURVE_S1.);
#9499 = LINE('',#9500,#9501);
#9500 = CARTESIAN_POINT('',(13.253330235014,6.688711586074,29.8));
#9501 = VECTOR('',#9502,1.);
#9502 = DIRECTION('',(0.,0.,1.));
#9503 = PCURVE('',#6983,#9504);
#9504 = DEFINITIONAL_REPRESENTATION('',(#9505),#9509);
#9505 = LINE('',#9506,#9507);
#9506 = CARTESIAN_POINT('',(5.77,4.999999999921E-03));
#9507 = VECTOR('',#9508,1.);
#9508 = DIRECTION('',(1.,0.));
#9509 = ( GEOMETRIC_REPRESENTATION_CONTEXT(2) 
PARAMETRIC_REPRESENTATION_CONTEXT() REPRESENTATION_CONTEXT('2D SPACE',''
  ) );
#9510 = PCURVE('',#9311,#9511);
#9511 = DEFINITIONAL_REPRESENTATION('',(#9512),#9516);
#9512 = LINE('',#9513,#9514);
#9513 = CARTESIAN_POINT('',(0.,-3.));
#9514 = VECTOR('',#9515,1.);
#9515 = DIRECTION('',(1.,0.));
#9516 = ( GEOMETRIC_REPRESENTATION_CONTEXT(2) 
PARAMETRIC_REPRESENTATION_CONTEXT() REPRESENTATION_CONTEXT('2D SPACE',''
  ) );
#9517 = ORIENTED_EDGE('',*,*,#9518,.T.);
#9518 = EDGE_CURVE('',#9496,#9355,#9519,.T.);
#9519 = SURFACE_CURVE('',#9520,(#9524,#9531),.PCURVE_S1.);
#9520 = LINE('',#9521,#9522);
#9521 = CARTESIAN_POINT('',(13.248350813021,6.688258423173,32.39));
#9522 = VECTOR('',#9523,1.);
#9523 = DIRECTION('',(0.995884398616,9.063258019778E-02,0.));
#9524 = PCURVE('',#6983,#9525);
#9525 = DEFINITIONAL_REPRESENTATION('',(#9526),#9530);
#9526 = LINE('',#9527,#9528);
#9527 = CARTESIAN_POINT('',(8.36,0.));
#9528 = VECTOR('',#9529,1.);
#9529 = DIRECTION('',(0.,1.));
#9530 = ( GEOMETRIC_REPRESENTATION_CONTEXT(2) 
PARAMETRIC_REPRESENTATION_CONTEXT() REPRESENTATION_CONTEXT('2D SPACE',''
  ) );
#9531 = PCURVE('',#9337,#9532);
#9532 = DEFINITIONAL_REPRESENTATION('',(#9533),#9537);
#9533 = LINE('',#9534,#9535);
#9534 = CARTESIAN_POINT('',(3.39173134023E-13,3.));
#9535 = VECTOR('',#9536,1.);
#9536 = DIRECTION('',(1.,0.));
#9537 = ( GEOMETRIC_REPRESENTATION_CONTEXT(2) 
PARAMETRIC_REPRESENTATION_CONTEXT() REPRESENTATION_CONTEXT('2D SPACE',''
  ) );
#9538 = ADVANCED_FACE('',(#9539),#6955,.F.);
#9539 = FACE_BOUND('',#9540,.F.);
#9540 = EDGE_LOOP('',(#9541,#9542,#9543,#9544));
#9541 = ORIENTED_EDGE('',*,*,#9188,.F.);
#9542 = ORIENTED_EDGE('',*,*,#6939,.T.);
#9543 = ORIENTED_EDGE('',*,*,#9403,.T.);
#9544 = ORIENTED_EDGE('',*,*,#9545,.T.);
#9545 = EDGE_CURVE('',#9404,#9189,#9546,.T.);
#9546 = SURFACE_CURVE('',#9547,(#9551,#9558),.PCURVE_S1.);
#9547 = LINE('',#9548,#9549);
#9548 = CARTESIAN_POINT('',(13.520248553614,3.700605227325,29.8));
#9549 = VECTOR('',#9550,1.);
#9550 = DIRECTION('',(9.063258019778E-02,-0.995884398616,0.));
#9551 = PCURVE('',#6955,#9552);
#9552 = DEFINITIONAL_REPRESENTATION('',(#9553),#9557);
#9553 = LINE('',#9554,#9555);
#9554 = CARTESIAN_POINT('',(5.77,0.));
#9555 = VECTOR('',#9556,1.);
#9556 = DIRECTION('',(0.,1.));
#9557 = ( GEOMETRIC_REPRESENTATION_CONTEXT(2) 
PARAMETRIC_REPRESENTATION_CONTEXT() REPRESENTATION_CONTEXT('2D SPACE',''
  ) );
#9558 = PCURVE('',#9227,#9559);
#9559 = DEFINITIONAL_REPRESENTATION('',(#9560),#9564);
#9560 = LINE('',#9561,#9562);
#9561 = CARTESIAN_POINT('',(1.305,-1.132427485118E-13));
#9562 = VECTOR('',#9563,1.);
#9563 = DIRECTION('',(0.,-1.));
#9564 = ( GEOMETRIC_REPRESENTATION_CONTEXT(2) 
PARAMETRIC_REPRESENTATION_CONTEXT() REPRESENTATION_CONTEXT('2D SPACE',''
  ) );
#9565 = ADVANCED_FACE('',(#9566),#7113,.T.);
#9566 = FACE_BOUND('',#9567,.T.);
#9567 = EDGE_LOOP('',(#9568,#9569,#9592,#9619));
#9568 = ORIENTED_EDGE('',*,*,#7098,.T.);
#9569 = ORIENTED_EDGE('',*,*,#9570,.T.);
#9570 = EDGE_CURVE('',#7076,#9571,#9573,.T.);
#9571 = VERTEX_POINT('',#9572);
#9572 = CARTESIAN_POINT('',(-1.256605260703,-32.23666692977,
    22.753744117518));
#9573 = SEAM_CURVE('',#9574,(#9578,#9585),.PCURVE_S1.);
#9574 = LINE('',#9575,#9576);
#9575 = CARTESIAN_POINT('',(-1.316184070926,-31.63973885031,
    22.765023892263));
#9576 = VECTOR('',#9577,1.);
#9577 = DIRECTION('',(9.929801703841E-02,-0.994880132442,
    -1.879962457525E-02));
#9578 = PCURVE('',#7113,#9579);
#9579 = DEFINITIONAL_REPRESENTATION('',(#9580),#9584);
#9580 = LINE('',#9581,#9582);
#9581 = CARTESIAN_POINT('',(6.28318530718,0.));
#9582 = VECTOR('',#9583,1.);
#9583 = DIRECTION('',(0.,1.));
#9584 = ( GEOMETRIC_REPRESENTATION_CONTEXT(2) 
PARAMETRIC_REPRESENTATION_CONTEXT() REPRESENTATION_CONTEXT('2D SPACE',''
  ) );
#9585 = PCURVE('',#7113,#9586);
#9586 = DEFINITIONAL_REPRESENTATION('',(#9587),#9591);
#9587 = LINE('',#9588,#9589);
#9588 = CARTESIAN_POINT('',(4.138911435803E-13,0.));
#9589 = VECTOR('',#9590,1.);
#9590 = DIRECTION('',(0.,1.));
#9591 = ( GEOMETRIC_REPRESENTATION_CONTEXT(2) 
PARAMETRIC_REPRESENTATION_CONTEXT() REPRESENTATION_CONTEXT('2D SPACE',''
  ) );
#9592 = ORIENTED_EDGE('',*,*,#9593,.F.);
#9593 = EDGE_CURVE('',#9571,#9571,#9594,.T.);
#9594 = SURFACE_CURVE('',#9595,(#9600,#9607),.PCURVE_S1.);
#9595 = CIRCLE('',#9596,3.1);
#9596 = AXIS2_PLACEMENT_3D('',#9597,#9598,#9599);
#9597 = CARTESIAN_POINT('',(-1.262393256475,-32.1786762249,
    19.65429197605));
#9598 = DIRECTION('',(9.929801703841E-02,-0.994880132442,
    -1.879962457525E-02));
#9599 = DIRECTION('',(1.867095410469E-03,-1.87066789917E-02,
    0.999823271441));
#9600 = PCURVE('',#7113,#9601);
#9601 = DEFINITIONAL_REPRESENTATION('',(#9602),#9606);
#9602 = LINE('',#9603,#9604);
#9603 = CARTESIAN_POINT('',(0.,0.6));
#9604 = VECTOR('',#9605,1.);
#9605 = DIRECTION('',(1.,0.));
#9606 = ( GEOMETRIC_REPRESENTATION_CONTEXT(2) 
PARAMETRIC_REPRESENTATION_CONTEXT() REPRESENTATION_CONTEXT('2D SPACE',''
  ) );
#9607 = PCURVE('',#9608,#9613);
#9608 = CONICAL_SURFACE('',#9609,3.1,0.229231933277);
#9609 = AXIS2_PLACEMENT_3D('',#9610,#9611,#9612);
#9610 = CARTESIAN_POINT('',(-1.262393256475,-32.1786762249,
    19.65429197605));
#9611 = DIRECTION('',(-9.929801703841E-02,0.994880132442,
    1.879962457525E-02));
#9612 = DIRECTION('',(1.867095410469E-03,-1.87066789917E-02,
    0.999823271441));
#9613 = DEFINITIONAL_REPRESENTATION('',(#9614),#9618);
#9614 = LINE('',#9615,#9616);
#9615 = CARTESIAN_POINT('',(6.28318530718,-4.913526557877E-16));
#9616 = VECTOR('',#9617,1.);
#9617 = DIRECTION('',(-1.,0.));
#9618 = ( GEOMETRIC_REPRESENTATION_CONTEXT(2) 
PARAMETRIC_REPRESENTATION_CONTEXT() REPRESENTATION_CONTEXT('2D SPACE',''
  ) );
#9619 = ORIENTED_EDGE('',*,*,#9570,.F.);
#9620 = ADVANCED_FACE('',(#9621),#7146,.T.);
#9621 = FACE_BOUND('',#9622,.T.);
#9622 = EDGE_LOOP('',(#9623,#9645,#9672,#9673));
#9623 = ORIENTED_EDGE('',*,*,#9624,.F.);
#9624 = EDGE_CURVE('',#9625,#7130,#9627,.T.);
#9625 = VERTEX_POINT('',#9626);
#9626 = CARTESIAN_POINT('',(15.415792967921,-9.439450757241E-16,0.));
#9627 = SEAM_CURVE('',#9628,(#9633,#9639),.PCURVE_S1.);
#9628 = CIRCLE('',#9629,0.3);
#9629 = AXIS2_PLACEMENT_3D('',#9630,#9631,#9632);
#9630 = CARTESIAN_POINT('',(15.415792967921,-9.439450757241E-16,0.3));
#9631 = DIRECTION('',(-6.123233995737E-17,-1.,0.));
#9632 = DIRECTION('',(1.,-6.123233995737E-17,0.));
#9633 = PCURVE('',#7146,#9634);
#9634 = DEFINITIONAL_REPRESENTATION('',(#9635),#9638);
#9635 = B_SPLINE_CURVE_WITH_KNOTS('',1,(#9636,#9637),.UNSPECIFIED.,.F.,
  .F.,(2,2),(4.712388980385,6.263687778241),.PIECEWISE_BEZIER_KNOTS.);
#9636 = CARTESIAN_POINT('',(0.,4.712388980385));
#9637 = CARTESIAN_POINT('',(0.,6.263687778241));
#9638 = ( GEOMETRIC_REPRESENTATION_CONTEXT(2) 
PARAMETRIC_REPRESENTATION_CONTEXT() REPRESENTATION_CONTEXT('2D SPACE',''
  ) );
#9639 = PCURVE('',#7146,#9640);
#9640 = DEFINITIONAL_REPRESENTATION('',(#9641),#9644);
#9641 = B_SPLINE_CURVE_WITH_KNOTS('',1,(#9642,#9643),.UNSPECIFIED.,.F.,
  .F.,(2,2),(4.712388980385,6.263687778241),.PIECEWISE_BEZIER_KNOTS.);
#9642 = CARTESIAN_POINT('',(6.28318530718,4.712388980385));
#9643 = CARTESIAN_POINT('',(6.28318530718,6.263687778241));
#9644 = ( GEOMETRIC_REPRESENTATION_CONTEXT(2) 
PARAMETRIC_REPRESENTATION_CONTEXT() REPRESENTATION_CONTEXT('2D SPACE',''
  ) );
#9645 = ORIENTED_EDGE('',*,*,#9646,.T.);
#9646 = EDGE_CURVE('',#9625,#9625,#9647,.T.);
#9647 = SURFACE_CURVE('',#9648,(#9653,#9660),.PCURVE_S1.);
#9648 = CIRCLE('',#9649,15.415792967921);
#9649 = AXIS2_PLACEMENT_3D('',#9650,#9651,#9652);
#9650 = CARTESIAN_POINT('',(0.,0.,0.));
#9651 = DIRECTION('',(0.,-0.,1.));
#9652 = DIRECTION('',(1.,-6.123233995737E-17,-0.));
#9653 = PCURVE('',#7146,#9654);
#9654 = DEFINITIONAL_REPRESENTATION('',(#9655),#9659);
#9655 = LINE('',#9656,#9657);
#9656 = CARTESIAN_POINT('',(0.,4.712388980385));
#9657 = VECTOR('',#9658,1.);
#9658 = DIRECTION('',(1.,0.));
#9659 = ( GEOMETRIC_REPRESENTATION_CONTEXT(2) 
PARAMETRIC_REPRESENTATION_CONTEXT() REPRESENTATION_CONTEXT('2D SPACE',''
  ) );
#9660 = PCURVE('',#9661,#9666);
#9661 = PLANE('',#9662);
#9662 = AXIS2_PLACEMENT_3D('',#9663,#9664,#9665);
#9663 = CARTESIAN_POINT('',(0.,0.,0.));
#9664 = DIRECTION('',(0.,0.,1.));
#9665 = DIRECTION('',(1.,0.,-0.));
#9666 = DEFINITIONAL_REPRESENTATION('',(#9667),#9671);
#9667 = CIRCLE('',#9668,15.415792967921);
#9668 = AXIS2_PLACEMENT_2D('',#9669,#9670);
#9669 = CARTESIAN_POINT('',(0.,0.));
#9670 = DIRECTION('',(1.,-6.123233995737E-17));
#9671 = ( GEOMETRIC_REPRESENTATION_CONTEXT(2) 
PARAMETRIC_REPRESENTATION_CONTEXT() REPRESENTATION_CONTEXT('2D SPACE',''
  ) );
#9672 = ORIENTED_EDGE('',*,*,#9624,.T.);
#9673 = ORIENTED_EDGE('',*,*,#7129,.F.);
#9674 = ADVANCED_FACE('',(#9675),#7557,.T.);
#9675 = FACE_BOUND('',#9676,.T.);
#9676 = EDGE_LOOP('',(#9677,#9678,#9701,#9728));
#9677 = ORIENTED_EDGE('',*,*,#7183,.F.);
#9678 = ORIENTED_EDGE('',*,*,#9679,.T.);
#9679 = EDGE_CURVE('',#7184,#9680,#9682,.T.);
#9680 = VERTEX_POINT('',#9681);
#9681 = CARTESIAN_POINT('',(-10.42150747651,-19.94314843571,
    10.196187345305));
#9682 = SEAM_CURVE('',#9683,(#9687,#9694),.PCURVE_S1.);
#9683 = LINE('',#9684,#9685);
#9684 = CARTESIAN_POINT('',(-10.55495177615,-6.045480645649,
    10.413034332228));
#9685 = VECTOR('',#9686,1.);
#9686 = DIRECTION('',(9.60030932695E-03,-0.999832215113,
    -1.560050265629E-02));
#9687 = PCURVE('',#7557,#9688);
#9688 = DEFINITIONAL_REPRESENTATION('',(#9689),#9693);
#9689 = LINE('',#9690,#9691);
#9690 = CARTESIAN_POINT('',(6.28318530718,0.));
#9691 = VECTOR('',#9692,1.);
#9692 = DIRECTION('',(0.,1.));
#9693 = ( GEOMETRIC_REPRESENTATION_CONTEXT(2) 
PARAMETRIC_REPRESENTATION_CONTEXT() REPRESENTATION_CONTEXT('2D SPACE',''
  ) );
#9694 = PCURVE('',#7557,#9695);
#9695 = DEFINITIONAL_REPRESENTATION('',(#9696),#9700);
#9696 = LINE('',#9697,#9698);
#9697 = CARTESIAN_POINT('',(4.138911435803E-13,0.));
#9698 = VECTOR('',#9699,1.);
#9699 = DIRECTION('',(0.,1.));
#9700 = ( GEOMETRIC_REPRESENTATION_CONTEXT(2) 
PARAMETRIC_REPRESENTATION_CONTEXT() REPRESENTATION_CONTEXT('2D SPACE',''
  ) );
#9701 = ORIENTED_EDGE('',*,*,#9702,.F.);
#9702 = EDGE_CURVE('',#9680,#9680,#9703,.T.);
#9703 = SURFACE_CURVE('',#9704,(#9709,#9716),.PCURVE_S1.);
#9704 = CIRCLE('',#9705,2.98);
#9705 = AXIS2_PLACEMENT_3D('',#9706,#9707,#9708);
#9706 = CARTESIAN_POINT('',(-10.42195384439,-19.89666108074,
    7.21654999714));
#9707 = DIRECTION('',(9.60030932695E-03,-0.999832215113,
    -1.560050265629E-02));
#9708 = DIRECTION('',(1.497878796293E-04,-1.559978354722E-02,
    0.999878304754));
#9709 = PCURVE('',#7557,#9710);
#9710 = DEFINITIONAL_REPRESENTATION('',(#9711),#9715);
#9711 = LINE('',#9712,#9713);
#9712 = CARTESIAN_POINT('',(0.,13.9));
#9713 = VECTOR('',#9714,1.);
#9714 = DIRECTION('',(1.,0.));
#9715 = ( GEOMETRIC_REPRESENTATION_CONTEXT(2) 
PARAMETRIC_REPRESENTATION_CONTEXT() REPRESENTATION_CONTEXT('2D SPACE',''
  ) );
#9716 = PCURVE('',#9717,#9722);
#9717 = CONICAL_SURFACE('',#9718,2.98,0.571337479834);
#9718 = AXIS2_PLACEMENT_3D('',#9719,#9720,#9721);
#9719 = CARTESIAN_POINT('',(-10.42195384439,-19.89666108074,
    7.21654999714));
#9720 = DIRECTION('',(9.60030932695E-03,-0.999832215113,
    -1.560050265629E-02));
#9721 = DIRECTION('',(1.497878796293E-04,-1.559978354722E-02,
    0.999878304754));
#9722 = DEFINITIONAL_REPRESENTATION('',(#9723),#9727);
#9723 = LINE('',#9724,#9725);
#9724 = CARTESIAN_POINT('',(0.,-2.109824549324E-15));
#9725 = VECTOR('',#9726,1.);
#9726 = DIRECTION('',(1.,0.));
#9727 = ( GEOMETRIC_REPRESENTATION_CONTEXT(2) 
PARAMETRIC_REPRESENTATION_CONTEXT() REPRESENTATION_CONTEXT('2D SPACE',''
  ) );
#9728 = ORIENTED_EDGE('',*,*,#9679,.F.);
#9729 = ADVANCED_FACE('',(#9730,#9736),#7791,.T.);
#9730 = FACE_BOUND('',#9731,.T.);
#9731 = EDGE_LOOP('',(#9732,#9733,#9734,#9735));
#9732 = ORIENTED_EDGE('',*,*,#7900,.T.);
#9733 = ORIENTED_EDGE('',*,*,#7775,.T.);
#9734 = ORIENTED_EDGE('',*,*,#7852,.T.);
#9735 = ORIENTED_EDGE('',*,*,#7927,.T.);
#9736 = FACE_BOUND('',#9737,.T.);
#9737 = EDGE_LOOP('',(#9738,#9768,#9796,#9824));
#9738 = ORIENTED_EDGE('',*,*,#9739,.T.);
#9739 = EDGE_CURVE('',#9740,#9742,#9744,.T.);
#9740 = VERTEX_POINT('',#9741);
#9741 = CARTESIAN_POINT('',(11.64686058209,-3.518897353058,27.));
#9742 = VERTEX_POINT('',#9743);
#9743 = CARTESIAN_POINT('',(10.451799303751,-3.627656449295,27.));
#9744 = SURFACE_CURVE('',#9745,(#9749,#9756),.PCURVE_S1.);
#9745 = LINE('',#9746,#9747);
#9746 = CARTESIAN_POINT('',(10.785420577287,-3.597294534929,27.));
#9747 = VECTOR('',#9748,1.);
#9748 = DIRECTION('',(-0.995884398616,-9.063258019778E-02,0.));
#9749 = PCURVE('',#7791,#9750);
#9750 = DEFINITIONAL_REPRESENTATION('',(#9751),#9755);
#9751 = LINE('',#9752,#9753);
#9752 = CARTESIAN_POINT('',(-0.335,-0.6));
#9753 = VECTOR('',#9754,1.);
#9754 = DIRECTION('',(-1.,0.));
#9755 = ( GEOMETRIC_REPRESENTATION_CONTEXT(2) 
PARAMETRIC_REPRESENTATION_CONTEXT() REPRESENTATION_CONTEXT('2D SPACE',''
  ) );
#9756 = PCURVE('',#9757,#9762);
#9757 = PLANE('',#9758);
#9758 = AXIS2_PLACEMENT_3D('',#9759,#9760,#9761);
#9759 = CARTESIAN_POINT('',(10.451799303751,-3.627656449295,24.04));
#9760 = DIRECTION('',(-9.063258019778E-02,0.995884398616,0.));
#9761 = DIRECTION('',(0.,0.,1.));
#9762 = DEFINITIONAL_REPRESENTATION('',(#9763),#9767);
#9763 = LINE('',#9764,#9765);
#9764 = CARTESIAN_POINT('',(2.96,0.335));
#9765 = VECTOR('',#9766,1.);
#9766 = DIRECTION('',(0.,-1.));
#9767 = ( GEOMETRIC_REPRESENTATION_CONTEXT(2) 
PARAMETRIC_REPRESENTATION_CONTEXT() REPRESENTATION_CONTEXT('2D SPACE',''
  ) );
#9768 = ORIENTED_EDGE('',*,*,#9769,.T.);
#9769 = EDGE_CURVE('',#9742,#9770,#9772,.T.);
#9770 = VERTEX_POINT('',#9771);
#9771 = CARTESIAN_POINT('',(10.343040207514,-2.432595170956,27.));
#9772 = SURFACE_CURVE('',#9773,(#9777,#9784),.PCURVE_S1.);
#9773 = LINE('',#9774,#9775);
#9774 = CARTESIAN_POINT('',(10.424609529692,-3.32889112971,27.));
#9775 = VECTOR('',#9776,1.);
#9776 = DIRECTION('',(-9.063258019778E-02,0.995884398616,0.));
#9777 = PCURVE('',#7791,#9778);
#9778 = DEFINITIONAL_REPRESENTATION('',(#9779),#9783);
#9779 = LINE('',#9780,#9781);
#9780 = CARTESIAN_POINT('',(-0.67,-0.3));
#9781 = VECTOR('',#9782,1.);
#9782 = DIRECTION('',(0.,1.));
#9783 = ( GEOMETRIC_REPRESENTATION_CONTEXT(2) 
PARAMETRIC_REPRESENTATION_CONTEXT() REPRESENTATION_CONTEXT('2D SPACE',''
  ) );
#9784 = PCURVE('',#9785,#9790);
#9785 = PLANE('',#9786);
#9786 = AXIS2_PLACEMENT_3D('',#9787,#9788,#9789);
#9787 = CARTESIAN_POINT('',(10.451799303751,-3.627656449295,24.04));
#9788 = DIRECTION('',(0.995884398616,9.063258019778E-02,0.));
#9789 = DIRECTION('',(0.,-0.,1.));
#9790 = DEFINITIONAL_REPRESENTATION('',(#9791),#9795);
#9791 = LINE('',#9792,#9793);
#9792 = CARTESIAN_POINT('',(2.96,-0.3));
#9793 = VECTOR('',#9794,1.);
#9794 = DIRECTION('',(0.,-1.));
#9795 = ( GEOMETRIC_REPRESENTATION_CONTEXT(2) 
PARAMETRIC_REPRESENTATION_CONTEXT() REPRESENTATION_CONTEXT('2D SPACE',''
  ) );
#9796 = ORIENTED_EDGE('',*,*,#9797,.F.);
#9797 = EDGE_CURVE('',#9798,#9770,#9800,.T.);
#9798 = VERTEX_POINT('',#9799);
#9799 = CARTESIAN_POINT('',(11.538101485853,-2.323836074719,27.));
#9800 = SURFACE_CURVE('',#9801,(#9805,#9812),.PCURVE_S1.);
#9801 = LINE('',#9802,#9803);
#9802 = CARTESIAN_POINT('',(10.67666148105,-2.40223325659,27.));
#9803 = VECTOR('',#9804,1.);
#9804 = DIRECTION('',(-0.995884398616,-9.063258019778E-02,0.));
#9805 = PCURVE('',#7791,#9806);
#9806 = DEFINITIONAL_REPRESENTATION('',(#9807),#9811);
#9807 = LINE('',#9808,#9809);
#9808 = CARTESIAN_POINT('',(-0.335,0.6));
#9809 = VECTOR('',#9810,1.);
#9810 = DIRECTION('',(-1.,0.));
#9811 = ( GEOMETRIC_REPRESENTATION_CONTEXT(2) 
PARAMETRIC_REPRESENTATION_CONTEXT() REPRESENTATION_CONTEXT('2D SPACE',''
  ) );
#9812 = PCURVE('',#9813,#9818);
#9813 = PLANE('',#9814);
#9814 = AXIS2_PLACEMENT_3D('',#9815,#9816,#9817);
#9815 = CARTESIAN_POINT('',(10.343040207514,-2.432595170956,24.04));
#9816 = DIRECTION('',(-9.063258019778E-02,0.995884398616,0.));
#9817 = DIRECTION('',(0.,0.,1.));
#9818 = DEFINITIONAL_REPRESENTATION('',(#9819),#9823);
#9819 = LINE('',#9820,#9821);
#9820 = CARTESIAN_POINT('',(2.96,0.335));
#9821 = VECTOR('',#9822,1.);
#9822 = DIRECTION('',(0.,-1.));
#9823 = ( GEOMETRIC_REPRESENTATION_CONTEXT(2) 
PARAMETRIC_REPRESENTATION_CONTEXT() REPRESENTATION_CONTEXT('2D SPACE',''
  ) );
#9824 = ORIENTED_EDGE('',*,*,#9825,.F.);
#9825 = EDGE_CURVE('',#9740,#9798,#9826,.T.);
#9826 = SURFACE_CURVE('',#9827,(#9831,#9838),.PCURVE_S1.);
#9827 = LINE('',#9828,#9829);
#9828 = CARTESIAN_POINT('',(11.619670808031,-3.220132033473,27.));
#9829 = VECTOR('',#9830,1.);
#9830 = DIRECTION('',(-9.063258019778E-02,0.995884398616,0.));
#9831 = PCURVE('',#7791,#9832);
#9832 = DEFINITIONAL_REPRESENTATION('',(#9833),#9837);
#9833 = LINE('',#9834,#9835);
#9834 = CARTESIAN_POINT('',(0.53,-0.3));
#9835 = VECTOR('',#9836,1.);
#9836 = DIRECTION('',(0.,1.));
#9837 = ( GEOMETRIC_REPRESENTATION_CONTEXT(2) 
PARAMETRIC_REPRESENTATION_CONTEXT() REPRESENTATION_CONTEXT('2D SPACE',''
  ) );
#9838 = PCURVE('',#9839,#9844);
#9839 = PLANE('',#9840);
#9840 = AXIS2_PLACEMENT_3D('',#9841,#9842,#9843);
#9841 = CARTESIAN_POINT('',(11.64686058209,-3.518897353058,24.04));
#9842 = DIRECTION('',(0.995884398616,9.063258019778E-02,0.));
#9843 = DIRECTION('',(0.,-0.,1.));
#9844 = DEFINITIONAL_REPRESENTATION('',(#9845),#9849);
#9845 = LINE('',#9846,#9847);
#9846 = CARTESIAN_POINT('',(2.96,-0.3));
#9847 = VECTOR('',#9848,1.);
#9848 = DIRECTION('',(0.,-1.));
#9849 = ( GEOMETRIC_REPRESENTATION_CONTEXT(2) 
PARAMETRIC_REPRESENTATION_CONTEXT() REPRESENTATION_CONTEXT('2D SPACE',''
  ) );
#9850 = ADVANCED_FACE('',(#9851,#9857),#7992,.T.);
#9851 = FACE_BOUND('',#9852,.T.);
#9852 = EDGE_LOOP('',(#9853,#9854,#9855,#9856));
#9853 = ORIENTED_EDGE('',*,*,#8101,.T.);
#9854 = ORIENTED_EDGE('',*,*,#7976,.T.);
#9855 = ORIENTED_EDGE('',*,*,#8053,.T.);
#9856 = ORIENTED_EDGE('',*,*,#8128,.T.);
#9857 = FACE_BOUND('',#9858,.T.);
#9858 = EDGE_LOOP('',(#9859,#9889,#9917,#9945));
#9859 = ORIENTED_EDGE('',*,*,#9860,.T.);
#9860 = EDGE_CURVE('',#9861,#9863,#9865,.T.);
#9861 = VERTEX_POINT('',#9862);
#9862 = CARTESIAN_POINT('',(11.287955564507,0.424804865461,27.));
#9863 = VERTEX_POINT('',#9864);
#9864 = CARTESIAN_POINT('',(10.092894286168,0.316045769224,27.));
#9865 = SURFACE_CURVE('',#9866,(#9870,#9877),.PCURVE_S1.);
#9866 = LINE('',#9867,#9868);
#9867 = CARTESIAN_POINT('',(10.426515559704,0.34640768359,27.));
#9868 = VECTOR('',#9869,1.);
#9869 = DIRECTION('',(-0.995884398616,-9.063258019778E-02,0.));
#9870 = PCURVE('',#7992,#9871);
#9871 = DEFINITIONAL_REPRESENTATION('',(#9872),#9876);
#9872 = LINE('',#9873,#9874);
#9873 = CARTESIAN_POINT('',(-0.335,-0.6));
#9874 = VECTOR('',#9875,1.);
#9875 = DIRECTION('',(-1.,0.));
#9876 = ( GEOMETRIC_REPRESENTATION_CONTEXT(2) 
PARAMETRIC_REPRESENTATION_CONTEXT() REPRESENTATION_CONTEXT('2D SPACE',''
  ) );
#9877 = PCURVE('',#9878,#9883);
#9878 = PLANE('',#9879);
#9879 = AXIS2_PLACEMENT_3D('',#9880,#9881,#9882);
#9880 = CARTESIAN_POINT('',(10.092894286168,0.316045769224,24.04));
#9881 = DIRECTION('',(-9.063258019778E-02,0.995884398616,0.));
#9882 = DIRECTION('',(0.,0.,1.));
#9883 = DEFINITIONAL_REPRESENTATION('',(#9884),#9888);
#9884 = LINE('',#9885,#9886);
#9885 = CARTESIAN_POINT('',(2.96,0.335));
#9886 = VECTOR('',#9887,1.);
#9887 = DIRECTION('',(0.,-1.));
#9888 = ( GEOMETRIC_REPRESENTATION_CONTEXT(2) 
PARAMETRIC_REPRESENTATION_CONTEXT() REPRESENTATION_CONTEXT('2D SPACE',''
  ) );
#9889 = ORIENTED_EDGE('',*,*,#9890,.T.);
#9890 = EDGE_CURVE('',#9863,#9891,#9893,.T.);
#9891 = VERTEX_POINT('',#9892);
#9892 = CARTESIAN_POINT('',(9.98413518993,1.511107047563,27.));
#9893 = SURFACE_CURVE('',#9894,(#9898,#9905),.PCURVE_S1.);
#9894 = LINE('',#9895,#9896);
#9895 = CARTESIAN_POINT('',(10.065704512108,0.614811088809,27.));
#9896 = VECTOR('',#9897,1.);
#9897 = DIRECTION('',(-9.063258019778E-02,0.995884398616,0.));
#9898 = PCURVE('',#7992,#9899);
#9899 = DEFINITIONAL_REPRESENTATION('',(#9900),#9904);
#9900 = LINE('',#9901,#9902);
#9901 = CARTESIAN_POINT('',(-0.670000000001,-0.3));
#9902 = VECTOR('',#9903,1.);
#9903 = DIRECTION('',(0.,1.));
#9904 = ( GEOMETRIC_REPRESENTATION_CONTEXT(2) 
PARAMETRIC_REPRESENTATION_CONTEXT() REPRESENTATION_CONTEXT('2D SPACE',''
  ) );
#9905 = PCURVE('',#9906,#9911);
#9906 = PLANE('',#9907);
#9907 = AXIS2_PLACEMENT_3D('',#9908,#9909,#9910);
#9908 = CARTESIAN_POINT('',(10.092894286168,0.316045769224,24.04));
#9909 = DIRECTION('',(0.995884398616,9.063258019778E-02,0.));
#9910 = DIRECTION('',(0.,-0.,1.));
#9911 = DEFINITIONAL_REPRESENTATION('',(#9912),#9916);
#9912 = LINE('',#9913,#9914);
#9913 = CARTESIAN_POINT('',(2.96,-0.3));
#9914 = VECTOR('',#9915,1.);
#9915 = DIRECTION('',(0.,-1.));
#9916 = ( GEOMETRIC_REPRESENTATION_CONTEXT(2) 
PARAMETRIC_REPRESENTATION_CONTEXT() REPRESENTATION_CONTEXT('2D SPACE',''
  ) );
#9917 = ORIENTED_EDGE('',*,*,#9918,.F.);
#9918 = EDGE_CURVE('',#9919,#9891,#9921,.T.);
#9919 = VERTEX_POINT('',#9920);
#9920 = CARTESIAN_POINT('',(11.179196468269,1.619866143801,27.));
#9921 = SURFACE_CURVE('',#9922,(#9926,#9933),.PCURVE_S1.);
#9922 = LINE('',#9923,#9924);
#9923 = CARTESIAN_POINT('',(10.317756463467,1.541468961929,27.));
#9924 = VECTOR('',#9925,1.);
#9925 = DIRECTION('',(-0.995884398616,-9.063258019778E-02,0.));
#9926 = PCURVE('',#7992,#9927);
#9927 = DEFINITIONAL_REPRESENTATION('',(#9928),#9932);
#9928 = LINE('',#9929,#9930);
#9929 = CARTESIAN_POINT('',(-0.335,0.6));
#9930 = VECTOR('',#9931,1.);
#9931 = DIRECTION('',(-1.,0.));
#9932 = ( GEOMETRIC_REPRESENTATION_CONTEXT(2) 
PARAMETRIC_REPRESENTATION_CONTEXT() REPRESENTATION_CONTEXT('2D SPACE',''
  ) );
#9933 = PCURVE('',#9934,#9939);
#9934 = PLANE('',#9935);
#9935 = AXIS2_PLACEMENT_3D('',#9936,#9937,#9938);
#9936 = CARTESIAN_POINT('',(9.98413518993,1.511107047563,24.04));
#9937 = DIRECTION('',(-9.063258019778E-02,0.995884398616,0.));
#9938 = DIRECTION('',(0.,0.,1.));
#9939 = DEFINITIONAL_REPRESENTATION('',(#9940),#9944);
#9940 = LINE('',#9941,#9942);
#9941 = CARTESIAN_POINT('',(2.96,0.335000000001));
#9942 = VECTOR('',#9943,1.);
#9943 = DIRECTION('',(0.,-1.));
#9944 = ( GEOMETRIC_REPRESENTATION_CONTEXT(2) 
PARAMETRIC_REPRESENTATION_CONTEXT() REPRESENTATION_CONTEXT('2D SPACE',''
  ) );
#9945 = ORIENTED_EDGE('',*,*,#9946,.F.);
#9946 = EDGE_CURVE('',#9861,#9919,#9947,.T.);
#9947 = SURFACE_CURVE('',#9948,(#9952,#9959),.PCURVE_S1.);
#9948 = LINE('',#9949,#9950);
#9949 = CARTESIAN_POINT('',(11.260765790447,0.723570185046,27.));
#9950 = VECTOR('',#9951,1.);
#9951 = DIRECTION('',(-9.063258019778E-02,0.995884398616,0.));
#9952 = PCURVE('',#7992,#9953);
#9953 = DEFINITIONAL_REPRESENTATION('',(#9954),#9958);
#9954 = LINE('',#9955,#9956);
#9955 = CARTESIAN_POINT('',(0.529999999999,-0.3));
#9956 = VECTOR('',#9957,1.);
#9957 = DIRECTION('',(0.,1.));
#9958 = ( GEOMETRIC_REPRESENTATION_CONTEXT(2) 
PARAMETRIC_REPRESENTATION_CONTEXT() REPRESENTATION_CONTEXT('2D SPACE',''
  ) );
#9959 = PCURVE('',#9960,#9965);
#9960 = PLANE('',#9961);
#9961 = AXIS2_PLACEMENT_3D('',#9962,#9963,#9964);
#9962 = CARTESIAN_POINT('',(11.287955564507,0.424804865461,24.04));
#9963 = DIRECTION('',(0.995884398616,9.063258019778E-02,0.));
#9964 = DIRECTION('',(0.,-0.,1.));
#9965 = DEFINITIONAL_REPRESENTATION('',(#9966),#9970);
#9966 = LINE('',#9967,#9968);
#9967 = CARTESIAN_POINT('',(2.96,-0.3));
#9968 = VECTOR('',#9969,1.);
#9969 = DIRECTION('',(0.,-1.));
#9970 = ( GEOMETRIC_REPRESENTATION_CONTEXT(2) 
PARAMETRIC_REPRESENTATION_CONTEXT() REPRESENTATION_CONTEXT('2D SPACE',''
  ) );
#9971 = ADVANCED_FACE('',(#9972),#8326,.T.);
#9972 = FACE_BOUND('',#9973,.T.);
#9973 = EDGE_LOOP('',(#9974,#9975,#9996,#9997));
#9974 = ORIENTED_EDGE('',*,*,#8534,.F.);
#9975 = ORIENTED_EDGE('',*,*,#9976,.F.);
#9976 = EDGE_CURVE('',#8285,#8512,#9977,.T.);
#9977 = SURFACE_CURVE('',#9978,(#9982,#9989),.PCURVE_S1.);
#9978 = LINE('',#9979,#9980);
#9979 = CARTESIAN_POINT('',(14.243038010773,-4.186346046813,32.39));
#9980 = VECTOR('',#9981,1.);
#9981 = DIRECTION('',(-9.063258019778E-02,0.995884398616,0.));
#9982 = PCURVE('',#8326,#9983);
#9983 = DEFINITIONAL_REPRESENTATION('',(#9984),#9988);
#9984 = LINE('',#9985,#9986);
#9985 = CARTESIAN_POINT('',(4.999999999922E-03,1.782607264925E-14));
#9986 = VECTOR('',#9987,1.);
#9987 = DIRECTION('',(0.,1.));
#9988 = ( GEOMETRIC_REPRESENTATION_CONTEXT(2) 
PARAMETRIC_REPRESENTATION_CONTEXT() REPRESENTATION_CONTEXT('2D SPACE',''
  ) );
#9989 = PCURVE('',#8300,#9990);
#9990 = DEFINITIONAL_REPRESENTATION('',(#9991),#9995);
#9991 = LINE('',#9992,#9993);
#9992 = CARTESIAN_POINT('',(2.59,0.));
#9993 = VECTOR('',#9994,1.);
#9994 = DIRECTION('',(0.,-1.));
#9995 = ( GEOMETRIC_REPRESENTATION_CONTEXT(2) 
PARAMETRIC_REPRESENTATION_CONTEXT() REPRESENTATION_CONTEXT('2D SPACE',''
  ) );
#9996 = ORIENTED_EDGE('',*,*,#8312,.T.);
#9997 = ORIENTED_EDGE('',*,*,#8366,.T.);
#9998 = ADVANCED_FACE('',(#9999),#8300,.T.);
#9999 = FACE_BOUND('',#10000,.T.);
#10000 = EDGE_LOOP('',(#10001,#10002,#10003,#10004));
#10001 = ORIENTED_EDGE('',*,*,#8284,.F.);
#10002 = ORIENTED_EDGE('',*,*,#9976,.T.);
#10003 = ORIENTED_EDGE('',*,*,#8511,.T.);
#10004 = ORIENTED_EDGE('',*,*,#10005,.F.);
#10005 = EDGE_CURVE('',#8257,#8489,#10006,.T.);
#10006 = SURFACE_CURVE('',#10007,(#10011,#10018),.PCURVE_S1.);
#10007 = LINE('',#10008,#10009);
#10008 = CARTESIAN_POINT('',(14.243038010773,-4.186346046813,32.4));
#10009 = VECTOR('',#10010,1.);
#10010 = DIRECTION('',(-9.063258019778E-02,0.995884398616,0.));
#10011 = PCURVE('',#8300,#10012);
#10012 = DEFINITIONAL_REPRESENTATION('',(#10013),#10017);
#10013 = LINE('',#10014,#10015);
#10014 = CARTESIAN_POINT('',(2.6,0.));
#10015 = VECTOR('',#10016,1.);
#10016 = DIRECTION('',(0.,-1.));
#10017 = ( GEOMETRIC_REPRESENTATION_CONTEXT(2) 
PARAMETRIC_REPRESENTATION_CONTEXT() REPRESENTATION_CONTEXT('2D SPACE',''
  ) );
#10018 = PCURVE('',#8272,#10019);
#10019 = DEFINITIONAL_REPRESENTATION('',(#10020),#10024);
#10020 = LINE('',#10021,#10022);
#10021 = CARTESIAN_POINT('',(1.31,-9.497957975668E-14));
#10022 = VECTOR('',#10023,1.);
#10023 = DIRECTION('',(0.,1.));
#10024 = ( GEOMETRIC_REPRESENTATION_CONTEXT(2) 
PARAMETRIC_REPRESENTATION_CONTEXT() REPRESENTATION_CONTEXT('2D SPACE',''
  ) );
#10025 = ADVANCED_FACE('',(#10026),#8272,.T.);
#10026 = FACE_BOUND('',#10027,.T.);
#10027 = EDGE_LOOP('',(#10028,#10049,#10050,#10051));
#10028 = ORIENTED_EDGE('',*,*,#10029,.F.);
#10029 = EDGE_CURVE('',#8229,#8466,#10030,.T.);
#10030 = SURFACE_CURVE('',#10031,(#10035,#10042),.PCURVE_S1.);
#10031 = LINE('',#10032,#10033);
#10032 = CARTESIAN_POINT('',(12.938429448586,-4.305074726872,32.4));
#10033 = VECTOR('',#10034,1.);
#10034 = DIRECTION('',(-9.063258019778E-02,0.995884398616,0.));
#10035 = PCURVE('',#8272,#10036);
#10036 = DEFINITIONAL_REPRESENTATION('',(#10037),#10041);
#10037 = LINE('',#10038,#10039);
#10038 = CARTESIAN_POINT('',(0.,0.));
#10039 = VECTOR('',#10040,1.);
#10040 = DIRECTION('',(0.,1.));
#10041 = ( GEOMETRIC_REPRESENTATION_CONTEXT(2) 
PARAMETRIC_REPRESENTATION_CONTEXT() REPRESENTATION_CONTEXT('2D SPACE',''
  ) );
#10042 = PCURVE('',#8244,#10043);
#10043 = DEFINITIONAL_REPRESENTATION('',(#10044),#10048);
#10044 = LINE('',#10045,#10046);
#10045 = CARTESIAN_POINT('',(2.6,0.));
#10046 = VECTOR('',#10047,1.);
#10047 = DIRECTION('',(0.,-1.));
#10048 = ( GEOMETRIC_REPRESENTATION_CONTEXT(2) 
PARAMETRIC_REPRESENTATION_CONTEXT() REPRESENTATION_CONTEXT('2D SPACE',''
  ) );
#10049 = ORIENTED_EDGE('',*,*,#8256,.T.);
#10050 = ORIENTED_EDGE('',*,*,#10005,.T.);
#10051 = ORIENTED_EDGE('',*,*,#8488,.F.);
#10052 = ADVANCED_FACE('',(#10053),#8244,.F.);
#10053 = FACE_BOUND('',#10054,.F.);
#10054 = EDGE_LOOP('',(#10055,#10056,#10077,#10078));
#10055 = ORIENTED_EDGE('',*,*,#8228,.F.);
#10056 = ORIENTED_EDGE('',*,*,#10057,.T.);
#10057 = EDGE_CURVE('',#8201,#8443,#10058,.T.);
#10058 = SURFACE_CURVE('',#10059,(#10063,#10070),.PCURVE_S1.);
#10059 = LINE('',#10060,#10061);
#10060 = CARTESIAN_POINT('',(12.938429448586,-4.305074726872,29.8));
#10061 = VECTOR('',#10062,1.);
#10062 = DIRECTION('',(-9.063258019778E-02,0.995884398616,0.));
#10063 = PCURVE('',#8244,#10064);
#10064 = DEFINITIONAL_REPRESENTATION('',(#10065),#10069);
#10065 = LINE('',#10066,#10067);
#10066 = CARTESIAN_POINT('',(0.,0.));
#10067 = VECTOR('',#10068,1.);
#10068 = DIRECTION('',(0.,-1.));
#10069 = ( GEOMETRIC_REPRESENTATION_CONTEXT(2) 
PARAMETRIC_REPRESENTATION_CONTEXT() REPRESENTATION_CONTEXT('2D SPACE',''
  ) );
#10070 = PCURVE('',#8216,#10071);
#10071 = DEFINITIONAL_REPRESENTATION('',(#10072),#10076);
#10072 = LINE('',#10073,#10074);
#10073 = CARTESIAN_POINT('',(0.,0.));
#10074 = VECTOR('',#10075,1.);
#10075 = DIRECTION('',(0.,1.));
#10076 = ( GEOMETRIC_REPRESENTATION_CONTEXT(2) 
PARAMETRIC_REPRESENTATION_CONTEXT() REPRESENTATION_CONTEXT('2D SPACE',''
  ) );
#10077 = ORIENTED_EDGE('',*,*,#8465,.T.);
#10078 = ORIENTED_EDGE('',*,*,#10029,.F.);
#10079 = ADVANCED_FACE('',(#10080),#8216,.F.);
#10080 = FACE_BOUND('',#10081,.F.);
#10081 = EDGE_LOOP('',(#10082,#10083,#10084,#10085));
#10082 = ORIENTED_EDGE('',*,*,#8442,.F.);
#10083 = ORIENTED_EDGE('',*,*,#10057,.F.);
#10084 = ORIENTED_EDGE('',*,*,#8200,.T.);
#10085 = ORIENTED_EDGE('',*,*,#8415,.F.);
#10086 = ADVANCED_FACE('',(#10087,#10093),#8598,.T.);
#10087 = FACE_BOUND('',#10088,.T.);
#10088 = EDGE_LOOP('',(#10089,#10090,#10091,#10092));
#10089 = ORIENTED_EDGE('',*,*,#8734,.T.);
#10090 = ORIENTED_EDGE('',*,*,#8582,.T.);
#10091 = ORIENTED_EDGE('',*,*,#8659,.T.);
#10092 = ORIENTED_EDGE('',*,*,#8685,.T.);
#10093 = FACE_BOUND('',#10094,.T.);
#10094 = EDGE_LOOP('',(#10095,#10125,#10153,#10181));
#10095 = ORIENTED_EDGE('',*,*,#10096,.T.);
#10096 = EDGE_CURVE('',#10097,#10099,#10101,.T.);
#10097 = VERTEX_POINT('',#10098);
#10098 = CARTESIAN_POINT('',(10.929050546924,4.368507083981,27.));
#10099 = VERTEX_POINT('',#10100);
#10100 = CARTESIAN_POINT('',(9.733989268584,4.259747987743,27.));
#10101 = SURFACE_CURVE('',#10102,(#10106,#10113),.PCURVE_S1.);
#10102 = LINE('',#10103,#10104);
#10103 = CARTESIAN_POINT('',(10.067610542121,4.29010990211,27.));
#10104 = VECTOR('',#10105,1.);
#10105 = DIRECTION('',(-0.995884398616,-9.063258019778E-02,0.));
#10106 = PCURVE('',#8598,#10107);
#10107 = DEFINITIONAL_REPRESENTATION('',(#10108),#10112);
#10108 = LINE('',#10109,#10110);
#10109 = CARTESIAN_POINT('',(-0.334999999999,-0.599999999999));
#10110 = VECTOR('',#10111,1.);
#10111 = DIRECTION('',(-1.,0.));
#10112 = ( GEOMETRIC_REPRESENTATION_CONTEXT(2) 
PARAMETRIC_REPRESENTATION_CONTEXT() REPRESENTATION_CONTEXT('2D SPACE',''
  ) );
#10113 = PCURVE('',#10114,#10119);
#10114 = PLANE('',#10115);
#10115 = AXIS2_PLACEMENT_3D('',#10116,#10117,#10118);
#10116 = CARTESIAN_POINT('',(9.733989268584,4.259747987743,24.04));
#10117 = DIRECTION('',(-9.063258019778E-02,0.995884398616,0.));
#10118 = DIRECTION('',(0.,0.,1.));
#10119 = DEFINITIONAL_REPRESENTATION('',(#10120),#10124);
#10120 = LINE('',#10121,#10122);
#10121 = CARTESIAN_POINT('',(2.96,0.335000000001));
#10122 = VECTOR('',#10123,1.);
#10123 = DIRECTION('',(0.,-1.));
#10124 = ( GEOMETRIC_REPRESENTATION_CONTEXT(2) 
PARAMETRIC_REPRESENTATION_CONTEXT() REPRESENTATION_CONTEXT('2D SPACE',''
  ) );
#10125 = ORIENTED_EDGE('',*,*,#10126,.T.);
#10126 = EDGE_CURVE('',#10099,#10127,#10129,.T.);
#10127 = VERTEX_POINT('',#10128);
#10128 = CARTESIAN_POINT('',(9.625230172347,5.454809266082,27.));
#10129 = SURFACE_CURVE('',#10130,(#10134,#10141),.PCURVE_S1.);
#10130 = LINE('',#10131,#10132);
#10131 = CARTESIAN_POINT('',(9.706799494525,4.558513307328,27.));
#10132 = VECTOR('',#10133,1.);
#10133 = DIRECTION('',(-9.063258019778E-02,0.995884398616,0.));
#10134 = PCURVE('',#8598,#10135);
#10135 = DEFINITIONAL_REPRESENTATION('',(#10136),#10140);
#10136 = LINE('',#10137,#10138);
#10137 = CARTESIAN_POINT('',(-0.67,-0.3));
#10138 = VECTOR('',#10139,1.);
#10139 = DIRECTION('',(0.,1.));
#10140 = ( GEOMETRIC_REPRESENTATION_CONTEXT(2) 
PARAMETRIC_REPRESENTATION_CONTEXT() REPRESENTATION_CONTEXT('2D SPACE',''
  ) );
#10141 = PCURVE('',#10142,#10147);
#10142 = PLANE('',#10143);
#10143 = AXIS2_PLACEMENT_3D('',#10144,#10145,#10146);
#10144 = CARTESIAN_POINT('',(9.733989268584,4.259747987743,24.04));
#10145 = DIRECTION('',(0.995884398616,9.063258019778E-02,0.));
#10146 = DIRECTION('',(0.,-0.,1.));
#10147 = DEFINITIONAL_REPRESENTATION('',(#10148),#10152);
#10148 = LINE('',#10149,#10150);
#10149 = CARTESIAN_POINT('',(2.96,-0.3));
#10150 = VECTOR('',#10151,1.);
#10151 = DIRECTION('',(0.,-1.));
#10152 = ( GEOMETRIC_REPRESENTATION_CONTEXT(2) 
PARAMETRIC_REPRESENTATION_CONTEXT() REPRESENTATION_CONTEXT('2D SPACE',''
  ) );
#10153 = ORIENTED_EDGE('',*,*,#10154,.F.);
#10154 = EDGE_CURVE('',#10155,#10127,#10157,.T.);
#10155 = VERTEX_POINT('',#10156);
#10156 = CARTESIAN_POINT('',(10.820291450686,5.56356836232,27.));
#10157 = SURFACE_CURVE('',#10158,(#10162,#10169),.PCURVE_S1.);
#10158 = LINE('',#10159,#10160);
#10159 = CARTESIAN_POINT('',(9.958851445883,5.485171180449,27.));
#10160 = VECTOR('',#10161,1.);
#10161 = DIRECTION('',(-0.995884398616,-9.063258019778E-02,0.));
#10162 = PCURVE('',#8598,#10163);
#10163 = DEFINITIONAL_REPRESENTATION('',(#10164),#10168);
#10164 = LINE('',#10165,#10166);
#10165 = CARTESIAN_POINT('',(-0.335,0.600000000001));
#10166 = VECTOR('',#10167,1.);
#10167 = DIRECTION('',(-1.,0.));
#10168 = ( GEOMETRIC_REPRESENTATION_CONTEXT(2) 
PARAMETRIC_REPRESENTATION_CONTEXT() REPRESENTATION_CONTEXT('2D SPACE',''
  ) );
#10169 = PCURVE('',#10170,#10175);
#10170 = PLANE('',#10171);
#10171 = AXIS2_PLACEMENT_3D('',#10172,#10173,#10174);
#10172 = CARTESIAN_POINT('',(9.625230172347,5.454809266082,24.04));
#10173 = DIRECTION('',(-9.063258019778E-02,0.995884398616,0.));
#10174 = DIRECTION('',(0.,0.,1.));
#10175 = DEFINITIONAL_REPRESENTATION('',(#10176),#10180);
#10176 = LINE('',#10177,#10178);
#10177 = CARTESIAN_POINT('',(2.96,0.335));
#10178 = VECTOR('',#10179,1.);
#10179 = DIRECTION('',(0.,-1.));
#10180 = ( GEOMETRIC_REPRESENTATION_CONTEXT(2) 
PARAMETRIC_REPRESENTATION_CONTEXT() REPRESENTATION_CONTEXT('2D SPACE',''
  ) );
#10181 = ORIENTED_EDGE('',*,*,#10182,.F.);
#10182 = EDGE_CURVE('',#10097,#10155,#10183,.T.);
#10183 = SURFACE_CURVE('',#10184,(#10188,#10195),.PCURVE_S1.);
#10184 = LINE('',#10185,#10186);
#10185 = CARTESIAN_POINT('',(10.901860772864,4.667272403565,27.));
#10186 = VECTOR('',#10187,1.);
#10187 = DIRECTION('',(-9.063258019778E-02,0.995884398616,0.));
#10188 = PCURVE('',#8598,#10189);
#10189 = DEFINITIONAL_REPRESENTATION('',(#10190),#10194);
#10190 = LINE('',#10191,#10192);
#10191 = CARTESIAN_POINT('',(0.53,-0.3));
#10192 = VECTOR('',#10193,1.);
#10193 = DIRECTION('',(0.,1.));
#10194 = ( GEOMETRIC_REPRESENTATION_CONTEXT(2) 
PARAMETRIC_REPRESENTATION_CONTEXT() REPRESENTATION_CONTEXT('2D SPACE',''
  ) );
#10195 = PCURVE('',#10196,#10201);
#10196 = PLANE('',#10197);
#10197 = AXIS2_PLACEMENT_3D('',#10198,#10199,#10200);
#10198 = CARTESIAN_POINT('',(10.929050546924,4.368507083981,24.04));
#10199 = DIRECTION('',(0.995884398616,9.063258019778E-02,0.));
#10200 = DIRECTION('',(0.,-0.,1.));
#10201 = DEFINITIONAL_REPRESENTATION('',(#10202),#10206);
#10202 = LINE('',#10203,#10204);
#10203 = CARTESIAN_POINT('',(2.96,-0.299999999999));
#10204 = VECTOR('',#10205,1.);
#10205 = DIRECTION('',(0.,-1.));
#10206 = ( GEOMETRIC_REPRESENTATION_CONTEXT(2) 
PARAMETRIC_REPRESENTATION_CONTEXT() REPRESENTATION_CONTEXT('2D SPACE',''
  ) );
#10207 = ADVANCED_FACE('',(#10208),#8932,.T.);
#10208 = FACE_BOUND('',#10209,.T.);
#10209 = EDGE_LOOP('',(#10210,#10211,#10232,#10233));
#10210 = ORIENTED_EDGE('',*,*,#9140,.F.);
#10211 = ORIENTED_EDGE('',*,*,#10212,.F.);
#10212 = EDGE_CURVE('',#8891,#9118,#10213,.T.);
#10213 = SURFACE_CURVE('',#10214,(#10218,#10225),.PCURVE_S1.);
#10214 = LINE('',#10215,#10216);
#10215 = CARTESIAN_POINT('',(13.88413299319,-0.242643828294,32.39));
#10216 = VECTOR('',#10217,1.);
#10217 = DIRECTION('',(-9.063258019778E-02,0.995884398616,0.));
#10218 = PCURVE('',#8932,#10219);
#10219 = DEFINITIONAL_REPRESENTATION('',(#10220),#10224);
#10220 = LINE('',#10221,#10222);
#10221 = CARTESIAN_POINT('',(4.999999999923E-03,1.821307861471E-14));
#10222 = VECTOR('',#10223,1.);
#10223 = DIRECTION('',(0.,1.));
#10224 = ( GEOMETRIC_REPRESENTATION_CONTEXT(2) 
PARAMETRIC_REPRESENTATION_CONTEXT() REPRESENTATION_CONTEXT('2D SPACE',''
  ) );
#10225 = PCURVE('',#8906,#10226);
#10226 = DEFINITIONAL_REPRESENTATION('',(#10227),#10231);
#10227 = LINE('',#10228,#10229);
#10228 = CARTESIAN_POINT('',(2.59,0.));
#10229 = VECTOR('',#10230,1.);
#10230 = DIRECTION('',(0.,-1.));
#10231 = ( GEOMETRIC_REPRESENTATION_CONTEXT(2) 
PARAMETRIC_REPRESENTATION_CONTEXT() REPRESENTATION_CONTEXT('2D SPACE',''
  ) );
#10232 = ORIENTED_EDGE('',*,*,#8918,.T.);
#10233 = ORIENTED_EDGE('',*,*,#8972,.T.);
#10234 = ADVANCED_FACE('',(#10235),#8906,.T.);
#10235 = FACE_BOUND('',#10236,.T.);
#10236 = EDGE_LOOP('',(#10237,#10238,#10239,#10240));
#10237 = ORIENTED_EDGE('',*,*,#8890,.F.);
#10238 = ORIENTED_EDGE('',*,*,#10212,.T.);
#10239 = ORIENTED_EDGE('',*,*,#9117,.T.);
#10240 = ORIENTED_EDGE('',*,*,#10241,.F.);
#10241 = EDGE_CURVE('',#8863,#9095,#10242,.T.);
#10242 = SURFACE_CURVE('',#10243,(#10247,#10254),.PCURVE_S1.);
#10243 = LINE('',#10244,#10245);
#10244 = CARTESIAN_POINT('',(13.88413299319,-0.242643828294,32.4));
#10245 = VECTOR('',#10246,1.);
#10246 = DIRECTION('',(-9.063258019778E-02,0.995884398616,0.));
#10247 = PCURVE('',#8906,#10248);
#10248 = DEFINITIONAL_REPRESENTATION('',(#10249),#10253);
#10249 = LINE('',#10250,#10251);
#10250 = CARTESIAN_POINT('',(2.6,0.));
#10251 = VECTOR('',#10252,1.);
#10252 = DIRECTION('',(0.,-1.));
#10253 = ( GEOMETRIC_REPRESENTATION_CONTEXT(2) 
PARAMETRIC_REPRESENTATION_CONTEXT() REPRESENTATION_CONTEXT('2D SPACE',''
  ) );
#10254 = PCURVE('',#8878,#10255);
#10255 = DEFINITIONAL_REPRESENTATION('',(#10256),#10260);
#10256 = LINE('',#10257,#10258);
#10257 = CARTESIAN_POINT('',(1.31,-9.513223542257E-14));
#10258 = VECTOR('',#10259,1.);
#10259 = DIRECTION('',(0.,1.));
#10260 = ( GEOMETRIC_REPRESENTATION_CONTEXT(2) 
PARAMETRIC_REPRESENTATION_CONTEXT() REPRESENTATION_CONTEXT('2D SPACE',''
  ) );
#10261 = ADVANCED_FACE('',(#10262),#8878,.T.);
#10262 = FACE_BOUND('',#10263,.T.);
#10263 = EDGE_LOOP('',(#10264,#10285,#10286,#10287));
#10264 = ORIENTED_EDGE('',*,*,#10265,.F.);
#10265 = EDGE_CURVE('',#8835,#9072,#10266,.T.);
#10266 = SURFACE_CURVE('',#10267,(#10271,#10278),.PCURVE_S1.);
#10267 = LINE('',#10268,#10269);
#10268 = CARTESIAN_POINT('',(12.579524431003,-0.361372508353,32.4));
#10269 = VECTOR('',#10270,1.);
#10270 = DIRECTION('',(-9.063258019778E-02,0.995884398616,0.));
#10271 = PCURVE('',#8878,#10272);
#10272 = DEFINITIONAL_REPRESENTATION('',(#10273),#10277);
#10273 = LINE('',#10274,#10275);
#10274 = CARTESIAN_POINT('',(0.,0.));
#10275 = VECTOR('',#10276,1.);
#10276 = DIRECTION('',(0.,1.));
#10277 = ( GEOMETRIC_REPRESENTATION_CONTEXT(2) 
PARAMETRIC_REPRESENTATION_CONTEXT() REPRESENTATION_CONTEXT('2D SPACE',''
  ) );
#10278 = PCURVE('',#8850,#10279);
#10279 = DEFINITIONAL_REPRESENTATION('',(#10280),#10284);
#10280 = LINE('',#10281,#10282);
#10281 = CARTESIAN_POINT('',(2.6,0.));
#10282 = VECTOR('',#10283,1.);
#10283 = DIRECTION('',(0.,-1.));
#10284 = ( GEOMETRIC_REPRESENTATION_CONTEXT(2) 
PARAMETRIC_REPRESENTATION_CONTEXT() REPRESENTATION_CONTEXT('2D SPACE',''
  ) );
#10285 = ORIENTED_EDGE('',*,*,#8862,.T.);
#10286 = ORIENTED_EDGE('',*,*,#10241,.T.);
#10287 = ORIENTED_EDGE('',*,*,#9094,.F.);
#10288 = ADVANCED_FACE('',(#10289),#8850,.F.);
#10289 = FACE_BOUND('',#10290,.F.);
#10290 = EDGE_LOOP('',(#10291,#10292,#10313,#10314));
#10291 = ORIENTED_EDGE('',*,*,#8834,.F.);
#10292 = ORIENTED_EDGE('',*,*,#10293,.T.);
#10293 = EDGE_CURVE('',#8807,#9049,#10294,.T.);
#10294 = SURFACE_CURVE('',#10295,(#10299,#10306),.PCURVE_S1.);
#10295 = LINE('',#10296,#10297);
#10296 = CARTESIAN_POINT('',(12.579524431003,-0.361372508353,29.8));
#10297 = VECTOR('',#10298,1.);
#10298 = DIRECTION('',(-9.063258019778E-02,0.995884398616,0.));
#10299 = PCURVE('',#8850,#10300);
#10300 = DEFINITIONAL_REPRESENTATION('',(#10301),#10305);
#10301 = LINE('',#10302,#10303);
#10302 = CARTESIAN_POINT('',(0.,0.));
#10303 = VECTOR('',#10304,1.);
#10304 = DIRECTION('',(0.,-1.));
#10305 = ( GEOMETRIC_REPRESENTATION_CONTEXT(2) 
PARAMETRIC_REPRESENTATION_CONTEXT() REPRESENTATION_CONTEXT('2D SPACE',''
  ) );
#10306 = PCURVE('',#8822,#10307);
#10307 = DEFINITIONAL_REPRESENTATION('',(#10308),#10312);
#10308 = LINE('',#10309,#10310);
#10309 = CARTESIAN_POINT('',(0.,0.));
#10310 = VECTOR('',#10311,1.);
#10311 = DIRECTION('',(0.,1.));
#10312 = ( GEOMETRIC_REPRESENTATION_CONTEXT(2) 
PARAMETRIC_REPRESENTATION_CONTEXT() REPRESENTATION_CONTEXT('2D SPACE',''
  ) );
#10313 = ORIENTED_EDGE('',*,*,#9071,.T.);
#10314 = ORIENTED_EDGE('',*,*,#10265,.F.);
#10315 = ADVANCED_FACE('',(#10316),#8822,.F.);
#10316 = FACE_BOUND('',#10317,.F.);
#10317 = EDGE_LOOP('',(#10318,#10319,#10320,#10321));
#10318 = ORIENTED_EDGE('',*,*,#9048,.F.);
#10319 = ORIENTED_EDGE('',*,*,#10293,.F.);
#10320 = ORIENTED_EDGE('',*,*,#8806,.T.);
#10321 = ORIENTED_EDGE('',*,*,#9021,.F.);
#10322 = ADVANCED_FACE('',(#10323),#9337,.T.);
#10323 = FACE_BOUND('',#10324,.T.);
#10324 = EDGE_LOOP('',(#10325,#10326,#10347,#10348));
#10325 = ORIENTED_EDGE('',*,*,#9518,.F.);
#10326 = ORIENTED_EDGE('',*,*,#10327,.F.);
#10327 = EDGE_CURVE('',#9296,#9496,#10328,.T.);
#10328 = SURFACE_CURVE('',#10329,(#10333,#10340),.PCURVE_S1.);
#10329 = LINE('',#10330,#10331);
#10330 = CARTESIAN_POINT('',(13.525227975607,3.701058390226,32.39));
#10331 = VECTOR('',#10332,1.);
#10332 = DIRECTION('',(-9.063258019778E-02,0.995884398616,0.));
#10333 = PCURVE('',#9337,#10334);
#10334 = DEFINITIONAL_REPRESENTATION('',(#10335),#10339);
#10335 = LINE('',#10336,#10337);
#10336 = CARTESIAN_POINT('',(4.999999999923E-03,1.826837292551E-14));
#10337 = VECTOR('',#10338,1.);
#10338 = DIRECTION('',(0.,1.));
#10339 = ( GEOMETRIC_REPRESENTATION_CONTEXT(2) 
PARAMETRIC_REPRESENTATION_CONTEXT() REPRESENTATION_CONTEXT('2D SPACE',''
  ) );
#10340 = PCURVE('',#9311,#10341);
#10341 = DEFINITIONAL_REPRESENTATION('',(#10342),#10346);
#10342 = LINE('',#10343,#10344);
#10343 = CARTESIAN_POINT('',(2.59,0.));
#10344 = VECTOR('',#10345,1.);
#10345 = DIRECTION('',(0.,-1.));
#10346 = ( GEOMETRIC_REPRESENTATION_CONTEXT(2) 
PARAMETRIC_REPRESENTATION_CONTEXT() REPRESENTATION_CONTEXT('2D SPACE',''
  ) );
#10347 = ORIENTED_EDGE('',*,*,#9323,.T.);
#10348 = ORIENTED_EDGE('',*,*,#9377,.T.);
#10349 = ADVANCED_FACE('',(#10350),#9311,.T.);
#10350 = FACE_BOUND('',#10351,.T.);
#10351 = EDGE_LOOP('',(#10352,#10353,#10354,#10355));
#10352 = ORIENTED_EDGE('',*,*,#9295,.F.);
#10353 = ORIENTED_EDGE('',*,*,#10327,.T.);
#10354 = ORIENTED_EDGE('',*,*,#9495,.T.);
#10355 = ORIENTED_EDGE('',*,*,#10356,.F.);
#10356 = EDGE_CURVE('',#9268,#9473,#10357,.T.);
#10357 = SURFACE_CURVE('',#10358,(#10362,#10369),.PCURVE_S1.);
#10358 = LINE('',#10359,#10360);
#10359 = CARTESIAN_POINT('',(13.525227975607,3.701058390226,32.4));
#10360 = VECTOR('',#10361,1.);
#10361 = DIRECTION('',(-9.063258019778E-02,0.995884398616,0.));
#10362 = PCURVE('',#9311,#10363);
#10363 = DEFINITIONAL_REPRESENTATION('',(#10364),#10368);
#10364 = LINE('',#10365,#10366);
#10365 = CARTESIAN_POINT('',(2.6,0.));
#10366 = VECTOR('',#10367,1.);
#10367 = DIRECTION('',(0.,-1.));
#10368 = ( GEOMETRIC_REPRESENTATION_CONTEXT(2) 
PARAMETRIC_REPRESENTATION_CONTEXT() REPRESENTATION_CONTEXT('2D SPACE',''
  ) );
#10369 = PCURVE('',#9283,#10370);
#10370 = DEFINITIONAL_REPRESENTATION('',(#10371),#10375);
#10371 = LINE('',#10372,#10373);
#10372 = CARTESIAN_POINT('',(1.31,-9.497957975668E-14));
#10373 = VECTOR('',#10374,1.);
#10374 = DIRECTION('',(0.,1.));
#10375 = ( GEOMETRIC_REPRESENTATION_CONTEXT(2) 
PARAMETRIC_REPRESENTATION_CONTEXT() REPRESENTATION_CONTEXT('2D SPACE',''
  ) );
#10376 = ADVANCED_FACE('',(#10377),#9283,.T.);
#10377 = FACE_BOUND('',#10378,.T.);
#10378 = EDGE_LOOP('',(#10379,#10400,#10401,#10402));
#10379 = ORIENTED_EDGE('',*,*,#10380,.F.);
#10380 = EDGE_CURVE('',#9240,#9450,#10381,.T.);
#10381 = SURFACE_CURVE('',#10382,(#10386,#10393),.PCURVE_S1.);
#10382 = LINE('',#10383,#10384);
#10383 = CARTESIAN_POINT('',(12.22061941342,3.582329710167,32.4));
#10384 = VECTOR('',#10385,1.);
#10385 = DIRECTION('',(-9.063258019778E-02,0.995884398616,0.));
#10386 = PCURVE('',#9283,#10387);
#10387 = DEFINITIONAL_REPRESENTATION('',(#10388),#10392);
#10388 = LINE('',#10389,#10390);
#10389 = CARTESIAN_POINT('',(0.,0.));
#10390 = VECTOR('',#10391,1.);
#10391 = DIRECTION('',(0.,1.));
#10392 = ( GEOMETRIC_REPRESENTATION_CONTEXT(2) 
PARAMETRIC_REPRESENTATION_CONTEXT() REPRESENTATION_CONTEXT('2D SPACE',''
  ) );
#10393 = PCURVE('',#9255,#10394);
#10394 = DEFINITIONAL_REPRESENTATION('',(#10395),#10399);
#10395 = LINE('',#10396,#10397);
#10396 = CARTESIAN_POINT('',(2.6,0.));
#10397 = VECTOR('',#10398,1.);
#10398 = DIRECTION('',(0.,-1.));
#10399 = ( GEOMETRIC_REPRESENTATION_CONTEXT(2) 
PARAMETRIC_REPRESENTATION_CONTEXT() REPRESENTATION_CONTEXT('2D SPACE',''
  ) );
#10400 = ORIENTED_EDGE('',*,*,#9267,.T.);
#10401 = ORIENTED_EDGE('',*,*,#10356,.T.);
#10402 = ORIENTED_EDGE('',*,*,#9472,.F.);
#10403 = ADVANCED_FACE('',(#10404),#9255,.F.);
#10404 = FACE_BOUND('',#10405,.F.);
#10405 = EDGE_LOOP('',(#10406,#10407,#10428,#10429));
#10406 = ORIENTED_EDGE('',*,*,#9239,.F.);
#10407 = ORIENTED_EDGE('',*,*,#10408,.T.);
#10408 = EDGE_CURVE('',#9212,#9427,#10409,.T.);
#10409 = SURFACE_CURVE('',#10410,(#10414,#10421),.PCURVE_S1.);
#10410 = LINE('',#10411,#10412);
#10411 = CARTESIAN_POINT('',(12.22061941342,3.582329710167,29.8));
#10412 = VECTOR('',#10413,1.);
#10413 = DIRECTION('',(-9.063258019778E-02,0.995884398616,0.));
#10414 = PCURVE('',#9255,#10415);
#10415 = DEFINITIONAL_REPRESENTATION('',(#10416),#10420);
#10416 = LINE('',#10417,#10418);
#10417 = CARTESIAN_POINT('',(0.,0.));
#10418 = VECTOR('',#10419,1.);
#10419 = DIRECTION('',(0.,-1.));
#10420 = ( GEOMETRIC_REPRESENTATION_CONTEXT(2) 
PARAMETRIC_REPRESENTATION_CONTEXT() REPRESENTATION_CONTEXT('2D SPACE',''
  ) );
#10421 = PCURVE('',#9227,#10422);
#10422 = DEFINITIONAL_REPRESENTATION('',(#10423),#10427);
#10423 = LINE('',#10424,#10425);
#10424 = CARTESIAN_POINT('',(0.,0.));
#10425 = VECTOR('',#10426,1.);
#10426 = DIRECTION('',(0.,1.));
#10427 = ( GEOMETRIC_REPRESENTATION_CONTEXT(2) 
PARAMETRIC_REPRESENTATION_CONTEXT() REPRESENTATION_CONTEXT('2D SPACE',''
  ) );
#10428 = ORIENTED_EDGE('',*,*,#9449,.T.);
#10429 = ORIENTED_EDGE('',*,*,#10380,.F.);
#10430 = ADVANCED_FACE('',(#10431),#9227,.F.);
#10431 = FACE_BOUND('',#10432,.F.);
#10432 = EDGE_LOOP('',(#10433,#10434,#10435,#10436));
#10433 = ORIENTED_EDGE('',*,*,#9426,.F.);
#10434 = ORIENTED_EDGE('',*,*,#10408,.F.);
#10435 = ORIENTED_EDGE('',*,*,#9211,.T.);
#10436 = ORIENTED_EDGE('',*,*,#9545,.F.);
#10437 = ADVANCED_FACE('',(#10438),#9608,.T.);
#10438 = FACE_BOUND('',#10439,.T.);
#10439 = EDGE_LOOP('',(#10440,#10441,#10464,#10491));
#10440 = ORIENTED_EDGE('',*,*,#9593,.T.);
#10441 = ORIENTED_EDGE('',*,*,#10442,.T.);
#10442 = EDGE_CURVE('',#9571,#10443,#10445,.T.);
#10443 = VERTEX_POINT('',#10444);
#10444 = CARTESIAN_POINT('',(-1.167629135404,-33.12813064638,
    22.526861568398));
#10445 = SEAM_CURVE('',#10446,(#10450,#10457),.PCURVE_S1.);
#10446 = LINE('',#10447,#10448);
#10447 = CARTESIAN_POINT('',(-1.256605260703,-32.23666692977,
    22.753744117518));
#10448 = VECTOR('',#10449,1.);
#10449 = DIRECTION('',(9.627624166521E-02,-0.964604560249,
    -0.245497306783));
#10450 = PCURVE('',#9608,#10451);
#10451 = DEFINITIONAL_REPRESENTATION('',(#10452),#10456);
#10452 = LINE('',#10453,#10454);
#10453 = CARTESIAN_POINT('',(0.,0.));
#10454 = VECTOR('',#10455,1.);
#10455 = DIRECTION('',(-0.,-1.));
#10456 = ( GEOMETRIC_REPRESENTATION_CONTEXT(2) 
PARAMETRIC_REPRESENTATION_CONTEXT() REPRESENTATION_CONTEXT('2D SPACE',''
  ) );
#10457 = PCURVE('',#9608,#10458);
#10458 = DEFINITIONAL_REPRESENTATION('',(#10459),#10463);
#10459 = LINE('',#10460,#10461);
#10460 = CARTESIAN_POINT('',(6.283185307179,0.));
#10461 = VECTOR('',#10462,1.);
#10462 = DIRECTION('',(-0.,-1.));
#10463 = ( GEOMETRIC_REPRESENTATION_CONTEXT(2) 
PARAMETRIC_REPRESENTATION_CONTEXT() REPRESENTATION_CONTEXT('2D SPACE',''
  ) );
#10464 = ORIENTED_EDGE('',*,*,#10465,.F.);
#10465 = EDGE_CURVE('',#10443,#10443,#10466,.T.);
#10466 = SURFACE_CURVE('',#10467,(#10472,#10479),.PCURVE_S1.);
#10467 = CIRCLE('',#10468,2.89);
#10468 = AXIS2_PLACEMENT_3D('',#10469,#10470,#10471);
#10469 = CARTESIAN_POINT('',(-1.17302504114,-33.0740683441,
    19.637372313932));
#10470 = DIRECTION('',(9.929801703841E-02,-0.994880132442,
    -1.879962457525E-02));
#10471 = DIRECTION('',(1.867095410469E-03,-1.87066789917E-02,
    0.999823271441));
#10472 = PCURVE('',#9608,#10473);
#10473 = DEFINITIONAL_REPRESENTATION('',(#10474),#10478);
#10474 = LINE('',#10475,#10476);
#10475 = CARTESIAN_POINT('',(6.28318530718,-0.900000000002));
#10476 = VECTOR('',#10477,1.);
#10477 = DIRECTION('',(-1.,0.));
#10478 = ( GEOMETRIC_REPRESENTATION_CONTEXT(2) 
PARAMETRIC_REPRESENTATION_CONTEXT() REPRESENTATION_CONTEXT('2D SPACE',''
  ) );
#10479 = PCURVE('',#10480,#10485);
#10480 = CYLINDRICAL_SURFACE('',#10481,2.89);
#10481 = AXIS2_PLACEMENT_3D('',#10482,#10483,#10484);
#10482 = CARTESIAN_POINT('',(-1.17302504114,-33.0740683441,
    19.637372313932));
#10483 = DIRECTION('',(9.929801703841E-02,-0.994880132442,
    -1.879962457525E-02));
#10484 = DIRECTION('',(1.867095410469E-03,-1.87066789917E-02,
    0.999823271441));
#10485 = DEFINITIONAL_REPRESENTATION('',(#10486),#10490);
#10486 = LINE('',#10487,#10488);
#10487 = CARTESIAN_POINT('',(0.,0.));
#10488 = VECTOR('',#10489,1.);
#10489 = DIRECTION('',(1.,0.));
#10490 = ( GEOMETRIC_REPRESENTATION_CONTEXT(2) 
PARAMETRIC_REPRESENTATION_CONTEXT() REPRESENTATION_CONTEXT('2D SPACE',''
  ) );
#10491 = ORIENTED_EDGE('',*,*,#10442,.F.);
#10492 = ADVANCED_FACE('',(#10493,#10524),#9661,.F.);
#10493 = FACE_BOUND('',#10494,.T.);
#10494 = EDGE_LOOP('',(#10495));
#10495 = ORIENTED_EDGE('',*,*,#10496,.T.);
#10496 = EDGE_CURVE('',#10497,#10497,#10499,.T.);
#10497 = VERTEX_POINT('',#10498);
#10498 = CARTESIAN_POINT('',(14.28,0.,0.));
#10499 = SURFACE_CURVE('',#10500,(#10505,#10512),.PCURVE_S1.);
#10500 = CIRCLE('',#10501,14.28);
#10501 = AXIS2_PLACEMENT_3D('',#10502,#10503,#10504);
#10502 = CARTESIAN_POINT('',(0.,0.,0.));
#10503 = DIRECTION('',(0.,-0.,1.));
#10504 = DIRECTION('',(1.,0.,0.));
#10505 = PCURVE('',#9661,#10506);
#10506 = DEFINITIONAL_REPRESENTATION('',(#10507),#10511);
#10507 = CIRCLE('',#10508,14.28);
#10508 = AXIS2_PLACEMENT_2D('',#10509,#10510);
#10509 = CARTESIAN_POINT('',(0.,0.));
#10510 = DIRECTION('',(1.,0.));
#10511 = ( GEOMETRIC_REPRESENTATION_CONTEXT(2) 
PARAMETRIC_REPRESENTATION_CONTEXT() REPRESENTATION_CONTEXT('2D SPACE',''
  ) );
#10512 = PCURVE('',#10513,#10518);
#10513 = TOROIDAL_SURFACE('',#10514,14.28,0.3);
#10514 = AXIS2_PLACEMENT_3D('',#10515,#10516,#10517);
#10515 = CARTESIAN_POINT('',(0.,0.,0.3));
#10516 = DIRECTION('',(-0.,0.,-1.));
#10517 = DIRECTION('',(1.,0.,0.));
#10518 = DEFINITIONAL_REPRESENTATION('',(#10519),#10523);
#10519 = LINE('',#10520,#10521);
#10520 = CARTESIAN_POINT('',(6.28318530718,1.570796326795));
#10521 = VECTOR('',#10522,1.);
#10522 = DIRECTION('',(-1.,0.));
#10523 = ( GEOMETRIC_REPRESENTATION_CONTEXT(2) 
PARAMETRIC_REPRESENTATION_CONTEXT() REPRESENTATION_CONTEXT('2D SPACE',''
  ) );
#10524 = FACE_BOUND('',#10525,.T.);
#10525 = EDGE_LOOP('',(#10526));
#10526 = ORIENTED_EDGE('',*,*,#9646,.F.);
#10527 = ADVANCED_FACE('',(#10528),#9717,.T.);
#10528 = FACE_BOUND('',#10529,.T.);
#10529 = EDGE_LOOP('',(#10530,#10531,#10554,#10581));
#10530 = ORIENTED_EDGE('',*,*,#9702,.T.);
#10531 = ORIENTED_EDGE('',*,*,#10532,.T.);
#10532 = EDGE_CURVE('',#9680,#10533,#10535,.T.);
#10533 = VERTEX_POINT('',#10534);
#10534 = CARTESIAN_POINT('',(-10.41471985543,-20.65005088889,
    10.635212230585));
#10535 = SEAM_CURVE('',#10536,(#10540,#10547),.PCURVE_S1.);
#10536 = LINE('',#10537,#10538);
#10537 = CARTESIAN_POINT('',(-10.42150747651,-19.94314843571,
    10.196187345305));
#10538 = VECTOR('',#10539,1.);
#10539 = DIRECTION('',(8.156572495783E-03,-0.849473039717,0.527568976646
    ));
#10540 = PCURVE('',#9717,#10541);
#10541 = DEFINITIONAL_REPRESENTATION('',(#10542),#10546);
#10542 = LINE('',#10543,#10544);
#10543 = CARTESIAN_POINT('',(6.28318530718,0.));
#10544 = VECTOR('',#10545,1.);
#10545 = DIRECTION('',(0.,1.));
#10546 = ( GEOMETRIC_REPRESENTATION_CONTEXT(2) 
PARAMETRIC_REPRESENTATION_CONTEXT() REPRESENTATION_CONTEXT('2D SPACE',''
  ) );
#10547 = PCURVE('',#9717,#10548);
#10548 = DEFINITIONAL_REPRESENTATION('',(#10549),#10553);
#10549 = LINE('',#10550,#10551);
#10550 = CARTESIAN_POINT('',(4.138911435803E-13,0.));
#10551 = VECTOR('',#10552,1.);
#10552 = DIRECTION('',(0.,1.));
#10553 = ( GEOMETRIC_REPRESENTATION_CONTEXT(2) 
PARAMETRIC_REPRESENTATION_CONTEXT() REPRESENTATION_CONTEXT('2D SPACE',''
  ) );
#10554 = ORIENTED_EDGE('',*,*,#10555,.F.);
#10555 = EDGE_CURVE('',#10533,#10533,#10556,.T.);
#10556 = SURFACE_CURVE('',#10557,(#10562,#10569),.PCURVE_S1.);
#10557 = CIRCLE('',#10558,3.43);
#10558 = AXIS2_PLACEMENT_3D('',#10559,#10560,#10561);
#10559 = CARTESIAN_POINT('',(-10.41523362786,-20.59654363132,
    7.20562964528));
#10560 = DIRECTION('',(9.60030932695E-03,-0.999832215113,
    -1.560050265629E-02));
#10561 = DIRECTION('',(1.497878796292E-04,-1.559978354722E-02,
    0.999878304754));
#10562 = PCURVE('',#9717,#10563);
#10563 = DEFINITIONAL_REPRESENTATION('',(#10564),#10568);
#10564 = LINE('',#10565,#10566);
#10565 = CARTESIAN_POINT('',(0.,0.7));
#10566 = VECTOR('',#10567,1.);
#10567 = DIRECTION('',(1.,0.));
#10568 = ( GEOMETRIC_REPRESENTATION_CONTEXT(2) 
PARAMETRIC_REPRESENTATION_CONTEXT() REPRESENTATION_CONTEXT('2D SPACE',''
  ) );
#10569 = PCURVE('',#10570,#10575);
#10570 = CYLINDRICAL_SURFACE('',#10571,3.43);
#10571 = AXIS2_PLACEMENT_3D('',#10572,#10573,#10574);
#10572 = CARTESIAN_POINT('',(-10.41523362786,-20.59654363132,
    7.20562964528));
#10573 = DIRECTION('',(9.60030932695E-03,-0.999832215113,
    -1.560050265629E-02));
#10574 = DIRECTION('',(1.497878796292E-04,-1.559978354722E-02,
    0.999878304754));
#10575 = DEFINITIONAL_REPRESENTATION('',(#10576),#10580);
#10576 = LINE('',#10577,#10578);
#10577 = CARTESIAN_POINT('',(0.,0.));
#10578 = VECTOR('',#10579,1.);
#10579 = DIRECTION('',(1.,0.));
#10580 = ( GEOMETRIC_REPRESENTATION_CONTEXT(2) 
PARAMETRIC_REPRESENTATION_CONTEXT() REPRESENTATION_CONTEXT('2D SPACE',''
  ) );
#10581 = ORIENTED_EDGE('',*,*,#10532,.F.);
#10582 = ADVANCED_FACE('',(#10583),#9757,.F.);
#10583 = FACE_BOUND('',#10584,.F.);
#10584 = EDGE_LOOP('',(#10585,#10608,#10609,#10632));
#10585 = ORIENTED_EDGE('',*,*,#10586,.F.);
#10586 = EDGE_CURVE('',#9740,#10587,#10589,.T.);
#10587 = VERTEX_POINT('',#10588);
#10588 = CARTESIAN_POINT('',(11.64686058209,-3.518897353058,36.1));
#10589 = SURFACE_CURVE('',#10590,(#10594,#10601),.PCURVE_S1.);
#10590 = LINE('',#10591,#10592);
#10591 = CARTESIAN_POINT('',(11.64686058209,-3.518897353058,24.04));
#10592 = VECTOR('',#10593,1.);
#10593 = DIRECTION('',(0.,0.,1.));
#10594 = PCURVE('',#9757,#10595);
#10595 = DEFINITIONAL_REPRESENTATION('',(#10596),#10600);
#10596 = LINE('',#10597,#10598);
#10597 = CARTESIAN_POINT('',(0.,1.2));
#10598 = VECTOR('',#10599,1.);
#10599 = DIRECTION('',(1.,0.));
#10600 = ( GEOMETRIC_REPRESENTATION_CONTEXT(2) 
PARAMETRIC_REPRESENTATION_CONTEXT() REPRESENTATION_CONTEXT('2D SPACE',''
  ) );
#10601 = PCURVE('',#9839,#10602);
#10602 = DEFINITIONAL_REPRESENTATION('',(#10603),#10607);
#10603 = LINE('',#10604,#10605);
#10604 = CARTESIAN_POINT('',(0.,0.));
#10605 = VECTOR('',#10606,1.);
#10606 = DIRECTION('',(1.,0.));
#10607 = ( GEOMETRIC_REPRESENTATION_CONTEXT(2) 
PARAMETRIC_REPRESENTATION_CONTEXT() REPRESENTATION_CONTEXT('2D SPACE',''
  ) );
#10608 = ORIENTED_EDGE('',*,*,#9739,.T.);
#10609 = ORIENTED_EDGE('',*,*,#10610,.T.);
#10610 = EDGE_CURVE('',#9742,#10611,#10613,.T.);
#10611 = VERTEX_POINT('',#10612);
#10612 = CARTESIAN_POINT('',(10.451799303751,-3.627656449295,36.1));
#10613 = SURFACE_CURVE('',#10614,(#10618,#10625),.PCURVE_S1.);
#10614 = LINE('',#10615,#10616);
#10615 = CARTESIAN_POINT('',(10.451799303751,-3.627656449295,24.04));
#10616 = VECTOR('',#10617,1.);
#10617 = DIRECTION('',(0.,0.,1.));
#10618 = PCURVE('',#9757,#10619);
#10619 = DEFINITIONAL_REPRESENTATION('',(#10620),#10624);
#10620 = LINE('',#10621,#10622);
#10621 = CARTESIAN_POINT('',(0.,0.));
#10622 = VECTOR('',#10623,1.);
#10623 = DIRECTION('',(1.,0.));
#10624 = ( GEOMETRIC_REPRESENTATION_CONTEXT(2) 
PARAMETRIC_REPRESENTATION_CONTEXT() REPRESENTATION_CONTEXT('2D SPACE',''
  ) );
#10625 = PCURVE('',#9785,#10626);
#10626 = DEFINITIONAL_REPRESENTATION('',(#10627),#10631);
#10627 = LINE('',#10628,#10629);
#10628 = CARTESIAN_POINT('',(0.,0.));
#10629 = VECTOR('',#10630,1.);
#10630 = DIRECTION('',(1.,0.));
#10631 = ( GEOMETRIC_REPRESENTATION_CONTEXT(2) 
PARAMETRIC_REPRESENTATION_CONTEXT() REPRESENTATION_CONTEXT('2D SPACE',''
  ) );
#10632 = ORIENTED_EDGE('',*,*,#10633,.T.);
#10633 = EDGE_CURVE('',#10611,#10587,#10634,.T.);
#10634 = SURFACE_CURVE('',#10635,(#10639,#10646),.PCURVE_S1.);
#10635 = LINE('',#10636,#10637);
#10636 = CARTESIAN_POINT('',(10.451799303751,-3.627656449295,36.1));
#10637 = VECTOR('',#10638,1.);
#10638 = DIRECTION('',(0.995884398616,9.063258019778E-02,0.));
#10639 = PCURVE('',#9757,#10640);
#10640 = DEFINITIONAL_REPRESENTATION('',(#10641),#10645);
#10641 = LINE('',#10642,#10643);
#10642 = CARTESIAN_POINT('',(12.06,0.));
#10643 = VECTOR('',#10644,1.);
#10644 = DIRECTION('',(0.,1.));
#10645 = ( GEOMETRIC_REPRESENTATION_CONTEXT(2) 
PARAMETRIC_REPRESENTATION_CONTEXT() REPRESENTATION_CONTEXT('2D SPACE',''
  ) );
#10646 = PCURVE('',#10647,#10652);
#10647 = PLANE('',#10648);
#10648 = AXIS2_PLACEMENT_3D('',#10649,#10650,#10651);
#10649 = CARTESIAN_POINT('',(10.433672787711,-3.428479569572,36.3));
#10650 = DIRECTION('',(-6.408691205427E-02,0.704196611539,
    -0.707106781187));
#10651 = DIRECTION('',(-0.995884398616,-9.063258019779E-02,
    1.398187121637E-14));
#10652 = DEFINITIONAL_REPRESENTATION('',(#10653),#10657);
#10653 = LINE('',#10654,#10655);
#10654 = CARTESIAN_POINT('',(-4.612907278378E-13,-0.282842712475));
#10655 = VECTOR('',#10656,1.);
#10656 = DIRECTION('',(-1.,-2.081668171172E-17));
#10657 = ( GEOMETRIC_REPRESENTATION_CONTEXT(2) 
PARAMETRIC_REPRESENTATION_CONTEXT() REPRESENTATION_CONTEXT('2D SPACE',''
  ) );
#10658 = ADVANCED_FACE('',(#10659),#9839,.T.);
#10659 = FACE_BOUND('',#10660,.T.);
#10660 = EDGE_LOOP('',(#10661,#10662,#10663,#10686));
#10661 = ORIENTED_EDGE('',*,*,#10586,.F.);
#10662 = ORIENTED_EDGE('',*,*,#9825,.T.);
#10663 = ORIENTED_EDGE('',*,*,#10664,.T.);
#10664 = EDGE_CURVE('',#9798,#10665,#10667,.T.);
#10665 = VERTEX_POINT('',#10666);
#10666 = CARTESIAN_POINT('',(11.538101485853,-2.323836074719,36.1));
#10667 = SURFACE_CURVE('',#10668,(#10672,#10679),.PCURVE_S1.);
#10668 = LINE('',#10669,#10670);
#10669 = CARTESIAN_POINT('',(11.538101485853,-2.323836074719,24.04));
#10670 = VECTOR('',#10671,1.);
#10671 = DIRECTION('',(0.,0.,1.));
#10672 = PCURVE('',#9839,#10673);
#10673 = DEFINITIONAL_REPRESENTATION('',(#10674),#10678);
#10674 = LINE('',#10675,#10676);
#10675 = CARTESIAN_POINT('',(0.,-1.2));
#10676 = VECTOR('',#10677,1.);
#10677 = DIRECTION('',(1.,0.));
#10678 = ( GEOMETRIC_REPRESENTATION_CONTEXT(2) 
PARAMETRIC_REPRESENTATION_CONTEXT() REPRESENTATION_CONTEXT('2D SPACE',''
  ) );
#10679 = PCURVE('',#9813,#10680);
#10680 = DEFINITIONAL_REPRESENTATION('',(#10681),#10685);
#10681 = LINE('',#10682,#10683);
#10682 = CARTESIAN_POINT('',(0.,1.2));
#10683 = VECTOR('',#10684,1.);
#10684 = DIRECTION('',(1.,0.));
#10685 = ( GEOMETRIC_REPRESENTATION_CONTEXT(2) 
PARAMETRIC_REPRESENTATION_CONTEXT() REPRESENTATION_CONTEXT('2D SPACE',''
  ) );
#10686 = ORIENTED_EDGE('',*,*,#10687,.F.);
#10687 = EDGE_CURVE('',#10587,#10665,#10688,.T.);
#10688 = SURFACE_CURVE('',#10689,(#10693,#10700),.PCURVE_S1.);
#10689 = LINE('',#10690,#10691);
#10690 = CARTESIAN_POINT('',(11.64686058209,-3.518897353058,36.1));
#10691 = VECTOR('',#10692,1.);
#10692 = DIRECTION('',(-9.063258019778E-02,0.995884398616,0.));
#10693 = PCURVE('',#9839,#10694);
#10694 = DEFINITIONAL_REPRESENTATION('',(#10695),#10699);
#10695 = LINE('',#10696,#10697);
#10696 = CARTESIAN_POINT('',(12.06,0.));
#10697 = VECTOR('',#10698,1.);
#10698 = DIRECTION('',(0.,-1.));
#10699 = ( GEOMETRIC_REPRESENTATION_CONTEXT(2) 
PARAMETRIC_REPRESENTATION_CONTEXT() REPRESENTATION_CONTEXT('2D SPACE',''
  ) );
#10700 = PCURVE('',#10701,#10706);
#10701 = PLANE('',#10702);
#10702 = AXIS2_PLACEMENT_3D('',#10703,#10704,#10705);
#10703 = CARTESIAN_POINT('',(11.447683702367,-3.537023869097,36.3));
#10704 = DIRECTION('',(0.704196611539,6.408691205427E-02,0.707106781187)
  );
#10705 = DIRECTION('',(-9.063258019779E-02,0.995884398616,
    -1.398187121637E-14));
#10706 = DEFINITIONAL_REPRESENTATION('',(#10707),#10711);
#10707 = LINE('',#10708,#10709);
#10708 = CARTESIAN_POINT('',(-5.356895482755E-13,-0.282842712474));
#10709 = VECTOR('',#10710,1.);
#10710 = DIRECTION('',(1.,-2.081668171172E-17));
#10711 = ( GEOMETRIC_REPRESENTATION_CONTEXT(2) 
PARAMETRIC_REPRESENTATION_CONTEXT() REPRESENTATION_CONTEXT('2D SPACE',''
  ) );
#10712 = ADVANCED_FACE('',(#10713),#9813,.T.);
#10713 = FACE_BOUND('',#10714,.T.);
#10714 = EDGE_LOOP('',(#10715,#10716,#10717,#10740));
#10715 = ORIENTED_EDGE('',*,*,#10664,.F.);
#10716 = ORIENTED_EDGE('',*,*,#9797,.T.);
#10717 = ORIENTED_EDGE('',*,*,#10718,.T.);
#10718 = EDGE_CURVE('',#9770,#10719,#10721,.T.);
#10719 = VERTEX_POINT('',#10720);
#10720 = CARTESIAN_POINT('',(10.343040207514,-2.432595170956,36.1));
#10721 = SURFACE_CURVE('',#10722,(#10726,#10733),.PCURVE_S1.);
#10722 = LINE('',#10723,#10724);
#10723 = CARTESIAN_POINT('',(10.343040207514,-2.432595170956,24.04));
#10724 = VECTOR('',#10725,1.);
#10725 = DIRECTION('',(0.,0.,1.));
#10726 = PCURVE('',#9813,#10727);
#10727 = DEFINITIONAL_REPRESENTATION('',(#10728),#10732);
#10728 = LINE('',#10729,#10730);
#10729 = CARTESIAN_POINT('',(0.,0.));
#10730 = VECTOR('',#10731,1.);
#10731 = DIRECTION('',(1.,0.));
#10732 = ( GEOMETRIC_REPRESENTATION_CONTEXT(2) 
PARAMETRIC_REPRESENTATION_CONTEXT() REPRESENTATION_CONTEXT('2D SPACE',''
  ) );
#10733 = PCURVE('',#9785,#10734);
#10734 = DEFINITIONAL_REPRESENTATION('',(#10735),#10739);
#10735 = LINE('',#10736,#10737);
#10736 = CARTESIAN_POINT('',(0.,-1.2));
#10737 = VECTOR('',#10738,1.);
#10738 = DIRECTION('',(1.,0.));
#10739 = ( GEOMETRIC_REPRESENTATION_CONTEXT(2) 
PARAMETRIC_REPRESENTATION_CONTEXT() REPRESENTATION_CONTEXT('2D SPACE',''
  ) );
#10740 = ORIENTED_EDGE('',*,*,#10741,.T.);
#10741 = EDGE_CURVE('',#10719,#10665,#10742,.T.);
#10742 = SURFACE_CURVE('',#10743,(#10747,#10754),.PCURVE_S1.);
#10743 = LINE('',#10744,#10745);
#10744 = CARTESIAN_POINT('',(10.343040207514,-2.432595170956,36.1));
#10745 = VECTOR('',#10746,1.);
#10746 = DIRECTION('',(0.995884398616,9.063258019778E-02,0.));
#10747 = PCURVE('',#9813,#10748);
#10748 = DEFINITIONAL_REPRESENTATION('',(#10749),#10753);
#10749 = LINE('',#10750,#10751);
#10750 = CARTESIAN_POINT('',(12.06,0.));
#10751 = VECTOR('',#10752,1.);
#10752 = DIRECTION('',(0.,1.));
#10753 = ( GEOMETRIC_REPRESENTATION_CONTEXT(2) 
PARAMETRIC_REPRESENTATION_CONTEXT() REPRESENTATION_CONTEXT('2D SPACE',''
  ) );
#10754 = PCURVE('',#10755,#10760);
#10755 = PLANE('',#10756);
#10756 = AXIS2_PLACEMENT_3D('',#10757,#10758,#10759);
#10757 = CARTESIAN_POINT('',(10.361166723553,-2.631772050679,36.3));
#10758 = DIRECTION('',(-6.408691205427E-02,0.704196611539,0.707106781187
    ));
#10759 = DIRECTION('',(-0.995884398616,-9.063258019779E-02,
    -1.398187121637E-14));
#10760 = DEFINITIONAL_REPRESENTATION('',(#10761),#10765);
#10761 = LINE('',#10762,#10763);
#10762 = CARTESIAN_POINT('',(-5.370183464581E-13,-0.282842712474));
#10763 = VECTOR('',#10764,1.);
#10764 = DIRECTION('',(-1.,2.081668171172E-17));
#10765 = ( GEOMETRIC_REPRESENTATION_CONTEXT(2) 
PARAMETRIC_REPRESENTATION_CONTEXT() REPRESENTATION_CONTEXT('2D SPACE',''
  ) );
#10766 = ADVANCED_FACE('',(#10767),#9785,.F.);
#10767 = FACE_BOUND('',#10768,.F.);
#10768 = EDGE_LOOP('',(#10769,#10770,#10771,#10772));
#10769 = ORIENTED_EDGE('',*,*,#10610,.F.);
#10770 = ORIENTED_EDGE('',*,*,#9769,.T.);
#10771 = ORIENTED_EDGE('',*,*,#10718,.T.);
#10772 = ORIENTED_EDGE('',*,*,#10773,.F.);
#10773 = EDGE_CURVE('',#10611,#10719,#10774,.T.);
#10774 = SURFACE_CURVE('',#10775,(#10779,#10786),.PCURVE_S1.);
#10775 = LINE('',#10776,#10777);
#10776 = CARTESIAN_POINT('',(10.451799303751,-3.627656449295,36.1));
#10777 = VECTOR('',#10778,1.);
#10778 = DIRECTION('',(-9.063258019778E-02,0.995884398616,0.));
#10779 = PCURVE('',#9785,#10780);
#10780 = DEFINITIONAL_REPRESENTATION('',(#10781),#10785);
#10781 = LINE('',#10782,#10783);
#10782 = CARTESIAN_POINT('',(12.06,0.));
#10783 = VECTOR('',#10784,1.);
#10784 = DIRECTION('',(0.,-1.));
#10785 = ( GEOMETRIC_REPRESENTATION_CONTEXT(2) 
PARAMETRIC_REPRESENTATION_CONTEXT() REPRESENTATION_CONTEXT('2D SPACE',''
  ) );
#10786 = PCURVE('',#10787,#10792);
#10787 = PLANE('',#10788);
#10788 = AXIS2_PLACEMENT_3D('',#10789,#10790,#10791);
#10789 = CARTESIAN_POINT('',(10.650976183474,-3.609529933256,36.3));
#10790 = DIRECTION('',(0.704196611539,6.408691205427E-02,-0.707106781187
    ));
#10791 = DIRECTION('',(-9.063258019779E-02,0.995884398616,
    1.398187121637E-14));
#10792 = DEFINITIONAL_REPRESENTATION('',(#10793),#10797);
#10793 = LINE('',#10794,#10795);
#10794 = CARTESIAN_POINT('',(5.356895482755E-13,-0.282842712474));
#10795 = VECTOR('',#10796,1.);
#10796 = DIRECTION('',(1.,2.081668171172E-17));
#10797 = ( GEOMETRIC_REPRESENTATION_CONTEXT(2) 
PARAMETRIC_REPRESENTATION_CONTEXT() REPRESENTATION_CONTEXT('2D SPACE',''
  ) );
#10798 = ADVANCED_FACE('',(#10799),#9878,.F.);
#10799 = FACE_BOUND('',#10800,.F.);
#10800 = EDGE_LOOP('',(#10801,#10824,#10825,#10848));
#10801 = ORIENTED_EDGE('',*,*,#10802,.F.);
#10802 = EDGE_CURVE('',#9861,#10803,#10805,.T.);
#10803 = VERTEX_POINT('',#10804);
#10804 = CARTESIAN_POINT('',(11.287955564507,0.424804865461,36.1));
#10805 = SURFACE_CURVE('',#10806,(#10810,#10817),.PCURVE_S1.);
#10806 = LINE('',#10807,#10808);
#10807 = CARTESIAN_POINT('',(11.287955564507,0.424804865461,24.04));
#10808 = VECTOR('',#10809,1.);
#10809 = DIRECTION('',(0.,0.,1.));
#10810 = PCURVE('',#9878,#10811);
#10811 = DEFINITIONAL_REPRESENTATION('',(#10812),#10816);
#10812 = LINE('',#10813,#10814);
#10813 = CARTESIAN_POINT('',(0.,1.2));
#10814 = VECTOR('',#10815,1.);
#10815 = DIRECTION('',(1.,0.));
#10816 = ( GEOMETRIC_REPRESENTATION_CONTEXT(2) 
PARAMETRIC_REPRESENTATION_CONTEXT() REPRESENTATION_CONTEXT('2D SPACE',''
  ) );
#10817 = PCURVE('',#9960,#10818);
#10818 = DEFINITIONAL_REPRESENTATION('',(#10819),#10823);
#10819 = LINE('',#10820,#10821);
#10820 = CARTESIAN_POINT('',(0.,0.));
#10821 = VECTOR('',#10822,1.);
#10822 = DIRECTION('',(1.,0.));
#10823 = ( GEOMETRIC_REPRESENTATION_CONTEXT(2) 
PARAMETRIC_REPRESENTATION_CONTEXT() REPRESENTATION_CONTEXT('2D SPACE',''
  ) );
#10824 = ORIENTED_EDGE('',*,*,#9860,.T.);
#10825 = ORIENTED_EDGE('',*,*,#10826,.T.);
#10826 = EDGE_CURVE('',#9863,#10827,#10829,.T.);
#10827 = VERTEX_POINT('',#10828);
#10828 = CARTESIAN_POINT('',(10.092894286168,0.316045769224,36.1));
#10829 = SURFACE_CURVE('',#10830,(#10834,#10841),.PCURVE_S1.);
#10830 = LINE('',#10831,#10832);
#10831 = CARTESIAN_POINT('',(10.092894286168,0.316045769224,24.04));
#10832 = VECTOR('',#10833,1.);
#10833 = DIRECTION('',(0.,0.,1.));
#10834 = PCURVE('',#9878,#10835);
#10835 = DEFINITIONAL_REPRESENTATION('',(#10836),#10840);
#10836 = LINE('',#10837,#10838);
#10837 = CARTESIAN_POINT('',(0.,0.));
#10838 = VECTOR('',#10839,1.);
#10839 = DIRECTION('',(1.,0.));
#10840 = ( GEOMETRIC_REPRESENTATION_CONTEXT(2) 
PARAMETRIC_REPRESENTATION_CONTEXT() REPRESENTATION_CONTEXT('2D SPACE',''
  ) );
#10841 = PCURVE('',#9906,#10842);
#10842 = DEFINITIONAL_REPRESENTATION('',(#10843),#10847);
#10843 = LINE('',#10844,#10845);
#10844 = CARTESIAN_POINT('',(0.,0.));
#10845 = VECTOR('',#10846,1.);
#10846 = DIRECTION('',(1.,0.));
#10847 = ( GEOMETRIC_REPRESENTATION_CONTEXT(2) 
PARAMETRIC_REPRESENTATION_CONTEXT() REPRESENTATION_CONTEXT('2D SPACE',''
  ) );
#10848 = ORIENTED_EDGE('',*,*,#10849,.T.);
#10849 = EDGE_CURVE('',#10827,#10803,#10850,.T.);
#10850 = SURFACE_CURVE('',#10851,(#10855,#10862),.PCURVE_S1.);
#10851 = LINE('',#10852,#10853);
#10852 = CARTESIAN_POINT('',(10.092894286168,0.316045769224,36.1));
#10853 = VECTOR('',#10854,1.);
#10854 = DIRECTION('',(0.995884398616,9.063258019778E-02,0.));
#10855 = PCURVE('',#9878,#10856);
#10856 = DEFINITIONAL_REPRESENTATION('',(#10857),#10861);
#10857 = LINE('',#10858,#10859);
#10858 = CARTESIAN_POINT('',(12.06,0.));
#10859 = VECTOR('',#10860,1.);
#10860 = DIRECTION('',(0.,1.));
#10861 = ( GEOMETRIC_REPRESENTATION_CONTEXT(2) 
PARAMETRIC_REPRESENTATION_CONTEXT() REPRESENTATION_CONTEXT('2D SPACE',''
  ) );
#10862 = PCURVE('',#10863,#10868);
#10863 = PLANE('',#10864);
#10864 = AXIS2_PLACEMENT_3D('',#10865,#10866,#10867);
#10865 = CARTESIAN_POINT('',(10.074767770128,0.515222648947,36.3));
#10866 = DIRECTION('',(-6.408691205427E-02,0.704196611539,
    -0.707106781187));
#10867 = DIRECTION('',(-0.995884398616,-9.063258019779E-02,
    1.398187121637E-14));
#10868 = DEFINITIONAL_REPRESENTATION('',(#10869),#10873);
#10869 = LINE('',#10870,#10871);
#10870 = CARTESIAN_POINT('',(-4.6127685005E-13,-0.282842712475));
#10871 = VECTOR('',#10872,1.);
#10872 = DIRECTION('',(-1.,-2.081668171172E-17));
#10873 = ( GEOMETRIC_REPRESENTATION_CONTEXT(2) 
PARAMETRIC_REPRESENTATION_CONTEXT() REPRESENTATION_CONTEXT('2D SPACE',''
  ) );
#10874 = ADVANCED_FACE('',(#10875),#9960,.T.);
#10875 = FACE_BOUND('',#10876,.T.);
#10876 = EDGE_LOOP('',(#10877,#10878,#10879,#10902));
#10877 = ORIENTED_EDGE('',*,*,#10802,.F.);
#10878 = ORIENTED_EDGE('',*,*,#9946,.T.);
#10879 = ORIENTED_EDGE('',*,*,#10880,.T.);
#10880 = EDGE_CURVE('',#9919,#10881,#10883,.T.);
#10881 = VERTEX_POINT('',#10882);
#10882 = CARTESIAN_POINT('',(11.179196468269,1.619866143801,36.1));
#10883 = SURFACE_CURVE('',#10884,(#10888,#10895),.PCURVE_S1.);
#10884 = LINE('',#10885,#10886);
#10885 = CARTESIAN_POINT('',(11.179196468269,1.619866143801,24.04));
#10886 = VECTOR('',#10887,1.);
#10887 = DIRECTION('',(0.,0.,1.));
#10888 = PCURVE('',#9960,#10889);
#10889 = DEFINITIONAL_REPRESENTATION('',(#10890),#10894);
#10890 = LINE('',#10891,#10892);
#10891 = CARTESIAN_POINT('',(0.,-1.200000000001));
#10892 = VECTOR('',#10893,1.);
#10893 = DIRECTION('',(1.,0.));
#10894 = ( GEOMETRIC_REPRESENTATION_CONTEXT(2) 
PARAMETRIC_REPRESENTATION_CONTEXT() REPRESENTATION_CONTEXT('2D SPACE',''
  ) );
#10895 = PCURVE('',#9934,#10896);
#10896 = DEFINITIONAL_REPRESENTATION('',(#10897),#10901);
#10897 = LINE('',#10898,#10899);
#10898 = CARTESIAN_POINT('',(0.,1.2));
#10899 = VECTOR('',#10900,1.);
#10900 = DIRECTION('',(1.,0.));
#10901 = ( GEOMETRIC_REPRESENTATION_CONTEXT(2) 
PARAMETRIC_REPRESENTATION_CONTEXT() REPRESENTATION_CONTEXT('2D SPACE',''
  ) );
#10902 = ORIENTED_EDGE('',*,*,#10903,.F.);
#10903 = EDGE_CURVE('',#10803,#10881,#10904,.T.);
#10904 = SURFACE_CURVE('',#10905,(#10909,#10916),.PCURVE_S1.);
#10905 = LINE('',#10906,#10907);
#10906 = CARTESIAN_POINT('',(11.287955564507,0.424804865461,36.1));
#10907 = VECTOR('',#10908,1.);
#10908 = DIRECTION('',(-9.063258019778E-02,0.995884398616,0.));
#10909 = PCURVE('',#9960,#10910);
#10910 = DEFINITIONAL_REPRESENTATION('',(#10911),#10915);
#10911 = LINE('',#10912,#10913);
#10912 = CARTESIAN_POINT('',(12.06,0.));
#10913 = VECTOR('',#10914,1.);
#10914 = DIRECTION('',(0.,-1.));
#10915 = ( GEOMETRIC_REPRESENTATION_CONTEXT(2) 
PARAMETRIC_REPRESENTATION_CONTEXT() REPRESENTATION_CONTEXT('2D SPACE',''
  ) );
#10916 = PCURVE('',#10917,#10922);
#10917 = PLANE('',#10918);
#10918 = AXIS2_PLACEMENT_3D('',#10919,#10920,#10921);
#10919 = CARTESIAN_POINT('',(11.088778684784,0.406678349422,36.3));
#10920 = DIRECTION('',(0.704196611539,6.408691205427E-02,0.707106781187)
  );
#10921 = DIRECTION('',(-9.063258019779E-02,0.995884398616,
    -1.398187121637E-14));
#10922 = DEFINITIONAL_REPRESENTATION('',(#10923),#10927);
#10923 = LINE('',#10924,#10925);
#10924 = CARTESIAN_POINT('',(-5.355785259731E-13,-0.282842712474));
#10925 = VECTOR('',#10926,1.);
#10926 = DIRECTION('',(1.,-2.081668171172E-17));
#10927 = ( GEOMETRIC_REPRESENTATION_CONTEXT(2) 
PARAMETRIC_REPRESENTATION_CONTEXT() REPRESENTATION_CONTEXT('2D SPACE',''
  ) );
#10928 = ADVANCED_FACE('',(#10929),#9934,.T.);
#10929 = FACE_BOUND('',#10930,.T.);
#10930 = EDGE_LOOP('',(#10931,#10932,#10933,#10956));
#10931 = ORIENTED_EDGE('',*,*,#10880,.F.);
#10932 = ORIENTED_EDGE('',*,*,#9918,.T.);
#10933 = ORIENTED_EDGE('',*,*,#10934,.T.);
#10934 = EDGE_CURVE('',#9891,#10935,#10937,.T.);
#10935 = VERTEX_POINT('',#10936);
#10936 = CARTESIAN_POINT('',(9.98413518993,1.511107047563,36.1));
#10937 = SURFACE_CURVE('',#10938,(#10942,#10949),.PCURVE_S1.);
#10938 = LINE('',#10939,#10940);
#10939 = CARTESIAN_POINT('',(9.98413518993,1.511107047563,24.04));
#10940 = VECTOR('',#10941,1.);
#10941 = DIRECTION('',(0.,0.,1.));
#10942 = PCURVE('',#9934,#10943);
#10943 = DEFINITIONAL_REPRESENTATION('',(#10944),#10948);
#10944 = LINE('',#10945,#10946);
#10945 = CARTESIAN_POINT('',(0.,0.));
#10946 = VECTOR('',#10947,1.);
#10947 = DIRECTION('',(1.,0.));
#10948 = ( GEOMETRIC_REPRESENTATION_CONTEXT(2) 
PARAMETRIC_REPRESENTATION_CONTEXT() REPRESENTATION_CONTEXT('2D SPACE',''
  ) );
#10949 = PCURVE('',#9906,#10950);
#10950 = DEFINITIONAL_REPRESENTATION('',(#10951),#10955);
#10951 = LINE('',#10952,#10953);
#10952 = CARTESIAN_POINT('',(0.,-1.2));
#10953 = VECTOR('',#10954,1.);
#10954 = DIRECTION('',(1.,0.));
#10955 = ( GEOMETRIC_REPRESENTATION_CONTEXT(2) 
PARAMETRIC_REPRESENTATION_CONTEXT() REPRESENTATION_CONTEXT('2D SPACE',''
  ) );
#10956 = ORIENTED_EDGE('',*,*,#10957,.T.);
#10957 = EDGE_CURVE('',#10935,#10881,#10958,.T.);
#10958 = SURFACE_CURVE('',#10959,(#10963,#10970),.PCURVE_S1.);
#10959 = LINE('',#10960,#10961);
#10960 = CARTESIAN_POINT('',(9.98413518993,1.511107047563,36.1));
#10961 = VECTOR('',#10962,1.);
#10962 = DIRECTION('',(0.995884398616,9.063258019778E-02,0.));
#10963 = PCURVE('',#9934,#10964);
#10964 = DEFINITIONAL_REPRESENTATION('',(#10965),#10969);
#10965 = LINE('',#10966,#10967);
#10966 = CARTESIAN_POINT('',(12.06,0.));
#10967 = VECTOR('',#10968,1.);
#10968 = DIRECTION('',(0.,1.));
#10969 = ( GEOMETRIC_REPRESENTATION_CONTEXT(2) 
PARAMETRIC_REPRESENTATION_CONTEXT() REPRESENTATION_CONTEXT('2D SPACE',''
  ) );
#10970 = PCURVE('',#10971,#10976);
#10971 = PLANE('',#10972);
#10972 = AXIS2_PLACEMENT_3D('',#10973,#10974,#10975);
#10973 = CARTESIAN_POINT('',(10.00226170597,1.31193016784,36.3));
#10974 = DIRECTION('',(-6.408691205427E-02,0.704196611539,0.707106781187
    ));
#10975 = DIRECTION('',(-0.995884398616,-9.063258019779E-02,
    -1.398187121637E-14));
#10976 = DEFINITIONAL_REPRESENTATION('',(#10977),#10981);
#10977 = LINE('',#10978,#10979);
#10978 = CARTESIAN_POINT('',(4.595039626576E-13,-0.282842712475));
#10979 = VECTOR('',#10980,1.);
#10980 = DIRECTION('',(-1.,2.081668171172E-17));
#10981 = ( GEOMETRIC_REPRESENTATION_CONTEXT(2) 
PARAMETRIC_REPRESENTATION_CONTEXT() REPRESENTATION_CONTEXT('2D SPACE',''
  ) );
#10982 = ADVANCED_FACE('',(#10983),#9906,.F.);
#10983 = FACE_BOUND('',#10984,.F.);
#10984 = EDGE_LOOP('',(#10985,#10986,#10987,#10988));
#10985 = ORIENTED_EDGE('',*,*,#10826,.F.);
#10986 = ORIENTED_EDGE('',*,*,#9890,.T.);
#10987 = ORIENTED_EDGE('',*,*,#10934,.T.);
#10988 = ORIENTED_EDGE('',*,*,#10989,.F.);
#10989 = EDGE_CURVE('',#10827,#10935,#10990,.T.);
#10990 = SURFACE_CURVE('',#10991,(#10995,#11002),.PCURVE_S1.);
#10991 = LINE('',#10992,#10993);
#10992 = CARTESIAN_POINT('',(10.092894286168,0.316045769224,36.1));
#10993 = VECTOR('',#10994,1.);
#10994 = DIRECTION('',(-9.063258019778E-02,0.995884398616,0.));
#10995 = PCURVE('',#9906,#10996);
#10996 = DEFINITIONAL_REPRESENTATION('',(#10997),#11001);
#10997 = LINE('',#10998,#10999);
#10998 = CARTESIAN_POINT('',(12.06,0.));
#10999 = VECTOR('',#11000,1.);
#11000 = DIRECTION('',(0.,-1.));
#11001 = ( GEOMETRIC_REPRESENTATION_CONTEXT(2) 
PARAMETRIC_REPRESENTATION_CONTEXT() REPRESENTATION_CONTEXT('2D SPACE',''
  ) );
#11002 = PCURVE('',#11003,#11008);
#11003 = PLANE('',#11004);
#11004 = AXIS2_PLACEMENT_3D('',#11005,#11006,#11007);
#11005 = CARTESIAN_POINT('',(10.292071165891,0.334172285264,36.3));
#11006 = DIRECTION('',(0.704196611539,6.408691205427E-02,-0.707106781187
    ));
#11007 = DIRECTION('',(-9.063258019779E-02,0.995884398616,
    1.398187121637E-14));
#11008 = DEFINITIONAL_REPRESENTATION('',(#11009),#11013);
#11009 = LINE('',#11010,#11011);
#11010 = CARTESIAN_POINT('',(-4.602151992827E-13,-0.282842712475));
#11011 = VECTOR('',#11012,1.);
#11012 = DIRECTION('',(1.,2.081668171172E-17));
#11013 = ( GEOMETRIC_REPRESENTATION_CONTEXT(2) 
PARAMETRIC_REPRESENTATION_CONTEXT() REPRESENTATION_CONTEXT('2D SPACE',''
  ) );
#11014 = ADVANCED_FACE('',(#11015),#10114,.F.);
#11015 = FACE_BOUND('',#11016,.F.);
#11016 = EDGE_LOOP('',(#11017,#11040,#11041,#11064));
#11017 = ORIENTED_EDGE('',*,*,#11018,.F.);
#11018 = EDGE_CURVE('',#10097,#11019,#11021,.T.);
#11019 = VERTEX_POINT('',#11020);
#11020 = CARTESIAN_POINT('',(10.929050546924,4.368507083981,36.1));
#11021 = SURFACE_CURVE('',#11022,(#11026,#11033),.PCURVE_S1.);
#11022 = LINE('',#11023,#11024);
#11023 = CARTESIAN_POINT('',(10.929050546924,4.368507083981,24.04));
#11024 = VECTOR('',#11025,1.);
#11025 = DIRECTION('',(0.,0.,1.));
#11026 = PCURVE('',#10114,#11027);
#11027 = DEFINITIONAL_REPRESENTATION('',(#11028),#11032);
#11028 = LINE('',#11029,#11030);
#11029 = CARTESIAN_POINT('',(0.,1.200000000001));
#11030 = VECTOR('',#11031,1.);
#11031 = DIRECTION('',(1.,0.));
#11032 = ( GEOMETRIC_REPRESENTATION_CONTEXT(2) 
PARAMETRIC_REPRESENTATION_CONTEXT() REPRESENTATION_CONTEXT('2D SPACE',''
  ) );
#11033 = PCURVE('',#10196,#11034);
#11034 = DEFINITIONAL_REPRESENTATION('',(#11035),#11039);
#11035 = LINE('',#11036,#11037);
#11036 = CARTESIAN_POINT('',(0.,0.));
#11037 = VECTOR('',#11038,1.);
#11038 = DIRECTION('',(1.,0.));
#11039 = ( GEOMETRIC_REPRESENTATION_CONTEXT(2) 
PARAMETRIC_REPRESENTATION_CONTEXT() REPRESENTATION_CONTEXT('2D SPACE',''
  ) );
#11040 = ORIENTED_EDGE('',*,*,#10096,.T.);
#11041 = ORIENTED_EDGE('',*,*,#11042,.T.);
#11042 = EDGE_CURVE('',#10099,#11043,#11045,.T.);
#11043 = VERTEX_POINT('',#11044);
#11044 = CARTESIAN_POINT('',(9.733989268584,4.259747987743,36.1));
#11045 = SURFACE_CURVE('',#11046,(#11050,#11057),.PCURVE_S1.);
#11046 = LINE('',#11047,#11048);
#11047 = CARTESIAN_POINT('',(9.733989268584,4.259747987743,24.04));
#11048 = VECTOR('',#11049,1.);
#11049 = DIRECTION('',(0.,0.,1.));
#11050 = PCURVE('',#10114,#11051);
#11051 = DEFINITIONAL_REPRESENTATION('',(#11052),#11056);
#11052 = LINE('',#11053,#11054);
#11053 = CARTESIAN_POINT('',(0.,0.));
#11054 = VECTOR('',#11055,1.);
#11055 = DIRECTION('',(1.,0.));
#11056 = ( GEOMETRIC_REPRESENTATION_CONTEXT(2) 
PARAMETRIC_REPRESENTATION_CONTEXT() REPRESENTATION_CONTEXT('2D SPACE',''
  ) );
#11057 = PCURVE('',#10142,#11058);
#11058 = DEFINITIONAL_REPRESENTATION('',(#11059),#11063);
#11059 = LINE('',#11060,#11061);
#11060 = CARTESIAN_POINT('',(0.,0.));
#11061 = VECTOR('',#11062,1.);
#11062 = DIRECTION('',(1.,0.));
#11063 = ( GEOMETRIC_REPRESENTATION_CONTEXT(2) 
PARAMETRIC_REPRESENTATION_CONTEXT() REPRESENTATION_CONTEXT('2D SPACE',''
  ) );
#11064 = ORIENTED_EDGE('',*,*,#11065,.T.);
#11065 = EDGE_CURVE('',#11043,#11019,#11066,.T.);
#11066 = SURFACE_CURVE('',#11067,(#11071,#11078),.PCURVE_S1.);
#11067 = LINE('',#11068,#11069);
#11068 = CARTESIAN_POINT('',(9.733989268584,4.259747987743,36.1));
#11069 = VECTOR('',#11070,1.);
#11070 = DIRECTION('',(0.995884398616,9.063258019778E-02,0.));
#11071 = PCURVE('',#10114,#11072);
#11072 = DEFINITIONAL_REPRESENTATION('',(#11073),#11077);
#11073 = LINE('',#11074,#11075);
#11074 = CARTESIAN_POINT('',(12.06,0.));
#11075 = VECTOR('',#11076,1.);
#11076 = DIRECTION('',(0.,1.));
#11077 = ( GEOMETRIC_REPRESENTATION_CONTEXT(2) 
PARAMETRIC_REPRESENTATION_CONTEXT() REPRESENTATION_CONTEXT('2D SPACE',''
  ) );
#11078 = PCURVE('',#11079,#11084);
#11079 = PLANE('',#11080);
#11080 = AXIS2_PLACEMENT_3D('',#11081,#11082,#11083);
#11081 = CARTESIAN_POINT('',(9.715862752545,4.458924867466,36.3));
#11082 = DIRECTION('',(-6.408691205427E-02,0.704196611539,
    -0.707106781187));
#11083 = DIRECTION('',(-0.995884398616,-9.063258019779E-02,
    1.398187121637E-14));
#11084 = DEFINITIONAL_REPRESENTATION('',(#11085),#11089);
#11085 = LINE('',#11086,#11087);
#11086 = CARTESIAN_POINT('',(5.352489285126E-13,-0.282842712474));
#11087 = VECTOR('',#11088,1.);
#11088 = DIRECTION('',(-1.,-2.081668171172E-17));
#11089 = ( GEOMETRIC_REPRESENTATION_CONTEXT(2) 
PARAMETRIC_REPRESENTATION_CONTEXT() REPRESENTATION_CONTEXT('2D SPACE',''
  ) );
#11090 = ADVANCED_FACE('',(#11091),#10196,.T.);
#11091 = FACE_BOUND('',#11092,.T.);
#11092 = EDGE_LOOP('',(#11093,#11094,#11095,#11118));
#11093 = ORIENTED_EDGE('',*,*,#11018,.F.);
#11094 = ORIENTED_EDGE('',*,*,#10182,.T.);
#11095 = ORIENTED_EDGE('',*,*,#11096,.T.);
#11096 = EDGE_CURVE('',#10155,#11097,#11099,.T.);
#11097 = VERTEX_POINT('',#11098);
#11098 = CARTESIAN_POINT('',(10.820291450686,5.56356836232,36.1));
#11099 = SURFACE_CURVE('',#11100,(#11104,#11111),.PCURVE_S1.);
#11100 = LINE('',#11101,#11102);
#11101 = CARTESIAN_POINT('',(10.820291450686,5.56356836232,24.04));
#11102 = VECTOR('',#11103,1.);
#11103 = DIRECTION('',(0.,0.,1.));
#11104 = PCURVE('',#10196,#11105);
#11105 = DEFINITIONAL_REPRESENTATION('',(#11106),#11110);
#11106 = LINE('',#11107,#11108);
#11107 = CARTESIAN_POINT('',(0.,-1.2));
#11108 = VECTOR('',#11109,1.);
#11109 = DIRECTION('',(1.,0.));
#11110 = ( GEOMETRIC_REPRESENTATION_CONTEXT(2) 
PARAMETRIC_REPRESENTATION_CONTEXT() REPRESENTATION_CONTEXT('2D SPACE',''
  ) );
#11111 = PCURVE('',#10170,#11112);
#11112 = DEFINITIONAL_REPRESENTATION('',(#11113),#11117);
#11113 = LINE('',#11114,#11115);
#11114 = CARTESIAN_POINT('',(0.,1.2));
#11115 = VECTOR('',#11116,1.);
#11116 = DIRECTION('',(1.,0.));
#11117 = ( GEOMETRIC_REPRESENTATION_CONTEXT(2) 
PARAMETRIC_REPRESENTATION_CONTEXT() REPRESENTATION_CONTEXT('2D SPACE',''
  ) );
#11118 = ORIENTED_EDGE('',*,*,#11119,.F.);
#11119 = EDGE_CURVE('',#11019,#11097,#11120,.T.);
#11120 = SURFACE_CURVE('',#11121,(#11125,#11132),.PCURVE_S1.);
#11121 = LINE('',#11122,#11123);
#11122 = CARTESIAN_POINT('',(10.929050546924,4.368507083981,36.1));
#11123 = VECTOR('',#11124,1.);
#11124 = DIRECTION('',(-9.063258019778E-02,0.995884398616,0.));
#11125 = PCURVE('',#10196,#11126);
#11126 = DEFINITIONAL_REPRESENTATION('',(#11127),#11131);
#11127 = LINE('',#11128,#11129);
#11128 = CARTESIAN_POINT('',(12.06,0.));
#11129 = VECTOR('',#11130,1.);
#11130 = DIRECTION('',(0.,-1.));
#11131 = ( GEOMETRIC_REPRESENTATION_CONTEXT(2) 
PARAMETRIC_REPRESENTATION_CONTEXT() REPRESENTATION_CONTEXT('2D SPACE',''
  ) );
#11132 = PCURVE('',#11133,#11138);
#11133 = PLANE('',#11134);
#11134 = AXIS2_PLACEMENT_3D('',#11135,#11136,#11137);
#11135 = CARTESIAN_POINT('',(10.7298736672,4.350380567941,36.3));
#11136 = DIRECTION('',(0.704196611539,6.408691205427E-02,0.707106781187)
  );
#11137 = DIRECTION('',(-9.063258019779E-02,0.995884398616,
    -1.398187121637E-14));
#11138 = DEFINITIONAL_REPRESENTATION('',(#11139),#11143);
#11139 = LINE('',#11140,#11141);
#11140 = CARTESIAN_POINT('',(3.696556949429E-13,-0.282842712475));
#11141 = VECTOR('',#11142,1.);
#11142 = DIRECTION('',(1.,-2.081668171172E-17));
#11143 = ( GEOMETRIC_REPRESENTATION_CONTEXT(2) 
PARAMETRIC_REPRESENTATION_CONTEXT() REPRESENTATION_CONTEXT('2D SPACE',''
  ) );
#11144 = ADVANCED_FACE('',(#11145),#10170,.T.);
#11145 = FACE_BOUND('',#11146,.T.);
#11146 = EDGE_LOOP('',(#11147,#11148,#11149,#11172));
#11147 = ORIENTED_EDGE('',*,*,#11096,.F.);
#11148 = ORIENTED_EDGE('',*,*,#10154,.T.);
#11149 = ORIENTED_EDGE('',*,*,#11150,.T.);
#11150 = EDGE_CURVE('',#10127,#11151,#11153,.T.);
#11151 = VERTEX_POINT('',#11152);
#11152 = CARTESIAN_POINT('',(9.625230172347,5.454809266082,36.1));
#11153 = SURFACE_CURVE('',#11154,(#11158,#11165),.PCURVE_S1.);
#11154 = LINE('',#11155,#11156);
#11155 = CARTESIAN_POINT('',(9.625230172347,5.454809266082,24.04));
#11156 = VECTOR('',#11157,1.);
#11157 = DIRECTION('',(0.,0.,1.));
#11158 = PCURVE('',#10170,#11159);
#11159 = DEFINITIONAL_REPRESENTATION('',(#11160),#11164);
#11160 = LINE('',#11161,#11162);
#11161 = CARTESIAN_POINT('',(0.,0.));
#11162 = VECTOR('',#11163,1.);
#11163 = DIRECTION('',(1.,0.));
#11164 = ( GEOMETRIC_REPRESENTATION_CONTEXT(2) 
PARAMETRIC_REPRESENTATION_CONTEXT() REPRESENTATION_CONTEXT('2D SPACE',''
  ) );
#11165 = PCURVE('',#10142,#11166);
#11166 = DEFINITIONAL_REPRESENTATION('',(#11167),#11171);
#11167 = LINE('',#11168,#11169);
#11168 = CARTESIAN_POINT('',(0.,-1.2));
#11169 = VECTOR('',#11170,1.);
#11170 = DIRECTION('',(1.,0.));
#11171 = ( GEOMETRIC_REPRESENTATION_CONTEXT(2) 
PARAMETRIC_REPRESENTATION_CONTEXT() REPRESENTATION_CONTEXT('2D SPACE',''
  ) );
#11172 = ORIENTED_EDGE('',*,*,#11173,.T.);
#11173 = EDGE_CURVE('',#11151,#11097,#11174,.T.);
#11174 = SURFACE_CURVE('',#11175,(#11179,#11186),.PCURVE_S1.);
#11175 = LINE('',#11176,#11177);
#11176 = CARTESIAN_POINT('',(9.625230172347,5.454809266082,36.1));
#11177 = VECTOR('',#11178,1.);
#11178 = DIRECTION('',(0.995884398616,9.063258019778E-02,0.));
#11179 = PCURVE('',#10170,#11180);
#11180 = DEFINITIONAL_REPRESENTATION('',(#11181),#11185);
#11181 = LINE('',#11182,#11183);
#11182 = CARTESIAN_POINT('',(12.06,0.));
#11183 = VECTOR('',#11184,1.);
#11184 = DIRECTION('',(0.,1.));
#11185 = ( GEOMETRIC_REPRESENTATION_CONTEXT(2) 
PARAMETRIC_REPRESENTATION_CONTEXT() REPRESENTATION_CONTEXT('2D SPACE',''
  ) );
#11186 = PCURVE('',#11187,#11192);
#11187 = PLANE('',#11188);
#11188 = AXIS2_PLACEMENT_3D('',#11189,#11190,#11191);
#11189 = CARTESIAN_POINT('',(9.643356688387,5.255632386359,36.3));
#11190 = DIRECTION('',(-6.408691205427E-02,0.704196611539,0.707106781187
    ));
#11191 = DIRECTION('',(-0.995884398616,-9.063258019779E-02,
    -1.398187121637E-14));
#11192 = DEFINITIONAL_REPRESENTATION('',(#11193),#11197);
#11193 = LINE('',#11194,#11195);
#11194 = CARTESIAN_POINT('',(4.595213098923E-13,-0.282842712475));
#11195 = VECTOR('',#11196,1.);
#11196 = DIRECTION('',(-1.,2.081668171172E-17));
#11197 = ( GEOMETRIC_REPRESENTATION_CONTEXT(2) 
PARAMETRIC_REPRESENTATION_CONTEXT() REPRESENTATION_CONTEXT('2D SPACE',''
  ) );
#11198 = ADVANCED_FACE('',(#11199),#10142,.F.);
#11199 = FACE_BOUND('',#11200,.F.);
#11200 = EDGE_LOOP('',(#11201,#11202,#11203,#11204));
#11201 = ORIENTED_EDGE('',*,*,#11042,.F.);
#11202 = ORIENTED_EDGE('',*,*,#10126,.T.);
#11203 = ORIENTED_EDGE('',*,*,#11150,.T.);
#11204 = ORIENTED_EDGE('',*,*,#11205,.F.);
#11205 = EDGE_CURVE('',#11043,#11151,#11206,.T.);
#11206 = SURFACE_CURVE('',#11207,(#11211,#11218),.PCURVE_S1.);
#11207 = LINE('',#11208,#11209);
#11208 = CARTESIAN_POINT('',(9.733989268584,4.259747987743,36.1));
#11209 = VECTOR('',#11210,1.);
#11210 = DIRECTION('',(-9.063258019778E-02,0.995884398616,0.));
#11211 = PCURVE('',#10142,#11212);
#11212 = DEFINITIONAL_REPRESENTATION('',(#11213),#11217);
#11213 = LINE('',#11214,#11215);
#11214 = CARTESIAN_POINT('',(12.06,0.));
#11215 = VECTOR('',#11216,1.);
#11216 = DIRECTION('',(0.,-1.));
#11217 = ( GEOMETRIC_REPRESENTATION_CONTEXT(2) 
PARAMETRIC_REPRESENTATION_CONTEXT() REPRESENTATION_CONTEXT('2D SPACE',''
  ) );
#11218 = PCURVE('',#11219,#11224);
#11219 = PLANE('',#11220);
#11220 = AXIS2_PLACEMENT_3D('',#11221,#11222,#11223);
#11221 = CARTESIAN_POINT('',(9.933166148308,4.277874503783,36.3));
#11222 = DIRECTION('',(0.704196611539,6.408691205427E-02,-0.707106781187
    ));
#11223 = DIRECTION('',(-9.063258019779E-02,0.995884398616,
    1.398187121637E-14));
#11224 = DEFINITIONAL_REPRESENTATION('',(#11225),#11229);
#11225 = LINE('',#11226,#11227);
#11226 = CARTESIAN_POINT('',(-3.696556949429E-13,-0.282842712475));
#11227 = VECTOR('',#11228,1.);
#11228 = DIRECTION('',(1.,2.081668171172E-17));
#11229 = ( GEOMETRIC_REPRESENTATION_CONTEXT(2) 
PARAMETRIC_REPRESENTATION_CONTEXT() REPRESENTATION_CONTEXT('2D SPACE',''
  ) );
#11230 = ADVANCED_FACE('',(#11231),#10480,.T.);
#11231 = FACE_BOUND('',#11232,.T.);
#11232 = EDGE_LOOP('',(#11233,#11234,#11257,#11284));
#11233 = ORIENTED_EDGE('',*,*,#10465,.T.);
#11234 = ORIENTED_EDGE('',*,*,#11235,.T.);
#11235 = EDGE_CURVE('',#10443,#11236,#11238,.T.);
#11236 = VERTEX_POINT('',#11237);
#11237 = CARTESIAN_POINT('',(-0.869735084289,-36.11277104371,
    22.470462694672));
#11238 = SEAM_CURVE('',#11239,(#11243,#11250),.PCURVE_S1.);
#11239 = LINE('',#11240,#11241);
#11240 = CARTESIAN_POINT('',(-1.167629135404,-33.12813064638,
    22.526861568398));
#11241 = VECTOR('',#11242,1.);
#11242 = DIRECTION('',(9.929801703841E-02,-0.994880132442,
    -1.879962457525E-02));
#11243 = PCURVE('',#10480,#11244);
#11244 = DEFINITIONAL_REPRESENTATION('',(#11245),#11249);
#11245 = LINE('',#11246,#11247);
#11246 = CARTESIAN_POINT('',(6.28318530718,0.));
#11247 = VECTOR('',#11248,1.);
#11248 = DIRECTION('',(0.,1.));
#11249 = ( GEOMETRIC_REPRESENTATION_CONTEXT(2) 
PARAMETRIC_REPRESENTATION_CONTEXT() REPRESENTATION_CONTEXT('2D SPACE',''
  ) );
#11250 = PCURVE('',#10480,#11251);
#11251 = DEFINITIONAL_REPRESENTATION('',(#11252),#11256);
#11252 = LINE('',#11253,#11254);
#11253 = CARTESIAN_POINT('',(4.138911435803E-13,0.));
#11254 = VECTOR('',#11255,1.);
#11255 = DIRECTION('',(0.,1.));
#11256 = ( GEOMETRIC_REPRESENTATION_CONTEXT(2) 
PARAMETRIC_REPRESENTATION_CONTEXT() REPRESENTATION_CONTEXT('2D SPACE',''
  ) );
#11257 = ORIENTED_EDGE('',*,*,#11258,.F.);
#11258 = EDGE_CURVE('',#11236,#11236,#11259,.T.);
#11259 = SURFACE_CURVE('',#11260,(#11265,#11272),.PCURVE_S1.);
#11260 = CIRCLE('',#11261,2.89);
#11261 = AXIS2_PLACEMENT_3D('',#11262,#11263,#11264);
#11262 = CARTESIAN_POINT('',(-0.875130990025,-36.05870874142,
    19.580973440206));
#11263 = DIRECTION('',(9.929801703841E-02,-0.994880132442,
    -1.879962457525E-02));
#11264 = DIRECTION('',(1.867095410469E-03,-1.87066789917E-02,
    0.999823271441));
#11265 = PCURVE('',#10480,#11266);
#11266 = DEFINITIONAL_REPRESENTATION('',(#11267),#11271);
#11267 = LINE('',#11268,#11269);
#11268 = CARTESIAN_POINT('',(0.,3.));
#11269 = VECTOR('',#11270,1.);
#11270 = DIRECTION('',(1.,0.));
#11271 = ( GEOMETRIC_REPRESENTATION_CONTEXT(2) 
PARAMETRIC_REPRESENTATION_CONTEXT() REPRESENTATION_CONTEXT('2D SPACE',''
  ) );
#11272 = PCURVE('',#11273,#11278);
#11273 = CONICAL_SURFACE('',#11274,2.89,0.772740611563);
#11274 = AXIS2_PLACEMENT_3D('',#11275,#11276,#11277);
#11275 = CARTESIAN_POINT('',(-0.875130990025,-36.05870874142,
    19.580973440206));
#11276 = DIRECTION('',(-9.929801703841E-02,0.994880132442,
    1.879962457525E-02));
#11277 = DIRECTION('',(1.867095410469E-03,-1.87066789917E-02,
    0.999823271441));
#11278 = DEFINITIONAL_REPRESENTATION('',(#11279),#11283);
#11279 = LINE('',#11280,#11281);
#11280 = CARTESIAN_POINT('',(6.28318530718,3.864614847657E-15));
#11281 = VECTOR('',#11282,1.);
#11282 = DIRECTION('',(-1.,0.));
#11283 = ( GEOMETRIC_REPRESENTATION_CONTEXT(2) 
PARAMETRIC_REPRESENTATION_CONTEXT() REPRESENTATION_CONTEXT('2D SPACE',''
  ) );
#11284 = ORIENTED_EDGE('',*,*,#11235,.F.);
#11285 = ADVANCED_FACE('',(#11286),#10513,.T.);
#11286 = FACE_BOUND('',#11287,.T.);
#11287 = EDGE_LOOP('',(#11288,#11340,#11369,#11419,#11452,#11502,#11531,
    #11581,#11614,#11664,#11693,#11743,#11771,#11821,#11850,#11900,
    #11928,#11948,#11949,#11950));
#11288 = ORIENTED_EDGE('',*,*,#11289,.T.);
#11289 = EDGE_CURVE('',#11290,#11292,#11294,.T.);
#11290 = VERTEX_POINT('',#11291);
#11291 = CARTESIAN_POINT('',(14.045628852289,0.55,0.1));
#11292 = VERTEX_POINT('',#11293);
#11293 = CARTESIAN_POINT('',(13.969176783189,0.55,0.3));
#11294 = SURFACE_CURVE('',#11295,(#11308,#11319),.PCURVE_S1.);
#11295 = B_SPLINE_CURVE_WITH_KNOTS('',6,(#11296,#11297,#11298,#11299,
    #11300,#11301,#11302,#11303,#11304,#11305,#11306,#11307),
  .UNSPECIFIED.,.F.,.F.,(7,5,7),(0.,0.506009455368,1.),.UNSPECIFIED.);
#11296 = CARTESIAN_POINT('',(14.269404332347,0.55,0.));
#11297 = CARTESIAN_POINT('',(14.229634988831,0.55,0.));
#11298 = CARTESIAN_POINT('',(14.189862101191,0.55,6.317029821144E-03));
#11299 = CARTESIAN_POINT('',(14.15134928465,0.55,1.895299240529E-02));
#11300 = CARTESIAN_POINT('',(14.115348202521,0.55,3.756980856104E-02));
#11301 = CARTESIAN_POINT('',(14.082977410534,0.55,6.151189470033E-02));
#11302 = CARTESIAN_POINT('',(14.02792631075,0.55,0.117567685338));
#11303 = CARTESIAN_POINT('',(14.005029744452,0.55,0.149478214828));
#11304 = CARTESIAN_POINT('',(13.987256197724,0.55,0.184771087059));
#11305 = CARTESIAN_POINT('',(13.975202695268,0.55,0.222400363601));
#11306 = CARTESIAN_POINT('',(13.969176783189,0.55,0.261201682514));
#11307 = CARTESIAN_POINT('',(13.969176783189,0.55,0.3));
#11308 = PCURVE('',#10513,#11309);
#11309 = DEFINITIONAL_REPRESENTATION('',(#11310),#11318);
#11310 = B_SPLINE_CURVE_WITH_KNOTS('',6,(#11311,#11312,#11313,#11314,
    #11315,#11316,#11317),.UNSPECIFIED.,.F.,.F.,(7,7),(0.535450698534,1.
    ),.PIECEWISE_BEZIER_KNOTS.);
#11311 = CARTESIAN_POINT('',(6.244047213129,2.411864997368));
#11312 = CARTESIAN_POINT('',(6.243979452484,2.533483601173));
#11313 = CARTESIAN_POINT('',(6.243922463334,2.655108077602));
#11314 = CARTESIAN_POINT('',(6.243878228984,2.776725092111));
#11315 = CARTESIAN_POINT('',(6.243848230874,2.898344054682));
#11316 = CARTESIAN_POINT('',(6.243833234266,3.01997270651));
#11317 = CARTESIAN_POINT('',(6.243833234266,3.14159265359));
#11318 = ( GEOMETRIC_REPRESENTATION_CONTEXT(2) 
PARAMETRIC_REPRESENTATION_CONTEXT() REPRESENTATION_CONTEXT('2D SPACE',''
  ) );
#11319 = PCURVE('',#11320,#11325);
#11320 = PLANE('',#11321);
#11321 = AXIS2_PLACEMENT_3D('',#11322,#11323,#11324);
#11322 = CARTESIAN_POINT('',(-14.33,0.55,0.1));
#11323 = DIRECTION('',(-0.,1.,0.));
#11324 = DIRECTION('',(0.,0.,1.));
#11325 = DEFINITIONAL_REPRESENTATION('',(#11326),#11339);
#11326 = B_SPLINE_CURVE_WITH_KNOTS('',6,(#11327,#11328,#11329,#11330,
    #11331,#11332,#11333,#11334,#11335,#11336,#11337,#11338),
  .UNSPECIFIED.,.F.,.F.,(7,5,7),(0.,0.506009455368,1.),.UNSPECIFIED.);
#11327 = CARTESIAN_POINT('',(-0.1,28.599404332347));
#11328 = CARTESIAN_POINT('',(-0.1,28.559634988831));
#11329 = CARTESIAN_POINT('',(-9.368297017886E-02,28.519862101191));
#11330 = CARTESIAN_POINT('',(-8.104700759471E-02,28.48134928465));
#11331 = CARTESIAN_POINT('',(-6.243019143896E-02,28.445348202521));
#11332 = CARTESIAN_POINT('',(-3.848810529967E-02,28.412977410534));
#11333 = CARTESIAN_POINT('',(1.7567685338E-02,28.35792631075));
#11334 = CARTESIAN_POINT('',(4.9478214828E-02,28.335029744452));
#11335 = CARTESIAN_POINT('',(8.4771087059E-02,28.317256197724));
#11336 = CARTESIAN_POINT('',(0.122400363601,28.305202695268));
#11337 = CARTESIAN_POINT('',(0.161201682514,28.299176783189));
#11338 = CARTESIAN_POINT('',(0.2,28.299176783189));
#11339 = ( GEOMETRIC_REPRESENTATION_CONTEXT(2) 
PARAMETRIC_REPRESENTATION_CONTEXT() REPRESENTATION_CONTEXT('2D SPACE',''
  ) );
#11340 = ORIENTED_EDGE('',*,*,#11341,.T.);
#11341 = EDGE_CURVE('',#11292,#11342,#11344,.T.);
#11342 = VERTEX_POINT('',#11343);
#11343 = CARTESIAN_POINT('',(0.75,13.959867477881,0.3));
#11344 = SURFACE_CURVE('',#11345,(#11350,#11357),.PCURVE_S1.);
#11345 = CIRCLE('',#11346,13.98);
#11346 = AXIS2_PLACEMENT_3D('',#11347,#11348,#11349);
#11347 = CARTESIAN_POINT('',(0.,0.,0.3));
#11348 = DIRECTION('',(0.,-0.,1.));
#11349 = DIRECTION('',(1.,0.,0.));
#11350 = PCURVE('',#10513,#11351);
#11351 = DEFINITIONAL_REPRESENTATION('',(#11352),#11356);
#11352 = LINE('',#11353,#11354);
#11353 = CARTESIAN_POINT('',(6.28318530718,3.14159265359));
#11354 = VECTOR('',#11355,1.);
#11355 = DIRECTION('',(-1.,0.));
#11356 = ( GEOMETRIC_REPRESENTATION_CONTEXT(2) 
PARAMETRIC_REPRESENTATION_CONTEXT() REPRESENTATION_CONTEXT('2D SPACE',''
  ) );
#11357 = PCURVE('',#11358,#11363);
#11358 = CYLINDRICAL_SURFACE('',#11359,13.98);
#11359 = AXIS2_PLACEMENT_3D('',#11360,#11361,#11362);
#11360 = CARTESIAN_POINT('',(0.,0.,2.));
#11361 = DIRECTION('',(-0.,-0.,-1.));
#11362 = DIRECTION('',(1.,0.,0.));
#11363 = DEFINITIONAL_REPRESENTATION('',(#11364),#11368);
#11364 = LINE('',#11365,#11366);
#11365 = CARTESIAN_POINT('',(6.28318530718,1.7));
#11366 = VECTOR('',#11367,1.);
#11367 = DIRECTION('',(-1.,0.));
#11368 = ( GEOMETRIC_REPRESENTATION_CONTEXT(2) 
PARAMETRIC_REPRESENTATION_CONTEXT() REPRESENTATION_CONTEXT('2D SPACE',''
  ) );
#11369 = ORIENTED_EDGE('',*,*,#11370,.F.);
#11370 = EDGE_CURVE('',#11371,#11342,#11373,.T.);
#11371 = VERTEX_POINT('',#11372);
#11372 = CARTESIAN_POINT('',(0.75,14.036370252179,0.1));
#11373 = SURFACE_CURVE('',#11374,(#11387,#11398),.PCURVE_S1.);
#11374 = B_SPLINE_CURVE_WITH_KNOTS('',6,(#11375,#11376,#11377,#11378,
    #11379,#11380,#11381,#11382,#11383,#11384,#11385,#11386),
  .UNSPECIFIED.,.F.,.F.,(7,5,7),(0.,0.506018040251,1.),.UNSPECIFIED.);
#11375 = CARTESIAN_POINT('',(0.75,14.260291020873,0.));
#11376 = CARTESIAN_POINT('',(0.75,14.220496626971,0.));
#11377 = CARTESIAN_POINT('',(0.75,14.180698540772,6.316914289572E-03));
#11378 = CARTESIAN_POINT('',(0.75,14.142160988552,1.895262897769E-02));
#11379 = CARTESIAN_POINT('',(0.75,14.106136306953,3.756924036716E-02));
#11380 = CARTESIAN_POINT('',(0.75,14.073743894767,6.151140855349E-02));
#11381 = CARTESIAN_POINT('',(0.75,14.018656521956,0.117567208948));
#11382 = CARTESIAN_POINT('',(0.75,13.995744871807,0.149477359693));
#11383 = CARTESIAN_POINT('',(0.75,13.97795930913,0.184770114441));
#11384 = CARTESIAN_POINT('',(0.75,13.965897525347,0.222399596784));
#11385 = CARTESIAN_POINT('',(0.75,13.959867477881,0.261201305265));
#11386 = CARTESIAN_POINT('',(0.75,13.959867477881,0.3));
#11387 = PCURVE('',#10513,#11388);
#11388 = DEFINITIONAL_REPRESENTATION('',(#11389),#11397);
#11389 = B_SPLINE_CURVE_WITH_KNOTS('',6,(#11390,#11391,#11392,#11393,
    #11394,#11395,#11396),.UNSPECIFIED.,.F.,.F.,(7,7),(0.535459240015,1.
    ),.PIECEWISE_BEZIER_KNOTS.);
#11390 = CARTESIAN_POINT('',(4.765770833779,2.411864997371));
#11391 = CARTESIAN_POINT('',(4.765863294162,2.533481700909));
#11392 = CARTESIAN_POINT('',(4.765941057915,2.655105259715));
#11393 = CARTESIAN_POINT('',(4.766001418214,2.776722251992));
#11394 = CARTESIAN_POINT('',(4.766042352749,2.898341898602));
#11395 = CARTESIAN_POINT('',(4.766062816663,3.019971646548));
#11396 = CARTESIAN_POINT('',(4.766062816663,3.14159265359));
#11397 = ( GEOMETRIC_REPRESENTATION_CONTEXT(2) 
PARAMETRIC_REPRESENTATION_CONTEXT() REPRESENTATION_CONTEXT('2D SPACE',''
  ) );
#11398 = PCURVE('',#11399,#11404);
#11399 = PLANE('',#11400);
#11400 = AXIS2_PLACEMENT_3D('',#11401,#11402,#11403);
#11401 = CARTESIAN_POINT('',(0.75,-14.53,0.1));
#11402 = DIRECTION('',(1.,0.,-0.));
#11403 = DIRECTION('',(0.,0.,1.));
#11404 = DEFINITIONAL_REPRESENTATION('',(#11405),#11418);
#11405 = B_SPLINE_CURVE_WITH_KNOTS('',6,(#11406,#11407,#11408,#11409,
    #11410,#11411,#11412,#11413,#11414,#11415,#11416,#11417),
  .UNSPECIFIED.,.F.,.F.,(7,5,7),(0.,0.506018040251,1.),.UNSPECIFIED.);
#11406 = CARTESIAN_POINT('',(-0.1,-28.79029102087));
#11407 = CARTESIAN_POINT('',(-0.1,-28.75049662697));
#11408 = CARTESIAN_POINT('',(-9.368308571043E-02,-28.71069854077));
#11409 = CARTESIAN_POINT('',(-8.104737102231E-02,-28.67216098855));
#11410 = CARTESIAN_POINT('',(-6.243075963284E-02,-28.63613630695));
#11411 = CARTESIAN_POINT('',(-3.848859144651E-02,-28.60374389476));
#11412 = CARTESIAN_POINT('',(1.7567208948E-02,-28.54865652195));
#11413 = CARTESIAN_POINT('',(4.9477359693E-02,-28.5257448718));
#11414 = CARTESIAN_POINT('',(8.4770114441E-02,-28.50795930913));
#11415 = CARTESIAN_POINT('',(0.122399596784,-28.49589752534));
#11416 = CARTESIAN_POINT('',(0.161201305265,-28.48986747788));
#11417 = CARTESIAN_POINT('',(0.2,-28.48986747788));
#11418 = ( GEOMETRIC_REPRESENTATION_CONTEXT(2) 
PARAMETRIC_REPRESENTATION_CONTEXT() REPRESENTATION_CONTEXT('2D SPACE',''
  ) );
#11419 = ORIENTED_EDGE('',*,*,#11420,.F.);
#11420 = EDGE_CURVE('',#11421,#11371,#11423,.T.);
#11421 = VERTEX_POINT('',#11422);
#11422 = CARTESIAN_POINT('',(-0.45,14.049188227661,0.1));
#11423 = SURFACE_CURVE('',#11424,(#11429,#11436),.PCURVE_S1.);
#11424 = CIRCLE('',#11425,14.05639320225);
#11425 = AXIS2_PLACEMENT_3D('',#11426,#11427,#11428);
#11426 = CARTESIAN_POINT('',(0.,0.,0.1));
#11427 = DIRECTION('',(0.,0.,-1.));
#11428 = DIRECTION('',(1.,0.,0.));
#11429 = PCURVE('',#10513,#11430);
#11430 = DEFINITIONAL_REPRESENTATION('',(#11431),#11435);
#11431 = LINE('',#11432,#11433);
#11432 = CARTESIAN_POINT('',(-4.138911435803E-13,2.411864997363));
#11433 = VECTOR('',#11434,1.);
#11434 = DIRECTION('',(1.,-0.));
#11435 = ( GEOMETRIC_REPRESENTATION_CONTEXT(2) 
PARAMETRIC_REPRESENTATION_CONTEXT() REPRESENTATION_CONTEXT('2D SPACE',''
  ) );
#11436 = PCURVE('',#11437,#11442);
#11437 = PLANE('',#11438);
#11438 = AXIS2_PLACEMENT_3D('',#11439,#11440,#11441);
#11439 = CARTESIAN_POINT('',(0.15,-5.E-02,0.1));
#11440 = DIRECTION('',(0.,0.,1.));
#11441 = DIRECTION('',(1.,0.,-0.));
#11442 = DEFINITIONAL_REPRESENTATION('',(#11443),#11451);
#11443 = ( BOUNDED_CURVE() B_SPLINE_CURVE(2,(#11444,#11445,#11446,#11447
    ,#11448,#11449,#11450),.UNSPECIFIED.,.T.,.F.) 
B_SPLINE_CURVE_WITH_KNOTS((1,2,2,2,2,1),(-2.094395102393,0.,
    2.094395102393,4.188790204786,6.28318530718,8.377580409573),
.UNSPECIFIED.) CURVE() GEOMETRIC_REPRESENTATION_ITEM() 
RATIONAL_B_SPLINE_CURVE((1.,0.5,1.,0.5,1.,0.5,1.)) REPRESENTATION_ITEM(
  '') );
#11444 = CARTESIAN_POINT('',(13.90639320225,5.E-02));
#11445 = CARTESIAN_POINT('',(13.90639320225,-24.29638719746));
#11446 = CARTESIAN_POINT('',(-7.178196601125,-12.12319359873));
#11447 = CARTESIAN_POINT('',(-28.2627864045,5.E-02));
#11448 = CARTESIAN_POINT('',(-7.178196601125,12.223193598731));
#11449 = CARTESIAN_POINT('',(13.90639320225,24.396387197463));
#11450 = CARTESIAN_POINT('',(13.90639320225,5.E-02));
#11451 = ( GEOMETRIC_REPRESENTATION_CONTEXT(2) 
PARAMETRIC_REPRESENTATION_CONTEXT() REPRESENTATION_CONTEXT('2D SPACE',''
  ) );
#11452 = ORIENTED_EDGE('',*,*,#11453,.T.);
#11453 = EDGE_CURVE('',#11421,#11454,#11456,.T.);
#11454 = VERTEX_POINT('',#11455);
#11455 = CARTESIAN_POINT('',(-0.45,13.972755633732,0.3));
#11456 = SURFACE_CURVE('',#11457,(#11470,#11481),.PCURVE_S1.);
#11457 = B_SPLINE_CURVE_WITH_KNOTS('',6,(#11458,#11459,#11460,#11461,
    #11462,#11463,#11464,#11465,#11466,#11467,#11468,#11469),
  .UNSPECIFIED.,.F.,.F.,(7,5,7),(0.,0.500006665127,1.),.UNSPECIFIED.);
#11458 = CARTESIAN_POINT('',(-0.45,14.272907902737,0.));
#11459 = CARTESIAN_POINT('',(-0.45,14.233619593924,0.));
#11460 = CARTESIAN_POINT('',(-0.45,14.194327997781,6.168164190738E-03));
#11461 = CARTESIAN_POINT('',(-0.45,14.156251900073,1.85062706265E-02));
#11462 = CARTESIAN_POINT('',(-0.45,14.120598830188,3.669205804062E-02));
#11463 = CARTESIAN_POINT('',(-0.45,14.088450876672,6.010017709902E-02));
#11464 = CARTESIAN_POINT('',(-0.45,14.032887605887,0.11563501393));
#11465 = CARTESIAN_POINT('',(-0.45,14.009467561791,0.147765991525));
#11466 = CARTESIAN_POINT('',(-0.45,13.99127206128,0.183400811945));
#11467 = CARTESIAN_POINT('',(-0.45,13.978927176514,0.221458069419));
#11468 = CARTESIAN_POINT('',(-0.45,13.972755633732,0.260730627252));
#11469 = CARTESIAN_POINT('',(-0.45,13.972755633732,0.3));
#11470 = PCURVE('',#10513,#11471);
#11471 = DEFINITIONAL_REPRESENTATION('',(#11472),#11480);
#11472 = B_SPLINE_CURVE_WITH_KNOTS('',6,(#11473,#11474,#11475,#11476,
    #11477,#11478,#11479),.UNSPECIFIED.,.F.,.F.,(7,7),(0.535447925271,1.
    ),.PIECEWISE_BEZIER_KNOTS.);
#11473 = CARTESIAN_POINT('',(4.680369607015,2.411864997367));
#11474 = CARTESIAN_POINT('',(4.680314180086,2.533484584789));
#11475 = CARTESIAN_POINT('',(4.68026756454,2.655109201921));
#11476 = CARTESIAN_POINT('',(4.680231382239,2.776726051685));
#11477 = CARTESIAN_POINT('',(4.680206844693,2.898344818944));
#11478 = CARTESIAN_POINT('',(4.680194577998,3.019973242892));
#11479 = CARTESIAN_POINT('',(4.680194577998,3.14159265359));
#11480 = ( GEOMETRIC_REPRESENTATION_CONTEXT(2) 
PARAMETRIC_REPRESENTATION_CONTEXT() REPRESENTATION_CONTEXT('2D SPACE',''
  ) );
#11481 = PCURVE('',#11482,#11487);
#11482 = PLANE('',#11483);
#11483 = AXIS2_PLACEMENT_3D('',#11484,#11485,#11486);
#11484 = CARTESIAN_POINT('',(-0.45,-14.53,0.1));
#11485 = DIRECTION('',(1.,0.,-0.));
#11486 = DIRECTION('',(0.,0.,1.));
#11487 = DEFINITIONAL_REPRESENTATION('',(#11488),#11501);
#11488 = B_SPLINE_CURVE_WITH_KNOTS('',6,(#11489,#11490,#11491,#11492,
    #11493,#11494,#11495,#11496,#11497,#11498,#11499,#11500),
  .UNSPECIFIED.,.F.,.F.,(7,5,7),(0.,0.500006665127,1.),.UNSPECIFIED.);
#11489 = CARTESIAN_POINT('',(-0.1,-28.80290790273));
#11490 = CARTESIAN_POINT('',(-0.1,-28.76361959392));
#11491 = CARTESIAN_POINT('',(-9.383183580926E-02,-28.72432799778));
#11492 = CARTESIAN_POINT('',(-8.14937293735E-02,-28.68625190007));
#11493 = CARTESIAN_POINT('',(-6.330794195938E-02,-28.65059883018));
#11494 = CARTESIAN_POINT('',(-3.989982290098E-02,-28.61845087667));
#11495 = CARTESIAN_POINT('',(1.563501393E-02,-28.56288760588));
#11496 = CARTESIAN_POINT('',(4.7765991525E-02,-28.53946756179));
#11497 = CARTESIAN_POINT('',(8.3400811945E-02,-28.52127206128));
#11498 = CARTESIAN_POINT('',(0.121458069419,-28.50892717651));
#11499 = CARTESIAN_POINT('',(0.160730627252,-28.50275563373));
#11500 = CARTESIAN_POINT('',(0.2,-28.50275563373));
#11501 = ( GEOMETRIC_REPRESENTATION_CONTEXT(2) 
PARAMETRIC_REPRESENTATION_CONTEXT() REPRESENTATION_CONTEXT('2D SPACE',''
  ) );
#11502 = ORIENTED_EDGE('',*,*,#11503,.T.);
#11503 = EDGE_CURVE('',#11454,#11504,#11506,.T.);
#11504 = VERTEX_POINT('',#11505);
#11505 = CARTESIAN_POINT('',(-13.96917678318,0.55,0.3));
#11506 = SURFACE_CURVE('',#11507,(#11512,#11519),.PCURVE_S1.);
#11507 = CIRCLE('',#11508,13.98);
#11508 = AXIS2_PLACEMENT_3D('',#11509,#11510,#11511);
#11509 = CARTESIAN_POINT('',(0.,0.,0.3));
#11510 = DIRECTION('',(0.,-0.,1.));
#11511 = DIRECTION('',(1.,0.,0.));
#11512 = PCURVE('',#10513,#11513);
#11513 = DEFINITIONAL_REPRESENTATION('',(#11514),#11518);
#11514 = LINE('',#11515,#11516);
#11515 = CARTESIAN_POINT('',(6.28318530718,3.14159265359));
#11516 = VECTOR('',#11517,1.);
#11517 = DIRECTION('',(-1.,0.));
#11518 = ( GEOMETRIC_REPRESENTATION_CONTEXT(2) 
PARAMETRIC_REPRESENTATION_CONTEXT() REPRESENTATION_CONTEXT('2D SPACE',''
  ) );
#11519 = PCURVE('',#11520,#11525);
#11520 = CYLINDRICAL_SURFACE('',#11521,13.98);
#11521 = AXIS2_PLACEMENT_3D('',#11522,#11523,#11524);
#11522 = CARTESIAN_POINT('',(0.,0.,2.));
#11523 = DIRECTION('',(-0.,-0.,-1.));
#11524 = DIRECTION('',(1.,0.,0.));
#11525 = DEFINITIONAL_REPRESENTATION('',(#11526),#11530);
#11526 = LINE('',#11527,#11528);
#11527 = CARTESIAN_POINT('',(6.28318530718,1.7));
#11528 = VECTOR('',#11529,1.);
#11529 = DIRECTION('',(-1.,0.));
#11530 = ( GEOMETRIC_REPRESENTATION_CONTEXT(2) 
PARAMETRIC_REPRESENTATION_CONTEXT() REPRESENTATION_CONTEXT('2D SPACE',''
  ) );
#11531 = ORIENTED_EDGE('',*,*,#11532,.F.);
#11532 = EDGE_CURVE('',#11533,#11504,#11535,.T.);
#11533 = VERTEX_POINT('',#11534);
#11534 = CARTESIAN_POINT('',(-14.04562885228,0.55,0.1));
#11535 = SURFACE_CURVE('',#11536,(#11549,#11560),.PCURVE_S1.);
#11536 = B_SPLINE_CURVE_WITH_KNOTS('',6,(#11537,#11538,#11539,#11540,
    #11541,#11542,#11543,#11544,#11545,#11546,#11547,#11548),
  .UNSPECIFIED.,.F.,.F.,(7,5,7),(0.,0.506009455368,1.),.UNSPECIFIED.);
#11537 = CARTESIAN_POINT('',(-14.26940433234,0.55,0.));
#11538 = CARTESIAN_POINT('',(-14.22963498883,0.55,0.));
#11539 = CARTESIAN_POINT('',(-14.18986210119,0.55,6.317029821149E-03));
#11540 = CARTESIAN_POINT('',(-14.15134928465,0.55,1.895299240528E-02));
#11541 = CARTESIAN_POINT('',(-14.11534820252,0.55,3.756980856106E-02));
#11542 = CARTESIAN_POINT('',(-14.08297741053,0.55,6.151189470032E-02));
#11543 = CARTESIAN_POINT('',(-14.02792631075,0.55,0.117567685338));
#11544 = CARTESIAN_POINT('',(-14.00502974445,0.55,0.149478214828));
#11545 = CARTESIAN_POINT('',(-13.98725619772,0.55,0.184771087059));
#11546 = CARTESIAN_POINT('',(-13.97520269526,0.55,0.222400363601));
#11547 = CARTESIAN_POINT('',(-13.96917678318,0.55,0.261201682514));
#11548 = CARTESIAN_POINT('',(-13.96917678318,0.55,0.3));
#11549 = PCURVE('',#10513,#11550);
#11550 = DEFINITIONAL_REPRESENTATION('',(#11551),#11559);
#11551 = B_SPLINE_CURVE_WITH_KNOTS('',6,(#11552,#11553,#11554,#11555,
    #11556,#11557,#11558),.UNSPECIFIED.,.F.,.F.,(7,7),(0.535450698544,1.
    ),.PIECEWISE_BEZIER_KNOTS.);
#11552 = CARTESIAN_POINT('',(3.180730747641,2.411864997388));
#11553 = CARTESIAN_POINT('',(3.180798508286,2.533483601189));
#11554 = CARTESIAN_POINT('',(3.180855497435,2.655108077615));
#11555 = CARTESIAN_POINT('',(3.180899731786,2.776725092121));
#11556 = CARTESIAN_POINT('',(3.180929729895,2.898344054689));
#11557 = CARTESIAN_POINT('',(3.180944726504,3.019972706513));
#11558 = CARTESIAN_POINT('',(3.180944726504,3.14159265359));
#11559 = ( GEOMETRIC_REPRESENTATION_CONTEXT(2) 
PARAMETRIC_REPRESENTATION_CONTEXT() REPRESENTATION_CONTEXT('2D SPACE',''
  ) );
#11560 = PCURVE('',#11561,#11566);
#11561 = PLANE('',#11562);
#11562 = AXIS2_PLACEMENT_3D('',#11563,#11564,#11565);
#11563 = CARTESIAN_POINT('',(-14.33,0.55,0.1));
#11564 = DIRECTION('',(-0.,1.,0.));
#11565 = DIRECTION('',(0.,0.,1.));
#11566 = DEFINITIONAL_REPRESENTATION('',(#11567),#11580);
#11567 = B_SPLINE_CURVE_WITH_KNOTS('',6,(#11568,#11569,#11570,#11571,
    #11572,#11573,#11574,#11575,#11576,#11577,#11578,#11579),
  .UNSPECIFIED.,.F.,.F.,(7,5,7),(0.,0.506009455368,1.),.UNSPECIFIED.);
#11568 = CARTESIAN_POINT('',(-0.1,6.059566766E-02));
#11569 = CARTESIAN_POINT('',(-0.1,0.10036501117));
#11570 = CARTESIAN_POINT('',(-9.368297017885E-02,0.14013789881));
#11571 = CARTESIAN_POINT('',(-8.104700759472E-02,0.17865071535));
#11572 = CARTESIAN_POINT('',(-6.243019143894E-02,0.21465179748));
#11573 = CARTESIAN_POINT('',(-3.848810529968E-02,0.24702258947));
#11574 = CARTESIAN_POINT('',(1.7567685338E-02,0.30207368925));
#11575 = CARTESIAN_POINT('',(4.9478214828E-02,0.32497025555));
#11576 = CARTESIAN_POINT('',(8.4771087059E-02,0.34274380228));
#11577 = CARTESIAN_POINT('',(0.122400363601,0.35479730474));
#11578 = CARTESIAN_POINT('',(0.161201682514,0.36082321682));
#11579 = CARTESIAN_POINT('',(0.2,0.36082321682));
#11580 = ( GEOMETRIC_REPRESENTATION_CONTEXT(2) 
PARAMETRIC_REPRESENTATION_CONTEXT() REPRESENTATION_CONTEXT('2D SPACE',''
  ) );
#11581 = ORIENTED_EDGE('',*,*,#11582,.F.);
#11582 = EDGE_CURVE('',#11583,#11533,#11585,.T.);
#11583 = VERTEX_POINT('',#11584);
#11584 = CARTESIAN_POINT('',(-14.04135641084,-0.65,0.1));
#11585 = SURFACE_CURVE('',#11586,(#11591,#11598),.PCURVE_S1.);
#11586 = CIRCLE('',#11587,14.05639320225);
#11587 = AXIS2_PLACEMENT_3D('',#11588,#11589,#11590);
#11588 = CARTESIAN_POINT('',(0.,0.,0.1));
#11589 = DIRECTION('',(0.,0.,-1.));
#11590 = DIRECTION('',(1.,0.,0.));
#11591 = PCURVE('',#10513,#11592);
#11592 = DEFINITIONAL_REPRESENTATION('',(#11593),#11597);
#11593 = LINE('',#11594,#11595);
#11594 = CARTESIAN_POINT('',(-4.138911435803E-13,2.411864997363));
#11595 = VECTOR('',#11596,1.);
#11596 = DIRECTION('',(1.,-0.));
#11597 = ( GEOMETRIC_REPRESENTATION_CONTEXT(2) 
PARAMETRIC_REPRESENTATION_CONTEXT() REPRESENTATION_CONTEXT('2D SPACE',''
  ) );
#11598 = PCURVE('',#11599,#11604);
#11599 = PLANE('',#11600);
#11600 = AXIS2_PLACEMENT_3D('',#11601,#11602,#11603);
#11601 = CARTESIAN_POINT('',(0.15,-5.E-02,0.1));
#11602 = DIRECTION('',(0.,0.,1.));
#11603 = DIRECTION('',(1.,0.,-0.));
#11604 = DEFINITIONAL_REPRESENTATION('',(#11605),#11613);
#11605 = ( BOUNDED_CURVE() B_SPLINE_CURVE(2,(#11606,#11607,#11608,#11609
    ,#11610,#11611,#11612),.UNSPECIFIED.,.T.,.F.) 
B_SPLINE_CURVE_WITH_KNOTS((1,2,2,2,2,1),(-2.094395102393,0.,
    2.094395102393,4.188790204786,6.28318530718,8.377580409573),
.UNSPECIFIED.) CURVE() GEOMETRIC_REPRESENTATION_ITEM() 
RATIONAL_B_SPLINE_CURVE((1.,0.5,1.,0.5,1.,0.5,1.)) REPRESENTATION_ITEM(
  '') );
#11606 = CARTESIAN_POINT('',(13.90639320225,5.E-02));
#11607 = CARTESIAN_POINT('',(13.90639320225,-24.29638719746));
#11608 = CARTESIAN_POINT('',(-7.178196601125,-12.12319359873));
#11609 = CARTESIAN_POINT('',(-28.2627864045,5.E-02));
#11610 = CARTESIAN_POINT('',(-7.178196601125,12.223193598731));
#11611 = CARTESIAN_POINT('',(13.90639320225,24.396387197463));
#11612 = CARTESIAN_POINT('',(13.90639320225,5.E-02));
#11613 = ( GEOMETRIC_REPRESENTATION_CONTEXT(2) 
PARAMETRIC_REPRESENTATION_CONTEXT() REPRESENTATION_CONTEXT('2D SPACE',''
  ) );
#11614 = ORIENTED_EDGE('',*,*,#11615,.T.);
#11615 = EDGE_CURVE('',#11583,#11616,#11618,.T.);
#11616 = VERTEX_POINT('',#11617);
#11617 = CARTESIAN_POINT('',(-13.96488095187,-0.65,0.3));
#11618 = SURFACE_CURVE('',#11619,(#11632,#11643),.PCURVE_S1.);
#11619 = B_SPLINE_CURVE_WITH_KNOTS('',6,(#11620,#11621,#11622,#11623,
    #11624,#11625,#11626,#11627,#11628,#11629,#11630,#11631),
  .UNSPECIFIED.,.F.,.F.,(7,5,7),(0.,0.506013414984,1.),.UNSPECIFIED.);
#11620 = CARTESIAN_POINT('',(-14.26519891203,-0.65,0.));
#11621 = CARTESIAN_POINT('',(-14.2254180127,-0.65,0.));
#11622 = CARTESIAN_POINT('',(-14.18563350091,-0.65,6.316976530028E-03));
#11623 = CARTESIAN_POINT('',(-14.14710927383,-0.65,1.895282477048E-02));
#11624 = CARTESIAN_POINT('',(-14.11109730539,-0.65,3.756954648144E-02));
#11625 = CARTESIAN_POINT('',(-14.07871654021,-0.65,6.151167046992E-02));
#11626 = CARTESIAN_POINT('',(-14.02364870792,-0.65,0.117567465617));
#11627 = CARTESIAN_POINT('',(-14.00074518355,-0.65,0.149477820424));
#11628 = CARTESIAN_POINT('',(-13.98296609402,-0.65,0.184770638474));
#11629 = CARTESIAN_POINT('',(-13.97090877153,-0.65,0.222400009937));
#11630 = CARTESIAN_POINT('',(-13.96488095187,-0.65,0.261201508523));
#11631 = CARTESIAN_POINT('',(-13.96488095187,-0.65,0.3));
#11632 = PCURVE('',#10513,#11633);
#11633 = DEFINITIONAL_REPRESENTATION('',(#11634),#11642);
#11634 = B_SPLINE_CURVE_WITH_KNOTS('',6,(#11635,#11636,#11637,#11638,
    #11639,#11640,#11641),.UNSPECIFIED.,.F.,.F.,(7,7),(0.535454638118,1.
    ),.PIECEWISE_BEZIER_KNOTS.);
#11635 = CARTESIAN_POINT('',(3.09533385388,2.411864997371));
#11636 = CARTESIAN_POINT('',(3.095253749329,2.533482724733));
#11637 = CARTESIAN_POINT('',(3.095186378016,2.655106777946));
#11638 = CARTESIAN_POINT('',(3.095134084774,2.776723782211));
#11639 = CARTESIAN_POINT('',(3.09509862126,2.898343060276));
#11640 = CARTESIAN_POINT('',(3.095080892401,3.019972217644));
#11641 = CARTESIAN_POINT('',(3.095080892401,3.14159265359));
#11642 = ( GEOMETRIC_REPRESENTATION_CONTEXT(2) 
PARAMETRIC_REPRESENTATION_CONTEXT() REPRESENTATION_CONTEXT('2D SPACE',''
  ) );
#11643 = PCURVE('',#11644,#11649);
#11644 = PLANE('',#11645);
#11645 = AXIS2_PLACEMENT_3D('',#11646,#11647,#11648);
#11646 = CARTESIAN_POINT('',(-14.33,-0.65,0.1));
#11647 = DIRECTION('',(-0.,1.,0.));
#11648 = DIRECTION('',(0.,0.,1.));
#11649 = DEFINITIONAL_REPRESENTATION('',(#11650),#11663);
#11650 = B_SPLINE_CURVE_WITH_KNOTS('',6,(#11651,#11652,#11653,#11654,
    #11655,#11656,#11657,#11658,#11659,#11660,#11661,#11662),
  .UNSPECIFIED.,.F.,.F.,(7,5,7),(0.,0.506013414984,1.),.UNSPECIFIED.);
#11651 = CARTESIAN_POINT('',(-0.1,6.480108797E-02));
#11652 = CARTESIAN_POINT('',(-0.1,0.1045819873));
#11653 = CARTESIAN_POINT('',(-9.368302346997E-02,0.14436649909));
#11654 = CARTESIAN_POINT('',(-8.104717522952E-02,0.18289072617));
#11655 = CARTESIAN_POINT('',(-6.243045351856E-02,0.21890269461));
#11656 = CARTESIAN_POINT('',(-3.848832953008E-02,0.25128345979));
#11657 = CARTESIAN_POINT('',(1.7567465617E-02,0.30635129208));
#11658 = CARTESIAN_POINT('',(4.9477820424E-02,0.32925481645));
#11659 = CARTESIAN_POINT('',(8.4770638474E-02,0.34703390598));
#11660 = CARTESIAN_POINT('',(0.122400009937,0.35909122847));
#11661 = CARTESIAN_POINT('',(0.161201508523,0.36511904813));
#11662 = CARTESIAN_POINT('',(0.2,0.36511904813));
#11663 = ( GEOMETRIC_REPRESENTATION_CONTEXT(2) 
PARAMETRIC_REPRESENTATION_CONTEXT() REPRESENTATION_CONTEXT('2D SPACE',''
  ) );
#11664 = ORIENTED_EDGE('',*,*,#11665,.T.);
#11665 = EDGE_CURVE('',#11616,#11666,#11668,.T.);
#11666 = VERTEX_POINT('',#11667);
#11667 = CARTESIAN_POINT('',(-0.45,-13.97275563373,0.3));
#11668 = SURFACE_CURVE('',#11669,(#11674,#11681),.PCURVE_S1.);
#11669 = CIRCLE('',#11670,13.98);
#11670 = AXIS2_PLACEMENT_3D('',#11671,#11672,#11673);
#11671 = CARTESIAN_POINT('',(0.,0.,0.3));
#11672 = DIRECTION('',(0.,-0.,1.));
#11673 = DIRECTION('',(1.,0.,0.));
#11674 = PCURVE('',#10513,#11675);
#11675 = DEFINITIONAL_REPRESENTATION('',(#11676),#11680);
#11676 = LINE('',#11677,#11678);
#11677 = CARTESIAN_POINT('',(6.28318530718,3.14159265359));
#11678 = VECTOR('',#11679,1.);
#11679 = DIRECTION('',(-1.,0.));
#11680 = ( GEOMETRIC_REPRESENTATION_CONTEXT(2) 
PARAMETRIC_REPRESENTATION_CONTEXT() REPRESENTATION_CONTEXT('2D SPACE',''
  ) );
#11681 = PCURVE('',#11682,#11687);
#11682 = CYLINDRICAL_SURFACE('',#11683,13.98);
#11683 = AXIS2_PLACEMENT_3D('',#11684,#11685,#11686);
#11684 = CARTESIAN_POINT('',(0.,0.,2.));
#11685 = DIRECTION('',(-0.,-0.,-1.));
#11686 = DIRECTION('',(1.,0.,0.));
#11687 = DEFINITIONAL_REPRESENTATION('',(#11688),#11692);
#11688 = LINE('',#11689,#11690);
#11689 = CARTESIAN_POINT('',(6.28318530718,1.7));
#11690 = VECTOR('',#11691,1.);
#11691 = DIRECTION('',(-1.,0.));
#11692 = ( GEOMETRIC_REPRESENTATION_CONTEXT(2) 
PARAMETRIC_REPRESENTATION_CONTEXT() REPRESENTATION_CONTEXT('2D SPACE',''
  ) );
#11693 = ORIENTED_EDGE('',*,*,#11694,.F.);
#11694 = EDGE_CURVE('',#11695,#11666,#11697,.T.);
#11695 = VERTEX_POINT('',#11696);
#11696 = CARTESIAN_POINT('',(-0.45,-14.04918822766,0.1));
#11697 = SURFACE_CURVE('',#11698,(#11711,#11722),.PCURVE_S1.);
#11698 = B_SPLINE_CURVE_WITH_KNOTS('',6,(#11699,#11700,#11701,#11702,
    #11703,#11704,#11705,#11706,#11707,#11708,#11709,#11710),
  .UNSPECIFIED.,.F.,.F.,(7,5,7),(0.,0.500006665127,1.),.UNSPECIFIED.);
#11699 = CARTESIAN_POINT('',(-0.45,-14.27290790273,0.));
#11700 = CARTESIAN_POINT('',(-0.45,-14.23361959392,0.));
#11701 = CARTESIAN_POINT('',(-0.45,-14.19432799778,6.168164190737E-03));
#11702 = CARTESIAN_POINT('',(-0.45,-14.15625190007,1.850627062651E-02));
#11703 = CARTESIAN_POINT('',(-0.45,-14.12059883018,3.669205804062E-02));
#11704 = CARTESIAN_POINT('',(-0.45,-14.08845087667,6.010017709902E-02));
#11705 = CARTESIAN_POINT('',(-0.45,-14.03288760588,0.11563501393));
#11706 = CARTESIAN_POINT('',(-0.45,-14.00946756179,0.147765991525));
#11707 = CARTESIAN_POINT('',(-0.45,-13.99127206128,0.183400811945));
#11708 = CARTESIAN_POINT('',(-0.45,-13.97892717651,0.221458069419));
#11709 = CARTESIAN_POINT('',(-0.45,-13.97275563373,0.260730627252));
#11710 = CARTESIAN_POINT('',(-0.45,-13.97275563373,0.3));
#11711 = PCURVE('',#10513,#11712);
#11712 = DEFINITIONAL_REPRESENTATION('',(#11713),#11721);
#11713 = B_SPLINE_CURVE_WITH_KNOTS('',6,(#11714,#11715,#11716,#11717,
    #11718,#11719,#11720),.UNSPECIFIED.,.F.,.F.,(7,7),(0.535447925265,1.
    ),.PIECEWISE_BEZIER_KNOTS.);
#11714 = CARTESIAN_POINT('',(1.602815700164,2.41186499737));
#11715 = CARTESIAN_POINT('',(1.602871127094,2.533484584791));
#11716 = CARTESIAN_POINT('',(1.60291774264,2.655109201924));
#11717 = CARTESIAN_POINT('',(1.602953924941,2.776726051686));
#11718 = CARTESIAN_POINT('',(1.602978462487,2.898344818945));
#11719 = CARTESIAN_POINT('',(1.602990729182,3.019973242892));
#11720 = CARTESIAN_POINT('',(1.602990729182,3.14159265359));
#11721 = ( GEOMETRIC_REPRESENTATION_CONTEXT(2) 
PARAMETRIC_REPRESENTATION_CONTEXT() REPRESENTATION_CONTEXT('2D SPACE',''
  ) );
#11722 = PCURVE('',#11723,#11728);
#11723 = PLANE('',#11724);
#11724 = AXIS2_PLACEMENT_3D('',#11725,#11726,#11727);
#11725 = CARTESIAN_POINT('',(-0.45,-14.53,0.1));
#11726 = DIRECTION('',(1.,0.,-0.));
#11727 = DIRECTION('',(0.,0.,1.));
#11728 = DEFINITIONAL_REPRESENTATION('',(#11729),#11742);
#11729 = B_SPLINE_CURVE_WITH_KNOTS('',6,(#11730,#11731,#11732,#11733,
    #11734,#11735,#11736,#11737,#11738,#11739,#11740,#11741),
  .UNSPECIFIED.,.F.,.F.,(7,5,7),(0.,0.500006665127,1.),.UNSPECIFIED.);
#11730 = CARTESIAN_POINT('',(-0.1,-0.25709209727));
#11731 = CARTESIAN_POINT('',(-0.1,-0.29638040608));
#11732 = CARTESIAN_POINT('',(-9.383183580926E-02,-0.33567200222));
#11733 = CARTESIAN_POINT('',(-8.149372937349E-02,-0.37374809993));
#11734 = CARTESIAN_POINT('',(-6.330794195938E-02,-0.40940116982));
#11735 = CARTESIAN_POINT('',(-3.989982290098E-02,-0.44154912333));
#11736 = CARTESIAN_POINT('',(1.563501393E-02,-0.49711239412));
#11737 = CARTESIAN_POINT('',(4.7765991525E-02,-0.52053243821));
#11738 = CARTESIAN_POINT('',(8.3400811945E-02,-0.53872793872));
#11739 = CARTESIAN_POINT('',(0.121458069419,-0.55107282349));
#11740 = CARTESIAN_POINT('',(0.160730627252,-0.55724436627));
#11741 = CARTESIAN_POINT('',(0.2,-0.55724436627));
#11742 = ( GEOMETRIC_REPRESENTATION_CONTEXT(2) 
PARAMETRIC_REPRESENTATION_CONTEXT() REPRESENTATION_CONTEXT('2D SPACE',''
  ) );
#11743 = ORIENTED_EDGE('',*,*,#11744,.F.);
#11744 = EDGE_CURVE('',#11745,#11695,#11747,.T.);
#11745 = VERTEX_POINT('',#11746);
#11746 = CARTESIAN_POINT('',(0.75,-14.03637025217,0.1));
#11747 = SURFACE_CURVE('',#11748,(#11753,#11760),.PCURVE_S1.);
#11748 = CIRCLE('',#11749,14.05639320225);
#11749 = AXIS2_PLACEMENT_3D('',#11750,#11751,#11752);
#11750 = CARTESIAN_POINT('',(0.,0.,0.1));
#11751 = DIRECTION('',(0.,0.,-1.));
#11752 = DIRECTION('',(1.,0.,0.));
#11753 = PCURVE('',#10513,#11754);
#11754 = DEFINITIONAL_REPRESENTATION('',(#11755),#11759);
#11755 = LINE('',#11756,#11757);
#11756 = CARTESIAN_POINT('',(-4.138911435803E-13,2.411864997363));
#11757 = VECTOR('',#11758,1.);
#11758 = DIRECTION('',(1.,-0.));
#11759 = ( GEOMETRIC_REPRESENTATION_CONTEXT(2) 
PARAMETRIC_REPRESENTATION_CONTEXT() REPRESENTATION_CONTEXT('2D SPACE',''
  ) );
#11760 = PCURVE('',#11437,#11761);
#11761 = DEFINITIONAL_REPRESENTATION('',(#11762),#11770);
#11762 = ( BOUNDED_CURVE() B_SPLINE_CURVE(2,(#11763,#11764,#11765,#11766
    ,#11767,#11768,#11769),.UNSPECIFIED.,.T.,.F.) 
B_SPLINE_CURVE_WITH_KNOTS((1,2,2,2,2,1),(-2.094395102393,0.,
    2.094395102393,4.188790204786,6.28318530718,8.377580409573),
.UNSPECIFIED.) CURVE() GEOMETRIC_REPRESENTATION_ITEM() 
RATIONAL_B_SPLINE_CURVE((1.,0.5,1.,0.5,1.,0.5,1.)) REPRESENTATION_ITEM(
  '') );
#11763 = CARTESIAN_POINT('',(13.90639320225,5.E-02));
#11764 = CARTESIAN_POINT('',(13.90639320225,-24.29638719746));
#11765 = CARTESIAN_POINT('',(-7.178196601125,-12.12319359873));
#11766 = CARTESIAN_POINT('',(-28.2627864045,5.E-02));
#11767 = CARTESIAN_POINT('',(-7.178196601125,12.223193598731));
#11768 = CARTESIAN_POINT('',(13.90639320225,24.396387197463));
#11769 = CARTESIAN_POINT('',(13.90639320225,5.E-02));
#11770 = ( GEOMETRIC_REPRESENTATION_CONTEXT(2) 
PARAMETRIC_REPRESENTATION_CONTEXT() REPRESENTATION_CONTEXT('2D SPACE',''
  ) );
#11771 = ORIENTED_EDGE('',*,*,#11772,.T.);
#11772 = EDGE_CURVE('',#11745,#11773,#11775,.T.);
#11773 = VERTEX_POINT('',#11774);
#11774 = CARTESIAN_POINT('',(0.75,-13.95986747788,0.3));
#11775 = SURFACE_CURVE('',#11776,(#11789,#11800),.PCURVE_S1.);
#11776 = B_SPLINE_CURVE_WITH_KNOTS('',6,(#11777,#11778,#11779,#11780,
    #11781,#11782,#11783,#11784,#11785,#11786,#11787,#11788),
  .UNSPECIFIED.,.F.,.F.,(7,5,7),(0.,0.506018040251,1.),.UNSPECIFIED.);
#11777 = CARTESIAN_POINT('',(0.75,-14.26029102087,0.));
#11778 = CARTESIAN_POINT('',(0.75,-14.22049662697,0.));
#11779 = CARTESIAN_POINT('',(0.75,-14.18069854077,6.316914289575E-03));
#11780 = CARTESIAN_POINT('',(0.75,-14.14216098855,1.895262897768E-02));
#11781 = CARTESIAN_POINT('',(0.75,-14.10613630695,3.756924036717E-02));
#11782 = CARTESIAN_POINT('',(0.75,-14.07374389476,6.151140855348E-02));
#11783 = CARTESIAN_POINT('',(0.75,-14.01865652195,0.117567208948));
#11784 = CARTESIAN_POINT('',(0.75,-13.9957448718,0.149477359693));
#11785 = CARTESIAN_POINT('',(0.75,-13.97795930913,0.184770114441));
#11786 = CARTESIAN_POINT('',(0.75,-13.96589752534,0.222399596784));
#11787 = CARTESIAN_POINT('',(0.75,-13.95986747788,0.261201305265));
#11788 = CARTESIAN_POINT('',(0.75,-13.95986747788,0.3));
#11789 = PCURVE('',#10513,#11790);
#11790 = DEFINITIONAL_REPRESENTATION('',(#11791),#11799);
#11791 = B_SPLINE_CURVE_WITH_KNOTS('',6,(#11792,#11793,#11794,#11795,
    #11796,#11797,#11798),.UNSPECIFIED.,.F.,.F.,(7,7),(0.535459240019,1.
    ),.PIECEWISE_BEZIER_KNOTS.);
#11792 = CARTESIAN_POINT('',(1.517414473401,2.411864997392));
#11793 = CARTESIAN_POINT('',(1.517322013018,2.533481700927));
#11794 = CARTESIAN_POINT('',(1.517244249265,2.65510525973));
#11795 = CARTESIAN_POINT('',(1.517183888966,2.776722252003));
#11796 = CARTESIAN_POINT('',(1.517142954431,2.898341898609));
#11797 = CARTESIAN_POINT('',(1.517122490518,3.01997164655));
#11798 = CARTESIAN_POINT('',(1.517122490518,3.14159265359));
#11799 = ( GEOMETRIC_REPRESENTATION_CONTEXT(2) 
PARAMETRIC_REPRESENTATION_CONTEXT() REPRESENTATION_CONTEXT('2D SPACE',''
  ) );
#11800 = PCURVE('',#11801,#11806);
#11801 = PLANE('',#11802);
#11802 = AXIS2_PLACEMENT_3D('',#11803,#11804,#11805);
#11803 = CARTESIAN_POINT('',(0.75,-14.53,0.1));
#11804 = DIRECTION('',(1.,0.,-0.));
#11805 = DIRECTION('',(0.,0.,1.));
#11806 = DEFINITIONAL_REPRESENTATION('',(#11807),#11820);
#11807 = B_SPLINE_CURVE_WITH_KNOTS('',6,(#11808,#11809,#11810,#11811,
    #11812,#11813,#11814,#11815,#11816,#11817,#11818,#11819),
  .UNSPECIFIED.,.F.,.F.,(7,5,7),(0.,0.506018040251,1.),.UNSPECIFIED.);
#11808 = CARTESIAN_POINT('',(-0.1,-0.26970897913));
#11809 = CARTESIAN_POINT('',(-0.1,-0.30950337303));
#11810 = CARTESIAN_POINT('',(-9.368308571043E-02,-0.34930145923));
#11811 = CARTESIAN_POINT('',(-8.104737102232E-02,-0.38783901145));
#11812 = CARTESIAN_POINT('',(-6.243075963283E-02,-0.42386369305));
#11813 = CARTESIAN_POINT('',(-3.848859144652E-02,-0.45625610524));
#11814 = CARTESIAN_POINT('',(1.7567208948E-02,-0.51134347805));
#11815 = CARTESIAN_POINT('',(4.9477359693E-02,-0.5342551282));
#11816 = CARTESIAN_POINT('',(8.4770114441E-02,-0.55204069087));
#11817 = CARTESIAN_POINT('',(0.122399596784,-0.56410247466));
#11818 = CARTESIAN_POINT('',(0.161201305265,-0.57013252212));
#11819 = CARTESIAN_POINT('',(0.2,-0.57013252212));
#11820 = ( GEOMETRIC_REPRESENTATION_CONTEXT(2) 
PARAMETRIC_REPRESENTATION_CONTEXT() REPRESENTATION_CONTEXT('2D SPACE',''
  ) );
#11821 = ORIENTED_EDGE('',*,*,#11822,.T.);
#11822 = EDGE_CURVE('',#11773,#11823,#11825,.T.);
#11823 = VERTEX_POINT('',#11824);
#11824 = CARTESIAN_POINT('',(13.964880951874,-0.65,0.3));
#11825 = SURFACE_CURVE('',#11826,(#11831,#11838),.PCURVE_S1.);
#11826 = CIRCLE('',#11827,13.98);
#11827 = AXIS2_PLACEMENT_3D('',#11828,#11829,#11830);
#11828 = CARTESIAN_POINT('',(0.,0.,0.3));
#11829 = DIRECTION('',(0.,-0.,1.));
#11830 = DIRECTION('',(1.,0.,0.));
#11831 = PCURVE('',#10513,#11832);
#11832 = DEFINITIONAL_REPRESENTATION('',(#11833),#11837);
#11833 = LINE('',#11834,#11835);
#11834 = CARTESIAN_POINT('',(6.28318530718,3.14159265359));
#11835 = VECTOR('',#11836,1.);
#11836 = DIRECTION('',(-1.,0.));
#11837 = ( GEOMETRIC_REPRESENTATION_CONTEXT(2) 
PARAMETRIC_REPRESENTATION_CONTEXT() REPRESENTATION_CONTEXT('2D SPACE',''
  ) );
#11838 = PCURVE('',#11839,#11844);
#11839 = CYLINDRICAL_SURFACE('',#11840,13.98);
#11840 = AXIS2_PLACEMENT_3D('',#11841,#11842,#11843);
#11841 = CARTESIAN_POINT('',(0.,0.,2.));
#11842 = DIRECTION('',(-0.,-0.,-1.));
#11843 = DIRECTION('',(1.,0.,0.));
#11844 = DEFINITIONAL_REPRESENTATION('',(#11845),#11849);
#11845 = LINE('',#11846,#11847);
#11846 = CARTESIAN_POINT('',(6.28318530718,1.7));
#11847 = VECTOR('',#11848,1.);
#11848 = DIRECTION('',(-1.,0.));
#11849 = ( GEOMETRIC_REPRESENTATION_CONTEXT(2) 
PARAMETRIC_REPRESENTATION_CONTEXT() REPRESENTATION_CONTEXT('2D SPACE',''
  ) );
#11850 = ORIENTED_EDGE('',*,*,#11851,.F.);
#11851 = EDGE_CURVE('',#11852,#11823,#11854,.T.);
#11852 = VERTEX_POINT('',#11853);
#11853 = CARTESIAN_POINT('',(14.041356410841,-0.65,0.1));
#11854 = SURFACE_CURVE('',#11855,(#11868,#11879),.PCURVE_S1.);
#11855 = B_SPLINE_CURVE_WITH_KNOTS('',6,(#11856,#11857,#11858,#11859,
    #11860,#11861,#11862,#11863,#11864,#11865,#11866,#11867),
  .UNSPECIFIED.,.F.,.F.,(7,5,7),(0.,0.506013414983,1.),.UNSPECIFIED.);
#11856 = CARTESIAN_POINT('',(14.265198912038,-0.65,0.));
#11857 = CARTESIAN_POINT('',(14.225418012701,-0.65,0.));
#11858 = CARTESIAN_POINT('',(14.185633500917,-0.65,6.316976530029E-03));
#11859 = CARTESIAN_POINT('',(14.14710927383,-0.65,1.895282477048E-02));
#11860 = CARTESIAN_POINT('',(14.11109730539,-0.65,3.756954648144E-02));
#11861 = CARTESIAN_POINT('',(14.078716540213,-0.65,6.151167046992E-02));
#11862 = CARTESIAN_POINT('',(14.023648707929,-0.65,0.117567465617));
#11863 = CARTESIAN_POINT('',(14.000745183554,-0.65,0.149477820424));
#11864 = CARTESIAN_POINT('',(13.982966094025,-0.65,0.184770638474));
#11865 = CARTESIAN_POINT('',(13.970908771536,-0.65,0.222400009937));
#11866 = CARTESIAN_POINT('',(13.964880951874,-0.65,0.261201508523));
#11867 = CARTESIAN_POINT('',(13.964880951874,-0.65,0.3));
#11868 = PCURVE('',#10513,#11869);
#11869 = DEFINITIONAL_REPRESENTATION('',(#11870),#11878);
#11870 = B_SPLINE_CURVE_WITH_KNOTS('',6,(#11871,#11872,#11873,#11874,
    #11875,#11876,#11877),.UNSPECIFIED.,.F.,.F.,(7,7),(0.535454638125,1.
    ),.PIECEWISE_BEZIER_KNOTS.);
#11871 = CARTESIAN_POINT('',(4.625879971E-02,2.411864997369));
#11872 = CARTESIAN_POINT('',(4.633890426102E-02,2.533482724731));
#11873 = CARTESIAN_POINT('',(4.640627557343E-02,2.655106777944));
#11874 = CARTESIAN_POINT('',(4.645856881629E-02,2.776723782209));
#11875 = CARTESIAN_POINT('',(4.649403233029E-02,2.898343060275));
#11876 = CARTESIAN_POINT('',(4.651176118859E-02,3.019972217643));
#11877 = CARTESIAN_POINT('',(4.651176118859E-02,3.14159265359));
#11878 = ( GEOMETRIC_REPRESENTATION_CONTEXT(2) 
PARAMETRIC_REPRESENTATION_CONTEXT() REPRESENTATION_CONTEXT('2D SPACE',''
  ) );
#11879 = PCURVE('',#11880,#11885);
#11880 = PLANE('',#11881);
#11881 = AXIS2_PLACEMENT_3D('',#11882,#11883,#11884);
#11882 = CARTESIAN_POINT('',(-14.33,-0.65,0.1));
#11883 = DIRECTION('',(-0.,1.,0.));
#11884 = DIRECTION('',(0.,0.,1.));
#11885 = DEFINITIONAL_REPRESENTATION('',(#11886),#11899);
#11886 = B_SPLINE_CURVE_WITH_KNOTS('',6,(#11887,#11888,#11889,#11890,
    #11891,#11892,#11893,#11894,#11895,#11896,#11897,#11898),
  .UNSPECIFIED.,.F.,.F.,(7,5,7),(0.,0.506013414983,1.),.UNSPECIFIED.);
#11887 = CARTESIAN_POINT('',(-0.1,28.595198912038));
#11888 = CARTESIAN_POINT('',(-0.1,28.555418012701));
#11889 = CARTESIAN_POINT('',(-9.368302346997E-02,28.515633500917));
#11890 = CARTESIAN_POINT('',(-8.104717522952E-02,28.47710927383));
#11891 = CARTESIAN_POINT('',(-6.243045351856E-02,28.44109730539));
#11892 = CARTESIAN_POINT('',(-3.848832953008E-02,28.408716540213));
#11893 = CARTESIAN_POINT('',(1.7567465617E-02,28.353648707929));
#11894 = CARTESIAN_POINT('',(4.9477820424E-02,28.330745183554));
#11895 = CARTESIAN_POINT('',(8.4770638474E-02,28.312966094025));
#11896 = CARTESIAN_POINT('',(0.122400009937,28.300908771536));
#11897 = CARTESIAN_POINT('',(0.161201508523,28.294880951874));
#11898 = CARTESIAN_POINT('',(0.2,28.294880951874));
#11899 = ( GEOMETRIC_REPRESENTATION_CONTEXT(2) 
PARAMETRIC_REPRESENTATION_CONTEXT() REPRESENTATION_CONTEXT('2D SPACE',''
  ) );
#11900 = ORIENTED_EDGE('',*,*,#11901,.F.);
#11901 = EDGE_CURVE('',#11902,#11852,#11904,.T.);
#11902 = VERTEX_POINT('',#11903);
#11903 = CARTESIAN_POINT('',(14.05639320225,0.,0.1));
#11904 = SURFACE_CURVE('',#11905,(#11910,#11917),.PCURVE_S1.);
#11905 = CIRCLE('',#11906,14.05639320225);
#11906 = AXIS2_PLACEMENT_3D('',#11907,#11908,#11909);
#11907 = CARTESIAN_POINT('',(0.,0.,0.1));
#11908 = DIRECTION('',(0.,0.,-1.));
#11909 = DIRECTION('',(1.,0.,0.));
#11910 = PCURVE('',#10513,#11911);
#11911 = DEFINITIONAL_REPRESENTATION('',(#11912),#11916);
#11912 = LINE('',#11913,#11914);
#11913 = CARTESIAN_POINT('',(-4.138911435803E-13,2.411864997363));
#11914 = VECTOR('',#11915,1.);
#11915 = DIRECTION('',(1.,-0.));
#11916 = ( GEOMETRIC_REPRESENTATION_CONTEXT(2) 
PARAMETRIC_REPRESENTATION_CONTEXT() REPRESENTATION_CONTEXT('2D SPACE',''
  ) );
#11917 = PCURVE('',#11437,#11918);
#11918 = DEFINITIONAL_REPRESENTATION('',(#11919),#11927);
#11919 = ( BOUNDED_CURVE() B_SPLINE_CURVE(2,(#11920,#11921,#11922,#11923
    ,#11924,#11925,#11926),.UNSPECIFIED.,.T.,.F.) 
B_SPLINE_CURVE_WITH_KNOTS((1,2,2,2,2,1),(-2.094395102393,0.,
    2.094395102393,4.188790204786,6.28318530718,8.377580409573),
.UNSPECIFIED.) CURVE() GEOMETRIC_REPRESENTATION_ITEM() 
RATIONAL_B_SPLINE_CURVE((1.,0.5,1.,0.5,1.,0.5,1.)) REPRESENTATION_ITEM(
  '') );
#11920 = CARTESIAN_POINT('',(13.90639320225,5.E-02));
#11921 = CARTESIAN_POINT('',(13.90639320225,-24.29638719746));
#11922 = CARTESIAN_POINT('',(-7.178196601125,-12.12319359873));
#11923 = CARTESIAN_POINT('',(-28.2627864045,5.E-02));
#11924 = CARTESIAN_POINT('',(-7.178196601125,12.223193598731));
#11925 = CARTESIAN_POINT('',(13.90639320225,24.396387197463));
#11926 = CARTESIAN_POINT('',(13.90639320225,5.E-02));
#11927 = ( GEOMETRIC_REPRESENTATION_CONTEXT(2) 
PARAMETRIC_REPRESENTATION_CONTEXT() REPRESENTATION_CONTEXT('2D SPACE',''
  ) );
#11928 = ORIENTED_EDGE('',*,*,#11929,.F.);
#11929 = EDGE_CURVE('',#10497,#11902,#11930,.T.);
#11930 = SEAM_CURVE('',#11931,(#11936,#11942),.PCURVE_S1.);
#11931 = CIRCLE('',#11932,0.3);
#11932 = AXIS2_PLACEMENT_3D('',#11933,#11934,#11935);
#11933 = CARTESIAN_POINT('',(14.28,0.,0.3));
#11934 = DIRECTION('',(-0.,1.,0.));
#11935 = DIRECTION('',(1.,0.,0.));
#11936 = PCURVE('',#10513,#11937);
#11937 = DEFINITIONAL_REPRESENTATION('',(#11938),#11941);
#11938 = B_SPLINE_CURVE_WITH_KNOTS('',1,(#11939,#11940),.UNSPECIFIED.,
  .F.,.F.,(2,2),(1.570796326795,3.14159265359),
  .PIECEWISE_BEZIER_KNOTS.);
#11939 = CARTESIAN_POINT('',(0.,1.570796326795));
#11940 = CARTESIAN_POINT('',(0.,3.14159265359));
#11941 = ( GEOMETRIC_REPRESENTATION_CONTEXT(2) 
PARAMETRIC_REPRESENTATION_CONTEXT() REPRESENTATION_CONTEXT('2D SPACE',''
  ) );
#11942 = PCURVE('',#10513,#11943);
#11943 = DEFINITIONAL_REPRESENTATION('',(#11944),#11947);
#11944 = B_SPLINE_CURVE_WITH_KNOTS('',1,(#11945,#11946),.UNSPECIFIED.,
  .F.,.F.,(2,2),(1.570796326795,3.14159265359),
  .PIECEWISE_BEZIER_KNOTS.);
#11945 = CARTESIAN_POINT('',(6.283185307179,1.570796326795));
#11946 = CARTESIAN_POINT('',(6.283185307179,3.14159265359));
#11947 = ( GEOMETRIC_REPRESENTATION_CONTEXT(2) 
PARAMETRIC_REPRESENTATION_CONTEXT() REPRESENTATION_CONTEXT('2D SPACE',''
  ) );
#11948 = ORIENTED_EDGE('',*,*,#10496,.F.);
#11949 = ORIENTED_EDGE('',*,*,#11929,.T.);
#11950 = ORIENTED_EDGE('',*,*,#11951,.F.);
#11951 = EDGE_CURVE('',#11290,#11902,#11952,.T.);
#11952 = SURFACE_CURVE('',#11953,(#11958,#11965),.PCURVE_S1.);
#11953 = CIRCLE('',#11954,14.05639320225);
#11954 = AXIS2_PLACEMENT_3D('',#11955,#11956,#11957);
#11955 = CARTESIAN_POINT('',(0.,0.,0.1));
#11956 = DIRECTION('',(0.,0.,-1.));
#11957 = DIRECTION('',(1.,0.,0.));
#11958 = PCURVE('',#10513,#11959);
#11959 = DEFINITIONAL_REPRESENTATION('',(#11960),#11964);
#11960 = LINE('',#11961,#11962);
#11961 = CARTESIAN_POINT('',(-4.138911435803E-13,2.411864997363));
#11962 = VECTOR('',#11963,1.);
#11963 = DIRECTION('',(1.,-0.));
#11964 = ( GEOMETRIC_REPRESENTATION_CONTEXT(2) 
PARAMETRIC_REPRESENTATION_CONTEXT() REPRESENTATION_CONTEXT('2D SPACE',''
  ) );
#11965 = PCURVE('',#11437,#11966);
#11966 = DEFINITIONAL_REPRESENTATION('',(#11967),#11975);
#11967 = ( BOUNDED_CURVE() B_SPLINE_CURVE(2,(#11968,#11969,#11970,#11971
    ,#11972,#11973,#11974),.UNSPECIFIED.,.T.,.F.) 
B_SPLINE_CURVE_WITH_KNOTS((1,2,2,2,2,1),(-2.094395102393,0.,
    2.094395102393,4.188790204786,6.28318530718,8.377580409573),
.UNSPECIFIED.) CURVE() GEOMETRIC_REPRESENTATION_ITEM() 
RATIONAL_B_SPLINE_CURVE((1.,0.5,1.,0.5,1.,0.5,1.)) REPRESENTATION_ITEM(
  '') );
#11968 = CARTESIAN_POINT('',(13.90639320225,5.E-02));
#11969 = CARTESIAN_POINT('',(13.90639320225,-24.29638719746));
#11970 = CARTESIAN_POINT('',(-7.178196601125,-12.12319359873));
#11971 = CARTESIAN_POINT('',(-28.2627864045,5.E-02));
#11972 = CARTESIAN_POINT('',(-7.178196601125,12.223193598731));
#11973 = CARTESIAN_POINT('',(13.90639320225,24.396387197463));
#11974 = CARTESIAN_POINT('',(13.90639320225,5.E-02));
#11975 = ( GEOMETRIC_REPRESENTATION_CONTEXT(2) 
PARAMETRIC_REPRESENTATION_CONTEXT() REPRESENTATION_CONTEXT('2D SPACE',''
  ) );
#11976 = ADVANCED_FACE('',(#11977),#10570,.T.);
#11977 = FACE_BOUND('',#11978,.T.);
#11978 = EDGE_LOOP('',(#11979,#11980,#12003,#12030));
#11979 = ORIENTED_EDGE('',*,*,#10555,.T.);
#11980 = ORIENTED_EDGE('',*,*,#11981,.T.);
#11981 = EDGE_CURVE('',#10533,#11982,#11984,.T.);
#11982 = VERTEX_POINT('',#11983);
#11983 = CARTESIAN_POINT('',(-10.4079996389,-21.34993343947,
    10.624291878726));
#11984 = SEAM_CURVE('',#11985,(#11989,#11996),.PCURVE_S1.);
#11985 = LINE('',#11986,#11987);
#11986 = CARTESIAN_POINT('',(-10.41471985543,-20.65005088889,
    10.635212230585));
#11987 = VECTOR('',#11988,1.);
#11988 = DIRECTION('',(9.600309326951E-03,-0.999832215113,
    -1.560050265629E-02));
#11989 = PCURVE('',#10570,#11990);
#11990 = DEFINITIONAL_REPRESENTATION('',(#11991),#11995);
#11991 = LINE('',#11992,#11993);
#11992 = CARTESIAN_POINT('',(6.28318530718,0.));
#11993 = VECTOR('',#11994,1.);
#11994 = DIRECTION('',(0.,1.));
#11995 = ( GEOMETRIC_REPRESENTATION_CONTEXT(2) 
PARAMETRIC_REPRESENTATION_CONTEXT() REPRESENTATION_CONTEXT('2D SPACE',''
  ) );
#11996 = PCURVE('',#10570,#11997);
#11997 = DEFINITIONAL_REPRESENTATION('',(#11998),#12002);
#11998 = LINE('',#11999,#12000);
#11999 = CARTESIAN_POINT('',(4.138911435803E-13,0.));
#12000 = VECTOR('',#12001,1.);
#12001 = DIRECTION('',(0.,1.));
#12002 = ( GEOMETRIC_REPRESENTATION_CONTEXT(2) 
PARAMETRIC_REPRESENTATION_CONTEXT() REPRESENTATION_CONTEXT('2D SPACE',''
  ) );
#12003 = ORIENTED_EDGE('',*,*,#12004,.F.);
#12004 = EDGE_CURVE('',#11982,#11982,#12005,.T.);
#12005 = SURFACE_CURVE('',#12006,(#12011,#12018),.PCURVE_S1.);
#12006 = CIRCLE('',#12007,3.43);
#12007 = AXIS2_PLACEMENT_3D('',#12008,#12009,#12010);
#12008 = CARTESIAN_POINT('',(-10.40851341133,-21.2964261819,
    7.194709293421));
#12009 = DIRECTION('',(9.60030932695E-03,-0.999832215113,
    -1.560050265629E-02));
#12010 = DIRECTION('',(1.497878796292E-04,-1.559978354722E-02,
    0.999878304754));
#12011 = PCURVE('',#10570,#12012);
#12012 = DEFINITIONAL_REPRESENTATION('',(#12013),#12017);
#12013 = LINE('',#12014,#12015);
#12014 = CARTESIAN_POINT('',(0.,0.7));
#12015 = VECTOR('',#12016,1.);
#12016 = DIRECTION('',(1.,0.));
#12017 = ( GEOMETRIC_REPRESENTATION_CONTEXT(2) 
PARAMETRIC_REPRESENTATION_CONTEXT() REPRESENTATION_CONTEXT('2D SPACE',''
  ) );
#12018 = PCURVE('',#12019,#12024);
#12019 = CONICAL_SURFACE('',#12020,3.43,0.388318718172);
#12020 = AXIS2_PLACEMENT_3D('',#12021,#12022,#12023);
#12021 = CARTESIAN_POINT('',(-10.40851341133,-21.2964261819,
    7.194709293421));
#12022 = DIRECTION('',(-9.60030932695E-03,0.999832215113,
    1.560050265629E-02));
#12023 = DIRECTION('',(1.497878796292E-04,-1.559978354722E-02,
    0.999878304754));
#12024 = DEFINITIONAL_REPRESENTATION('',(#12025),#12029);
#12025 = LINE('',#12026,#12027);
#12026 = CARTESIAN_POINT('',(6.28318530718,7.781386154888E-16));
#12027 = VECTOR('',#12028,1.);
#12028 = DIRECTION('',(-1.,0.));
#12029 = ( GEOMETRIC_REPRESENTATION_CONTEXT(2) 
PARAMETRIC_REPRESENTATION_CONTEXT() REPRESENTATION_CONTEXT('2D SPACE',''
  ) );
#12030 = ORIENTED_EDGE('',*,*,#11981,.F.);
#12031 = ADVANCED_FACE('',(#12032),#10647,.F.);
#12032 = FACE_BOUND('',#12033,.T.);
#12033 = EDGE_LOOP('',(#12034,#12057,#12058,#12081));
#12034 = ORIENTED_EDGE('',*,*,#12035,.F.);
#12035 = EDGE_CURVE('',#10611,#12036,#12038,.T.);
#12036 = VERTEX_POINT('',#12037);
#12037 = CARTESIAN_POINT('',(10.813900031118,-3.19304965777,36.5));
#12038 = SURFACE_CURVE('',#12039,(#12043,#12050),.PCURVE_S1.);
#12039 = LINE('',#12040,#12041);
#12040 = CARTESIAN_POINT('',(10.572499546207,-3.482787518787,
    36.233333333333));
#12041 = VECTOR('',#12042,1.);
#12042 = DIRECTION('',(0.522647381048,0.627300870197,0.57735026919));
#12043 = PCURVE('',#10647,#12044);
#12044 = DEFINITIONAL_REPRESENTATION('',(#12045),#12049);
#12045 = LINE('',#12046,#12047);
#12046 = CARTESIAN_POINT('',(-0.133333333334,-9.42809041587E-02));
#12047 = VECTOR('',#12048,1.);
#12048 = DIRECTION('',(-0.577350269189,0.816496580928));
#12049 = ( GEOMETRIC_REPRESENTATION_CONTEXT(2) 
PARAMETRIC_REPRESENTATION_CONTEXT() REPRESENTATION_CONTEXT('2D SPACE',''
  ) );
#12050 = PCURVE('',#10787,#12051);
#12051 = DEFINITIONAL_REPRESENTATION('',(#12052),#12056);
#12052 = LINE('',#12053,#12054);
#12053 = CARTESIAN_POINT('',(0.133333333333,-9.428090415813E-02));
#12054 = VECTOR('',#12055,1.);
#12055 = DIRECTION('',(0.577350269189,0.816496580928));
#12056 = ( GEOMETRIC_REPRESENTATION_CONTEXT(2) 
PARAMETRIC_REPRESENTATION_CONTEXT() REPRESENTATION_CONTEXT('2D SPACE',''
  ) );
#12057 = ORIENTED_EDGE('',*,*,#10633,.T.);
#12058 = ORIENTED_EDGE('',*,*,#12059,.T.);
#12059 = EDGE_CURVE('',#10587,#12060,#12062,.T.);
#12060 = VERTEX_POINT('',#12061);
#12061 = CARTESIAN_POINT('',(11.212253790565,-3.156796625691,36.5));
#12062 = SURFACE_CURVE('',#12063,(#12067,#12074),.PCURVE_S1.);
#12063 = LINE('',#12064,#12065);
#12064 = CARTESIAN_POINT('',(11.284688255819,-3.217146746918,
    36.433333333333));
#12065 = VECTOR('',#12066,1.);
#12066 = DIRECTION('',(-0.627300870197,0.522647381048,0.57735026919));
#12067 = PCURVE('',#10647,#12068);
#12068 = DEFINITIONAL_REPRESENTATION('',(#12069),#12073);
#12069 = LINE('',#12070,#12071);
#12070 = CARTESIAN_POINT('',(-0.866666666667,0.188561808316));
#12071 = VECTOR('',#12072,1.);
#12072 = DIRECTION('',(0.577350269189,0.816496580928));
#12073 = ( GEOMETRIC_REPRESENTATION_CONTEXT(2) 
PARAMETRIC_REPRESENTATION_CONTEXT() REPRESENTATION_CONTEXT('2D SPACE',''
  ) );
#12074 = PCURVE('',#10701,#12075);
#12075 = DEFINITIONAL_REPRESENTATION('',(#12076),#12080);
#12076 = LINE('',#12077,#12078);
#12077 = CARTESIAN_POINT('',(0.333333333333,0.188561808316));
#12078 = VECTOR('',#12079,1.);
#12079 = DIRECTION('',(0.577350269189,0.816496580928));
#12080 = ( GEOMETRIC_REPRESENTATION_CONTEXT(2) 
PARAMETRIC_REPRESENTATION_CONTEXT() REPRESENTATION_CONTEXT('2D SPACE',''
  ) );
#12081 = ORIENTED_EDGE('',*,*,#12082,.F.);
#12082 = EDGE_CURVE('',#12036,#12060,#12083,.T.);
#12083 = SURFACE_CURVE('',#12084,(#12088,#12095),.PCURVE_S1.);
#12084 = LINE('',#12085,#12086);
#12085 = CARTESIAN_POINT('',(10.415546271672,-3.229302689849,36.5));
#12086 = VECTOR('',#12087,1.);
#12087 = DIRECTION('',(0.995884398616,9.063258019778E-02,0.));
#12088 = PCURVE('',#10647,#12089);
#12089 = DEFINITIONAL_REPRESENTATION('',(#12090),#12094);
#12090 = LINE('',#12091,#12092);
#12091 = CARTESIAN_POINT('',(-5.355715870792E-13,0.282842712474));
#12092 = VECTOR('',#12093,1.);
#12093 = DIRECTION('',(-1.,-2.081668171172E-17));
#12094 = ( GEOMETRIC_REPRESENTATION_CONTEXT(2) 
PARAMETRIC_REPRESENTATION_CONTEXT() REPRESENTATION_CONTEXT('2D SPACE',''
  ) );
#12095 = PCURVE('',#12096,#12101);
#12096 = PLANE('',#12097);
#12097 = AXIS2_PLACEMENT_3D('',#12098,#12099,#12100);
#12098 = CARTESIAN_POINT('',(10.451799303751,-3.627656449295,36.5));
#12099 = DIRECTION('',(0.,0.,1.));
#12100 = DIRECTION('',(0.995884398616,9.063258019778E-02,-0.));
#12101 = DEFINITIONAL_REPRESENTATION('',(#12102),#12106);
#12102 = LINE('',#12103,#12104);
#12103 = CARTESIAN_POINT('',(7.419759251448E-14,0.4));
#12104 = VECTOR('',#12105,1.);
#12105 = DIRECTION('',(1.,0.));
#12106 = ( GEOMETRIC_REPRESENTATION_CONTEXT(2) 
PARAMETRIC_REPRESENTATION_CONTEXT() REPRESENTATION_CONTEXT('2D SPACE',''
  ) );
#12107 = ADVANCED_FACE('',(#12108),#10701,.T.);
#12108 = FACE_BOUND('',#12109,.T.);
#12109 = EDGE_LOOP('',(#12110,#12111,#12112,#12135));
#12110 = ORIENTED_EDGE('',*,*,#12059,.F.);
#12111 = ORIENTED_EDGE('',*,*,#10687,.T.);
#12112 = ORIENTED_EDGE('',*,*,#12113,.T.);
#12113 = EDGE_CURVE('',#10665,#12114,#12116,.T.);
#12114 = VERTEX_POINT('',#12115);
#12115 = CARTESIAN_POINT('',(11.176000758485,-2.758442866244,36.5));
#12116 = SURFACE_CURVE('',#12117,(#12121,#12128),.PCURVE_S1.);
#12117 = LINE('',#12118,#12119);
#12118 = CARTESIAN_POINT('',(11.05530051603,-2.903311796753,
    36.633333333333));
#12119 = VECTOR('',#12120,1.);
#12120 = DIRECTION('',(-0.522647381048,-0.627300870197,0.57735026919));
#12121 = PCURVE('',#10701,#12122);
#12122 = DEFINITIONAL_REPRESENTATION('',(#12123),#12127);
#12123 = LINE('',#12124,#12125);
#12124 = CARTESIAN_POINT('',(0.666666666666,0.471404520791));
#12125 = VECTOR('',#12126,1.);
#12126 = DIRECTION('',(-0.577350269189,0.816496580928));
#12127 = ( GEOMETRIC_REPRESENTATION_CONTEXT(2) 
PARAMETRIC_REPRESENTATION_CONTEXT() REPRESENTATION_CONTEXT('2D SPACE',''
  ) );
#12128 = PCURVE('',#10755,#12129);
#12129 = DEFINITIONAL_REPRESENTATION('',(#12130),#12134);
#12130 = LINE('',#12131,#12132);
#12131 = CARTESIAN_POINT('',(-0.666666666667,0.471404520791));
#12132 = VECTOR('',#12133,1.);
#12133 = DIRECTION('',(0.577350269189,0.816496580928));
#12134 = ( GEOMETRIC_REPRESENTATION_CONTEXT(2) 
PARAMETRIC_REPRESENTATION_CONTEXT() REPRESENTATION_CONTEXT('2D SPACE',''
  ) );
#12135 = ORIENTED_EDGE('',*,*,#12136,.F.);
#12136 = EDGE_CURVE('',#12060,#12114,#12137,.T.);
#12137 = SURFACE_CURVE('',#12138,(#12142,#12149),.PCURVE_S1.);
#12138 = LINE('',#12139,#12140);
#12139 = CARTESIAN_POINT('',(11.248506822644,-3.555150385137,36.5));
#12140 = VECTOR('',#12141,1.);
#12141 = DIRECTION('',(-9.063258019778E-02,0.995884398616,0.));
#12142 = PCURVE('',#10701,#12143);
#12143 = DEFINITIONAL_REPRESENTATION('',(#12144),#12148);
#12144 = LINE('',#12145,#12146);
#12145 = CARTESIAN_POINT('',(-4.600035630187E-13,0.282842712475));
#12146 = VECTOR('',#12147,1.);
#12147 = DIRECTION('',(1.,-2.081668171172E-17));
#12148 = ( GEOMETRIC_REPRESENTATION_CONTEXT(2) 
PARAMETRIC_REPRESENTATION_CONTEXT() REPRESENTATION_CONTEXT('2D SPACE',''
  ) );
#12149 = PCURVE('',#12096,#12150);
#12150 = DEFINITIONAL_REPRESENTATION('',(#12151),#12155);
#12151 = LINE('',#12152,#12153);
#12152 = CARTESIAN_POINT('',(0.8,-2.411681965242E-13));
#12153 = VECTOR('',#12154,1.);
#12154 = DIRECTION('',(0.,1.));
#12155 = ( GEOMETRIC_REPRESENTATION_CONTEXT(2) 
PARAMETRIC_REPRESENTATION_CONTEXT() REPRESENTATION_CONTEXT('2D SPACE',''
  ) );
#12156 = ADVANCED_FACE('',(#12157),#10755,.T.);
#12157 = FACE_BOUND('',#12158,.F.);
#12158 = EDGE_LOOP('',(#12159,#12182,#12183,#12184));
#12159 = ORIENTED_EDGE('',*,*,#12160,.F.);
#12160 = EDGE_CURVE('',#10719,#12161,#12163,.T.);
#12161 = VERTEX_POINT('',#12162);
#12162 = CARTESIAN_POINT('',(10.777646999039,-2.794695898323,36.5));
#12163 = SURFACE_CURVE('',#12164,(#12168,#12175),.PCURVE_S1.);
#12164 = LINE('',#12165,#12166);
#12165 = CARTESIAN_POINT('',(10.705212533785,-2.734345777095,
    36.433333333333));
#12166 = VECTOR('',#12167,1.);
#12167 = DIRECTION('',(0.627300870197,-0.522647381048,0.57735026919));
#12168 = PCURVE('',#10755,#12169);
#12169 = DEFINITIONAL_REPRESENTATION('',(#12170),#12174);
#12170 = LINE('',#12171,#12172);
#12171 = CARTESIAN_POINT('',(-0.333333333334,0.188561808316));
#12172 = VECTOR('',#12173,1.);
#12173 = DIRECTION('',(-0.577350269189,0.816496580928));
#12174 = ( GEOMETRIC_REPRESENTATION_CONTEXT(2) 
PARAMETRIC_REPRESENTATION_CONTEXT() REPRESENTATION_CONTEXT('2D SPACE',''
  ) );
#12175 = PCURVE('',#10787,#12176);
#12176 = DEFINITIONAL_REPRESENTATION('',(#12177),#12181);
#12177 = LINE('',#12178,#12179);
#12178 = CARTESIAN_POINT('',(0.866666666667,0.188561808316));
#12179 = VECTOR('',#12180,1.);
#12180 = DIRECTION('',(-0.577350269189,0.816496580928));
#12181 = ( GEOMETRIC_REPRESENTATION_CONTEXT(2) 
PARAMETRIC_REPRESENTATION_CONTEXT() REPRESENTATION_CONTEXT('2D SPACE',''
  ) );
#12182 = ORIENTED_EDGE('',*,*,#10741,.T.);
#12183 = ORIENTED_EDGE('',*,*,#12113,.T.);
#12184 = ORIENTED_EDGE('',*,*,#12185,.F.);
#12185 = EDGE_CURVE('',#12161,#12114,#12186,.T.);
#12186 = SURFACE_CURVE('',#12187,(#12191,#12198),.PCURVE_S1.);
#12187 = LINE('',#12188,#12189);
#12188 = CARTESIAN_POINT('',(10.379293239593,-2.830948930402,36.5));
#12189 = VECTOR('',#12190,1.);
#12190 = DIRECTION('',(0.995884398616,9.063258019778E-02,0.));
#12191 = PCURVE('',#10755,#12192);
#12192 = DEFINITIONAL_REPRESENTATION('',(#12193),#12197);
#12193 = LINE('',#12194,#12195);
#12194 = CARTESIAN_POINT('',(-4.609299053548E-13,0.282842712475));
#12195 = VECTOR('',#12196,1.);
#12196 = DIRECTION('',(-1.,2.081668171172E-17));
#12197 = ( GEOMETRIC_REPRESENTATION_CONTEXT(2) 
PARAMETRIC_REPRESENTATION_CONTEXT() REPRESENTATION_CONTEXT('2D SPACE',''
  ) );
#12198 = PCURVE('',#12096,#12199);
#12199 = DEFINITIONAL_REPRESENTATION('',(#12200),#12204);
#12200 = LINE('',#12201,#12202);
#12201 = CARTESIAN_POINT('',(2.407657406778E-13,0.8));
#12202 = VECTOR('',#12203,1.);
#12203 = DIRECTION('',(1.,0.));
#12204 = ( GEOMETRIC_REPRESENTATION_CONTEXT(2) 
PARAMETRIC_REPRESENTATION_CONTEXT() REPRESENTATION_CONTEXT('2D SPACE',''
  ) );
#12205 = ADVANCED_FACE('',(#12206),#10787,.F.);
#12206 = FACE_BOUND('',#12207,.F.);
#12207 = EDGE_LOOP('',(#12208,#12209,#12210,#12211));
#12208 = ORIENTED_EDGE('',*,*,#12035,.F.);
#12209 = ORIENTED_EDGE('',*,*,#10773,.T.);
#12210 = ORIENTED_EDGE('',*,*,#12160,.T.);
#12211 = ORIENTED_EDGE('',*,*,#12212,.F.);
#12212 = EDGE_CURVE('',#12036,#12161,#12213,.T.);
#12213 = SURFACE_CURVE('',#12214,(#12218,#12225),.PCURVE_S1.);
#12214 = LINE('',#12215,#12216);
#12215 = CARTESIAN_POINT('',(10.850153063197,-3.591403417216,36.5));
#12216 = VECTOR('',#12217,1.);
#12217 = DIRECTION('',(-9.063258019778E-02,0.995884398616,0.));
#12218 = PCURVE('',#10787,#12219);
#12219 = DEFINITIONAL_REPRESENTATION('',(#12220),#12224);
#12220 = LINE('',#12221,#12222);
#12221 = CARTESIAN_POINT('',(4.600035630187E-13,0.282842712475));
#12222 = VECTOR('',#12223,1.);
#12223 = DIRECTION('',(1.,2.081668171172E-17));
#12224 = ( GEOMETRIC_REPRESENTATION_CONTEXT(2) 
PARAMETRIC_REPRESENTATION_CONTEXT() REPRESENTATION_CONTEXT('2D SPACE',''
  ) );
#12225 = PCURVE('',#12096,#12226);
#12226 = DEFINITIONAL_REPRESENTATION('',(#12227),#12231);
#12227 = LINE('',#12228,#12229);
#12228 = CARTESIAN_POINT('',(0.4,-7.54812878867E-14));
#12229 = VECTOR('',#12230,1.);
#12230 = DIRECTION('',(0.,1.));
#12231 = ( GEOMETRIC_REPRESENTATION_CONTEXT(2) 
PARAMETRIC_REPRESENTATION_CONTEXT() REPRESENTATION_CONTEXT('2D SPACE',''
  ) );
#12232 = ADVANCED_FACE('',(#12233),#10863,.F.);
#12233 = FACE_BOUND('',#12234,.T.);
#12234 = EDGE_LOOP('',(#12235,#12258,#12259,#12282));
#12235 = ORIENTED_EDGE('',*,*,#12236,.F.);
#12236 = EDGE_CURVE('',#10827,#12237,#12239,.T.);
#12237 = VERTEX_POINT('',#12238);
#12238 = CARTESIAN_POINT('',(10.454995013535,0.75065256075,36.5));
#12239 = SURFACE_CURVE('',#12240,(#12244,#12251),.PCURVE_S1.);
#12240 = LINE('',#12241,#12242);
#12241 = CARTESIAN_POINT('',(10.213594528623,0.460914699733,
    36.233333333333));
#12242 = VECTOR('',#12243,1.);
#12243 = DIRECTION('',(0.522647381048,0.627300870197,0.57735026919));
#12244 = PCURVE('',#10863,#12245);
#12245 = DEFINITIONAL_REPRESENTATION('',(#12246),#12250);
#12246 = LINE('',#12247,#12248);
#12247 = CARTESIAN_POINT('',(-0.133333333333,-9.428090415793E-02));
#12248 = VECTOR('',#12249,1.);
#12249 = DIRECTION('',(-0.577350269189,0.816496580928));
#12250 = ( GEOMETRIC_REPRESENTATION_CONTEXT(2) 
PARAMETRIC_REPRESENTATION_CONTEXT() REPRESENTATION_CONTEXT('2D SPACE',''
  ) );
#12251 = PCURVE('',#11003,#12252);
#12252 = DEFINITIONAL_REPRESENTATION('',(#12253),#12257);
#12253 = LINE('',#12254,#12255);
#12254 = CARTESIAN_POINT('',(0.133333333333,-9.428090415883E-02));
#12255 = VECTOR('',#12256,1.);
#12256 = DIRECTION('',(0.577350269189,0.816496580928));
#12257 = ( GEOMETRIC_REPRESENTATION_CONTEXT(2) 
PARAMETRIC_REPRESENTATION_CONTEXT() REPRESENTATION_CONTEXT('2D SPACE',''
  ) );
#12258 = ORIENTED_EDGE('',*,*,#10849,.T.);
#12259 = ORIENTED_EDGE('',*,*,#12260,.T.);
#12260 = EDGE_CURVE('',#10803,#12261,#12263,.T.);
#12261 = VERTEX_POINT('',#12262);
#12262 = CARTESIAN_POINT('',(10.853348772981,0.786905592829,36.5));
#12263 = SURFACE_CURVE('',#12264,(#12268,#12275),.PCURVE_S1.);
#12264 = LINE('',#12265,#12266);
#12265 = CARTESIAN_POINT('',(10.925783238236,0.726555471601,
    36.433333333333));
#12266 = VECTOR('',#12267,1.);
#12267 = DIRECTION('',(-0.627300870197,0.522647381048,0.57735026919));
#12268 = PCURVE('',#10863,#12269);
#12269 = DEFINITIONAL_REPRESENTATION('',(#12270),#12274);
#12270 = LINE('',#12271,#12272);
#12271 = CARTESIAN_POINT('',(-0.866666666667,0.188561808316));
#12272 = VECTOR('',#12273,1.);
#12273 = DIRECTION('',(0.577350269189,0.816496580928));
#12274 = ( GEOMETRIC_REPRESENTATION_CONTEXT(2) 
PARAMETRIC_REPRESENTATION_CONTEXT() REPRESENTATION_CONTEXT('2D SPACE',''
  ) );
#12275 = PCURVE('',#10917,#12276);
#12276 = DEFINITIONAL_REPRESENTATION('',(#12277),#12281);
#12277 = LINE('',#12278,#12279);
#12278 = CARTESIAN_POINT('',(0.333333333333,0.188561808316));
#12279 = VECTOR('',#12280,1.);
#12280 = DIRECTION('',(0.577350269189,0.816496580928));
#12281 = ( GEOMETRIC_REPRESENTATION_CONTEXT(2) 
PARAMETRIC_REPRESENTATION_CONTEXT() REPRESENTATION_CONTEXT('2D SPACE',''
  ) );
#12282 = ORIENTED_EDGE('',*,*,#12283,.F.);
#12283 = EDGE_CURVE('',#12237,#12261,#12284,.T.);
#12284 = SURFACE_CURVE('',#12285,(#12289,#12296),.PCURVE_S1.);
#12285 = LINE('',#12286,#12287);
#12286 = CARTESIAN_POINT('',(10.056641254089,0.71439952867,36.5));
#12287 = VECTOR('',#12288,1.);
#12288 = DIRECTION('',(0.995884398616,9.063258019778E-02,0.));
#12289 = PCURVE('',#10863,#12290);
#12290 = DEFINITIONAL_REPRESENTATION('',(#12291),#12295);
#12291 = LINE('',#12292,#12293);
#12292 = CARTESIAN_POINT('',(-5.355715870792E-13,0.282842712474));
#12293 = VECTOR('',#12294,1.);
#12294 = DIRECTION('',(-1.,-2.081668171172E-17));
#12295 = ( GEOMETRIC_REPRESENTATION_CONTEXT(2) 
PARAMETRIC_REPRESENTATION_CONTEXT() REPRESENTATION_CONTEXT('2D SPACE',''
  ) );
#12296 = PCURVE('',#12297,#12302);
#12297 = PLANE('',#12298);
#12298 = AXIS2_PLACEMENT_3D('',#12299,#12300,#12301);
#12299 = CARTESIAN_POINT('',(10.092894286168,0.316045769224,36.5));
#12300 = DIRECTION('',(0.,0.,1.));
#12301 = DIRECTION('',(0.995884398616,9.063258019778E-02,-0.));
#12302 = DEFINITIONAL_REPRESENTATION('',(#12303),#12307);
#12303 = LINE('',#12304,#12305);
#12304 = CARTESIAN_POINT('',(7.419065362058E-14,0.4));
#12305 = VECTOR('',#12306,1.);
#12306 = DIRECTION('',(1.,0.));
#12307 = ( GEOMETRIC_REPRESENTATION_CONTEXT(2) 
PARAMETRIC_REPRESENTATION_CONTEXT() REPRESENTATION_CONTEXT('2D SPACE',''
  ) );
#12308 = ADVANCED_FACE('',(#12309),#10917,.T.);
#12309 = FACE_BOUND('',#12310,.T.);
#12310 = EDGE_LOOP('',(#12311,#12312,#12313,#12336));
#12311 = ORIENTED_EDGE('',*,*,#12260,.F.);
#12312 = ORIENTED_EDGE('',*,*,#10903,.T.);
#12313 = ORIENTED_EDGE('',*,*,#12314,.T.);
#12314 = EDGE_CURVE('',#10881,#12315,#12317,.T.);
#12315 = VERTEX_POINT('',#12316);
#12316 = CARTESIAN_POINT('',(10.817095740902,1.185259352275,36.5));
#12317 = SURFACE_CURVE('',#12318,(#12322,#12329),.PCURVE_S1.);
#12318 = LINE('',#12319,#12320);
#12319 = CARTESIAN_POINT('',(10.696395498446,1.040390421767,
    36.633333333333));
#12320 = VECTOR('',#12321,1.);
#12321 = DIRECTION('',(-0.522647381048,-0.627300870197,0.57735026919));
#12322 = PCURVE('',#10917,#12323);
#12323 = DEFINITIONAL_REPRESENTATION('',(#12324),#12328);
#12324 = LINE('',#12325,#12326);
#12325 = CARTESIAN_POINT('',(0.666666666667,0.471404520791));
#12326 = VECTOR('',#12327,1.);
#12327 = DIRECTION('',(-0.577350269189,0.816496580928));
#12328 = ( GEOMETRIC_REPRESENTATION_CONTEXT(2) 
PARAMETRIC_REPRESENTATION_CONTEXT() REPRESENTATION_CONTEXT('2D SPACE',''
  ) );
#12329 = PCURVE('',#10971,#12330);
#12330 = DEFINITIONAL_REPRESENTATION('',(#12331),#12335);
#12331 = LINE('',#12332,#12333);
#12332 = CARTESIAN_POINT('',(-0.666666666666,0.47140452079));
#12333 = VECTOR('',#12334,1.);
#12334 = DIRECTION('',(0.577350269189,0.816496580928));
#12335 = ( GEOMETRIC_REPRESENTATION_CONTEXT(2) 
PARAMETRIC_REPRESENTATION_CONTEXT() REPRESENTATION_CONTEXT('2D SPACE',''
  ) );
#12336 = ORIENTED_EDGE('',*,*,#12337,.F.);
#12337 = EDGE_CURVE('',#12261,#12315,#12338,.T.);
#12338 = SURFACE_CURVE('',#12339,(#12343,#12350),.PCURVE_S1.);
#12339 = LINE('',#12340,#12341);
#12340 = CARTESIAN_POINT('',(10.88960180506,0.388551833382,36.5));
#12341 = VECTOR('',#12342,1.);
#12342 = DIRECTION('',(-9.063258019778E-02,0.995884398616,0.));
#12343 = PCURVE('',#10917,#12344);
#12344 = DEFINITIONAL_REPRESENTATION('',(#12345),#12349);
#12345 = LINE('',#12346,#12347);
#12346 = CARTESIAN_POINT('',(-3.697216144349E-13,0.282842712475));
#12347 = VECTOR('',#12348,1.);
#12348 = DIRECTION('',(1.,-2.081668171172E-17));
#12349 = ( GEOMETRIC_REPRESENTATION_CONTEXT(2) 
PARAMETRIC_REPRESENTATION_CONTEXT() REPRESENTATION_CONTEXT('2D SPACE',''
  ) );
#12350 = PCURVE('',#12297,#12351);
#12351 = DEFINITIONAL_REPRESENTATION('',(#12352),#12356);
#12352 = LINE('',#12353,#12354);
#12353 = CARTESIAN_POINT('',(0.799999999999,-1.505323643514E-13));
#12354 = VECTOR('',#12355,1.);
#12355 = DIRECTION('',(0.,1.));
#12356 = ( GEOMETRIC_REPRESENTATION_CONTEXT(2) 
PARAMETRIC_REPRESENTATION_CONTEXT() REPRESENTATION_CONTEXT('2D SPACE',''
  ) );
#12357 = ADVANCED_FACE('',(#12358),#10971,.T.);
#12358 = FACE_BOUND('',#12359,.F.);
#12359 = EDGE_LOOP('',(#12360,#12383,#12384,#12385));
#12360 = ORIENTED_EDGE('',*,*,#12361,.F.);
#12361 = EDGE_CURVE('',#10935,#12362,#12364,.T.);
#12362 = VERTEX_POINT('',#12363);
#12363 = CARTESIAN_POINT('',(10.418741981456,1.149006320196,36.5));
#12364 = SURFACE_CURVE('',#12365,(#12369,#12376),.PCURVE_S1.);
#12365 = LINE('',#12366,#12367);
#12366 = CARTESIAN_POINT('',(10.346307516202,1.209356441424,
    36.433333333333));
#12367 = VECTOR('',#12368,1.);
#12368 = DIRECTION('',(0.627300870197,-0.522647381048,0.57735026919));
#12369 = PCURVE('',#10971,#12370);
#12370 = DEFINITIONAL_REPRESENTATION('',(#12371),#12375);
#12371 = LINE('',#12372,#12373);
#12372 = CARTESIAN_POINT('',(-0.333333333334,0.188561808316));
#12373 = VECTOR('',#12374,1.);
#12374 = DIRECTION('',(-0.577350269189,0.816496580928));
#12375 = ( GEOMETRIC_REPRESENTATION_CONTEXT(2) 
PARAMETRIC_REPRESENTATION_CONTEXT() REPRESENTATION_CONTEXT('2D SPACE',''
  ) );
#12376 = PCURVE('',#11003,#12377);
#12377 = DEFINITIONAL_REPRESENTATION('',(#12378),#12382);
#12378 = LINE('',#12379,#12380);
#12379 = CARTESIAN_POINT('',(0.866666666666,0.188561808316));
#12380 = VECTOR('',#12381,1.);
#12381 = DIRECTION('',(-0.577350269189,0.816496580928));
#12382 = ( GEOMETRIC_REPRESENTATION_CONTEXT(2) 
PARAMETRIC_REPRESENTATION_CONTEXT() REPRESENTATION_CONTEXT('2D SPACE',''
  ) );
#12383 = ORIENTED_EDGE('',*,*,#10957,.T.);
#12384 = ORIENTED_EDGE('',*,*,#12314,.T.);
#12385 = ORIENTED_EDGE('',*,*,#12386,.F.);
#12386 = EDGE_CURVE('',#12362,#12315,#12387,.T.);
#12387 = SURFACE_CURVE('',#12388,(#12392,#12399),.PCURVE_S1.);
#12388 = LINE('',#12389,#12390);
#12389 = CARTESIAN_POINT('',(10.020388222009,1.112753288117,36.5));
#12390 = VECTOR('',#12391,1.);
#12391 = DIRECTION('',(0.995884398616,9.063258019778E-02,0.));
#12392 = PCURVE('',#10971,#12393);
#12393 = DEFINITIONAL_REPRESENTATION('',(#12394),#12398);
#12394 = LINE('',#12395,#12396);
#12395 = CARTESIAN_POINT('',(5.355715870792E-13,0.282842712474));
#12396 = VECTOR('',#12397,1.);
#12397 = DIRECTION('',(-1.,2.081668171172E-17));
#12398 = ( GEOMETRIC_REPRESENTATION_CONTEXT(2) 
PARAMETRIC_REPRESENTATION_CONTEXT() REPRESENTATION_CONTEXT('2D SPACE',''
  ) );
#12399 = PCURVE('',#12297,#12400);
#12400 = DEFINITIONAL_REPRESENTATION('',(#12401),#12405);
#12401 = LINE('',#12402,#12403);
#12402 = CARTESIAN_POINT('',(-7.551875791378E-13,0.8));
#12403 = VECTOR('',#12404,1.);
#12404 = DIRECTION('',(1.,0.));
#12405 = ( GEOMETRIC_REPRESENTATION_CONTEXT(2) 
PARAMETRIC_REPRESENTATION_CONTEXT() REPRESENTATION_CONTEXT('2D SPACE',''
  ) );
#12406 = ADVANCED_FACE('',(#12407),#11003,.F.);
#12407 = FACE_BOUND('',#12408,.F.);
#12408 = EDGE_LOOP('',(#12409,#12410,#12411,#12412));
#12409 = ORIENTED_EDGE('',*,*,#12236,.F.);
#12410 = ORIENTED_EDGE('',*,*,#10989,.T.);
#12411 = ORIENTED_EDGE('',*,*,#12361,.T.);
#12412 = ORIENTED_EDGE('',*,*,#12413,.F.);
#12413 = EDGE_CURVE('',#12237,#12362,#12414,.T.);
#12414 = SURFACE_CURVE('',#12415,(#12419,#12426),.PCURVE_S1.);
#12415 = LINE('',#12416,#12417);
#12416 = CARTESIAN_POINT('',(10.491248045614,0.352298801303,36.5));
#12417 = VECTOR('',#12418,1.);
#12418 = DIRECTION('',(-9.063258019778E-02,0.995884398616,0.));
#12419 = PCURVE('',#11003,#12420);
#12420 = DEFINITIONAL_REPRESENTATION('',(#12421),#12425);
#12421 = LINE('',#12422,#12423);
#12422 = CARTESIAN_POINT('',(-5.355715870792E-13,0.282842712474));
#12423 = VECTOR('',#12424,1.);
#12424 = DIRECTION('',(1.,2.081668171172E-17));
#12425 = ( GEOMETRIC_REPRESENTATION_CONTEXT(2) 
PARAMETRIC_REPRESENTATION_CONTEXT() REPRESENTATION_CONTEXT('2D SPACE',''
  ) );
#12426 = PCURVE('',#12297,#12427);
#12427 = DEFINITIONAL_REPRESENTATION('',(#12428),#12432);
#12428 = LINE('',#12429,#12430);
#12429 = CARTESIAN_POINT('',(0.4,-7.526618217568E-14));
#12430 = VECTOR('',#12431,1.);
#12431 = DIRECTION('',(0.,1.));
#12432 = ( GEOMETRIC_REPRESENTATION_CONTEXT(2) 
PARAMETRIC_REPRESENTATION_CONTEXT() REPRESENTATION_CONTEXT('2D SPACE',''
  ) );
#12433 = ADVANCED_FACE('',(#12434),#11079,.F.);
#12434 = FACE_BOUND('',#12435,.T.);
#12435 = EDGE_LOOP('',(#12436,#12459,#12460,#12483));
#12436 = ORIENTED_EDGE('',*,*,#12437,.F.);
#12437 = EDGE_CURVE('',#11043,#12438,#12440,.T.);
#12438 = VERTEX_POINT('',#12439);
#12439 = CARTESIAN_POINT('',(10.096089995952,4.694354779269,36.5));
#12440 = SURFACE_CURVE('',#12441,(#12445,#12452),.PCURVE_S1.);
#12441 = LINE('',#12442,#12443);
#12442 = CARTESIAN_POINT('',(9.85468951104,4.404616918252,
    36.233333333333));
#12443 = VECTOR('',#12444,1.);
#12444 = DIRECTION('',(0.522647381048,0.627300870197,0.57735026919));
#12445 = PCURVE('',#11079,#12446);
#12446 = DEFINITIONAL_REPRESENTATION('',(#12447),#12451);
#12447 = LINE('',#12448,#12449);
#12448 = CARTESIAN_POINT('',(-0.133333333333,-9.428090415793E-02));
#12449 = VECTOR('',#12450,1.);
#12450 = DIRECTION('',(-0.577350269189,0.816496580928));
#12451 = ( GEOMETRIC_REPRESENTATION_CONTEXT(2) 
PARAMETRIC_REPRESENTATION_CONTEXT() REPRESENTATION_CONTEXT('2D SPACE',''
  ) );
#12452 = PCURVE('',#11219,#12453);
#12453 = DEFINITIONAL_REPRESENTATION('',(#12454),#12458);
#12454 = LINE('',#12455,#12456);
#12455 = CARTESIAN_POINT('',(0.133333333333,-9.428090415883E-02));
#12456 = VECTOR('',#12457,1.);
#12457 = DIRECTION('',(0.577350269189,0.816496580928));
#12458 = ( GEOMETRIC_REPRESENTATION_CONTEXT(2) 
PARAMETRIC_REPRESENTATION_CONTEXT() REPRESENTATION_CONTEXT('2D SPACE',''
  ) );
#12459 = ORIENTED_EDGE('',*,*,#11065,.T.);
#12460 = ORIENTED_EDGE('',*,*,#12461,.T.);
#12461 = EDGE_CURVE('',#11019,#12462,#12464,.T.);
#12462 = VERTEX_POINT('',#12463);
#12463 = CARTESIAN_POINT('',(10.494443755398,4.730607811348,36.5));
#12464 = SURFACE_CURVE('',#12465,(#12469,#12476),.PCURVE_S1.);
#12465 = LINE('',#12466,#12467);
#12466 = CARTESIAN_POINT('',(10.566878220652,4.67025769012,
    36.433333333333));
#12467 = VECTOR('',#12468,1.);
#12468 = DIRECTION('',(-0.627300870197,0.522647381048,0.57735026919));
#12469 = PCURVE('',#11079,#12470);
#12470 = DEFINITIONAL_REPRESENTATION('',(#12471),#12475);
#12471 = LINE('',#12472,#12473);
#12472 = CARTESIAN_POINT('',(-0.866666666666,0.188561808317));
#12473 = VECTOR('',#12474,1.);
#12474 = DIRECTION('',(0.577350269189,0.816496580928));
#12475 = ( GEOMETRIC_REPRESENTATION_CONTEXT(2) 
PARAMETRIC_REPRESENTATION_CONTEXT() REPRESENTATION_CONTEXT('2D SPACE',''
  ) );
#12476 = PCURVE('',#11133,#12477);
#12477 = DEFINITIONAL_REPRESENTATION('',(#12478),#12482);
#12478 = LINE('',#12479,#12480);
#12479 = CARTESIAN_POINT('',(0.333333333333,0.188561808316));
#12480 = VECTOR('',#12481,1.);
#12481 = DIRECTION('',(0.577350269189,0.816496580928));
#12482 = ( GEOMETRIC_REPRESENTATION_CONTEXT(2) 
PARAMETRIC_REPRESENTATION_CONTEXT() REPRESENTATION_CONTEXT('2D SPACE',''
  ) );
#12483 = ORIENTED_EDGE('',*,*,#12484,.F.);
#12484 = EDGE_CURVE('',#12438,#12462,#12485,.T.);
#12485 = SURFACE_CURVE('',#12486,(#12490,#12497),.PCURVE_S1.);
#12486 = LINE('',#12487,#12488);
#12487 = CARTESIAN_POINT('',(9.697736236505,4.65810174719,36.5));
#12488 = VECTOR('',#12489,1.);
#12489 = DIRECTION('',(0.995884398616,9.063258019778E-02,0.));
#12490 = PCURVE('',#11079,#12491);
#12491 = DEFINITIONAL_REPRESENTATION('',(#12492),#12496);
#12492 = LINE('',#12493,#12494);
#12493 = CARTESIAN_POINT('',(3.710226570419E-13,0.282842712475));
#12494 = VECTOR('',#12495,1.);
#12495 = DIRECTION('',(-1.,-2.081668171172E-17));
#12496 = ( GEOMETRIC_REPRESENTATION_CONTEXT(2) 
PARAMETRIC_REPRESENTATION_CONTEXT() REPRESENTATION_CONTEXT('2D SPACE',''
  ) );
#12497 = PCURVE('',#12498,#12503);
#12498 = PLANE('',#12499);
#12499 = AXIS2_PLACEMENT_3D('',#12500,#12501,#12502);
#12500 = CARTESIAN_POINT('',(9.733989268584,4.259747987743,36.5));
#12501 = DIRECTION('',(0.,0.,1.));
#12502 = DIRECTION('',(0.995884398616,9.063258019778E-02,-0.));
#12503 = DEFINITIONAL_REPRESENTATION('',(#12504),#12508);
#12504 = LINE('',#12505,#12506);
#12505 = CARTESIAN_POINT('',(1.647987302178E-13,0.400000000001));
#12506 = VECTOR('',#12507,1.);
#12507 = DIRECTION('',(1.,0.));
#12508 = ( GEOMETRIC_REPRESENTATION_CONTEXT(2) 
PARAMETRIC_REPRESENTATION_CONTEXT() REPRESENTATION_CONTEXT('2D SPACE',''
  ) );
#12509 = ADVANCED_FACE('',(#12510),#11133,.T.);
#12510 = FACE_BOUND('',#12511,.T.);
#12511 = EDGE_LOOP('',(#12512,#12513,#12514,#12537));
#12512 = ORIENTED_EDGE('',*,*,#12461,.F.);
#12513 = ORIENTED_EDGE('',*,*,#11119,.T.);
#12514 = ORIENTED_EDGE('',*,*,#12515,.T.);
#12515 = EDGE_CURVE('',#11097,#12516,#12518,.T.);
#12516 = VERTEX_POINT('',#12517);
#12517 = CARTESIAN_POINT('',(10.458190723319,5.128961570794,36.5));
#12518 = SURFACE_CURVE('',#12519,(#12523,#12530),.PCURVE_S1.);
#12519 = LINE('',#12520,#12521);
#12520 = CARTESIAN_POINT('',(10.337490480863,4.984092640286,
    36.633333333333));
#12521 = VECTOR('',#12522,1.);
#12522 = DIRECTION('',(-0.522647381048,-0.627300870197,0.57735026919));
#12523 = PCURVE('',#11133,#12524);
#12524 = DEFINITIONAL_REPRESENTATION('',(#12525),#12529);
#12525 = LINE('',#12526,#12527);
#12526 = CARTESIAN_POINT('',(0.666666666667,0.471404520791));
#12527 = VECTOR('',#12528,1.);
#12528 = DIRECTION('',(-0.577350269189,0.816496580928));
#12529 = ( GEOMETRIC_REPRESENTATION_CONTEXT(2) 
PARAMETRIC_REPRESENTATION_CONTEXT() REPRESENTATION_CONTEXT('2D SPACE',''
  ) );
#12530 = PCURVE('',#11187,#12531);
#12531 = DEFINITIONAL_REPRESENTATION('',(#12532),#12536);
#12532 = LINE('',#12533,#12534);
#12533 = CARTESIAN_POINT('',(-0.666666666666,0.47140452079));
#12534 = VECTOR('',#12535,1.);
#12535 = DIRECTION('',(0.577350269189,0.816496580928));
#12536 = ( GEOMETRIC_REPRESENTATION_CONTEXT(2) 
PARAMETRIC_REPRESENTATION_CONTEXT() REPRESENTATION_CONTEXT('2D SPACE',''
  ) );
#12537 = ORIENTED_EDGE('',*,*,#12538,.F.);
#12538 = EDGE_CURVE('',#12462,#12516,#12539,.T.);
#12539 = SURFACE_CURVE('',#12540,(#12544,#12551),.PCURVE_S1.);
#12540 = LINE('',#12541,#12542);
#12541 = CARTESIAN_POINT('',(10.530696787477,4.332254051902,36.5));
#12542 = VECTOR('',#12543,1.);
#12543 = DIRECTION('',(-9.063258019778E-02,0.995884398616,0.));
#12544 = PCURVE('',#11133,#12545);
#12545 = DEFINITIONAL_REPRESENTATION('',(#12546),#12550);
#12546 = LINE('',#12547,#12548);
#12547 = CARTESIAN_POINT('',(5.346868781064E-13,0.282842712474));
#12548 = VECTOR('',#12549,1.);
#12549 = DIRECTION('',(1.,-2.081668171172E-17));
#12550 = ( GEOMETRIC_REPRESENTATION_CONTEXT(2) 
PARAMETRIC_REPRESENTATION_CONTEXT() REPRESENTATION_CONTEXT('2D SPACE',''
  ) );
#12551 = PCURVE('',#12498,#12552);
#12552 = DEFINITIONAL_REPRESENTATION('',(#12553),#12557);
#12553 = LINE('',#12554,#12555);
#12554 = CARTESIAN_POINT('',(0.8,7.543687896572E-13));
#12555 = VECTOR('',#12556,1.);
#12556 = DIRECTION('',(0.,1.));
#12557 = ( GEOMETRIC_REPRESENTATION_CONTEXT(2) 
PARAMETRIC_REPRESENTATION_CONTEXT() REPRESENTATION_CONTEXT('2D SPACE',''
  ) );
#12558 = ADVANCED_FACE('',(#12559),#11187,.T.);
#12559 = FACE_BOUND('',#12560,.F.);
#12560 = EDGE_LOOP('',(#12561,#12584,#12585,#12586));
#12561 = ORIENTED_EDGE('',*,*,#12562,.F.);
#12562 = EDGE_CURVE('',#11151,#12563,#12565,.T.);
#12563 = VERTEX_POINT('',#12564);
#12564 = CARTESIAN_POINT('',(10.059836963873,5.092708538715,36.5));
#12565 = SURFACE_CURVE('',#12566,(#12570,#12577),.PCURVE_S1.);
#12566 = LINE('',#12567,#12568);
#12567 = CARTESIAN_POINT('',(9.987402498618,5.153058659943,
    36.433333333333));
#12568 = VECTOR('',#12569,1.);
#12569 = DIRECTION('',(0.627300870197,-0.522647381048,0.57735026919));
#12570 = PCURVE('',#11187,#12571);
#12571 = DEFINITIONAL_REPRESENTATION('',(#12572),#12576);
#12572 = LINE('',#12573,#12574);
#12573 = CARTESIAN_POINT('',(-0.333333333333,0.188561808316));
#12574 = VECTOR('',#12575,1.);
#12575 = DIRECTION('',(-0.577350269189,0.816496580928));
#12576 = ( GEOMETRIC_REPRESENTATION_CONTEXT(2) 
PARAMETRIC_REPRESENTATION_CONTEXT() REPRESENTATION_CONTEXT('2D SPACE',''
  ) );
#12577 = PCURVE('',#11219,#12578);
#12578 = DEFINITIONAL_REPRESENTATION('',(#12579),#12583);
#12579 = LINE('',#12580,#12581);
#12580 = CARTESIAN_POINT('',(0.866666666667,0.188561808316));
#12581 = VECTOR('',#12582,1.);
#12582 = DIRECTION('',(-0.577350269189,0.816496580928));
#12583 = ( GEOMETRIC_REPRESENTATION_CONTEXT(2) 
PARAMETRIC_REPRESENTATION_CONTEXT() REPRESENTATION_CONTEXT('2D SPACE',''
  ) );
#12584 = ORIENTED_EDGE('',*,*,#11173,.T.);
#12585 = ORIENTED_EDGE('',*,*,#12515,.T.);
#12586 = ORIENTED_EDGE('',*,*,#12587,.F.);
#12587 = EDGE_CURVE('',#12563,#12516,#12588,.T.);
#12588 = SURFACE_CURVE('',#12589,(#12593,#12600),.PCURVE_S1.);
#12589 = LINE('',#12590,#12591);
#12590 = CARTESIAN_POINT('',(9.661483204426,5.056455506636,36.5));
#12591 = VECTOR('',#12592,1.);
#12592 = DIRECTION('',(0.995884398616,9.063258019778E-02,0.));
#12593 = PCURVE('',#11187,#12594);
#12594 = DEFINITIONAL_REPRESENTATION('',(#12595),#12599);
#12595 = LINE('',#12596,#12597);
#12596 = CARTESIAN_POINT('',(5.355715870792E-13,0.282842712474));
#12597 = VECTOR('',#12598,1.);
#12598 = DIRECTION('',(-1.,2.081668171172E-17));
#12599 = ( GEOMETRIC_REPRESENTATION_CONTEXT(2) 
PARAMETRIC_REPRESENTATION_CONTEXT() REPRESENTATION_CONTEXT('2D SPACE',''
  ) );
#12600 = PCURVE('',#12498,#12601);
#12601 = DEFINITIONAL_REPRESENTATION('',(#12602),#12606);
#12602 = LINE('',#12603,#12604);
#12603 = CARTESIAN_POINT('',(2.408073740412E-13,0.8));
#12604 = VECTOR('',#12605,1.);
#12605 = DIRECTION('',(1.,0.));
#12606 = ( GEOMETRIC_REPRESENTATION_CONTEXT(2) 
PARAMETRIC_REPRESENTATION_CONTEXT() REPRESENTATION_CONTEXT('2D SPACE',''
  ) );
#12607 = ADVANCED_FACE('',(#12608),#11219,.F.);
#12608 = FACE_BOUND('',#12609,.F.);
#12609 = EDGE_LOOP('',(#12610,#12611,#12612,#12613));
#12610 = ORIENTED_EDGE('',*,*,#12437,.F.);
#12611 = ORIENTED_EDGE('',*,*,#11205,.T.);
#12612 = ORIENTED_EDGE('',*,*,#12562,.T.);
#12613 = ORIENTED_EDGE('',*,*,#12614,.F.);
#12614 = EDGE_CURVE('',#12438,#12563,#12615,.T.);
#12615 = SURFACE_CURVE('',#12616,(#12620,#12627),.PCURVE_S1.);
#12616 = LINE('',#12617,#12618);
#12617 = CARTESIAN_POINT('',(10.132343028031,4.296001019822,36.5));
#12618 = VECTOR('',#12619,1.);
#12619 = DIRECTION('',(-9.063258019778E-02,0.995884398616,0.));
#12620 = PCURVE('',#11219,#12621);
#12621 = DEFINITIONAL_REPRESENTATION('',(#12622),#12626);
#12622 = LINE('',#12623,#12624);
#12623 = CARTESIAN_POINT('',(-5.346868781064E-13,0.282842712474));
#12624 = VECTOR('',#12625,1.);
#12625 = DIRECTION('',(1.,2.081668171172E-17));
#12626 = ( GEOMETRIC_REPRESENTATION_CONTEXT(2) 
PARAMETRIC_REPRESENTATION_CONTEXT() REPRESENTATION_CONTEXT('2D SPACE',''
  ) );
#12627 = PCURVE('',#12498,#12628);
#12628 = DEFINITIONAL_REPRESENTATION('',(#12629),#12633);
#12629 = LINE('',#12630,#12631);
#12630 = CARTESIAN_POINT('',(0.400000000001,-1.656869086375E-13));
#12631 = VECTOR('',#12632,1.);
#12632 = DIRECTION('',(0.,1.));
#12633 = ( GEOMETRIC_REPRESENTATION_CONTEXT(2) 
PARAMETRIC_REPRESENTATION_CONTEXT() REPRESENTATION_CONTEXT('2D SPACE',''
  ) );
#12634 = ADVANCED_FACE('',(#12635),#11273,.T.);
#12635 = FACE_BOUND('',#12636,.T.);
#12636 = EDGE_LOOP('',(#12637,#12638,#12661,#12692));
#12637 = ORIENTED_EDGE('',*,*,#11258,.T.);
#12638 = ORIENTED_EDGE('',*,*,#12639,.T.);
#12639 = EDGE_CURVE('',#11236,#12640,#12642,.T.);
#12640 = VERTEX_POINT('',#12641);
#12641 = CARTESIAN_POINT('',(-0.830744044684,-36.50342749188,
    22.07301176898));
#12642 = SEAM_CURVE('',#12643,(#12647,#12654),.PCURVE_S1.);
#12643 = LINE('',#12644,#12645);
#12644 = CARTESIAN_POINT('',(-0.869735084289,-36.11277104371,
    22.470462694672));
#12645 = VECTOR('',#12646,1.);
#12646 = DIRECTION('',(6.97939745033E-02,-0.699275178583,-0.711437295719
    ));
#12647 = PCURVE('',#11273,#12648);
#12648 = DEFINITIONAL_REPRESENTATION('',(#12649),#12653);
#12649 = LINE('',#12650,#12651);
#12650 = CARTESIAN_POINT('',(0.,0.));
#12651 = VECTOR('',#12652,1.);
#12652 = DIRECTION('',(-0.,-1.));
#12653 = ( GEOMETRIC_REPRESENTATION_CONTEXT(2) 
PARAMETRIC_REPRESENTATION_CONTEXT() REPRESENTATION_CONTEXT('2D SPACE',''
  ) );
#12654 = PCURVE('',#11273,#12655);
#12655 = DEFINITIONAL_REPRESENTATION('',(#12656),#12660);
#12656 = LINE('',#12657,#12658);
#12657 = CARTESIAN_POINT('',(6.283185307179,0.));
#12658 = VECTOR('',#12659,1.);
#12659 = DIRECTION('',(-0.,-1.));
#12660 = ( GEOMETRIC_REPRESENTATION_CONTEXT(2) 
PARAMETRIC_REPRESENTATION_CONTEXT() REPRESENTATION_CONTEXT('2D SPACE',''
  ) );
#12661 = ORIENTED_EDGE('',*,*,#12662,.F.);
#12662 = EDGE_CURVE('',#12640,#12640,#12663,.T.);
#12663 = SURFACE_CURVE('',#12664,(#12669,#12676),.PCURVE_S1.);
#12664 = CIRCLE('',#12665,2.5);
#12665 = AXIS2_PLACEMENT_3D('',#12666,#12667,#12668);
#12666 = CARTESIAN_POINT('',(-0.83541178321,-36.4566607944,
    19.573453590376));
#12667 = DIRECTION('',(9.929801703841E-02,-0.994880132442,
    -1.879962457525E-02));
#12668 = DIRECTION('',(1.867095410469E-03,-1.87066789917E-02,
    0.999823271441));
#12669 = PCURVE('',#11273,#12670);
#12670 = DEFINITIONAL_REPRESENTATION('',(#12671),#12675);
#12671 = LINE('',#12672,#12673);
#12672 = CARTESIAN_POINT('',(6.28318530718,-0.400000000002));
#12673 = VECTOR('',#12674,1.);
#12674 = DIRECTION('',(-1.,0.));
#12675 = ( GEOMETRIC_REPRESENTATION_CONTEXT(2) 
PARAMETRIC_REPRESENTATION_CONTEXT() REPRESENTATION_CONTEXT('2D SPACE',''
  ) );
#12676 = PCURVE('',#12677,#12682);
#12677 = PLANE('',#12678);
#12678 = AXIS2_PLACEMENT_3D('',#12679,#12680,#12681);
#12679 = CARTESIAN_POINT('',(-0.83541178321,-36.4566607944,
    19.573453590376));
#12680 = DIRECTION('',(-9.929801703841E-02,0.994880132442,
    1.879962457525E-02));
#12681 = DIRECTION('',(-1.867095410469E-03,1.87066789917E-02,
    -0.999823271441));
#12682 = DEFINITIONAL_REPRESENTATION('',(#12683),#12691);
#12683 = ( BOUNDED_CURVE() B_SPLINE_CURVE(2,(#12684,#12685,#12686,#12687
    ,#12688,#12689,#12690),.UNSPECIFIED.,.T.,.F.) 
B_SPLINE_CURVE_WITH_KNOTS((1,2,2,2,2,1),(-2.094395102393,0.,
    2.094395102393,4.188790204786,6.28318530718,8.377580409573),
.UNSPECIFIED.) CURVE() GEOMETRIC_REPRESENTATION_ITEM() 
RATIONAL_B_SPLINE_CURVE((1.,0.5,1.,0.5,1.,0.5,1.)) REPRESENTATION_ITEM(
  '') );
#12684 = CARTESIAN_POINT('',(-2.5,2.018605947117E-19));
#12685 = CARTESIAN_POINT('',(-2.5,4.330127018922));
#12686 = CARTESIAN_POINT('',(1.25,2.165063509461));
#12687 = CARTESIAN_POINT('',(5.,6.119196783843E-16));
#12688 = CARTESIAN_POINT('',(1.25,-2.165063509461));
#12689 = CARTESIAN_POINT('',(-2.5,-4.330127018922));
#12690 = CARTESIAN_POINT('',(-2.5,2.018605947117E-19));
#12691 = ( GEOMETRIC_REPRESENTATION_CONTEXT(2) 
PARAMETRIC_REPRESENTATION_CONTEXT() REPRESENTATION_CONTEXT('2D SPACE',''
  ) );
#12692 = ORIENTED_EDGE('',*,*,#12639,.F.);
#12693 = ADVANCED_FACE('',(#12694,#13057),#11437,.F.);
#12694 = FACE_BOUND('',#12695,.F.);
#12695 = EDGE_LOOP('',(#12696,#12719,#12748,#12769,#12770,#12793,#12822,
    #12850,#12879,#12903,#12931,#12960,#12981,#12982,#13005,#13034,
    #13055,#13056));
#12696 = ORIENTED_EDGE('',*,*,#12697,.F.);
#12697 = EDGE_CURVE('',#12698,#11290,#12700,.T.);
#12698 = VERTEX_POINT('',#12699);
#12699 = CARTESIAN_POINT('',(3.689505615195,0.55,0.1));
#12700 = SURFACE_CURVE('',#12701,(#12705,#12712),.PCURVE_S1.);
#12701 = LINE('',#12702,#12703);
#12702 = CARTESIAN_POINT('',(-14.33,0.55,0.1));
#12703 = VECTOR('',#12704,1.);
#12704 = DIRECTION('',(1.,0.,-0.));
#12705 = PCURVE('',#11437,#12706);
#12706 = DEFINITIONAL_REPRESENTATION('',(#12707),#12711);
#12707 = LINE('',#12708,#12709);
#12708 = CARTESIAN_POINT('',(-14.48,0.6));
#12709 = VECTOR('',#12710,1.);
#12710 = DIRECTION('',(1.,0.));
#12711 = ( GEOMETRIC_REPRESENTATION_CONTEXT(2) 
PARAMETRIC_REPRESENTATION_CONTEXT() REPRESENTATION_CONTEXT('2D SPACE',''
  ) );
#12712 = PCURVE('',#11320,#12713);
#12713 = DEFINITIONAL_REPRESENTATION('',(#12714),#12718);
#12714 = LINE('',#12715,#12716);
#12715 = CARTESIAN_POINT('',(0.,0.));
#12716 = VECTOR('',#12717,1.);
#12717 = DIRECTION('',(0.,1.));
#12718 = ( GEOMETRIC_REPRESENTATION_CONTEXT(2) 
PARAMETRIC_REPRESENTATION_CONTEXT() REPRESENTATION_CONTEXT('2D SPACE',''
  ) );
#12719 = ORIENTED_EDGE('',*,*,#12720,.T.);
#12720 = EDGE_CURVE('',#12698,#12721,#12723,.T.);
#12721 = VERTEX_POINT('',#12722);
#12722 = CARTESIAN_POINT('',(0.75,3.489505615195,0.1));
#12723 = SURFACE_CURVE('',#12724,(#12729,#12736),.PCURVE_S1.);
#12724 = CIRCLE('',#12725,3.59);
#12725 = AXIS2_PLACEMENT_3D('',#12726,#12727,#12728);
#12726 = CARTESIAN_POINT('',(0.15,-5.E-02,0.1));
#12727 = DIRECTION('',(0.,0.,1.));
#12728 = DIRECTION('',(1.,0.,-0.));
#12729 = PCURVE('',#11437,#12730);
#12730 = DEFINITIONAL_REPRESENTATION('',(#12731),#12735);
#12731 = CIRCLE('',#12732,3.59);
#12732 = AXIS2_PLACEMENT_2D('',#12733,#12734);
#12733 = CARTESIAN_POINT('',(0.,0.));
#12734 = DIRECTION('',(1.,0.));
#12735 = ( GEOMETRIC_REPRESENTATION_CONTEXT(2) 
PARAMETRIC_REPRESENTATION_CONTEXT() REPRESENTATION_CONTEXT('2D SPACE',''
  ) );
#12736 = PCURVE('',#12737,#12742);
#12737 = CYLINDRICAL_SURFACE('',#12738,3.59);
#12738 = AXIS2_PLACEMENT_3D('',#12739,#12740,#12741);
#12739 = CARTESIAN_POINT('',(0.15,-5.E-02,0.1));
#12740 = DIRECTION('',(0.,0.,1.));
#12741 = DIRECTION('',(1.,0.,-0.));
#12742 = DEFINITIONAL_REPRESENTATION('',(#12743),#12747);
#12743 = LINE('',#12744,#12745);
#12744 = CARTESIAN_POINT('',(0.,0.));
#12745 = VECTOR('',#12746,1.);
#12746 = DIRECTION('',(1.,0.));
#12747 = ( GEOMETRIC_REPRESENTATION_CONTEXT(2) 
PARAMETRIC_REPRESENTATION_CONTEXT() REPRESENTATION_CONTEXT('2D SPACE',''
  ) );
#12748 = ORIENTED_EDGE('',*,*,#12749,.T.);
#12749 = EDGE_CURVE('',#12721,#11371,#12750,.T.);
#12750 = SURFACE_CURVE('',#12751,(#12755,#12762),.PCURVE_S1.);
#12751 = LINE('',#12752,#12753);
#12752 = CARTESIAN_POINT('',(0.75,-14.53,0.1));
#12753 = VECTOR('',#12754,1.);
#12754 = DIRECTION('',(-0.,1.,0.));
#12755 = PCURVE('',#11437,#12756);
#12756 = DEFINITIONAL_REPRESENTATION('',(#12757),#12761);
#12757 = LINE('',#12758,#12759);
#12758 = CARTESIAN_POINT('',(0.6,-14.48));
#12759 = VECTOR('',#12760,1.);
#12760 = DIRECTION('',(0.,1.));
#12761 = ( GEOMETRIC_REPRESENTATION_CONTEXT(2) 
PARAMETRIC_REPRESENTATION_CONTEXT() REPRESENTATION_CONTEXT('2D SPACE',''
  ) );
#12762 = PCURVE('',#11399,#12763);
#12763 = DEFINITIONAL_REPRESENTATION('',(#12764),#12768);
#12764 = LINE('',#12765,#12766);
#12765 = CARTESIAN_POINT('',(0.,0.));
#12766 = VECTOR('',#12767,1.);
#12767 = DIRECTION('',(0.,-1.));
#12768 = ( GEOMETRIC_REPRESENTATION_CONTEXT(2) 
PARAMETRIC_REPRESENTATION_CONTEXT() REPRESENTATION_CONTEXT('2D SPACE',''
  ) );
#12769 = ORIENTED_EDGE('',*,*,#11420,.F.);
#12770 = ORIENTED_EDGE('',*,*,#12771,.F.);
#12771 = EDGE_CURVE('',#12772,#11421,#12774,.T.);
#12772 = VERTEX_POINT('',#12773);
#12773 = CARTESIAN_POINT('',(-0.45,3.489505615195,0.1));
#12774 = SURFACE_CURVE('',#12775,(#12779,#12786),.PCURVE_S1.);
#12775 = LINE('',#12776,#12777);
#12776 = CARTESIAN_POINT('',(-0.45,-14.53,0.1));
#12777 = VECTOR('',#12778,1.);
#12778 = DIRECTION('',(-0.,1.,0.));
#12779 = PCURVE('',#11437,#12780);
#12780 = DEFINITIONAL_REPRESENTATION('',(#12781),#12785);
#12781 = LINE('',#12782,#12783);
#12782 = CARTESIAN_POINT('',(-0.6,-14.48));
#12783 = VECTOR('',#12784,1.);
#12784 = DIRECTION('',(0.,1.));
#12785 = ( GEOMETRIC_REPRESENTATION_CONTEXT(2) 
PARAMETRIC_REPRESENTATION_CONTEXT() REPRESENTATION_CONTEXT('2D SPACE',''
  ) );
#12786 = PCURVE('',#11482,#12787);
#12787 = DEFINITIONAL_REPRESENTATION('',(#12788),#12792);
#12788 = LINE('',#12789,#12790);
#12789 = CARTESIAN_POINT('',(0.,0.));
#12790 = VECTOR('',#12791,1.);
#12791 = DIRECTION('',(0.,-1.));
#12792 = ( GEOMETRIC_REPRESENTATION_CONTEXT(2) 
PARAMETRIC_REPRESENTATION_CONTEXT() REPRESENTATION_CONTEXT('2D SPACE',''
  ) );
#12793 = ORIENTED_EDGE('',*,*,#12794,.T.);
#12794 = EDGE_CURVE('',#12772,#12795,#12797,.T.);
#12795 = VERTEX_POINT('',#12796);
#12796 = CARTESIAN_POINT('',(-3.389505615195,0.55,0.1));
#12797 = SURFACE_CURVE('',#12798,(#12803,#12810),.PCURVE_S1.);
#12798 = CIRCLE('',#12799,3.59);
#12799 = AXIS2_PLACEMENT_3D('',#12800,#12801,#12802);
#12800 = CARTESIAN_POINT('',(0.15,-5.E-02,0.1));
#12801 = DIRECTION('',(0.,0.,1.));
#12802 = DIRECTION('',(1.,0.,-0.));
#12803 = PCURVE('',#11437,#12804);
#12804 = DEFINITIONAL_REPRESENTATION('',(#12805),#12809);
#12805 = CIRCLE('',#12806,3.59);
#12806 = AXIS2_PLACEMENT_2D('',#12807,#12808);
#12807 = CARTESIAN_POINT('',(0.,0.));
#12808 = DIRECTION('',(1.,0.));
#12809 = ( GEOMETRIC_REPRESENTATION_CONTEXT(2) 
PARAMETRIC_REPRESENTATION_CONTEXT() REPRESENTATION_CONTEXT('2D SPACE',''
  ) );
#12810 = PCURVE('',#12811,#12816);
#12811 = CYLINDRICAL_SURFACE('',#12812,3.59);
#12812 = AXIS2_PLACEMENT_3D('',#12813,#12814,#12815);
#12813 = CARTESIAN_POINT('',(0.15,-5.E-02,0.1));
#12814 = DIRECTION('',(0.,0.,1.));
#12815 = DIRECTION('',(1.,0.,-0.));
#12816 = DEFINITIONAL_REPRESENTATION('',(#12817),#12821);
#12817 = LINE('',#12818,#12819);
#12818 = CARTESIAN_POINT('',(0.,0.));
#12819 = VECTOR('',#12820,1.);
#12820 = DIRECTION('',(1.,0.));
#12821 = ( GEOMETRIC_REPRESENTATION_CONTEXT(2) 
PARAMETRIC_REPRESENTATION_CONTEXT() REPRESENTATION_CONTEXT('2D SPACE',''
  ) );
#12822 = ORIENTED_EDGE('',*,*,#12823,.F.);
#12823 = EDGE_CURVE('',#12824,#12795,#12826,.T.);
#12824 = VERTEX_POINT('',#12825);
#12825 = CARTESIAN_POINT('',(-10.44138130896,0.55,0.1));
#12826 = SURFACE_CURVE('',#12827,(#12831,#12838),.PCURVE_S1.);
#12827 = LINE('',#12828,#12829);
#12828 = CARTESIAN_POINT('',(-14.33,0.55,0.1));
#12829 = VECTOR('',#12830,1.);
#12830 = DIRECTION('',(1.,0.,-0.));
#12831 = PCURVE('',#11437,#12832);
#12832 = DEFINITIONAL_REPRESENTATION('',(#12833),#12837);
#12833 = LINE('',#12834,#12835);
#12834 = CARTESIAN_POINT('',(-14.48,0.6));
#12835 = VECTOR('',#12836,1.);
#12836 = DIRECTION('',(1.,0.));
#12837 = ( GEOMETRIC_REPRESENTATION_CONTEXT(2) 
PARAMETRIC_REPRESENTATION_CONTEXT() REPRESENTATION_CONTEXT('2D SPACE',''
  ) );
#12838 = PCURVE('',#12839,#12844);
#12839 = PLANE('',#12840);
#12840 = AXIS2_PLACEMENT_3D('',#12841,#12842,#12843);
#12841 = CARTESIAN_POINT('',(-14.33,0.55,0.1));
#12842 = DIRECTION('',(-0.,1.,0.));
#12843 = DIRECTION('',(0.,0.,1.));
#12844 = DEFINITIONAL_REPRESENTATION('',(#12845),#12849);
#12845 = LINE('',#12846,#12847);
#12846 = CARTESIAN_POINT('',(0.,0.));
#12847 = VECTOR('',#12848,1.);
#12848 = DIRECTION('',(0.,1.));
#12849 = ( GEOMETRIC_REPRESENTATION_CONTEXT(2) 
PARAMETRIC_REPRESENTATION_CONTEXT() REPRESENTATION_CONTEXT('2D SPACE',''
  ) );
#12850 = ORIENTED_EDGE('',*,*,#12851,.F.);
#12851 = EDGE_CURVE('',#12852,#12824,#12854,.T.);
#12852 = VERTEX_POINT('',#12853);
#12853 = CARTESIAN_POINT('',(-10.38,0.14,0.1));
#12854 = SURFACE_CURVE('',#12855,(#12860,#12867),.PCURVE_S1.);
#12855 = CIRCLE('',#12856,1.4);
#12856 = AXIS2_PLACEMENT_3D('',#12857,#12858,#12859);
#12857 = CARTESIAN_POINT('',(-11.78,0.14,0.1));
#12858 = DIRECTION('',(0.,0.,1.));
#12859 = DIRECTION('',(1.,0.,-0.));
#12860 = PCURVE('',#11437,#12861);
#12861 = DEFINITIONAL_REPRESENTATION('',(#12862),#12866);
#12862 = CIRCLE('',#12863,1.4);
#12863 = AXIS2_PLACEMENT_2D('',#12864,#12865);
#12864 = CARTESIAN_POINT('',(-11.93,0.19));
#12865 = DIRECTION('',(1.,0.));
#12866 = ( GEOMETRIC_REPRESENTATION_CONTEXT(2) 
PARAMETRIC_REPRESENTATION_CONTEXT() REPRESENTATION_CONTEXT('2D SPACE',''
  ) );
#12867 = PCURVE('',#12868,#12873);
#12868 = CYLINDRICAL_SURFACE('',#12869,1.4);
#12869 = AXIS2_PLACEMENT_3D('',#12870,#12871,#12872);
#12870 = CARTESIAN_POINT('',(-11.78,0.14,-5.16));
#12871 = DIRECTION('',(0.,0.,1.));
#12872 = DIRECTION('',(1.,0.,-0.));
#12873 = DEFINITIONAL_REPRESENTATION('',(#12874),#12878);
#12874 = LINE('',#12875,#12876);
#12875 = CARTESIAN_POINT('',(0.,5.26));
#12876 = VECTOR('',#12877,1.);
#12877 = DIRECTION('',(1.,0.));
#12878 = ( GEOMETRIC_REPRESENTATION_CONTEXT(2) 
PARAMETRIC_REPRESENTATION_CONTEXT() REPRESENTATION_CONTEXT('2D SPACE',''
  ) );
#12879 = ORIENTED_EDGE('',*,*,#12880,.F.);
#12880 = EDGE_CURVE('',#12881,#12852,#12883,.T.);
#12881 = VERTEX_POINT('',#12882);
#12882 = CARTESIAN_POINT('',(-10.62418859669,-0.65,0.1));
#12883 = SURFACE_CURVE('',#12884,(#12889,#12896),.PCURVE_S1.);
#12884 = CIRCLE('',#12885,1.4);
#12885 = AXIS2_PLACEMENT_3D('',#12886,#12887,#12888);
#12886 = CARTESIAN_POINT('',(-11.78,0.14,0.1));
#12887 = DIRECTION('',(0.,0.,1.));
#12888 = DIRECTION('',(1.,0.,-0.));
#12889 = PCURVE('',#11437,#12890);
#12890 = DEFINITIONAL_REPRESENTATION('',(#12891),#12895);
#12891 = CIRCLE('',#12892,1.4);
#12892 = AXIS2_PLACEMENT_2D('',#12893,#12894);
#12893 = CARTESIAN_POINT('',(-11.93,0.19));
#12894 = DIRECTION('',(1.,0.));
#12895 = ( GEOMETRIC_REPRESENTATION_CONTEXT(2) 
PARAMETRIC_REPRESENTATION_CONTEXT() REPRESENTATION_CONTEXT('2D SPACE',''
  ) );
#12896 = PCURVE('',#12868,#12897);
#12897 = DEFINITIONAL_REPRESENTATION('',(#12898),#12902);
#12898 = LINE('',#12899,#12900);
#12899 = CARTESIAN_POINT('',(0.,5.26));
#12900 = VECTOR('',#12901,1.);
#12901 = DIRECTION('',(1.,0.));
#12902 = ( GEOMETRIC_REPRESENTATION_CONTEXT(2) 
PARAMETRIC_REPRESENTATION_CONTEXT() REPRESENTATION_CONTEXT('2D SPACE',''
  ) );
#12903 = ORIENTED_EDGE('',*,*,#12904,.T.);
#12904 = EDGE_CURVE('',#12881,#12905,#12907,.T.);
#12905 = VERTEX_POINT('',#12906);
#12906 = CARTESIAN_POINT('',(-3.389505615195,-0.65,0.1));
#12907 = SURFACE_CURVE('',#12908,(#12912,#12919),.PCURVE_S1.);
#12908 = LINE('',#12909,#12910);
#12909 = CARTESIAN_POINT('',(-14.33,-0.65,0.1));
#12910 = VECTOR('',#12911,1.);
#12911 = DIRECTION('',(1.,0.,-0.));
#12912 = PCURVE('',#11437,#12913);
#12913 = DEFINITIONAL_REPRESENTATION('',(#12914),#12918);
#12914 = LINE('',#12915,#12916);
#12915 = CARTESIAN_POINT('',(-14.48,-0.6));
#12916 = VECTOR('',#12917,1.);
#12917 = DIRECTION('',(1.,0.));
#12918 = ( GEOMETRIC_REPRESENTATION_CONTEXT(2) 
PARAMETRIC_REPRESENTATION_CONTEXT() REPRESENTATION_CONTEXT('2D SPACE',''
  ) );
#12919 = PCURVE('',#12920,#12925);
#12920 = PLANE('',#12921);
#12921 = AXIS2_PLACEMENT_3D('',#12922,#12923,#12924);
#12922 = CARTESIAN_POINT('',(-14.33,-0.65,0.1));
#12923 = DIRECTION('',(-0.,1.,0.));
#12924 = DIRECTION('',(0.,0.,1.));
#12925 = DEFINITIONAL_REPRESENTATION('',(#12926),#12930);
#12926 = LINE('',#12927,#12928);
#12927 = CARTESIAN_POINT('',(0.,0.));
#12928 = VECTOR('',#12929,1.);
#12929 = DIRECTION('',(0.,1.));
#12930 = ( GEOMETRIC_REPRESENTATION_CONTEXT(2) 
PARAMETRIC_REPRESENTATION_CONTEXT() REPRESENTATION_CONTEXT('2D SPACE',''
  ) );
#12931 = ORIENTED_EDGE('',*,*,#12932,.T.);
#12932 = EDGE_CURVE('',#12905,#12933,#12935,.T.);
#12933 = VERTEX_POINT('',#12934);
#12934 = CARTESIAN_POINT('',(-0.45,-3.589505615195,0.1));
#12935 = SURFACE_CURVE('',#12936,(#12941,#12948),.PCURVE_S1.);
#12936 = CIRCLE('',#12937,3.59);
#12937 = AXIS2_PLACEMENT_3D('',#12938,#12939,#12940);
#12938 = CARTESIAN_POINT('',(0.15,-5.E-02,0.1));
#12939 = DIRECTION('',(0.,0.,1.));
#12940 = DIRECTION('',(1.,0.,-0.));
#12941 = PCURVE('',#11437,#12942);
#12942 = DEFINITIONAL_REPRESENTATION('',(#12943),#12947);
#12943 = CIRCLE('',#12944,3.59);
#12944 = AXIS2_PLACEMENT_2D('',#12945,#12946);
#12945 = CARTESIAN_POINT('',(0.,0.));
#12946 = DIRECTION('',(1.,0.));
#12947 = ( GEOMETRIC_REPRESENTATION_CONTEXT(2) 
PARAMETRIC_REPRESENTATION_CONTEXT() REPRESENTATION_CONTEXT('2D SPACE',''
  ) );
#12948 = PCURVE('',#12949,#12954);
#12949 = CYLINDRICAL_SURFACE('',#12950,3.59);
#12950 = AXIS2_PLACEMENT_3D('',#12951,#12952,#12953);
#12951 = CARTESIAN_POINT('',(0.15,-5.E-02,0.1));
#12952 = DIRECTION('',(0.,0.,1.));
#12953 = DIRECTION('',(1.,0.,-0.));
#12954 = DEFINITIONAL_REPRESENTATION('',(#12955),#12959);
#12955 = LINE('',#12956,#12957);
#12956 = CARTESIAN_POINT('',(0.,0.));
#12957 = VECTOR('',#12958,1.);
#12958 = DIRECTION('',(1.,0.));
#12959 = ( GEOMETRIC_REPRESENTATION_CONTEXT(2) 
PARAMETRIC_REPRESENTATION_CONTEXT() REPRESENTATION_CONTEXT('2D SPACE',''
  ) );
#12960 = ORIENTED_EDGE('',*,*,#12961,.F.);
#12961 = EDGE_CURVE('',#11695,#12933,#12962,.T.);
#12962 = SURFACE_CURVE('',#12963,(#12967,#12974),.PCURVE_S1.);
#12963 = LINE('',#12964,#12965);
#12964 = CARTESIAN_POINT('',(-0.45,-14.53,0.1));
#12965 = VECTOR('',#12966,1.);
#12966 = DIRECTION('',(-0.,1.,0.));
#12967 = PCURVE('',#11437,#12968);
#12968 = DEFINITIONAL_REPRESENTATION('',(#12969),#12973);
#12969 = LINE('',#12970,#12971);
#12970 = CARTESIAN_POINT('',(-0.6,-14.48));
#12971 = VECTOR('',#12972,1.);
#12972 = DIRECTION('',(0.,1.));
#12973 = ( GEOMETRIC_REPRESENTATION_CONTEXT(2) 
PARAMETRIC_REPRESENTATION_CONTEXT() REPRESENTATION_CONTEXT('2D SPACE',''
  ) );
#12974 = PCURVE('',#11723,#12975);
#12975 = DEFINITIONAL_REPRESENTATION('',(#12976),#12980);
#12976 = LINE('',#12977,#12978);
#12977 = CARTESIAN_POINT('',(0.,0.));
#12978 = VECTOR('',#12979,1.);
#12979 = DIRECTION('',(0.,-1.));
#12980 = ( GEOMETRIC_REPRESENTATION_CONTEXT(2) 
PARAMETRIC_REPRESENTATION_CONTEXT() REPRESENTATION_CONTEXT('2D SPACE',''
  ) );
#12981 = ORIENTED_EDGE('',*,*,#11744,.F.);
#12982 = ORIENTED_EDGE('',*,*,#12983,.T.);
#12983 = EDGE_CURVE('',#11745,#12984,#12986,.T.);
#12984 = VERTEX_POINT('',#12985);
#12985 = CARTESIAN_POINT('',(0.75,-3.589505615195,0.1));
#12986 = SURFACE_CURVE('',#12987,(#12991,#12998),.PCURVE_S1.);
#12987 = LINE('',#12988,#12989);
#12988 = CARTESIAN_POINT('',(0.75,-14.53,0.1));
#12989 = VECTOR('',#12990,1.);
#12990 = DIRECTION('',(-0.,1.,0.));
#12991 = PCURVE('',#11437,#12992);
#12992 = DEFINITIONAL_REPRESENTATION('',(#12993),#12997);
#12993 = LINE('',#12994,#12995);
#12994 = CARTESIAN_POINT('',(0.6,-14.48));
#12995 = VECTOR('',#12996,1.);
#12996 = DIRECTION('',(0.,1.));
#12997 = ( GEOMETRIC_REPRESENTATION_CONTEXT(2) 
PARAMETRIC_REPRESENTATION_CONTEXT() REPRESENTATION_CONTEXT('2D SPACE',''
  ) );
#12998 = PCURVE('',#11801,#12999);
#12999 = DEFINITIONAL_REPRESENTATION('',(#13000),#13004);
#13000 = LINE('',#13001,#13002);
#13001 = CARTESIAN_POINT('',(0.,0.));
#13002 = VECTOR('',#13003,1.);
#13003 = DIRECTION('',(0.,-1.));
#13004 = ( GEOMETRIC_REPRESENTATION_CONTEXT(2) 
PARAMETRIC_REPRESENTATION_CONTEXT() REPRESENTATION_CONTEXT('2D SPACE',''
  ) );
#13005 = ORIENTED_EDGE('',*,*,#13006,.T.);
#13006 = EDGE_CURVE('',#12984,#13007,#13009,.T.);
#13007 = VERTEX_POINT('',#13008);
#13008 = CARTESIAN_POINT('',(3.689505615195,-0.65,0.1));
#13009 = SURFACE_CURVE('',#13010,(#13015,#13022),.PCURVE_S1.);
#13010 = CIRCLE('',#13011,3.59);
#13011 = AXIS2_PLACEMENT_3D('',#13012,#13013,#13014);
#13012 = CARTESIAN_POINT('',(0.15,-5.E-02,0.1));
#13013 = DIRECTION('',(0.,0.,1.));
#13014 = DIRECTION('',(1.,0.,-0.));
#13015 = PCURVE('',#11437,#13016);
#13016 = DEFINITIONAL_REPRESENTATION('',(#13017),#13021);
#13017 = CIRCLE('',#13018,3.59);
#13018 = AXIS2_PLACEMENT_2D('',#13019,#13020);
#13019 = CARTESIAN_POINT('',(0.,0.));
#13020 = DIRECTION('',(1.,0.));
#13021 = ( GEOMETRIC_REPRESENTATION_CONTEXT(2) 
PARAMETRIC_REPRESENTATION_CONTEXT() REPRESENTATION_CONTEXT('2D SPACE',''
  ) );
#13022 = PCURVE('',#13023,#13028);
#13023 = CYLINDRICAL_SURFACE('',#13024,3.59);
#13024 = AXIS2_PLACEMENT_3D('',#13025,#13026,#13027);
#13025 = CARTESIAN_POINT('',(0.15,-5.E-02,0.1));
#13026 = DIRECTION('',(0.,0.,1.));
#13027 = DIRECTION('',(1.,0.,-0.));
#13028 = DEFINITIONAL_REPRESENTATION('',(#13029),#13033);
#13029 = LINE('',#13030,#13031);
#13030 = CARTESIAN_POINT('',(0.,0.));
#13031 = VECTOR('',#13032,1.);
#13032 = DIRECTION('',(1.,0.));
#13033 = ( GEOMETRIC_REPRESENTATION_CONTEXT(2) 
PARAMETRIC_REPRESENTATION_CONTEXT() REPRESENTATION_CONTEXT('2D SPACE',''
  ) );
#13034 = ORIENTED_EDGE('',*,*,#13035,.T.);
#13035 = EDGE_CURVE('',#13007,#11852,#13036,.T.);
#13036 = SURFACE_CURVE('',#13037,(#13041,#13048),.PCURVE_S1.);
#13037 = LINE('',#13038,#13039);
#13038 = CARTESIAN_POINT('',(-14.33,-0.65,0.1));
#13039 = VECTOR('',#13040,1.);
#13040 = DIRECTION('',(1.,0.,-0.));
#13041 = PCURVE('',#11437,#13042);
#13042 = DEFINITIONAL_REPRESENTATION('',(#13043),#13047);
#13043 = LINE('',#13044,#13045);
#13044 = CARTESIAN_POINT('',(-14.48,-0.6));
#13045 = VECTOR('',#13046,1.);
#13046 = DIRECTION('',(1.,0.));
#13047 = ( GEOMETRIC_REPRESENTATION_CONTEXT(2) 
PARAMETRIC_REPRESENTATION_CONTEXT() REPRESENTATION_CONTEXT('2D SPACE',''
  ) );
#13048 = PCURVE('',#11880,#13049);
#13049 = DEFINITIONAL_REPRESENTATION('',(#13050),#13054);
#13050 = LINE('',#13051,#13052);
#13051 = CARTESIAN_POINT('',(0.,0.));
#13052 = VECTOR('',#13053,1.);
#13053 = DIRECTION('',(0.,1.));
#13054 = ( GEOMETRIC_REPRESENTATION_CONTEXT(2) 
PARAMETRIC_REPRESENTATION_CONTEXT() REPRESENTATION_CONTEXT('2D SPACE',''
  ) );
#13055 = ORIENTED_EDGE('',*,*,#11901,.F.);
#13056 = ORIENTED_EDGE('',*,*,#11951,.F.);
#13057 = FACE_BOUND('',#13058,.F.);
#13058 = EDGE_LOOP('',(#13059));
#13059 = ORIENTED_EDGE('',*,*,#13060,.F.);
#13060 = EDGE_CURVE('',#13061,#13061,#13063,.T.);
#13061 = VERTEX_POINT('',#13062);
#13062 = CARTESIAN_POINT('',(2.085,9.3E-02,0.1));
#13063 = SURFACE_CURVE('',#13064,(#13069,#13076),.PCURVE_S1.);
#13064 = CIRCLE('',#13065,1.9);
#13065 = AXIS2_PLACEMENT_3D('',#13066,#13067,#13068);
#13066 = CARTESIAN_POINT('',(0.185,9.3E-02,0.1));
#13067 = DIRECTION('',(0.,0.,1.));
#13068 = DIRECTION('',(1.,0.,-0.));
#13069 = PCURVE('',#11437,#13070);
#13070 = DEFINITIONAL_REPRESENTATION('',(#13071),#13075);
#13071 = CIRCLE('',#13072,1.9);
#13072 = AXIS2_PLACEMENT_2D('',#13073,#13074);
#13073 = CARTESIAN_POINT('',(3.5E-02,0.143));
#13074 = DIRECTION('',(1.,0.));
#13075 = ( GEOMETRIC_REPRESENTATION_CONTEXT(2) 
PARAMETRIC_REPRESENTATION_CONTEXT() REPRESENTATION_CONTEXT('2D SPACE',''
  ) );
#13076 = PCURVE('',#13077,#13082);
#13077 = CYLINDRICAL_SURFACE('',#13078,1.9);
#13078 = AXIS2_PLACEMENT_3D('',#13079,#13080,#13081);
#13079 = CARTESIAN_POINT('',(0.185,9.3E-02,-6.63));
#13080 = DIRECTION('',(0.,0.,1.));
#13081 = DIRECTION('',(1.,0.,-0.));
#13082 = DEFINITIONAL_REPRESENTATION('',(#13083),#13087);
#13083 = LINE('',#13084,#13085);
#13084 = CARTESIAN_POINT('',(0.,6.73));
#13085 = VECTOR('',#13086,1.);
#13086 = DIRECTION('',(1.,0.));
#13087 = ( GEOMETRIC_REPRESENTATION_CONTEXT(2) 
PARAMETRIC_REPRESENTATION_CONTEXT() REPRESENTATION_CONTEXT('2D SPACE',''
  ) );
#13088 = ADVANCED_FACE('',(#13089),#11320,.T.);
#13089 = FACE_BOUND('',#13090,.T.);
#13090 = EDGE_LOOP('',(#13091,#13092,#13114,#13142,#13215,#13235));
#13091 = ORIENTED_EDGE('',*,*,#12697,.F.);
#13092 = ORIENTED_EDGE('',*,*,#13093,.T.);
#13093 = EDGE_CURVE('',#12698,#13094,#13096,.T.);
#13094 = VERTEX_POINT('',#13095);
#13095 = CARTESIAN_POINT('',(3.689505615195,0.55,2.));
#13096 = SURFACE_CURVE('',#13097,(#13101,#13108),.PCURVE_S1.);
#13097 = LINE('',#13098,#13099);
#13098 = CARTESIAN_POINT('',(3.689505615195,0.55,0.1));
#13099 = VECTOR('',#13100,1.);
#13100 = DIRECTION('',(0.,0.,1.));
#13101 = PCURVE('',#11320,#13102);
#13102 = DEFINITIONAL_REPRESENTATION('',(#13103),#13107);
#13103 = LINE('',#13104,#13105);
#13104 = CARTESIAN_POINT('',(0.,18.019505615195));
#13105 = VECTOR('',#13106,1.);
#13106 = DIRECTION('',(1.,0.));
#13107 = ( GEOMETRIC_REPRESENTATION_CONTEXT(2) 
PARAMETRIC_REPRESENTATION_CONTEXT() REPRESENTATION_CONTEXT('2D SPACE',''
  ) );
#13108 = PCURVE('',#12737,#13109);
#13109 = DEFINITIONAL_REPRESENTATION('',(#13110),#13113);
#13110 = B_SPLINE_CURVE_WITH_KNOTS('',1,(#13111,#13112),.UNSPECIFIED.,
  .F.,.F.,(2,2),(-2.4E-06,2.1000024),.PIECEWISE_BEZIER_KNOTS.);
#13111 = CARTESIAN_POINT('',(0.167918936,-2.4E-06));
#13112 = CARTESIAN_POINT('',(0.167918936,2.1000024));
#13113 = ( GEOMETRIC_REPRESENTATION_CONTEXT(2) 
PARAMETRIC_REPRESENTATION_CONTEXT() REPRESENTATION_CONTEXT('2D SPACE',''
  ) );
#13114 = ORIENTED_EDGE('',*,*,#13115,.T.);
#13115 = EDGE_CURVE('',#13094,#13116,#13118,.T.);
#13116 = VERTEX_POINT('',#13117);
#13117 = CARTESIAN_POINT('',(13.468774999977,0.55,2.));
#13118 = SURFACE_CURVE('',#13119,(#13123,#13130),.PCURVE_S1.);
#13119 = LINE('',#13120,#13121);
#13120 = CARTESIAN_POINT('',(-7.165,0.55,2.));
#13121 = VECTOR('',#13122,1.);
#13122 = DIRECTION('',(1.,0.,-0.));
#13123 = PCURVE('',#11320,#13124);
#13124 = DEFINITIONAL_REPRESENTATION('',(#13125),#13129);
#13125 = LINE('',#13126,#13127);
#13126 = CARTESIAN_POINT('',(1.9,7.165));
#13127 = VECTOR('',#13128,1.);
#13128 = DIRECTION('',(0.,1.));
#13129 = ( GEOMETRIC_REPRESENTATION_CONTEXT(2) 
PARAMETRIC_REPRESENTATION_CONTEXT() REPRESENTATION_CONTEXT('2D SPACE',''
  ) );
#13130 = PCURVE('',#13131,#13136);
#13131 = PLANE('',#13132);
#13132 = AXIS2_PLACEMENT_3D('',#13133,#13134,#13135);
#13133 = CARTESIAN_POINT('',(0.,0.,2.));
#13134 = DIRECTION('',(0.,0.,1.));
#13135 = DIRECTION('',(1.,0.,-0.));
#13136 = DEFINITIONAL_REPRESENTATION('',(#13137),#13141);
#13137 = LINE('',#13138,#13139);
#13138 = CARTESIAN_POINT('',(-7.165,0.55));
#13139 = VECTOR('',#13140,1.);
#13140 = DIRECTION('',(1.,0.));
#13141 = ( GEOMETRIC_REPRESENTATION_CONTEXT(2) 
PARAMETRIC_REPRESENTATION_CONTEXT() REPRESENTATION_CONTEXT('2D SPACE',''
  ) );
#13142 = ORIENTED_EDGE('',*,*,#13143,.F.);
#13143 = EDGE_CURVE('',#13144,#13116,#13146,.T.);
#13144 = VERTEX_POINT('',#13145);
#13145 = CARTESIAN_POINT('',(13.969176783189,0.55,1.5));
#13146 = SURFACE_CURVE('',#13147,(#13166,#13188),.PCURVE_S1.);
#13147 = B_SPLINE_CURVE_WITH_KNOTS('',5,(#13148,#13149,#13150,#13151,
    #13152,#13153,#13154,#13155,#13156,#13157,#13158,#13159,#13160,
    #13161,#13162,#13163,#13164,#13165),.UNSPECIFIED.,.F.,.F.,(6,4,4,4,6
    ),(0.,0.262614661143,0.52260735373,0.761615498109,1.),
  .UNSPECIFIED.);
#13148 = CARTESIAN_POINT('',(13.969176783189,0.55,1.5));
#13149 = CARTESIAN_POINT('',(13.969176783189,0.55,1.541254629809));
#13150 = CARTESIAN_POINT('',(13.964918609794,0.55,1.582510012584));
#13151 = CARTESIAN_POINT('',(13.956402054186,0.55,1.623178644327));
#13152 = CARTESIAN_POINT('',(13.943749170297,0.55,1.662678220436));
#13153 = CARTESIAN_POINT('',(13.910808095505,0.55,1.73788602267));
#13154 = CARTESIAN_POINT('',(13.890596815365,0.55,1.773629494458));
#13155 = CARTESIAN_POINT('',(13.866790815767,0.55,1.807179078405));
#13156 = CARTESIAN_POINT('',(13.83972424347,0.55,1.838064320006));
#13157 = CARTESIAN_POINT('',(13.782319039056,0.55,1.891483824426));
#13158 = CARTESIAN_POINT('',(13.752420045258,0.55,1.914491642311));
#13159 = CARTESIAN_POINT('',(13.720441607611,0.55,1.934619368083));
#13160 = CARTESIAN_POINT('',(13.686762237963,0.55,1.951629012411));
#13161 = CARTESIAN_POINT('',(13.616916735876,0.55,1.979053401311));
#13162 = CARTESIAN_POINT('',(13.580756464851,0.55,1.989485574356));
#13163 = CARTESIAN_POINT('',(13.543721671909,0.55,1.996495234728));
#13164 = CARTESIAN_POINT('',(13.506248193911,0.55,2.));
#13165 = CARTESIAN_POINT('',(13.468774999977,0.55,2.));
#13166 = PCURVE('',#11320,#13167);
#13167 = DEFINITIONAL_REPRESENTATION('',(#13168),#13187);
#13168 = B_SPLINE_CURVE_WITH_KNOTS('',5,(#13169,#13170,#13171,#13172,
    #13173,#13174,#13175,#13176,#13177,#13178,#13179,#13180,#13181,
    #13182,#13183,#13184,#13185,#13186),.UNSPECIFIED.,.F.,.F.,(6,4,4,4,6
    ),(0.,0.262614661143,0.52260735373,0.761615498109,1.),
  .UNSPECIFIED.);
#13169 = CARTESIAN_POINT('',(1.4,28.299176783189));
#13170 = CARTESIAN_POINT('',(1.441254629809,28.299176783189));
#13171 = CARTESIAN_POINT('',(1.482510012584,28.294918609794));
#13172 = CARTESIAN_POINT('',(1.523178644327,28.286402054186));
#13173 = CARTESIAN_POINT('',(1.562678220436,28.273749170297));
#13174 = CARTESIAN_POINT('',(1.63788602267,28.240808095505));
#13175 = CARTESIAN_POINT('',(1.673629494458,28.220596815365));
#13176 = CARTESIAN_POINT('',(1.707179078405,28.196790815767));
#13177 = CARTESIAN_POINT('',(1.738064320006,28.16972424347));
#13178 = CARTESIAN_POINT('',(1.791483824426,28.112319039056));
#13179 = CARTESIAN_POINT('',(1.814491642311,28.082420045258));
#13180 = CARTESIAN_POINT('',(1.834619368083,28.050441607611));
#13181 = CARTESIAN_POINT('',(1.851629012411,28.016762237963));
#13182 = CARTESIAN_POINT('',(1.879053401311,27.946916735876));
#13183 = CARTESIAN_POINT('',(1.889485574356,27.910756464851));
#13184 = CARTESIAN_POINT('',(1.896495234728,27.873721671909));
#13185 = CARTESIAN_POINT('',(1.9,27.836248193911));
#13186 = CARTESIAN_POINT('',(1.9,27.798774999977));
#13187 = ( GEOMETRIC_REPRESENTATION_CONTEXT(2) 
PARAMETRIC_REPRESENTATION_CONTEXT() REPRESENTATION_CONTEXT('2D SPACE',''
  ) );
#13188 = PCURVE('',#13189,#13194);
#13189 = TOROIDAL_SURFACE('',#13190,13.48,0.5);
#13190 = AXIS2_PLACEMENT_3D('',#13191,#13192,#13193);
#13191 = CARTESIAN_POINT('',(0.,0.,1.5));
#13192 = DIRECTION('',(0.,-0.,1.));
#13193 = DIRECTION('',(1.,0.,0.));
#13194 = DEFINITIONAL_REPRESENTATION('',(#13195),#13214);
#13195 = B_SPLINE_CURVE_WITH_KNOTS('',5,(#13196,#13197,#13198,#13199,
    #13200,#13201,#13202,#13203,#13204,#13205,#13206,#13207,#13208,
    #13209,#13210,#13211,#13212,#13213),.UNSPECIFIED.,.F.,.F.,(6,4,4,4,6
    ),(0.,0.262614661143,0.52260735373,0.761615498109,1.),
  .UNSPECIFIED.);
#13196 = CARTESIAN_POINT('',(3.935207291378E-02,0.));
#13197 = CARTESIAN_POINT('',(3.935207291378E-02,8.250925961787E-02));
#13198 = CARTESIAN_POINT('',(3.936405628172E-02,0.165020018393));
#13199 = CARTESIAN_POINT('',(3.938802232657E-02,0.247527564437));
#13200 = CARTESIAN_POINT('',(3.942370495324E-02,0.330037231472));
#13201 = CARTESIAN_POINT('',(3.951696514524E-02,0.49422783139));
#13202 = CARTESIAN_POINT('',(3.957432211006E-02,0.57591170419));
#13203 = CARTESIAN_POINT('',(3.964211985169E-02,0.657591662643));
#13204 = CARTESIAN_POINT('',(3.971958908697E-02,0.739272952552));
#13205 = CARTESIAN_POINT('',(3.988488036649E-02,0.896037517776));
#13206 = CARTESIAN_POINT('',(3.997136429049E-02,0.971123353216));
#13207 = CARTESIAN_POINT('',(4.00643707808E-02,1.046206278002));
#13208 = CARTESIAN_POINT('',(4.016294210794E-02,1.121289917432));
#13209 = CARTESIAN_POINT('',(4.036872883313E-02,1.271257726857));
#13210 = CARTESIAN_POINT('',(4.047592345535E-02,1.346143739659));
#13211 = CARTESIAN_POINT('',(4.058645530884E-02,1.421027370435));
#13212 = CARTESIAN_POINT('',(4.069909232336E-02,1.495912347918));
#13213 = CARTESIAN_POINT('',(4.081251597255E-02,1.570796326795));
#13214 = ( GEOMETRIC_REPRESENTATION_CONTEXT(2) 
PARAMETRIC_REPRESENTATION_CONTEXT() REPRESENTATION_CONTEXT('2D SPACE',''
  ) );
#13215 = ORIENTED_EDGE('',*,*,#13216,.T.);
#13216 = EDGE_CURVE('',#13144,#11292,#13217,.T.);
#13217 = SURFACE_CURVE('',#13218,(#13222,#13229),.PCURVE_S1.);
#13218 = LINE('',#13219,#13220);
#13219 = CARTESIAN_POINT('',(13.969176783189,0.55,2.));
#13220 = VECTOR('',#13221,1.);
#13221 = DIRECTION('',(-0.,-0.,-1.));
#13222 = PCURVE('',#11320,#13223);
#13223 = DEFINITIONAL_REPRESENTATION('',(#13224),#13228);
#13224 = LINE('',#13225,#13226);
#13225 = CARTESIAN_POINT('',(1.9,28.299176783189));
#13226 = VECTOR('',#13227,1.);
#13227 = DIRECTION('',(-1.,0.));
#13228 = ( GEOMETRIC_REPRESENTATION_CONTEXT(2) 
PARAMETRIC_REPRESENTATION_CONTEXT() REPRESENTATION_CONTEXT('2D SPACE',''
  ) );
#13229 = PCURVE('',#11358,#13230);
#13230 = DEFINITIONAL_REPRESENTATION('',(#13231),#13234);
#13231 = B_SPLINE_CURVE_WITH_KNOTS('',1,(#13232,#13233),.UNSPECIFIED.,
  .F.,.F.,(2,2),(0.4999994,1.7000006),.PIECEWISE_BEZIER_KNOTS.);
#13232 = CARTESIAN_POINT('',(6.243833234266,0.4999994));
#13233 = CARTESIAN_POINT('',(6.243833234266,1.7000006));
#13234 = ( GEOMETRIC_REPRESENTATION_CONTEXT(2) 
PARAMETRIC_REPRESENTATION_CONTEXT() REPRESENTATION_CONTEXT('2D SPACE',''
  ) );
#13235 = ORIENTED_EDGE('',*,*,#11289,.F.);
#13236 = ADVANCED_FACE('',(#13237),#11358,.F.);
#13237 = FACE_BOUND('',#13238,.F.);
#13238 = EDGE_LOOP('',(#13239,#13240,#13262,#13284));
#13239 = ORIENTED_EDGE('',*,*,#11341,.T.);
#13240 = ORIENTED_EDGE('',*,*,#13241,.F.);
#13241 = EDGE_CURVE('',#13242,#11342,#13244,.T.);
#13242 = VERTEX_POINT('',#13243);
#13243 = CARTESIAN_POINT('',(0.75,13.959867477881,1.5));
#13244 = SURFACE_CURVE('',#13245,(#13249,#13255),.PCURVE_S1.);
#13245 = LINE('',#13246,#13247);
#13246 = CARTESIAN_POINT('',(0.75,13.959867477881,2.));
#13247 = VECTOR('',#13248,1.);
#13248 = DIRECTION('',(-0.,-0.,-1.));
#13249 = PCURVE('',#11358,#13250);
#13250 = DEFINITIONAL_REPRESENTATION('',(#13251),#13254);
#13251 = B_SPLINE_CURVE_WITH_KNOTS('',1,(#13252,#13253),.UNSPECIFIED.,
  .F.,.F.,(2,2),(0.4999994,1.7000006),.PIECEWISE_BEZIER_KNOTS.);
#13252 = CARTESIAN_POINT('',(4.766062816663,0.4999994));
#13253 = CARTESIAN_POINT('',(4.766062816663,1.7000006));
#13254 = ( GEOMETRIC_REPRESENTATION_CONTEXT(2) 
PARAMETRIC_REPRESENTATION_CONTEXT() REPRESENTATION_CONTEXT('2D SPACE',''
  ) );
#13255 = PCURVE('',#11399,#13256);
#13256 = DEFINITIONAL_REPRESENTATION('',(#13257),#13261);
#13257 = LINE('',#13258,#13259);
#13258 = CARTESIAN_POINT('',(1.9,-28.48986747788));
#13259 = VECTOR('',#13260,1.);
#13260 = DIRECTION('',(-1.,0.));
#13261 = ( GEOMETRIC_REPRESENTATION_CONTEXT(2) 
PARAMETRIC_REPRESENTATION_CONTEXT() REPRESENTATION_CONTEXT('2D SPACE',''
  ) );
#13262 = ORIENTED_EDGE('',*,*,#13263,.F.);
#13263 = EDGE_CURVE('',#13144,#13242,#13264,.T.);
#13264 = SURFACE_CURVE('',#13265,(#13270,#13277),.PCURVE_S1.);
#13265 = CIRCLE('',#13266,13.98);
#13266 = AXIS2_PLACEMENT_3D('',#13267,#13268,#13269);
#13267 = CARTESIAN_POINT('',(0.,0.,1.5));
#13268 = DIRECTION('',(0.,-0.,1.));
#13269 = DIRECTION('',(1.,0.,0.));
#13270 = PCURVE('',#11358,#13271);
#13271 = DEFINITIONAL_REPRESENTATION('',(#13272),#13276);
#13272 = LINE('',#13273,#13274);
#13273 = CARTESIAN_POINT('',(6.28318530718,0.5));
#13274 = VECTOR('',#13275,1.);
#13275 = DIRECTION('',(-1.,0.));
#13276 = ( GEOMETRIC_REPRESENTATION_CONTEXT(2) 
PARAMETRIC_REPRESENTATION_CONTEXT() REPRESENTATION_CONTEXT('2D SPACE',''
  ) );
#13277 = PCURVE('',#13189,#13278);
#13278 = DEFINITIONAL_REPRESENTATION('',(#13279),#13283);
#13279 = LINE('',#13280,#13281);
#13280 = CARTESIAN_POINT('',(0.,0.));
#13281 = VECTOR('',#13282,1.);
#13282 = DIRECTION('',(1.,0.));
#13283 = ( GEOMETRIC_REPRESENTATION_CONTEXT(2) 
PARAMETRIC_REPRESENTATION_CONTEXT() REPRESENTATION_CONTEXT('2D SPACE',''
  ) );
#13284 = ORIENTED_EDGE('',*,*,#13216,.T.);
#13285 = ADVANCED_FACE('',(#13286),#11399,.T.);
#13286 = FACE_BOUND('',#13287,.T.);
#13287 = EDGE_LOOP('',(#13288,#13313,#13333,#13334,#13335,#13336));
#13288 = ORIENTED_EDGE('',*,*,#13289,.T.);
#13289 = EDGE_CURVE('',#13290,#13292,#13294,.T.);
#13290 = VERTEX_POINT('',#13291);
#13291 = CARTESIAN_POINT('',(0.75,13.459119584876,2.));
#13292 = VERTEX_POINT('',#13293);
#13293 = CARTESIAN_POINT('',(0.75,3.489505615195,2.));
#13294 = SURFACE_CURVE('',#13295,(#13299,#13306),.PCURVE_S1.);
#13295 = LINE('',#13296,#13297);
#13296 = CARTESIAN_POINT('',(0.75,-7.265,2.));
#13297 = VECTOR('',#13298,1.);
#13298 = DIRECTION('',(0.,-1.,0.));
#13299 = PCURVE('',#11399,#13300);
#13300 = DEFINITIONAL_REPRESENTATION('',(#13301),#13305);
#13301 = LINE('',#13302,#13303);
#13302 = CARTESIAN_POINT('',(1.9,-7.265));
#13303 = VECTOR('',#13304,1.);
#13304 = DIRECTION('',(0.,1.));
#13305 = ( GEOMETRIC_REPRESENTATION_CONTEXT(2) 
PARAMETRIC_REPRESENTATION_CONTEXT() REPRESENTATION_CONTEXT('2D SPACE',''
  ) );
#13306 = PCURVE('',#13131,#13307);
#13307 = DEFINITIONAL_REPRESENTATION('',(#13308),#13312);
#13308 = LINE('',#13309,#13310);
#13309 = CARTESIAN_POINT('',(0.75,-7.265));
#13310 = VECTOR('',#13311,1.);
#13311 = DIRECTION('',(0.,-1.));
#13312 = ( GEOMETRIC_REPRESENTATION_CONTEXT(2) 
PARAMETRIC_REPRESENTATION_CONTEXT() REPRESENTATION_CONTEXT('2D SPACE',''
  ) );
#13313 = ORIENTED_EDGE('',*,*,#13314,.F.);
#13314 = EDGE_CURVE('',#12721,#13292,#13315,.T.);
#13315 = SURFACE_CURVE('',#13316,(#13320,#13327),.PCURVE_S1.);
#13316 = LINE('',#13317,#13318);
#13317 = CARTESIAN_POINT('',(0.75,3.489505615195,0.1));
#13318 = VECTOR('',#13319,1.);
#13319 = DIRECTION('',(0.,0.,1.));
#13320 = PCURVE('',#11399,#13321);
#13321 = DEFINITIONAL_REPRESENTATION('',(#13322),#13326);
#13322 = LINE('',#13323,#13324);
#13323 = CARTESIAN_POINT('',(0.,-18.01950561519));
#13324 = VECTOR('',#13325,1.);
#13325 = DIRECTION('',(1.,0.));
#13326 = ( GEOMETRIC_REPRESENTATION_CONTEXT(2) 
PARAMETRIC_REPRESENTATION_CONTEXT() REPRESENTATION_CONTEXT('2D SPACE',''
  ) );
#13327 = PCURVE('',#12737,#13328);
#13328 = DEFINITIONAL_REPRESENTATION('',(#13329),#13332);
#13329 = B_SPLINE_CURVE_WITH_KNOTS('',1,(#13330,#13331),.UNSPECIFIED.,
  .F.,.F.,(2,2),(-2.4E-06,2.1000024),.PIECEWISE_BEZIER_KNOTS.);
#13330 = CARTESIAN_POINT('',(1.402877390795,-2.4E-06));
#13331 = CARTESIAN_POINT('',(1.402877390795,2.1000024));
#13332 = ( GEOMETRIC_REPRESENTATION_CONTEXT(2) 
PARAMETRIC_REPRESENTATION_CONTEXT() REPRESENTATION_CONTEXT('2D SPACE',''
  ) );
#13333 = ORIENTED_EDGE('',*,*,#12749,.T.);
#13334 = ORIENTED_EDGE('',*,*,#11370,.T.);
#13335 = ORIENTED_EDGE('',*,*,#13241,.F.);
#13336 = ORIENTED_EDGE('',*,*,#13337,.T.);
#13337 = EDGE_CURVE('',#13242,#13290,#13338,.T.);
#13338 = SURFACE_CURVE('',#13339,(#13358,#13380),.PCURVE_S1.);
#13339 = B_SPLINE_CURVE_WITH_KNOTS('',5,(#13340,#13341,#13342,#13343,
    #13344,#13345,#13346,#13347,#13348,#13349,#13350,#13351,#13352,
    #13353,#13354,#13355,#13356,#13357),.UNSPECIFIED.,.F.,.F.,(6,4,4,4,6
    ),(0.,0.262598198618,0.52158470828,0.760599641821,1.),
  .UNSPECIFIED.);
#13340 = CARTESIAN_POINT('',(0.75,13.959867477881,1.5));
#13341 = CARTESIAN_POINT('',(0.75,13.959867477881,1.541254933701));
#13342 = CARTESIAN_POINT('',(0.75,13.955606402153,1.582510625506));
#13343 = CARTESIAN_POINT('',(0.75,13.947084039342,1.623179384704));
#13344 = CARTESIAN_POINT('',(0.75,13.934422652651,1.662678763152));
#13345 = CARTESIAN_POINT('',(0.75,13.901522390794,1.737743025301));
#13346 = CARTESIAN_POINT('',(0.75,13.88138955128,1.77335586988));
#13347 = CARTESIAN_POINT('',(0.75,13.857686458843,1.806793136426));
#13348 = CARTESIAN_POINT('',(0.75,13.830743446462,1.837589671551));
#13349 = CARTESIAN_POINT('',(0.75,13.773498240875,1.890991877703));
#13350 = CARTESIAN_POINT('',(0.75,13.743614533297,1.914046773787));
#13351 = CARTESIAN_POINT('',(0.75,13.71164570345,1.934224488981));
#13352 = CARTESIAN_POINT('',(0.75,13.677970181689,1.951286639889));
#13353 = CARTESIAN_POINT('',(0.75,13.607973119095,1.978878181678));
#13354 = CARTESIAN_POINT('',(0.75,13.571646533155,1.989397334641));
#13355 = CARTESIAN_POINT('',(0.75,13.53443387533,1.996465826739));
#13356 = CARTESIAN_POINT('',(0.75,13.496776660547,2.));
#13357 = CARTESIAN_POINT('',(0.75,13.459119584876,2.));
#13358 = PCURVE('',#11399,#13359);
#13359 = DEFINITIONAL_REPRESENTATION('',(#13360),#13379);
#13360 = B_SPLINE_CURVE_WITH_KNOTS('',5,(#13361,#13362,#13363,#13364,
    #13365,#13366,#13367,#13368,#13369,#13370,#13371,#13372,#13373,
    #13374,#13375,#13376,#13377,#13378),.UNSPECIFIED.,.F.,.F.,(6,4,4,4,6
    ),(0.,0.262598198618,0.52158470828,0.760599641821,1.),
  .UNSPECIFIED.);
#13361 = CARTESIAN_POINT('',(1.4,-28.48986747788));
#13362 = CARTESIAN_POINT('',(1.441254933701,-28.48986747788));
#13363 = CARTESIAN_POINT('',(1.482510625506,-28.48560640215));
#13364 = CARTESIAN_POINT('',(1.523179384704,-28.47708403934));
#13365 = CARTESIAN_POINT('',(1.562678763152,-28.46442265265));
#13366 = CARTESIAN_POINT('',(1.637743025301,-28.43152239079));
#13367 = CARTESIAN_POINT('',(1.67335586988,-28.41138955128));
#13368 = CARTESIAN_POINT('',(1.706793136426,-28.38768645884));
#13369 = CARTESIAN_POINT('',(1.737589671551,-28.36074344646));
#13370 = CARTESIAN_POINT('',(1.790991877703,-28.30349824087));
#13371 = CARTESIAN_POINT('',(1.814046773787,-28.27361453329));
#13372 = CARTESIAN_POINT('',(1.834224488981,-28.24164570345));
#13373 = CARTESIAN_POINT('',(1.851286639889,-28.20797018168));
#13374 = CARTESIAN_POINT('',(1.878878181678,-28.13797311909));
#13375 = CARTESIAN_POINT('',(1.889397334641,-28.10164653315));
#13376 = CARTESIAN_POINT('',(1.896465826739,-28.06443387533));
#13377 = CARTESIAN_POINT('',(1.9,-28.02677666054));
#13378 = CARTESIAN_POINT('',(1.9,-27.98911958487));
#13379 = ( GEOMETRIC_REPRESENTATION_CONTEXT(2) 
PARAMETRIC_REPRESENTATION_CONTEXT() REPRESENTATION_CONTEXT('2D SPACE',''
  ) );
#13380 = PCURVE('',#13189,#13381);
#13381 = DEFINITIONAL_REPRESENTATION('',(#13382),#13401);
#13382 = B_SPLINE_CURVE_WITH_KNOTS('',5,(#13383,#13384,#13385,#13386,
    #13387,#13388,#13389,#13390,#13391,#13392,#13393,#13394,#13395,
    #13396,#13397,#13398,#13399,#13400),.UNSPECIFIED.,.F.,.F.,(6,4,4,4,6
    ),(0.,0.262598198618,0.52158470828,0.760599641821,1.),
  .UNSPECIFIED.);
#13383 = CARTESIAN_POINT('',(1.517122490517,0.));
#13384 = CARTESIAN_POINT('',(1.517122490517,8.250986740226E-02));
#13385 = CARTESIAN_POINT('',(1.517106138423,0.165021243617));
#13386 = CARTESIAN_POINT('',(1.51707343517,0.247529073191));
#13387 = CARTESIAN_POINT('',(1.517024744338,0.33003841631));
#13388 = CARTESIAN_POINT('',(1.516897728912,0.493915645378));
#13389 = CARTESIAN_POINT('',(1.516819818996,0.575286488914));
#13390 = CARTESIAN_POINT('',(1.516727769274,0.656652430599));
#13391 = CARTESIAN_POINT('',(1.516622616944,0.738018505777));
#13392 = CARTESIAN_POINT('',(1.516397866647,0.894468622771));
#13393 = CARTESIAN_POINT('',(1.51628000504,0.969555363392));
#13394 = CARTESIAN_POINT('',(1.516153228538,1.044638202484));
#13395 = CARTESIAN_POINT('',(1.516018842353,1.119720849733));
#13396 = CARTESIAN_POINT('',(1.515737645247,1.270002182195));
#13397 = CARTESIAN_POINT('',(1.515590811265,1.345202712642));
#13398 = CARTESIAN_POINT('',(1.51543937127,1.420400256527));
#13399 = CARTESIAN_POINT('',(1.515285026762,1.495598836487));
#13400 = CARTESIAN_POINT('',(1.515129599187,1.570796326795));
#13401 = ( GEOMETRIC_REPRESENTATION_CONTEXT(2) 
PARAMETRIC_REPRESENTATION_CONTEXT() REPRESENTATION_CONTEXT('2D SPACE',''
  ) );
#13402 = ADVANCED_FACE('',(#13403),#11482,.F.);
#13403 = FACE_BOUND('',#13404,.F.);
#13404 = EDGE_LOOP('',(#13405,#13435,#13455,#13456,#13457,#13479));
#13405 = ORIENTED_EDGE('',*,*,#13406,.T.);
#13406 = EDGE_CURVE('',#13407,#13409,#13411,.T.);
#13407 = VERTEX_POINT('',#13408);
#13408 = CARTESIAN_POINT('',(-0.45,13.472486778617,2.));
#13409 = VERTEX_POINT('',#13410);
#13410 = CARTESIAN_POINT('',(-0.45,3.489505615195,2.));
#13411 = SURFACE_CURVE('',#13412,(#13416,#13423),.PCURVE_S1.);
#13412 = LINE('',#13413,#13414);
#13413 = CARTESIAN_POINT('',(-0.45,-7.265,2.));
#13414 = VECTOR('',#13415,1.);
#13415 = DIRECTION('',(0.,-1.,0.));
#13416 = PCURVE('',#11482,#13417);
#13417 = DEFINITIONAL_REPRESENTATION('',(#13418),#13422);
#13418 = LINE('',#13419,#13420);
#13419 = CARTESIAN_POINT('',(1.9,-7.265));
#13420 = VECTOR('',#13421,1.);
#13421 = DIRECTION('',(0.,1.));
#13422 = ( GEOMETRIC_REPRESENTATION_CONTEXT(2) 
PARAMETRIC_REPRESENTATION_CONTEXT() REPRESENTATION_CONTEXT('2D SPACE',''
  ) );
#13423 = PCURVE('',#13424,#13429);
#13424 = PLANE('',#13425);
#13425 = AXIS2_PLACEMENT_3D('',#13426,#13427,#13428);
#13426 = CARTESIAN_POINT('',(0.,0.,2.));
#13427 = DIRECTION('',(0.,0.,1.));
#13428 = DIRECTION('',(1.,0.,-0.));
#13429 = DEFINITIONAL_REPRESENTATION('',(#13430),#13434);
#13430 = LINE('',#13431,#13432);
#13431 = CARTESIAN_POINT('',(-0.45,-7.265));
#13432 = VECTOR('',#13433,1.);
#13433 = DIRECTION('',(0.,-1.));
#13434 = ( GEOMETRIC_REPRESENTATION_CONTEXT(2) 
PARAMETRIC_REPRESENTATION_CONTEXT() REPRESENTATION_CONTEXT('2D SPACE',''
  ) );
#13435 = ORIENTED_EDGE('',*,*,#13436,.F.);
#13436 = EDGE_CURVE('',#12772,#13409,#13437,.T.);
#13437 = SURFACE_CURVE('',#13438,(#13442,#13449),.PCURVE_S1.);
#13438 = LINE('',#13439,#13440);
#13439 = CARTESIAN_POINT('',(-0.45,3.489505615195,0.1));
#13440 = VECTOR('',#13441,1.);
#13441 = DIRECTION('',(0.,0.,1.));
#13442 = PCURVE('',#11482,#13443);
#13443 = DEFINITIONAL_REPRESENTATION('',(#13444),#13448);
#13444 = LINE('',#13445,#13446);
#13445 = CARTESIAN_POINT('',(0.,-18.01950561519));
#13446 = VECTOR('',#13447,1.);
#13447 = DIRECTION('',(1.,0.));
#13448 = ( GEOMETRIC_REPRESENTATION_CONTEXT(2) 
PARAMETRIC_REPRESENTATION_CONTEXT() REPRESENTATION_CONTEXT('2D SPACE',''
  ) );
#13449 = PCURVE('',#12811,#13450);
#13450 = DEFINITIONAL_REPRESENTATION('',(#13451),#13454);
#13451 = B_SPLINE_CURVE_WITH_KNOTS('',1,(#13452,#13453),.UNSPECIFIED.,
  .F.,.F.,(2,2),(-2.4E-06,2.1000024),.PIECEWISE_BEZIER_KNOTS.);
#13452 = CARTESIAN_POINT('',(1.738715262794,-2.4E-06));
#13453 = CARTESIAN_POINT('',(1.738715262794,2.1000024));
#13454 = ( GEOMETRIC_REPRESENTATION_CONTEXT(2) 
PARAMETRIC_REPRESENTATION_CONTEXT() REPRESENTATION_CONTEXT('2D SPACE',''
  ) );
#13455 = ORIENTED_EDGE('',*,*,#12771,.T.);
#13456 = ORIENTED_EDGE('',*,*,#11453,.T.);
#13457 = ORIENTED_EDGE('',*,*,#13458,.F.);
#13458 = EDGE_CURVE('',#13459,#11454,#13461,.T.);
#13459 = VERTEX_POINT('',#13460);
#13460 = CARTESIAN_POINT('',(-0.45,13.972755633732,1.5));
#13461 = SURFACE_CURVE('',#13462,(#13466,#13473),.PCURVE_S1.);
#13462 = LINE('',#13463,#13464);
#13463 = CARTESIAN_POINT('',(-0.45,13.972755633732,2.));
#13464 = VECTOR('',#13465,1.);
#13465 = DIRECTION('',(-0.,-0.,-1.));
#13466 = PCURVE('',#11482,#13467);
#13467 = DEFINITIONAL_REPRESENTATION('',(#13468),#13472);
#13468 = LINE('',#13469,#13470);
#13469 = CARTESIAN_POINT('',(1.9,-28.50275563373));
#13470 = VECTOR('',#13471,1.);
#13471 = DIRECTION('',(-1.,0.));
#13472 = ( GEOMETRIC_REPRESENTATION_CONTEXT(2) 
PARAMETRIC_REPRESENTATION_CONTEXT() REPRESENTATION_CONTEXT('2D SPACE',''
  ) );
#13473 = PCURVE('',#11520,#13474);
#13474 = DEFINITIONAL_REPRESENTATION('',(#13475),#13478);
#13475 = B_SPLINE_CURVE_WITH_KNOTS('',1,(#13476,#13477),.UNSPECIFIED.,
  .F.,.F.,(2,2),(0.4999994,1.7000006),.PIECEWISE_BEZIER_KNOTS.);
#13476 = CARTESIAN_POINT('',(4.680194577998,0.4999994));
#13477 = CARTESIAN_POINT('',(4.680194577998,1.7000006));
#13478 = ( GEOMETRIC_REPRESENTATION_CONTEXT(2) 
PARAMETRIC_REPRESENTATION_CONTEXT() REPRESENTATION_CONTEXT('2D SPACE',''
  ) );
#13479 = ORIENTED_EDGE('',*,*,#13480,.T.);
#13480 = EDGE_CURVE('',#13459,#13407,#13481,.T.);
#13481 = SURFACE_CURVE('',#13482,(#13501,#13523),.PCURVE_S1.);
#13482 = B_SPLINE_CURVE_WITH_KNOTS('',5,(#13483,#13484,#13485,#13486,
    #13487,#13488,#13489,#13490,#13491,#13492,#13493,#13494,#13495,
    #13496,#13497,#13498,#13499,#13500),.UNSPECIFIED.,.F.,.F.,(6,4,4,4,6
    ),(0.,0.262620981282,0.522616050281,0.761621547356,1.),
  .UNSPECIFIED.);
#13483 = CARTESIAN_POINT('',(-0.45,13.972755633732,1.5));
#13484 = CARTESIAN_POINT('',(-0.45,13.972755633732,1.541254513148));
#13485 = CARTESIAN_POINT('',(-0.45,13.96849857504,1.582509777291));
#13486 = CARTESIAN_POINT('',(-0.45,13.959984249811,1.623178360104));
#13487 = CARTESIAN_POINT('',(-0.45,13.947334631672,1.662678012099));
#13488 = CARTESIAN_POINT('',(-0.45,13.914402107972,1.737885670551));
#13489 = CARTESIAN_POINT('',(-0.45,13.894196210585,1.773628967399));
#13490 = CARTESIAN_POINT('',(-0.45,13.870396467813,1.80717858379));
#13491 = CARTESIAN_POINT('',(-0.45,13.843336858032,1.838064027578));
#13492 = CARTESIAN_POINT('',(-0.45,13.785946650616,1.891483576099));
#13493 = CARTESIAN_POINT('',(-0.45,13.75605570199,1.914491325952));
#13494 = CARTESIAN_POINT('',(-0.45,13.724085751723,1.934619119782));
#13495 = CARTESIAN_POINT('',(-0.45,13.690415199455,1.951628891493));
#13496 = CARTESIAN_POINT('',(-0.45,13.620588311424,1.979053326187));
#13497 = CARTESIAN_POINT('',(-0.45,13.584437871324,1.989485511565));
#13498 = CARTESIAN_POINT('',(-0.45,13.547413101715,1.996495212199));
#13499 = CARTESIAN_POINT('',(-0.45,13.509949769003,2.));
#13500 = CARTESIAN_POINT('',(-0.45,13.472486778617,2.));
#13501 = PCURVE('',#11482,#13502);
#13502 = DEFINITIONAL_REPRESENTATION('',(#13503),#13522);
#13503 = B_SPLINE_CURVE_WITH_KNOTS('',5,(#13504,#13505,#13506,#13507,
    #13508,#13509,#13510,#13511,#13512,#13513,#13514,#13515,#13516,
    #13517,#13518,#13519,#13520,#13521),.UNSPECIFIED.,.F.,.F.,(6,4,4,4,6
    ),(0.,0.262620981282,0.522616050281,0.761621547356,1.),
  .UNSPECIFIED.);
#13504 = CARTESIAN_POINT('',(1.4,-28.50275563373));
#13505 = CARTESIAN_POINT('',(1.441254513148,-28.50275563373));
#13506 = CARTESIAN_POINT('',(1.482509777291,-28.49849857504));
#13507 = CARTESIAN_POINT('',(1.523178360104,-28.48998424981));
#13508 = CARTESIAN_POINT('',(1.562678012099,-28.47733463167));
#13509 = CARTESIAN_POINT('',(1.637885670551,-28.44440210797));
#13510 = CARTESIAN_POINT('',(1.673628967399,-28.42419621058));
#13511 = CARTESIAN_POINT('',(1.70717858379,-28.40039646781));
#13512 = CARTESIAN_POINT('',(1.738064027578,-28.37333685803));
#13513 = CARTESIAN_POINT('',(1.791483576099,-28.31594665061));
#13514 = CARTESIAN_POINT('',(1.814491325952,-28.28605570199));
#13515 = CARTESIAN_POINT('',(1.834619119782,-28.25408575172));
#13516 = CARTESIAN_POINT('',(1.851628891493,-28.22041519945));
#13517 = CARTESIAN_POINT('',(1.879053326187,-28.15058831142));
#13518 = CARTESIAN_POINT('',(1.889485511565,-28.11443787132));
#13519 = CARTESIAN_POINT('',(1.896495212199,-28.07741310171));
#13520 = CARTESIAN_POINT('',(1.9,-28.039949769));
#13521 = CARTESIAN_POINT('',(1.9,-28.00248677861));
#13522 = ( GEOMETRIC_REPRESENTATION_CONTEXT(2) 
PARAMETRIC_REPRESENTATION_CONTEXT() REPRESENTATION_CONTEXT('2D SPACE',''
  ) );
#13523 = PCURVE('',#13524,#13529);
#13524 = TOROIDAL_SURFACE('',#13525,13.48,0.5);
#13525 = AXIS2_PLACEMENT_3D('',#13526,#13527,#13528);
#13526 = CARTESIAN_POINT('',(0.,0.,1.5));
#13527 = DIRECTION('',(0.,-0.,1.));
#13528 = DIRECTION('',(1.,0.,0.));
#13529 = DEFINITIONAL_REPRESENTATION('',(#13530),#13549);
#13530 = B_SPLINE_CURVE_WITH_KNOTS('',5,(#13531,#13532,#13533,#13534,
    #13535,#13536,#13537,#13538,#13539,#13540,#13541,#13542,#13543,
    #13544,#13545,#13546,#13547,#13548),.UNSPECIFIED.,.F.,.F.,(6,4,4,4,6
    ),(0.,0.262620981282,0.522616050281,0.761621547356,1.),
  .UNSPECIFIED.);
#13531 = CARTESIAN_POINT('',(1.602990729182,0.));
#13532 = CARTESIAN_POINT('',(1.602990729182,8.250902629639E-02));
#13533 = CARTESIAN_POINT('',(1.603000531189,0.165019548045));
#13534 = CARTESIAN_POINT('',(1.603020134636,0.247526985245));
#13535 = CARTESIAN_POINT('',(1.603049321976,0.330036776637));
#13536 = CARTESIAN_POINT('',(1.603125605962,0.494227062662));
#13537 = CARTESIAN_POINT('',(1.603172521888,0.575910485314));
#13538 = CARTESIAN_POINT('',(1.603227978184,0.657590399913));
#13539 = CARTESIAN_POINT('',(1.603291345793,0.739272094377));
#13540 = CARTESIAN_POINT('',(1.603426548782,0.89603678905));
#13541 = CARTESIAN_POINT('',(1.603497289312,0.971122278155));
#13542 = CARTESIAN_POINT('',(1.603573365327,1.046205236404));
#13543 = CARTESIAN_POINT('',(1.603653993474,1.12128925615));
#13544 = CARTESIAN_POINT('',(1.60382231956,1.2712573161));
#13545 = CARTESIAN_POINT('',(1.603910000402,1.346143200406));
#13546 = CARTESIAN_POINT('',(1.604000411075,1.421026915248));
#13547 = CARTESIAN_POINT('',(1.604092543681,1.495912106814));
#13548 = CARTESIAN_POINT('',(1.60418531958,1.570796326795));
#13549 = ( GEOMETRIC_REPRESENTATION_CONTEXT(2) 
PARAMETRIC_REPRESENTATION_CONTEXT() REPRESENTATION_CONTEXT('2D SPACE',''
  ) );
#13550 = ADVANCED_FACE('',(#13551),#11520,.F.);
#13551 = FACE_BOUND('',#13552,.F.);
#13552 = EDGE_LOOP('',(#13553,#13554,#13576,#13598));
#13553 = ORIENTED_EDGE('',*,*,#11503,.T.);
#13554 = ORIENTED_EDGE('',*,*,#13555,.F.);
#13555 = EDGE_CURVE('',#13556,#11504,#13558,.T.);
#13556 = VERTEX_POINT('',#13557);
#13557 = CARTESIAN_POINT('',(-13.96917678318,0.55,1.5));
#13558 = SURFACE_CURVE('',#13559,(#13563,#13569),.PCURVE_S1.);
#13559 = LINE('',#13560,#13561);
#13560 = CARTESIAN_POINT('',(-13.96917678318,0.55,2.));
#13561 = VECTOR('',#13562,1.);
#13562 = DIRECTION('',(-0.,-0.,-1.));
#13563 = PCURVE('',#11520,#13564);
#13564 = DEFINITIONAL_REPRESENTATION('',(#13565),#13568);
#13565 = B_SPLINE_CURVE_WITH_KNOTS('',1,(#13566,#13567),.UNSPECIFIED.,
  .F.,.F.,(2,2),(0.4999994,1.7000006),.PIECEWISE_BEZIER_KNOTS.);
#13566 = CARTESIAN_POINT('',(3.180944726504,0.4999994));
#13567 = CARTESIAN_POINT('',(3.180944726504,1.7000006));
#13568 = ( GEOMETRIC_REPRESENTATION_CONTEXT(2) 
PARAMETRIC_REPRESENTATION_CONTEXT() REPRESENTATION_CONTEXT('2D SPACE',''
  ) );
#13569 = PCURVE('',#11561,#13570);
#13570 = DEFINITIONAL_REPRESENTATION('',(#13571),#13575);
#13571 = LINE('',#13572,#13573);
#13572 = CARTESIAN_POINT('',(1.9,0.36082321682));
#13573 = VECTOR('',#13574,1.);
#13574 = DIRECTION('',(-1.,0.));
#13575 = ( GEOMETRIC_REPRESENTATION_CONTEXT(2) 
PARAMETRIC_REPRESENTATION_CONTEXT() REPRESENTATION_CONTEXT('2D SPACE',''
  ) );
#13576 = ORIENTED_EDGE('',*,*,#13577,.F.);
#13577 = EDGE_CURVE('',#13459,#13556,#13578,.T.);
#13578 = SURFACE_CURVE('',#13579,(#13584,#13591),.PCURVE_S1.);
#13579 = CIRCLE('',#13580,13.98);
#13580 = AXIS2_PLACEMENT_3D('',#13581,#13582,#13583);
#13581 = CARTESIAN_POINT('',(0.,0.,1.5));
#13582 = DIRECTION('',(0.,-0.,1.));
#13583 = DIRECTION('',(1.,0.,0.));
#13584 = PCURVE('',#11520,#13585);
#13585 = DEFINITIONAL_REPRESENTATION('',(#13586),#13590);
#13586 = LINE('',#13587,#13588);
#13587 = CARTESIAN_POINT('',(6.28318530718,0.5));
#13588 = VECTOR('',#13589,1.);
#13589 = DIRECTION('',(-1.,0.));
#13590 = ( GEOMETRIC_REPRESENTATION_CONTEXT(2) 
PARAMETRIC_REPRESENTATION_CONTEXT() REPRESENTATION_CONTEXT('2D SPACE',''
  ) );
#13591 = PCURVE('',#13524,#13592);
#13592 = DEFINITIONAL_REPRESENTATION('',(#13593),#13597);
#13593 = LINE('',#13594,#13595);
#13594 = CARTESIAN_POINT('',(0.,0.));
#13595 = VECTOR('',#13596,1.);
#13596 = DIRECTION('',(1.,0.));
#13597 = ( GEOMETRIC_REPRESENTATION_CONTEXT(2) 
PARAMETRIC_REPRESENTATION_CONTEXT() REPRESENTATION_CONTEXT('2D SPACE',''
  ) );
#13598 = ORIENTED_EDGE('',*,*,#13458,.T.);
#13599 = ADVANCED_FACE('',(#13600),#11561,.T.);
#13600 = FACE_BOUND('',#13601,.T.);
#13601 = EDGE_LOOP('',(#13602,#13625,#13626,#13627,#13695,#13718));
#13602 = ORIENTED_EDGE('',*,*,#13603,.F.);
#13603 = EDGE_CURVE('',#11533,#13604,#13606,.T.);
#13604 = VERTEX_POINT('',#13605);
#13605 = CARTESIAN_POINT('',(-13.11861869103,0.55,0.1));
#13606 = SURFACE_CURVE('',#13607,(#13611,#13618),.PCURVE_S1.);
#13607 = LINE('',#13608,#13609);
#13608 = CARTESIAN_POINT('',(-14.33,0.55,0.1));
#13609 = VECTOR('',#13610,1.);
#13610 = DIRECTION('',(1.,0.,-0.));
#13611 = PCURVE('',#11561,#13612);
#13612 = DEFINITIONAL_REPRESENTATION('',(#13613),#13617);
#13613 = LINE('',#13614,#13615);
#13614 = CARTESIAN_POINT('',(0.,0.));
#13615 = VECTOR('',#13616,1.);
#13616 = DIRECTION('',(0.,1.));
#13617 = ( GEOMETRIC_REPRESENTATION_CONTEXT(2) 
PARAMETRIC_REPRESENTATION_CONTEXT() REPRESENTATION_CONTEXT('2D SPACE',''
  ) );
#13618 = PCURVE('',#11599,#13619);
#13619 = DEFINITIONAL_REPRESENTATION('',(#13620),#13624);
#13620 = LINE('',#13621,#13622);
#13621 = CARTESIAN_POINT('',(-14.48,0.6));
#13622 = VECTOR('',#13623,1.);
#13623 = DIRECTION('',(1.,0.));
#13624 = ( GEOMETRIC_REPRESENTATION_CONTEXT(2) 
PARAMETRIC_REPRESENTATION_CONTEXT() REPRESENTATION_CONTEXT('2D SPACE',''
  ) );
#13625 = ORIENTED_EDGE('',*,*,#11532,.T.);
#13626 = ORIENTED_EDGE('',*,*,#13555,.F.);
#13627 = ORIENTED_EDGE('',*,*,#13628,.T.);
#13628 = EDGE_CURVE('',#13556,#13629,#13631,.T.);
#13629 = VERTEX_POINT('',#13630);
#13630 = CARTESIAN_POINT('',(-13.46877499997,0.55,2.));
#13631 = SURFACE_CURVE('',#13632,(#13651,#13673),.PCURVE_S1.);
#13632 = B_SPLINE_CURVE_WITH_KNOTS('',5,(#13633,#13634,#13635,#13636,
    #13637,#13638,#13639,#13640,#13641,#13642,#13643,#13644,#13645,
    #13646,#13647,#13648,#13649,#13650),.UNSPECIFIED.,.F.,.F.,(6,4,4,4,6
    ),(0.,0.262614660845,0.522607353432,0.761615497812,1.),
  .UNSPECIFIED.);
#13633 = CARTESIAN_POINT('',(-13.96917678318,0.55,1.5));
#13634 = CARTESIAN_POINT('',(-13.96917678318,0.55,1.541254629762));
#13635 = CARTESIAN_POINT('',(-13.9649186098,0.55,1.58251001249));
#13636 = CARTESIAN_POINT('',(-13.95640205421,0.55,1.623178644188));
#13637 = CARTESIAN_POINT('',(-13.94374917035,0.55,1.662678220257));
#13638 = CARTESIAN_POINT('',(-13.91080809561,0.55,1.737886022463));
#13639 = CARTESIAN_POINT('',(-13.89059681549,0.55,1.773629494261));
#13640 = CARTESIAN_POINT('',(-13.86679081591,0.55,1.807179078219));
#13641 = CARTESIAN_POINT('',(-13.83972424362,0.55,1.838064319833));
#13642 = CARTESIAN_POINT('',(-13.78231903924,0.55,1.89148382428));
#13643 = CARTESIAN_POINT('',(-13.75242004545,0.55,1.914491642178));
#13644 = CARTESIAN_POINT('',(-13.72044160781,0.55,1.934619367966));
#13645 = CARTESIAN_POINT('',(-13.68676223817,0.55,1.951629012309));
#13646 = CARTESIAN_POINT('',(-13.61691673605,0.55,1.979053401259));
#13647 = CARTESIAN_POINT('',(-13.58075646499,0.55,1.98948557433));
#13648 = CARTESIAN_POINT('',(-13.543721672,0.55,1.99649523472));
#13649 = CARTESIAN_POINT('',(-13.50624819395,0.55,2.));
#13650 = CARTESIAN_POINT('',(-13.46877499997,0.55,2.));
#13651 = PCURVE('',#11561,#13652);
#13652 = DEFINITIONAL_REPRESENTATION('',(#13653),#13672);
#13653 = B_SPLINE_CURVE_WITH_KNOTS('',5,(#13654,#13655,#13656,#13657,
    #13658,#13659,#13660,#13661,#13662,#13663,#13664,#13665,#13666,
    #13667,#13668,#13669,#13670,#13671),.UNSPECIFIED.,.F.,.F.,(6,4,4,4,6
    ),(0.,0.262614660845,0.522607353432,0.761615497812,1.),
  .UNSPECIFIED.);
#13654 = CARTESIAN_POINT('',(1.4,0.36082321682));
#13655 = CARTESIAN_POINT('',(1.441254629762,0.36082321682));
#13656 = CARTESIAN_POINT('',(1.48251001249,0.3650813902));
#13657 = CARTESIAN_POINT('',(1.523178644188,0.37359794579));
#13658 = CARTESIAN_POINT('',(1.562678220257,0.38625082965));
#13659 = CARTESIAN_POINT('',(1.637886022463,0.41919190439));
#13660 = CARTESIAN_POINT('',(1.673629494261,0.43940318451));
#13661 = CARTESIAN_POINT('',(1.707179078219,0.46320918409));
#13662 = CARTESIAN_POINT('',(1.738064319833,0.49027575638));
#13663 = CARTESIAN_POINT('',(1.79148382428,0.54768096076));
#13664 = CARTESIAN_POINT('',(1.814491642178,0.57757995455));
#13665 = CARTESIAN_POINT('',(1.834619367966,0.60955839219));
#13666 = CARTESIAN_POINT('',(1.851629012309,0.64323776183));
#13667 = CARTESIAN_POINT('',(1.879053401259,0.71308326395));
#13668 = CARTESIAN_POINT('',(1.88948557433,0.74924353501));
#13669 = CARTESIAN_POINT('',(1.89649523472,0.786278328));
#13670 = CARTESIAN_POINT('',(1.9,0.82375180605));
#13671 = CARTESIAN_POINT('',(1.9,0.86122500003));
#13672 = ( GEOMETRIC_REPRESENTATION_CONTEXT(2) 
PARAMETRIC_REPRESENTATION_CONTEXT() REPRESENTATION_CONTEXT('2D SPACE',''
  ) );
#13673 = PCURVE('',#13524,#13674);
#13674 = DEFINITIONAL_REPRESENTATION('',(#13675),#13694);
#13675 = B_SPLINE_CURVE_WITH_KNOTS('',5,(#13676,#13677,#13678,#13679,
    #13680,#13681,#13682,#13683,#13684,#13685,#13686,#13687,#13688,
    #13689,#13690,#13691,#13692,#13693),.UNSPECIFIED.,.F.,.F.,(6,4,4,4,6
    ),(0.,0.262614660845,0.522607353432,0.761615497812,1.),
  .UNSPECIFIED.);
#13676 = CARTESIAN_POINT('',(3.102240580676,0.));
#13677 = CARTESIAN_POINT('',(3.102240580676,8.250925952431E-02));
#13678 = CARTESIAN_POINT('',(3.102228597308,0.165020018206));
#13679 = CARTESIAN_POINT('',(3.102204631263,0.247527564157));
#13680 = CARTESIAN_POINT('',(3.102168948637,0.330037231098));
#13681 = CARTESIAN_POINT('',(3.102075688445,0.494227830922));
#13682 = CARTESIAN_POINT('',(3.10201833148,0.575911703722));
#13683 = CARTESIAN_POINT('',(3.101950533739,0.657591662175));
#13684 = CARTESIAN_POINT('',(3.101873064503,0.739272952084));
#13685 = CARTESIAN_POINT('',(3.101707773224,0.896037517308));
#13686 = CARTESIAN_POINT('',(3.1016212893,0.971123352748));
#13687 = CARTESIAN_POINT('',(3.10152828281,1.046206277534));
#13688 = CARTESIAN_POINT('',(3.101429711482,1.121289916965));
#13689 = CARTESIAN_POINT('',(3.101223924757,1.271257726483));
#13690 = CARTESIAN_POINT('',(3.101116730135,1.346143739378));
#13691 = CARTESIAN_POINT('',(3.101006198281,1.421027370248));
#13692 = CARTESIAN_POINT('',(3.100893561267,1.495912347825));
#13693 = CARTESIAN_POINT('',(3.100780137617,1.570796326795));
#13694 = ( GEOMETRIC_REPRESENTATION_CONTEXT(2) 
PARAMETRIC_REPRESENTATION_CONTEXT() REPRESENTATION_CONTEXT('2D SPACE',''
  ) );
#13695 = ORIENTED_EDGE('',*,*,#13696,.T.);
#13696 = EDGE_CURVE('',#13629,#13697,#13699,.T.);
#13697 = VERTEX_POINT('',#13698);
#13698 = CARTESIAN_POINT('',(-13.11861869103,0.55,2.));
#13699 = SURFACE_CURVE('',#13700,(#13704,#13711),.PCURVE_S1.);
#13700 = LINE('',#13701,#13702);
#13701 = CARTESIAN_POINT('',(-7.165,0.55,2.));
#13702 = VECTOR('',#13703,1.);
#13703 = DIRECTION('',(1.,0.,-0.));
#13704 = PCURVE('',#11561,#13705);
#13705 = DEFINITIONAL_REPRESENTATION('',(#13706),#13710);
#13706 = LINE('',#13707,#13708);
#13707 = CARTESIAN_POINT('',(1.9,7.165));
#13708 = VECTOR('',#13709,1.);
#13709 = DIRECTION('',(0.,1.));
#13710 = ( GEOMETRIC_REPRESENTATION_CONTEXT(2) 
PARAMETRIC_REPRESENTATION_CONTEXT() REPRESENTATION_CONTEXT('2D SPACE',''
  ) );
#13711 = PCURVE('',#13424,#13712);
#13712 = DEFINITIONAL_REPRESENTATION('',(#13713),#13717);
#13713 = LINE('',#13714,#13715);
#13714 = CARTESIAN_POINT('',(-7.165,0.55));
#13715 = VECTOR('',#13716,1.);
#13716 = DIRECTION('',(1.,0.));
#13717 = ( GEOMETRIC_REPRESENTATION_CONTEXT(2) 
PARAMETRIC_REPRESENTATION_CONTEXT() REPRESENTATION_CONTEXT('2D SPACE',''
  ) );
#13718 = ORIENTED_EDGE('',*,*,#13719,.F.);
#13719 = EDGE_CURVE('',#13604,#13697,#13720,.T.);
#13720 = SURFACE_CURVE('',#13721,(#13725,#13732),.PCURVE_S1.);
#13721 = LINE('',#13722,#13723);
#13722 = CARTESIAN_POINT('',(-13.11861869103,0.55,-5.16));
#13723 = VECTOR('',#13724,1.);
#13724 = DIRECTION('',(0.,0.,1.));
#13725 = PCURVE('',#11561,#13726);
#13726 = DEFINITIONAL_REPRESENTATION('',(#13727),#13731);
#13727 = LINE('',#13728,#13729);
#13728 = CARTESIAN_POINT('',(-5.26,1.21138130897));
#13729 = VECTOR('',#13730,1.);
#13730 = DIRECTION('',(1.,0.));
#13731 = ( GEOMETRIC_REPRESENTATION_CONTEXT(2) 
PARAMETRIC_REPRESENTATION_CONTEXT() REPRESENTATION_CONTEXT('2D SPACE',''
  ) );
#13732 = PCURVE('',#12868,#13733);
#13733 = DEFINITIONAL_REPRESENTATION('',(#13734),#13737);
#13734 = B_SPLINE_CURVE_WITH_KNOTS('',1,(#13735,#13736),.UNSPECIFIED.,
  .F.,.F.,(2,2),(5.05,7.3600024),.PIECEWISE_BEZIER_KNOTS.);
#13735 = CARTESIAN_POINT('',(2.844379022678,5.05));
#13736 = CARTESIAN_POINT('',(2.844379022678,7.3600024));
#13737 = ( GEOMETRIC_REPRESENTATION_CONTEXT(2) 
PARAMETRIC_REPRESENTATION_CONTEXT() REPRESENTATION_CONTEXT('2D SPACE',''
  ) );
#13738 = ADVANCED_FACE('',(#13739),#11599,.F.);
#13739 = FACE_BOUND('',#13740,.F.);
#13740 = EDGE_LOOP('',(#13741,#13765,#13766,#13767));
#13741 = ORIENTED_EDGE('',*,*,#13742,.F.);
#13742 = EDGE_CURVE('',#13604,#13743,#13745,.T.);
#13743 = VERTEX_POINT('',#13744);
#13744 = CARTESIAN_POINT('',(-12.9358114033,-0.65,0.1));
#13745 = SURFACE_CURVE('',#13746,(#13751,#13758),.PCURVE_S1.);
#13746 = CIRCLE('',#13747,1.4);
#13747 = AXIS2_PLACEMENT_3D('',#13748,#13749,#13750);
#13748 = CARTESIAN_POINT('',(-11.78,0.14,0.1));
#13749 = DIRECTION('',(0.,0.,1.));
#13750 = DIRECTION('',(1.,0.,-0.));
#13751 = PCURVE('',#11599,#13752);
#13752 = DEFINITIONAL_REPRESENTATION('',(#13753),#13757);
#13753 = CIRCLE('',#13754,1.4);
#13754 = AXIS2_PLACEMENT_2D('',#13755,#13756);
#13755 = CARTESIAN_POINT('',(-11.93,0.19));
#13756 = DIRECTION('',(1.,0.));
#13757 = ( GEOMETRIC_REPRESENTATION_CONTEXT(2) 
PARAMETRIC_REPRESENTATION_CONTEXT() REPRESENTATION_CONTEXT('2D SPACE',''
  ) );
#13758 = PCURVE('',#12868,#13759);
#13759 = DEFINITIONAL_REPRESENTATION('',(#13760),#13764);
#13760 = LINE('',#13761,#13762);
#13761 = CARTESIAN_POINT('',(0.,5.26));
#13762 = VECTOR('',#13763,1.);
#13763 = DIRECTION('',(1.,0.));
#13764 = ( GEOMETRIC_REPRESENTATION_CONTEXT(2) 
PARAMETRIC_REPRESENTATION_CONTEXT() REPRESENTATION_CONTEXT('2D SPACE',''
  ) );
#13765 = ORIENTED_EDGE('',*,*,#13603,.F.);
#13766 = ORIENTED_EDGE('',*,*,#11582,.F.);
#13767 = ORIENTED_EDGE('',*,*,#13768,.T.);
#13768 = EDGE_CURVE('',#11583,#13743,#13769,.T.);
#13769 = SURFACE_CURVE('',#13770,(#13774,#13781),.PCURVE_S1.);
#13770 = LINE('',#13771,#13772);
#13771 = CARTESIAN_POINT('',(-14.33,-0.65,0.1));
#13772 = VECTOR('',#13773,1.);
#13773 = DIRECTION('',(1.,0.,-0.));
#13774 = PCURVE('',#11599,#13775);
#13775 = DEFINITIONAL_REPRESENTATION('',(#13776),#13780);
#13776 = LINE('',#13777,#13778);
#13777 = CARTESIAN_POINT('',(-14.48,-0.6));
#13778 = VECTOR('',#13779,1.);
#13779 = DIRECTION('',(1.,0.));
#13780 = ( GEOMETRIC_REPRESENTATION_CONTEXT(2) 
PARAMETRIC_REPRESENTATION_CONTEXT() REPRESENTATION_CONTEXT('2D SPACE',''
  ) );
#13781 = PCURVE('',#11644,#13782);
#13782 = DEFINITIONAL_REPRESENTATION('',(#13783),#13787);
#13783 = LINE('',#13784,#13785);
#13784 = CARTESIAN_POINT('',(0.,0.));
#13785 = VECTOR('',#13786,1.);
#13786 = DIRECTION('',(0.,1.));
#13787 = ( GEOMETRIC_REPRESENTATION_CONTEXT(2) 
PARAMETRIC_REPRESENTATION_CONTEXT() REPRESENTATION_CONTEXT('2D SPACE',''
  ) );
#13788 = ADVANCED_FACE('',(#13789),#11644,.F.);
#13789 = FACE_BOUND('',#13790,.F.);
#13790 = EDGE_LOOP('',(#13791,#13792,#13793,#13815,#13888,#13916));
#13791 = ORIENTED_EDGE('',*,*,#13768,.F.);
#13792 = ORIENTED_EDGE('',*,*,#11615,.T.);
#13793 = ORIENTED_EDGE('',*,*,#13794,.F.);
#13794 = EDGE_CURVE('',#13795,#11616,#13797,.T.);
#13795 = VERTEX_POINT('',#13796);
#13796 = CARTESIAN_POINT('',(-13.96488095187,-0.65,1.5));
#13797 = SURFACE_CURVE('',#13798,(#13802,#13809),.PCURVE_S1.);
#13798 = LINE('',#13799,#13800);
#13799 = CARTESIAN_POINT('',(-13.96488095187,-0.65,2.));
#13800 = VECTOR('',#13801,1.);
#13801 = DIRECTION('',(-0.,-0.,-1.));
#13802 = PCURVE('',#11644,#13803);
#13803 = DEFINITIONAL_REPRESENTATION('',(#13804),#13808);
#13804 = LINE('',#13805,#13806);
#13805 = CARTESIAN_POINT('',(1.9,0.36511904813));
#13806 = VECTOR('',#13807,1.);
#13807 = DIRECTION('',(-1.,0.));
#13808 = ( GEOMETRIC_REPRESENTATION_CONTEXT(2) 
PARAMETRIC_REPRESENTATION_CONTEXT() REPRESENTATION_CONTEXT('2D SPACE',''
  ) );
#13809 = PCURVE('',#11682,#13810);
#13810 = DEFINITIONAL_REPRESENTATION('',(#13811),#13814);
#13811 = B_SPLINE_CURVE_WITH_KNOTS('',1,(#13812,#13813),.UNSPECIFIED.,
  .F.,.F.,(2,2),(0.4999994,1.7000006),.PIECEWISE_BEZIER_KNOTS.);
#13812 = CARTESIAN_POINT('',(3.095080892401,0.4999994));
#13813 = CARTESIAN_POINT('',(3.095080892401,1.7000006));
#13814 = ( GEOMETRIC_REPRESENTATION_CONTEXT(2) 
PARAMETRIC_REPRESENTATION_CONTEXT() REPRESENTATION_CONTEXT('2D SPACE',''
  ) );
#13815 = ORIENTED_EDGE('',*,*,#13816,.T.);
#13816 = EDGE_CURVE('',#13795,#13817,#13819,.T.);
#13817 = VERTEX_POINT('',#13818);
#13818 = CARTESIAN_POINT('',(-13.46431951492,-0.65,2.));
#13819 = SURFACE_CURVE('',#13820,(#13839,#13861),.PCURVE_S1.);
#13820 = B_SPLINE_CURVE_WITH_KNOTS('',5,(#13821,#13822,#13823,#13824,
    #13825,#13826,#13827,#13828,#13829,#13830,#13831,#13832,#13833,
    #13834,#13835,#13836,#13837,#13838),.UNSPECIFIED.,.F.,.F.,(6,4,4,4,6
    ),(0.,0.262607067474,0.521596913863,0.76060815871,1.),
  .UNSPECIFIED.);
#13821 = CARTESIAN_POINT('',(-13.96488095187,-0.65,1.5));
#13822 = CARTESIAN_POINT('',(-13.96488095187,-0.65,1.541254769962));
#13823 = CARTESIAN_POINT('',(-13.96062143967,-0.65,1.582510295259));
#13824 = CARTESIAN_POINT('',(-13.95210220529,-0.65,1.623178985783));
#13825 = CARTESIAN_POINT('',(-13.93944539917,-0.65,1.662678470726));
#13826 = CARTESIAN_POINT('',(-13.90655710672,-0.65,1.737742535104));
#13827 = CARTESIAN_POINT('',(-13.88643178169,-0.65,1.773355136123));
#13828 = CARTESIAN_POINT('',(-13.8627374205,-0.65,1.806792447454));
#13829 = CARTESIAN_POINT('',(-13.83580412271,-0.65,1.837589263791));
#13830 = CARTESIAN_POINT('',(-13.77857988159,-0.65,1.890991528336));
#13831 = CARTESIAN_POINT('',(-13.74870744486,-0.65,1.914046328373));
#13832 = CARTESIAN_POINT('',(-13.71675050752,-0.65,1.934224139021));
#13833 = CARTESIAN_POINT('',(-13.68308734228,-0.65,1.951286469228));
#13834 = CARTESIAN_POINT('',(-13.61311642794,-0.65,1.978878074593));
#13835 = CARTESIAN_POINT('',(-13.57680368563,-0.65,1.989397245104));
#13836 = CARTESIAN_POINT('',(-13.53960514426,-0.65,1.996465794618));
#13837 = CARTESIAN_POINT('',(-13.50196221876,-0.65,2.));
#13838 = CARTESIAN_POINT('',(-13.46431951492,-0.65,2.));
#13839 = PCURVE('',#11644,#13840);
#13840 = DEFINITIONAL_REPRESENTATION('',(#13841),#13860);
#13841 = B_SPLINE_CURVE_WITH_KNOTS('',5,(#13842,#13843,#13844,#13845,
    #13846,#13847,#13848,#13849,#13850,#13851,#13852,#13853,#13854,
    #13855,#13856,#13857,#13858,#13859),.UNSPECIFIED.,.F.,.F.,(6,4,4,4,6
    ),(0.,0.262607067474,0.521596913863,0.76060815871,1.),
  .UNSPECIFIED.);
#13842 = CARTESIAN_POINT('',(1.4,0.36511904813));
#13843 = CARTESIAN_POINT('',(1.441254769962,0.36511904813));
#13844 = CARTESIAN_POINT('',(1.482510295259,0.36937856033));
#13845 = CARTESIAN_POINT('',(1.523178985783,0.37789779471));
#13846 = CARTESIAN_POINT('',(1.562678470726,0.39055460083));
#13847 = CARTESIAN_POINT('',(1.637742535104,0.42344289328));
#13848 = CARTESIAN_POINT('',(1.673355136123,0.44356821831));
#13849 = CARTESIAN_POINT('',(1.706792447454,0.4672625795));
#13850 = CARTESIAN_POINT('',(1.737589263791,0.49419587729));
#13851 = CARTESIAN_POINT('',(1.790991528336,0.55142011841));
#13852 = CARTESIAN_POINT('',(1.814046328373,0.58129255514));
#13853 = CARTESIAN_POINT('',(1.834224139021,0.61324949248));
#13854 = CARTESIAN_POINT('',(1.851286469228,0.64691265772));
#13855 = CARTESIAN_POINT('',(1.878878074593,0.71688357206));
#13856 = CARTESIAN_POINT('',(1.889397245104,0.75319631437));
#13857 = CARTESIAN_POINT('',(1.896465794618,0.79039485574));
#13858 = CARTESIAN_POINT('',(1.9,0.82803778124));
#13859 = CARTESIAN_POINT('',(1.9,0.86568048508));
#13860 = ( GEOMETRIC_REPRESENTATION_CONTEXT(2) 
PARAMETRIC_REPRESENTATION_CONTEXT() REPRESENTATION_CONTEXT('2D SPACE',''
  ) );
#13861 = PCURVE('',#13862,#13867);
#13862 = TOROIDAL_SURFACE('',#13863,13.48,0.5);
#13863 = AXIS2_PLACEMENT_3D('',#13864,#13865,#13866);
#13864 = CARTESIAN_POINT('',(0.,0.,1.5));
#13865 = DIRECTION('',(0.,-0.,1.));
#13866 = DIRECTION('',(1.,0.,0.));
#13867 = DEFINITIONAL_REPRESENTATION('',(#13868),#13887);
#13868 = B_SPLINE_CURVE_WITH_KNOTS('',5,(#13869,#13870,#13871,#13872,
    #13873,#13874,#13875,#13876,#13877,#13878,#13879,#13880,#13881,
    #13882,#13883,#13884,#13885,#13886),.UNSPECIFIED.,.F.,.F.,(6,4,4,4,6
    ),(0.,0.262607067474,0.521596913863,0.76060815871,1.),
  .UNSPECIFIED.);
#13869 = CARTESIAN_POINT('',(3.188104414779,0.));
#13870 = CARTESIAN_POINT('',(3.188104414779,8.250953992377E-02));
#13871 = CARTESIAN_POINT('',(3.188118581394,0.165020583457));
#13872 = CARTESIAN_POINT('',(3.18814691381,0.247528260262));
#13873 = CARTESIAN_POINT('',(3.188189097261,0.330037777899));
#13874 = CARTESIAN_POINT('',(3.188299137249,0.493914575199));
#13875 = CARTESIAN_POINT('',(3.188366633972,0.575284792388));
#13876 = CARTESIAN_POINT('',(3.188446381003,0.656650673063));
#13877 = CARTESIAN_POINT('',(3.188537480151,0.738017311169));
#13878 = CARTESIAN_POINT('',(3.188732192407,0.894467599255));
#13879 = CARTESIAN_POINT('',(3.188834300601,0.969553853121));
#13880 = CARTESIAN_POINT('',(3.18894413268,1.044636738824));
#13881 = CARTESIAN_POINT('',(3.189060557958,1.119719920155));
#13882 = CARTESIAN_POINT('',(3.189304171078,1.270001598988));
#13883 = CARTESIAN_POINT('',(3.189431378692,1.345201946964));
#13884 = CARTESIAN_POINT('',(3.18956257689,1.420399610186));
#13885 = CARTESIAN_POINT('',(3.18969629137,1.495598494164));
#13886 = CARTESIAN_POINT('',(3.189830943858,1.570796326795));
#13887 = ( GEOMETRIC_REPRESENTATION_CONTEXT(2) 
PARAMETRIC_REPRESENTATION_CONTEXT() REPRESENTATION_CONTEXT('2D SPACE',''
  ) );
#13888 = ORIENTED_EDGE('',*,*,#13889,.T.);
#13889 = EDGE_CURVE('',#13817,#13890,#13892,.T.);
#13890 = VERTEX_POINT('',#13891);
#13891 = CARTESIAN_POINT('',(-12.9358114033,-0.65,2.));
#13892 = SURFACE_CURVE('',#13893,(#13897,#13904),.PCURVE_S1.);
#13893 = LINE('',#13894,#13895);
#13894 = CARTESIAN_POINT('',(-7.165,-0.65,2.));
#13895 = VECTOR('',#13896,1.);
#13896 = DIRECTION('',(1.,0.,-0.));
#13897 = PCURVE('',#11644,#13898);
#13898 = DEFINITIONAL_REPRESENTATION('',(#13899),#13903);
#13899 = LINE('',#13900,#13901);
#13900 = CARTESIAN_POINT('',(1.9,7.165));
#13901 = VECTOR('',#13902,1.);
#13902 = DIRECTION('',(0.,1.));
#13903 = ( GEOMETRIC_REPRESENTATION_CONTEXT(2) 
PARAMETRIC_REPRESENTATION_CONTEXT() REPRESENTATION_CONTEXT('2D SPACE',''
  ) );
#13904 = PCURVE('',#13905,#13910);
#13905 = PLANE('',#13906);
#13906 = AXIS2_PLACEMENT_3D('',#13907,#13908,#13909);
#13907 = CARTESIAN_POINT('',(0.,0.,2.));
#13908 = DIRECTION('',(0.,0.,1.));
#13909 = DIRECTION('',(1.,0.,-0.));
#13910 = DEFINITIONAL_REPRESENTATION('',(#13911),#13915);
#13911 = LINE('',#13912,#13913);
#13912 = CARTESIAN_POINT('',(-7.165,-0.65));
#13913 = VECTOR('',#13914,1.);
#13914 = DIRECTION('',(1.,0.));
#13915 = ( GEOMETRIC_REPRESENTATION_CONTEXT(2) 
PARAMETRIC_REPRESENTATION_CONTEXT() REPRESENTATION_CONTEXT('2D SPACE',''
  ) );
#13916 = ORIENTED_EDGE('',*,*,#13917,.F.);
#13917 = EDGE_CURVE('',#13743,#13890,#13918,.T.);
#13918 = SURFACE_CURVE('',#13919,(#13923,#13930),.PCURVE_S1.);
#13919 = LINE('',#13920,#13921);
#13920 = CARTESIAN_POINT('',(-12.9358114033,-0.65,-5.16));
#13921 = VECTOR('',#13922,1.);
#13922 = DIRECTION('',(0.,0.,1.));
#13923 = PCURVE('',#11644,#13924);
#13924 = DEFINITIONAL_REPRESENTATION('',(#13925),#13929);
#13925 = LINE('',#13926,#13927);
#13926 = CARTESIAN_POINT('',(-5.26,1.3941885967));
#13927 = VECTOR('',#13928,1.);
#13928 = DIRECTION('',(1.,0.));
#13929 = ( GEOMETRIC_REPRESENTATION_CONTEXT(2) 
PARAMETRIC_REPRESENTATION_CONTEXT() REPRESENTATION_CONTEXT('2D SPACE',''
  ) );
#13930 = PCURVE('',#12868,#13931);
#13931 = DEFINITIONAL_REPRESENTATION('',(#13932),#13935);
#13932 = B_SPLINE_CURVE_WITH_KNOTS('',1,(#13933,#13934),.UNSPECIFIED.,
  .F.,.F.,(2,2),(5.05,7.3600024),.PIECEWISE_BEZIER_KNOTS.);
#13933 = CARTESIAN_POINT('',(3.741160458034,5.05));
#13934 = CARTESIAN_POINT('',(3.741160458034,7.3600024));
#13935 = ( GEOMETRIC_REPRESENTATION_CONTEXT(2) 
PARAMETRIC_REPRESENTATION_CONTEXT() REPRESENTATION_CONTEXT('2D SPACE',''
  ) );
#13936 = ADVANCED_FACE('',(#13937),#11682,.F.);
#13937 = FACE_BOUND('',#13938,.F.);
#13938 = EDGE_LOOP('',(#13939,#13940,#13941,#13963));
#13939 = ORIENTED_EDGE('',*,*,#13794,.T.);
#13940 = ORIENTED_EDGE('',*,*,#11665,.T.);
#13941 = ORIENTED_EDGE('',*,*,#13942,.F.);
#13942 = EDGE_CURVE('',#13943,#11666,#13945,.T.);
#13943 = VERTEX_POINT('',#13944);
#13944 = CARTESIAN_POINT('',(-0.45,-13.97275563373,1.5));
#13945 = SURFACE_CURVE('',#13946,(#13950,#13956),.PCURVE_S1.);
#13946 = LINE('',#13947,#13948);
#13947 = CARTESIAN_POINT('',(-0.45,-13.97275563373,2.));
#13948 = VECTOR('',#13949,1.);
#13949 = DIRECTION('',(-0.,-0.,-1.));
#13950 = PCURVE('',#11682,#13951);
#13951 = DEFINITIONAL_REPRESENTATION('',(#13952),#13955);
#13952 = B_SPLINE_CURVE_WITH_KNOTS('',1,(#13953,#13954),.UNSPECIFIED.,
  .F.,.F.,(2,2),(0.4999994,1.7000006),.PIECEWISE_BEZIER_KNOTS.);
#13953 = CARTESIAN_POINT('',(1.602990729182,0.4999994));
#13954 = CARTESIAN_POINT('',(1.602990729182,1.7000006));
#13955 = ( GEOMETRIC_REPRESENTATION_CONTEXT(2) 
PARAMETRIC_REPRESENTATION_CONTEXT() REPRESENTATION_CONTEXT('2D SPACE',''
  ) );
#13956 = PCURVE('',#11723,#13957);
#13957 = DEFINITIONAL_REPRESENTATION('',(#13958),#13962);
#13958 = LINE('',#13959,#13960);
#13959 = CARTESIAN_POINT('',(1.9,-0.55724436627));
#13960 = VECTOR('',#13961,1.);
#13961 = DIRECTION('',(-1.,0.));
#13962 = ( GEOMETRIC_REPRESENTATION_CONTEXT(2) 
PARAMETRIC_REPRESENTATION_CONTEXT() REPRESENTATION_CONTEXT('2D SPACE',''
  ) );
#13963 = ORIENTED_EDGE('',*,*,#13964,.F.);
#13964 = EDGE_CURVE('',#13795,#13943,#13965,.T.);
#13965 = SURFACE_CURVE('',#13966,(#13971,#13978),.PCURVE_S1.);
#13966 = CIRCLE('',#13967,13.98);
#13967 = AXIS2_PLACEMENT_3D('',#13968,#13969,#13970);
#13968 = CARTESIAN_POINT('',(0.,0.,1.5));
#13969 = DIRECTION('',(0.,-0.,1.));
#13970 = DIRECTION('',(1.,0.,0.));
#13971 = PCURVE('',#11682,#13972);
#13972 = DEFINITIONAL_REPRESENTATION('',(#13973),#13977);
#13973 = LINE('',#13974,#13975);
#13974 = CARTESIAN_POINT('',(6.28318530718,0.5));
#13975 = VECTOR('',#13976,1.);
#13976 = DIRECTION('',(-1.,0.));
#13977 = ( GEOMETRIC_REPRESENTATION_CONTEXT(2) 
PARAMETRIC_REPRESENTATION_CONTEXT() REPRESENTATION_CONTEXT('2D SPACE',''
  ) );
#13978 = PCURVE('',#13862,#13979);
#13979 = DEFINITIONAL_REPRESENTATION('',(#13980),#13984);
#13980 = LINE('',#13981,#13982);
#13981 = CARTESIAN_POINT('',(0.,0.));
#13982 = VECTOR('',#13983,1.);
#13983 = DIRECTION('',(1.,0.));
#13984 = ( GEOMETRIC_REPRESENTATION_CONTEXT(2) 
PARAMETRIC_REPRESENTATION_CONTEXT() REPRESENTATION_CONTEXT('2D SPACE',''
  ) );
#13985 = ADVANCED_FACE('',(#13986),#11723,.F.);
#13986 = FACE_BOUND('',#13987,.F.);
#13987 = EDGE_LOOP('',(#13988,#14010,#14033,#14099,#14100,#14101));
#13988 = ORIENTED_EDGE('',*,*,#13989,.T.);
#13989 = EDGE_CURVE('',#12933,#13990,#13992,.T.);
#13990 = VERTEX_POINT('',#13991);
#13991 = CARTESIAN_POINT('',(-0.45,-3.589505615195,2.));
#13992 = SURFACE_CURVE('',#13993,(#13997,#14004),.PCURVE_S1.);
#13993 = LINE('',#13994,#13995);
#13994 = CARTESIAN_POINT('',(-0.45,-3.589505615195,0.1));
#13995 = VECTOR('',#13996,1.);
#13996 = DIRECTION('',(0.,0.,1.));
#13997 = PCURVE('',#11723,#13998);
#13998 = DEFINITIONAL_REPRESENTATION('',(#13999),#14003);
#13999 = LINE('',#14000,#14001);
#14000 = CARTESIAN_POINT('',(0.,-10.9404943848));
#14001 = VECTOR('',#14002,1.);
#14002 = DIRECTION('',(1.,0.));
#14003 = ( GEOMETRIC_REPRESENTATION_CONTEXT(2) 
PARAMETRIC_REPRESENTATION_CONTEXT() REPRESENTATION_CONTEXT('2D SPACE',''
  ) );
#14004 = PCURVE('',#12949,#14005);
#14005 = DEFINITIONAL_REPRESENTATION('',(#14006),#14009);
#14006 = B_SPLINE_CURVE_WITH_KNOTS('',1,(#14007,#14008),.UNSPECIFIED.,
  .F.,.F.,(2,2),(-2.4E-06,2.1000024),.PIECEWISE_BEZIER_KNOTS.);
#14007 = CARTESIAN_POINT('',(4.544470044385,-2.4E-06));
#14008 = CARTESIAN_POINT('',(4.544470044385,2.1000024));
#14009 = ( GEOMETRIC_REPRESENTATION_CONTEXT(2) 
PARAMETRIC_REPRESENTATION_CONTEXT() REPRESENTATION_CONTEXT('2D SPACE',''
  ) );
#14010 = ORIENTED_EDGE('',*,*,#14011,.T.);
#14011 = EDGE_CURVE('',#13990,#14012,#14014,.T.);
#14012 = VERTEX_POINT('',#14013);
#14013 = CARTESIAN_POINT('',(-0.45,-13.47248677861,2.));
#14014 = SURFACE_CURVE('',#14015,(#14019,#14026),.PCURVE_S1.);
#14015 = LINE('',#14016,#14017);
#14016 = CARTESIAN_POINT('',(-0.45,-7.265,2.));
#14017 = VECTOR('',#14018,1.);
#14018 = DIRECTION('',(0.,-1.,0.));
#14019 = PCURVE('',#11723,#14020);
#14020 = DEFINITIONAL_REPRESENTATION('',(#14021),#14025);
#14021 = LINE('',#14022,#14023);
#14022 = CARTESIAN_POINT('',(1.9,-7.265));
#14023 = VECTOR('',#14024,1.);
#14024 = DIRECTION('',(0.,1.));
#14025 = ( GEOMETRIC_REPRESENTATION_CONTEXT(2) 
PARAMETRIC_REPRESENTATION_CONTEXT() REPRESENTATION_CONTEXT('2D SPACE',''
  ) );
#14026 = PCURVE('',#13905,#14027);
#14027 = DEFINITIONAL_REPRESENTATION('',(#14028),#14032);
#14028 = LINE('',#14029,#14030);
#14029 = CARTESIAN_POINT('',(-0.45,-7.265));
#14030 = VECTOR('',#14031,1.);
#14031 = DIRECTION('',(0.,-1.));
#14032 = ( GEOMETRIC_REPRESENTATION_CONTEXT(2) 
PARAMETRIC_REPRESENTATION_CONTEXT() REPRESENTATION_CONTEXT('2D SPACE',''
  ) );
#14033 = ORIENTED_EDGE('',*,*,#14034,.F.);
#14034 = EDGE_CURVE('',#13943,#14012,#14035,.T.);
#14035 = SURFACE_CURVE('',#14036,(#14055,#14077),.PCURVE_S1.);
#14036 = B_SPLINE_CURVE_WITH_KNOTS('',5,(#14037,#14038,#14039,#14040,
    #14041,#14042,#14043,#14044,#14045,#14046,#14047,#14048,#14049,
    #14050,#14051,#14052,#14053,#14054),.UNSPECIFIED.,.F.,.F.,(6,4,4,4,6
    ),(0.,0.262620980831,0.522616049831,0.761621546905,1.),
  .UNSPECIFIED.);
#14037 = CARTESIAN_POINT('',(-0.45,-13.97275563373,1.5));
#14038 = CARTESIAN_POINT('',(-0.45,-13.97275563373,1.541254513077));
#14039 = CARTESIAN_POINT('',(-0.45,-13.96849857505,1.582509777149));
#14040 = CARTESIAN_POINT('',(-0.45,-13.95998424985,1.623178359895));
#14041 = CARTESIAN_POINT('',(-0.45,-13.94733463175,1.662678011828));
#14042 = CARTESIAN_POINT('',(-0.45,-13.91440210814,1.737885670239));
#14043 = CARTESIAN_POINT('',(-0.45,-13.89419621077,1.7736289671));
#14044 = CARTESIAN_POINT('',(-0.45,-13.87039646803,1.807178583508));
#14045 = CARTESIAN_POINT('',(-0.45,-13.84333685827,1.838064027316));
#14046 = CARTESIAN_POINT('',(-0.45,-13.78594665089,1.891483575877));
#14047 = CARTESIAN_POINT('',(-0.45,-13.75605570228,1.914491325752));
#14048 = CARTESIAN_POINT('',(-0.45,-13.72408575203,1.934619119604));
#14049 = CARTESIAN_POINT('',(-0.45,-13.69041519977,1.951628891338));
#14050 = CARTESIAN_POINT('',(-0.45,-13.62058831169,1.979053326108));
#14051 = CARTESIAN_POINT('',(-0.45,-13.58443787153,1.989485511525));
#14052 = CARTESIAN_POINT('',(-0.45,-13.54741310185,1.996495212186));
#14053 = CARTESIAN_POINT('',(-0.45,-13.50994976907,2.));
#14054 = CARTESIAN_POINT('',(-0.45,-13.47248677861,2.));
#14055 = PCURVE('',#11723,#14056);
#14056 = DEFINITIONAL_REPRESENTATION('',(#14057),#14076);
#14057 = B_SPLINE_CURVE_WITH_KNOTS('',5,(#14058,#14059,#14060,#14061,
    #14062,#14063,#14064,#14065,#14066,#14067,#14068,#14069,#14070,
    #14071,#14072,#14073,#14074,#14075),.UNSPECIFIED.,.F.,.F.,(6,4,4,4,6
    ),(0.,0.262620980831,0.522616049831,0.761621546905,1.),
  .UNSPECIFIED.);
#14058 = CARTESIAN_POINT('',(1.4,-0.55724436627));
#14059 = CARTESIAN_POINT('',(1.441254513077,-0.55724436627));
#14060 = CARTESIAN_POINT('',(1.482509777149,-0.56150142495));
#14061 = CARTESIAN_POINT('',(1.523178359895,-0.57001575015));
#14062 = CARTESIAN_POINT('',(1.562678011828,-0.58266536825));
#14063 = CARTESIAN_POINT('',(1.637885670239,-0.61559789186));
#14064 = CARTESIAN_POINT('',(1.6736289671,-0.63580378923));
#14065 = CARTESIAN_POINT('',(1.707178583508,-0.65960353197));
#14066 = CARTESIAN_POINT('',(1.738064027316,-0.68666314173));
#14067 = CARTESIAN_POINT('',(1.791483575877,-0.74405334911));
#14068 = CARTESIAN_POINT('',(1.814491325752,-0.77394429772));
#14069 = CARTESIAN_POINT('',(1.834619119604,-0.80591424797));
#14070 = CARTESIAN_POINT('',(1.851628891338,-0.83958480023));
#14071 = CARTESIAN_POINT('',(1.879053326108,-0.90941168831));
#14072 = CARTESIAN_POINT('',(1.889485511525,-0.94556212847));
#14073 = CARTESIAN_POINT('',(1.896495212186,-0.98258689815));
#14074 = CARTESIAN_POINT('',(1.9,-1.02005023093));
#14075 = CARTESIAN_POINT('',(1.9,-1.05751322139));
#14076 = ( GEOMETRIC_REPRESENTATION_CONTEXT(2) 
PARAMETRIC_REPRESENTATION_CONTEXT() REPRESENTATION_CONTEXT('2D SPACE',''
  ) );
#14077 = PCURVE('',#13862,#14078);
#14078 = DEFINITIONAL_REPRESENTATION('',(#14079),#14098);
#14079 = B_SPLINE_CURVE_WITH_KNOTS('',5,(#14080,#14081,#14082,#14083,
    #14084,#14085,#14086,#14087,#14088,#14089,#14090,#14091,#14092,
    #14093,#14094,#14095,#14096,#14097),.UNSPECIFIED.,.F.,.F.,(6,4,4,4,6
    ),(0.,0.262620980831,0.522616049831,0.761621546905,1.),
  .UNSPECIFIED.);
#14080 = CARTESIAN_POINT('',(4.680194577998,0.));
#14081 = CARTESIAN_POINT('',(4.680194577998,8.250902615477E-02));
#14082 = CARTESIAN_POINT('',(4.680184775991,0.165019547761));
#14083 = CARTESIAN_POINT('',(4.680165172544,0.24752698482));
#14084 = CARTESIAN_POINT('',(4.680135985204,0.33003677607));
#14085 = CARTESIAN_POINT('',(4.680059701218,0.494227061954));
#14086 = CARTESIAN_POINT('',(4.680012785292,0.575910484605));
#14087 = CARTESIAN_POINT('',(4.679957328996,0.657590399205));
#14088 = CARTESIAN_POINT('',(4.679893961387,0.739272093669));
#14089 = CARTESIAN_POINT('',(4.679758758398,0.896036788342));
#14090 = CARTESIAN_POINT('',(4.679688017868,0.971122277447));
#14091 = CARTESIAN_POINT('',(4.679611941853,1.046205235696));
#14092 = CARTESIAN_POINT('',(4.679531313706,1.121289255442));
#14093 = CARTESIAN_POINT('',(4.679362987621,1.271257315534));
#14094 = CARTESIAN_POINT('',(4.679275306778,1.346143199981));
#14095 = CARTESIAN_POINT('',(4.679184896105,1.421026914965));
#14096 = CARTESIAN_POINT('',(4.679092763499,1.495912106673));
#14097 = CARTESIAN_POINT('',(4.6789999876,1.570796326795));
#14098 = ( GEOMETRIC_REPRESENTATION_CONTEXT(2) 
PARAMETRIC_REPRESENTATION_CONTEXT() REPRESENTATION_CONTEXT('2D SPACE',''
  ) );
#14099 = ORIENTED_EDGE('',*,*,#13942,.T.);
#14100 = ORIENTED_EDGE('',*,*,#11694,.F.);
#14101 = ORIENTED_EDGE('',*,*,#12961,.T.);
#14102 = ADVANCED_FACE('',(#14103),#11801,.T.);
#14103 = FACE_BOUND('',#14104,.T.);
#14104 = EDGE_LOOP('',(#14105,#14127,#14155,#14228,#14248,#14249));
#14105 = ORIENTED_EDGE('',*,*,#14106,.T.);
#14106 = EDGE_CURVE('',#12984,#14107,#14109,.T.);
#14107 = VERTEX_POINT('',#14108);
#14108 = CARTESIAN_POINT('',(0.75,-3.589505615195,2.));
#14109 = SURFACE_CURVE('',#14110,(#14114,#14121),.PCURVE_S1.);
#14110 = LINE('',#14111,#14112);
#14111 = CARTESIAN_POINT('',(0.75,-3.589505615195,0.1));
#14112 = VECTOR('',#14113,1.);
#14113 = DIRECTION('',(0.,0.,1.));
#14114 = PCURVE('',#11801,#14115);
#14115 = DEFINITIONAL_REPRESENTATION('',(#14116),#14120);
#14116 = LINE('',#14117,#14118);
#14117 = CARTESIAN_POINT('',(0.,-10.9404943848));
#14118 = VECTOR('',#14119,1.);
#14119 = DIRECTION('',(1.,0.));
#14120 = ( GEOMETRIC_REPRESENTATION_CONTEXT(2) 
PARAMETRIC_REPRESENTATION_CONTEXT() REPRESENTATION_CONTEXT('2D SPACE',''
  ) );
#14121 = PCURVE('',#13023,#14122);
#14122 = DEFINITIONAL_REPRESENTATION('',(#14123),#14126);
#14123 = B_SPLINE_CURVE_WITH_KNOTS('',1,(#14124,#14125),.UNSPECIFIED.,
  .F.,.F.,(2,2),(-2.4E-06,2.1000024),.PIECEWISE_BEZIER_KNOTS.);
#14124 = CARTESIAN_POINT('',(4.880307916384,-2.4E-06));
#14125 = CARTESIAN_POINT('',(4.880307916384,2.1000024));
#14126 = ( GEOMETRIC_REPRESENTATION_CONTEXT(2) 
PARAMETRIC_REPRESENTATION_CONTEXT() REPRESENTATION_CONTEXT('2D SPACE',''
  ) );
#14127 = ORIENTED_EDGE('',*,*,#14128,.T.);
#14128 = EDGE_CURVE('',#14107,#14129,#14131,.T.);
#14129 = VERTEX_POINT('',#14130);
#14130 = CARTESIAN_POINT('',(0.75,-13.45911958487,2.));
#14131 = SURFACE_CURVE('',#14132,(#14136,#14143),.PCURVE_S1.);
#14132 = LINE('',#14133,#14134);
#14133 = CARTESIAN_POINT('',(0.75,-7.265,2.));
#14134 = VECTOR('',#14135,1.);
#14135 = DIRECTION('',(0.,-1.,0.));
#14136 = PCURVE('',#11801,#14137);
#14137 = DEFINITIONAL_REPRESENTATION('',(#14138),#14142);
#14138 = LINE('',#14139,#14140);
#14139 = CARTESIAN_POINT('',(1.9,-7.265));
#14140 = VECTOR('',#14141,1.);
#14141 = DIRECTION('',(0.,1.));
#14142 = ( GEOMETRIC_REPRESENTATION_CONTEXT(2) 
PARAMETRIC_REPRESENTATION_CONTEXT() REPRESENTATION_CONTEXT('2D SPACE',''
  ) );
#14143 = PCURVE('',#14144,#14149);
#14144 = PLANE('',#14145);
#14145 = AXIS2_PLACEMENT_3D('',#14146,#14147,#14148);
#14146 = CARTESIAN_POINT('',(0.,0.,2.));
#14147 = DIRECTION('',(0.,0.,1.));
#14148 = DIRECTION('',(1.,0.,-0.));
#14149 = DEFINITIONAL_REPRESENTATION('',(#14150),#14154);
#14150 = LINE('',#14151,#14152);
#14151 = CARTESIAN_POINT('',(0.75,-7.265));
#14152 = VECTOR('',#14153,1.);
#14153 = DIRECTION('',(0.,-1.));
#14154 = ( GEOMETRIC_REPRESENTATION_CONTEXT(2) 
PARAMETRIC_REPRESENTATION_CONTEXT() REPRESENTATION_CONTEXT('2D SPACE',''
  ) );
#14155 = ORIENTED_EDGE('',*,*,#14156,.F.);
#14156 = EDGE_CURVE('',#14157,#14129,#14159,.T.);
#14157 = VERTEX_POINT('',#14158);
#14158 = CARTESIAN_POINT('',(0.75,-13.95986747788,1.5));
#14159 = SURFACE_CURVE('',#14160,(#14179,#14201),.PCURVE_S1.);
#14160 = B_SPLINE_CURVE_WITH_KNOTS('',5,(#14161,#14162,#14163,#14164,
    #14165,#14166,#14167,#14168,#14169,#14170,#14171,#14172,#14173,
    #14174,#14175,#14176,#14177,#14178),.UNSPECIFIED.,.F.,.F.,(6,4,4,4,6
    ),(0.,0.262598198653,0.521584708315,0.760599641856,1.),
  .UNSPECIFIED.);
#14161 = CARTESIAN_POINT('',(0.75,-13.95986747788,1.5));
#14162 = CARTESIAN_POINT('',(0.75,-13.95986747788,1.541254933707));
#14163 = CARTESIAN_POINT('',(0.75,-13.95560640215,1.582510625517));
#14164 = CARTESIAN_POINT('',(0.75,-13.94708403933,1.623179384721));
#14165 = CARTESIAN_POINT('',(0.75,-13.93442265264,1.662678763173));
#14166 = CARTESIAN_POINT('',(0.75,-13.90152239078,1.737743025325));
#14167 = CARTESIAN_POINT('',(0.75,-13.88138955126,1.773355869903));
#14168 = CARTESIAN_POINT('',(0.75,-13.85768645882,1.806793136448));
#14169 = CARTESIAN_POINT('',(0.75,-13.83074344644,1.837589671572));
#14170 = CARTESIAN_POINT('',(0.75,-13.77349824085,1.890991877721));
#14171 = CARTESIAN_POINT('',(0.75,-13.74361453327,1.914046773802));
#14172 = CARTESIAN_POINT('',(0.75,-13.71164570342,1.934224488995));
#14173 = CARTESIAN_POINT('',(0.75,-13.67797018166,1.951286639901));
#14174 = CARTESIAN_POINT('',(0.75,-13.60797311907,1.978878181684));
#14175 = CARTESIAN_POINT('',(0.75,-13.57164653313,1.989397334644));
#14176 = CARTESIAN_POINT('',(0.75,-13.53443387531,1.99646582674));
#14177 = CARTESIAN_POINT('',(0.75,-13.49677666054,2.));
#14178 = CARTESIAN_POINT('',(0.75,-13.45911958487,2.));
#14179 = PCURVE('',#11801,#14180);
#14180 = DEFINITIONAL_REPRESENTATION('',(#14181),#14200);
#14181 = B_SPLINE_CURVE_WITH_KNOTS('',5,(#14182,#14183,#14184,#14185,
    #14186,#14187,#14188,#14189,#14190,#14191,#14192,#14193,#14194,
    #14195,#14196,#14197,#14198,#14199),.UNSPECIFIED.,.F.,.F.,(6,4,4,4,6
    ),(0.,0.262598198653,0.521584708315,0.760599641856,1.),
  .UNSPECIFIED.);
#14182 = CARTESIAN_POINT('',(1.4,-0.57013252212));
#14183 = CARTESIAN_POINT('',(1.441254933707,-0.57013252212));
#14184 = CARTESIAN_POINT('',(1.482510625517,-0.57439359785));
#14185 = CARTESIAN_POINT('',(1.523179384721,-0.58291596067));
#14186 = CARTESIAN_POINT('',(1.562678763173,-0.59557734736));
#14187 = CARTESIAN_POINT('',(1.637743025325,-0.62847760922));
#14188 = CARTESIAN_POINT('',(1.673355869903,-0.64861044874));
#14189 = CARTESIAN_POINT('',(1.706793136448,-0.67231354118));
#14190 = CARTESIAN_POINT('',(1.737589671572,-0.69925655356));
#14191 = CARTESIAN_POINT('',(1.790991877721,-0.75650175915));
#14192 = CARTESIAN_POINT('',(1.814046773802,-0.78638546673));
#14193 = CARTESIAN_POINT('',(1.834224488995,-0.81835429658));
#14194 = CARTESIAN_POINT('',(1.851286639901,-0.85202981834));
#14195 = CARTESIAN_POINT('',(1.878878181684,-0.92202688093));
#14196 = CARTESIAN_POINT('',(1.889397334644,-0.95835346687));
#14197 = CARTESIAN_POINT('',(1.89646582674,-0.99556612469));
#14198 = CARTESIAN_POINT('',(1.9,-1.03322333946));
#14199 = CARTESIAN_POINT('',(1.9,-1.07088041513));
#14200 = ( GEOMETRIC_REPRESENTATION_CONTEXT(2) 
PARAMETRIC_REPRESENTATION_CONTEXT() REPRESENTATION_CONTEXT('2D SPACE',''
  ) );
#14201 = PCURVE('',#14202,#14207);
#14202 = TOROIDAL_SURFACE('',#14203,13.48,0.5);
#14203 = AXIS2_PLACEMENT_3D('',#14204,#14205,#14206);
#14204 = CARTESIAN_POINT('',(0.,0.,1.5));
#14205 = DIRECTION('',(0.,-0.,1.));
#14206 = DIRECTION('',(1.,0.,0.));
#14207 = DEFINITIONAL_REPRESENTATION('',(#14208),#14227);
#14208 = B_SPLINE_CURVE_WITH_KNOTS('',5,(#14209,#14210,#14211,#14212,
    #14213,#14214,#14215,#14216,#14217,#14218,#14219,#14220,#14221,
    #14222,#14223,#14224,#14225,#14226),.UNSPECIFIED.,.F.,.F.,(6,4,4,4,6
    ),(0.,0.262598198653,0.521584708315,0.760599641856,1.),
  .UNSPECIFIED.);
#14209 = CARTESIAN_POINT('',(4.766062816662,0.));
#14210 = CARTESIAN_POINT('',(4.766062816662,8.250986741318E-02));
#14211 = CARTESIAN_POINT('',(4.766079168756,0.165021243639));
#14212 = CARTESIAN_POINT('',(4.76611187201,0.247529073224));
#14213 = CARTESIAN_POINT('',(4.766160562841,0.330038416354));
#14214 = CARTESIAN_POINT('',(4.766287578267,0.493915645433));
#14215 = CARTESIAN_POINT('',(4.766365488184,0.575286488968));
#14216 = CARTESIAN_POINT('',(4.766457537906,0.656652430653));
#14217 = CARTESIAN_POINT('',(4.766562690236,0.738018505832));
#14218 = CARTESIAN_POINT('',(4.766787440532,0.894468622826));
#14219 = CARTESIAN_POINT('',(4.76690530214,0.969555363447));
#14220 = CARTESIAN_POINT('',(4.767032078642,1.044638202538));
#14221 = CARTESIAN_POINT('',(4.767166464827,1.119720849788));
#14222 = CARTESIAN_POINT('',(4.767447661932,1.270002182238));
#14223 = CARTESIAN_POINT('',(4.767594495914,1.345202712675));
#14224 = CARTESIAN_POINT('',(4.76774593591,1.420400256549));
#14225 = CARTESIAN_POINT('',(4.767900280418,1.495598836498));
#14226 = CARTESIAN_POINT('',(4.768055707992,1.570796326795));
#14227 = ( GEOMETRIC_REPRESENTATION_CONTEXT(2) 
PARAMETRIC_REPRESENTATION_CONTEXT() REPRESENTATION_CONTEXT('2D SPACE',''
  ) );
#14228 = ORIENTED_EDGE('',*,*,#14229,.T.);
#14229 = EDGE_CURVE('',#14157,#11773,#14230,.T.);
#14230 = SURFACE_CURVE('',#14231,(#14235,#14242),.PCURVE_S1.);
#14231 = LINE('',#14232,#14233);
#14232 = CARTESIAN_POINT('',(0.75,-13.95986747788,2.));
#14233 = VECTOR('',#14234,1.);
#14234 = DIRECTION('',(-0.,-0.,-1.));
#14235 = PCURVE('',#11801,#14236);
#14236 = DEFINITIONAL_REPRESENTATION('',(#14237),#14241);
#14237 = LINE('',#14238,#14239);
#14238 = CARTESIAN_POINT('',(1.9,-0.57013252212));
#14239 = VECTOR('',#14240,1.);
#14240 = DIRECTION('',(-1.,0.));
#14241 = ( GEOMETRIC_REPRESENTATION_CONTEXT(2) 
PARAMETRIC_REPRESENTATION_CONTEXT() REPRESENTATION_CONTEXT('2D SPACE',''
  ) );
#14242 = PCURVE('',#11839,#14243);
#14243 = DEFINITIONAL_REPRESENTATION('',(#14244),#14247);
#14244 = B_SPLINE_CURVE_WITH_KNOTS('',1,(#14245,#14246),.UNSPECIFIED.,
  .F.,.F.,(2,2),(0.4999994,1.7000006),.PIECEWISE_BEZIER_KNOTS.);
#14245 = CARTESIAN_POINT('',(1.517122490518,0.4999994));
#14246 = CARTESIAN_POINT('',(1.517122490518,1.7000006));
#14247 = ( GEOMETRIC_REPRESENTATION_CONTEXT(2) 
PARAMETRIC_REPRESENTATION_CONTEXT() REPRESENTATION_CONTEXT('2D SPACE',''
  ) );
#14248 = ORIENTED_EDGE('',*,*,#11772,.F.);
#14249 = ORIENTED_EDGE('',*,*,#12983,.T.);
#14250 = ADVANCED_FACE('',(#14251),#11839,.F.);
#14251 = FACE_BOUND('',#14252,.F.);
#14252 = EDGE_LOOP('',(#14253,#14254,#14255,#14277));
#14253 = ORIENTED_EDGE('',*,*,#14229,.T.);
#14254 = ORIENTED_EDGE('',*,*,#11822,.T.);
#14255 = ORIENTED_EDGE('',*,*,#14256,.F.);
#14256 = EDGE_CURVE('',#14257,#11823,#14259,.T.);
#14257 = VERTEX_POINT('',#14258);
#14258 = CARTESIAN_POINT('',(13.964880951874,-0.65,1.5));
#14259 = SURFACE_CURVE('',#14260,(#14264,#14270),.PCURVE_S1.);
#14260 = LINE('',#14261,#14262);
#14261 = CARTESIAN_POINT('',(13.964880951874,-0.65,2.));
#14262 = VECTOR('',#14263,1.);
#14263 = DIRECTION('',(-0.,-0.,-1.));
#14264 = PCURVE('',#11839,#14265);
#14265 = DEFINITIONAL_REPRESENTATION('',(#14266),#14269);
#14266 = B_SPLINE_CURVE_WITH_KNOTS('',1,(#14267,#14268),.UNSPECIFIED.,
  .F.,.F.,(2,2),(0.4999994,1.7000006),.PIECEWISE_BEZIER_KNOTS.);
#14267 = CARTESIAN_POINT('',(4.651176118859E-02,0.4999994));
#14268 = CARTESIAN_POINT('',(4.651176118859E-02,1.7000006));
#14269 = ( GEOMETRIC_REPRESENTATION_CONTEXT(2) 
PARAMETRIC_REPRESENTATION_CONTEXT() REPRESENTATION_CONTEXT('2D SPACE',''
  ) );
#14270 = PCURVE('',#11880,#14271);
#14271 = DEFINITIONAL_REPRESENTATION('',(#14272),#14276);
#14272 = LINE('',#14273,#14274);
#14273 = CARTESIAN_POINT('',(1.9,28.294880951874));
#14274 = VECTOR('',#14275,1.);
#14275 = DIRECTION('',(-1.,0.));
#14276 = ( GEOMETRIC_REPRESENTATION_CONTEXT(2) 
PARAMETRIC_REPRESENTATION_CONTEXT() REPRESENTATION_CONTEXT('2D SPACE',''
  ) );
#14277 = ORIENTED_EDGE('',*,*,#14278,.F.);
#14278 = EDGE_CURVE('',#14157,#14257,#14279,.T.);
#14279 = SURFACE_CURVE('',#14280,(#14285,#14292),.PCURVE_S1.);
#14280 = CIRCLE('',#14281,13.98);
#14281 = AXIS2_PLACEMENT_3D('',#14282,#14283,#14284);
#14282 = CARTESIAN_POINT('',(0.,0.,1.5));
#14283 = DIRECTION('',(0.,-0.,1.));
#14284 = DIRECTION('',(1.,0.,0.));
#14285 = PCURVE('',#11839,#14286);
#14286 = DEFINITIONAL_REPRESENTATION('',(#14287),#14291);
#14287 = LINE('',#14288,#14289);
#14288 = CARTESIAN_POINT('',(6.28318530718,0.5));
#14289 = VECTOR('',#14290,1.);
#14290 = DIRECTION('',(-1.,0.));
#14291 = ( GEOMETRIC_REPRESENTATION_CONTEXT(2) 
PARAMETRIC_REPRESENTATION_CONTEXT() REPRESENTATION_CONTEXT('2D SPACE',''
  ) );
#14292 = PCURVE('',#14202,#14293);
#14293 = DEFINITIONAL_REPRESENTATION('',(#14294),#14298);
#14294 = LINE('',#14295,#14296);
#14295 = CARTESIAN_POINT('',(0.,0.));
#14296 = VECTOR('',#14297,1.);
#14297 = DIRECTION('',(1.,0.));
#14298 = ( GEOMETRIC_REPRESENTATION_CONTEXT(2) 
PARAMETRIC_REPRESENTATION_CONTEXT() REPRESENTATION_CONTEXT('2D SPACE',''
  ) );
#14299 = ADVANCED_FACE('',(#14300),#11880,.F.);
#14300 = FACE_BOUND('',#14301,.F.);
#14301 = EDGE_LOOP('',(#14302,#14303,#14325,#14348,#14414,#14415));
#14302 = ORIENTED_EDGE('',*,*,#13035,.F.);
#14303 = ORIENTED_EDGE('',*,*,#14304,.T.);
#14304 = EDGE_CURVE('',#13007,#14305,#14307,.T.);
#14305 = VERTEX_POINT('',#14306);
#14306 = CARTESIAN_POINT('',(3.689505615195,-0.65,2.));
#14307 = SURFACE_CURVE('',#14308,(#14312,#14319),.PCURVE_S1.);
#14308 = LINE('',#14309,#14310);
#14309 = CARTESIAN_POINT('',(3.689505615195,-0.65,0.1));
#14310 = VECTOR('',#14311,1.);
#14311 = DIRECTION('',(0.,0.,1.));
#14312 = PCURVE('',#11880,#14313);
#14313 = DEFINITIONAL_REPRESENTATION('',(#14314),#14318);
#14314 = LINE('',#14315,#14316);
#14315 = CARTESIAN_POINT('',(0.,18.019505615195));
#14316 = VECTOR('',#14317,1.);
#14317 = DIRECTION('',(1.,0.));
#14318 = ( GEOMETRIC_REPRESENTATION_CONTEXT(2) 
PARAMETRIC_REPRESENTATION_CONTEXT() REPRESENTATION_CONTEXT('2D SPACE',''
  ) );
#14319 = PCURVE('',#13023,#14320);
#14320 = DEFINITIONAL_REPRESENTATION('',(#14321),#14324);
#14321 = B_SPLINE_CURVE_WITH_KNOTS('',1,(#14322,#14323),.UNSPECIFIED.,
  .F.,.F.,(2,2),(-2.4E-06,2.1000024),.PIECEWISE_BEZIER_KNOTS.);
#14322 = CARTESIAN_POINT('',(6.11526637118,-2.4E-06));
#14323 = CARTESIAN_POINT('',(6.11526637118,2.1000024));
#14324 = ( GEOMETRIC_REPRESENTATION_CONTEXT(2) 
PARAMETRIC_REPRESENTATION_CONTEXT() REPRESENTATION_CONTEXT('2D SPACE',''
  ) );
#14325 = ORIENTED_EDGE('',*,*,#14326,.T.);
#14326 = EDGE_CURVE('',#14305,#14327,#14329,.T.);
#14327 = VERTEX_POINT('',#14328);
#14328 = CARTESIAN_POINT('',(13.464319514925,-0.65,2.));
#14329 = SURFACE_CURVE('',#14330,(#14334,#14341),.PCURVE_S1.);
#14330 = LINE('',#14331,#14332);
#14331 = CARTESIAN_POINT('',(-7.165,-0.65,2.));
#14332 = VECTOR('',#14333,1.);
#14333 = DIRECTION('',(1.,0.,-0.));
#14334 = PCURVE('',#11880,#14335);
#14335 = DEFINITIONAL_REPRESENTATION('',(#14336),#14340);
#14336 = LINE('',#14337,#14338);
#14337 = CARTESIAN_POINT('',(1.9,7.165));
#14338 = VECTOR('',#14339,1.);
#14339 = DIRECTION('',(0.,1.));
#14340 = ( GEOMETRIC_REPRESENTATION_CONTEXT(2) 
PARAMETRIC_REPRESENTATION_CONTEXT() REPRESENTATION_CONTEXT('2D SPACE',''
  ) );
#14341 = PCURVE('',#14144,#14342);
#14342 = DEFINITIONAL_REPRESENTATION('',(#14343),#14347);
#14343 = LINE('',#14344,#14345);
#14344 = CARTESIAN_POINT('',(-7.165,-0.65));
#14345 = VECTOR('',#14346,1.);
#14346 = DIRECTION('',(1.,0.));
#14347 = ( GEOMETRIC_REPRESENTATION_CONTEXT(2) 
PARAMETRIC_REPRESENTATION_CONTEXT() REPRESENTATION_CONTEXT('2D SPACE',''
  ) );
#14348 = ORIENTED_EDGE('',*,*,#14349,.F.);
#14349 = EDGE_CURVE('',#14257,#14327,#14350,.T.);
#14350 = SURFACE_CURVE('',#14351,(#14370,#14392),.PCURVE_S1.);
#14351 = B_SPLINE_CURVE_WITH_KNOTS('',5,(#14352,#14353,#14354,#14355,
    #14356,#14357,#14358,#14359,#14360,#14361,#14362,#14363,#14364,
    #14365,#14366,#14367,#14368,#14369),.UNSPECIFIED.,.F.,.F.,(6,4,4,4,6
    ),(0.,0.262607067209,0.521596913598,0.760608158444,1.),
  .UNSPECIFIED.);
#14352 = CARTESIAN_POINT('',(13.964880951874,-0.65,1.5));
#14353 = CARTESIAN_POINT('',(13.964880951874,-0.65,1.54125476992));
#14354 = CARTESIAN_POINT('',(13.960621439686,-0.65,1.582510295176));
#14355 = CARTESIAN_POINT('',(13.952102205325,-0.65,1.623178985659));
#14356 = CARTESIAN_POINT('',(13.939445399222,-0.65,1.662678470567));
#14357 = CARTESIAN_POINT('',(13.906557106822,-0.65,1.73774253492));
#14358 = CARTESIAN_POINT('',(13.886431781812,-0.65,1.773355135947));
#14359 = CARTESIAN_POINT('',(13.862737420631,-0.65,1.806792447288));
#14360 = CARTESIAN_POINT('',(13.835804122851,-0.65,1.837589263636));
#14361 = CARTESIAN_POINT('',(13.778579881754,-0.65,1.890991528205));
#14362 = CARTESIAN_POINT('',(13.748707445033,-0.65,1.914046328255));
#14363 = CARTESIAN_POINT('',(13.716750507703,-0.65,1.934224138916));
#14364 = CARTESIAN_POINT('',(13.68308734247,-0.65,1.951286469137));
#14365 = CARTESIAN_POINT('',(13.613116428108,-0.65,1.978878074546));
#14366 = CARTESIAN_POINT('',(13.576803685758,-0.65,1.98939724508));
#14367 = CARTESIAN_POINT('',(13.539605144352,-0.65,1.99646579461));
#14368 = CARTESIAN_POINT('',(13.501962218809,-0.65,2.));
#14369 = CARTESIAN_POINT('',(13.464319514925,-0.65,2.));
#14370 = PCURVE('',#11880,#14371);
#14371 = DEFINITIONAL_REPRESENTATION('',(#14372),#14391);
#14372 = B_SPLINE_CURVE_WITH_KNOTS('',5,(#14373,#14374,#14375,#14376,
    #14377,#14378,#14379,#14380,#14381,#14382,#14383,#14384,#14385,
    #14386,#14387,#14388,#14389,#14390),.UNSPECIFIED.,.F.,.F.,(6,4,4,4,6
    ),(0.,0.262607067209,0.521596913598,0.760608158444,1.),
  .UNSPECIFIED.);
#14373 = CARTESIAN_POINT('',(1.4,28.294880951874));
#14374 = CARTESIAN_POINT('',(1.44125476992,28.294880951874));
#14375 = CARTESIAN_POINT('',(1.482510295176,28.290621439686));
#14376 = CARTESIAN_POINT('',(1.523178985659,28.282102205325));
#14377 = CARTESIAN_POINT('',(1.562678470567,28.269445399222));
#14378 = CARTESIAN_POINT('',(1.63774253492,28.236557106822));
#14379 = CARTESIAN_POINT('',(1.673355135947,28.216431781812));
#14380 = CARTESIAN_POINT('',(1.706792447288,28.192737420631));
#14381 = CARTESIAN_POINT('',(1.737589263636,28.165804122851));
#14382 = CARTESIAN_POINT('',(1.790991528205,28.108579881754));
#14383 = CARTESIAN_POINT('',(1.814046328255,28.078707445033));
#14384 = CARTESIAN_POINT('',(1.834224138916,28.046750507703));
#14385 = CARTESIAN_POINT('',(1.851286469137,28.01308734247));
#14386 = CARTESIAN_POINT('',(1.878878074546,27.943116428108));
#14387 = CARTESIAN_POINT('',(1.88939724508,27.906803685758));
#14388 = CARTESIAN_POINT('',(1.89646579461,27.869605144352));
#14389 = CARTESIAN_POINT('',(1.9,27.831962218809));
#14390 = CARTESIAN_POINT('',(1.9,27.794319514925));
#14391 = ( GEOMETRIC_REPRESENTATION_CONTEXT(2) 
PARAMETRIC_REPRESENTATION_CONTEXT() REPRESENTATION_CONTEXT('2D SPACE',''
  ) );
#14392 = PCURVE('',#14202,#14393);
#14393 = DEFINITIONAL_REPRESENTATION('',(#14394),#14413);
#14394 = B_SPLINE_CURVE_WITH_KNOTS('',5,(#14395,#14396,#14397,#14398,
    #14399,#14400,#14401,#14402,#14403,#14404,#14405,#14406,#14407,
    #14408,#14409,#14410,#14411,#14412),.UNSPECIFIED.,.F.,.F.,(6,4,4,4,6
    ),(0.,0.262607067209,0.521596913598,0.760608158444,1.),
  .UNSPECIFIED.);
#14395 = CARTESIAN_POINT('',(6.236673545991,0.));
#14396 = CARTESIAN_POINT('',(6.236673545991,8.250953984033E-02));
#14397 = CARTESIAN_POINT('',(6.236659379376,0.16502058329));
#14398 = CARTESIAN_POINT('',(6.23663104696,0.247528260012));
#14399 = CARTESIAN_POINT('',(6.236588863508,0.330037777566));
#14400 = CARTESIAN_POINT('',(6.236478823521,0.493914574782));
#14401 = CARTESIAN_POINT('',(6.236411326798,0.575284791971));
#14402 = CARTESIAN_POINT('',(6.236331579767,0.656650672646));
#14403 = CARTESIAN_POINT('',(6.236240480619,0.738017310752));
#14404 = CARTESIAN_POINT('',(6.236045768363,0.894467598838));
#14405 = CARTESIAN_POINT('',(6.235943660169,0.969553852704));
#14406 = CARTESIAN_POINT('',(6.23583382809,1.044636738407));
#14407 = CARTESIAN_POINT('',(6.235717402812,1.119719919738));
#14408 = CARTESIAN_POINT('',(6.235473789692,1.270001598654));
#14409 = CARTESIAN_POINT('',(6.235346582078,1.345201946713));
#14410 = CARTESIAN_POINT('',(6.235215383879,1.420399610019));
#14411 = CARTESIAN_POINT('',(6.235081669399,1.49559849408));
#14412 = CARTESIAN_POINT('',(6.234947016911,1.570796326795));
#14413 = ( GEOMETRIC_REPRESENTATION_CONTEXT(2) 
PARAMETRIC_REPRESENTATION_CONTEXT() REPRESENTATION_CONTEXT('2D SPACE',''
  ) );
#14414 = ORIENTED_EDGE('',*,*,#14256,.T.);
#14415 = ORIENTED_EDGE('',*,*,#11851,.F.);
#14416 = ADVANCED_FACE('',(#14417),#12019,.T.);
#14417 = FACE_BOUND('',#14418,.T.);
#14418 = EDGE_LOOP('',(#14419,#14420,#14443,#14470));
#14419 = ORIENTED_EDGE('',*,*,#12004,.T.);
#14420 = ORIENTED_EDGE('',*,*,#14421,.T.);
#14421 = EDGE_CURVE('',#11982,#14422,#14424,.T.);
#14422 = VERTEX_POINT('',#14423);
#14423 = CARTESIAN_POINT('',(-10.39750670319,-22.4427289735,
    10.157186088665));
#14424 = SEAM_CURVE('',#14425,(#14429,#14436),.PCURVE_S1.);
#14425 = LINE('',#14426,#14427);
#14426 = CARTESIAN_POINT('',(-10.4079996389,-21.34993343947,
    10.624291878726));
#14427 = VECTOR('',#14428,1.);
#14428 = DIRECTION('',(8.828822465073E-03,-0.919485072977,
    -0.393025765652));
#14429 = PCURVE('',#12019,#14430);
#14430 = DEFINITIONAL_REPRESENTATION('',(#14431),#14435);
#14431 = LINE('',#14432,#14433);
#14432 = CARTESIAN_POINT('',(0.,0.));
#14433 = VECTOR('',#14434,1.);
#14434 = DIRECTION('',(-0.,-1.));
#14435 = ( GEOMETRIC_REPRESENTATION_CONTEXT(2) 
PARAMETRIC_REPRESENTATION_CONTEXT() REPRESENTATION_CONTEXT('2D SPACE',''
  ) );
#14436 = PCURVE('',#12019,#14437);
#14437 = DEFINITIONAL_REPRESENTATION('',(#14438),#14442);
#14438 = LINE('',#14439,#14440);
#14439 = CARTESIAN_POINT('',(6.283185307179,0.));
#14440 = VECTOR('',#14441,1.);
#14441 = DIRECTION('',(-0.,-1.));
#14442 = ( GEOMETRIC_REPRESENTATION_CONTEXT(2) 
PARAMETRIC_REPRESENTATION_CONTEXT() REPRESENTATION_CONTEXT('2D SPACE',''
  ) );
#14443 = ORIENTED_EDGE('',*,*,#14444,.F.);
#14444 = EDGE_CURVE('',#14422,#14422,#14445,.T.);
#14445 = SURFACE_CURVE('',#14446,(#14451,#14458),.PCURVE_S1.);
#14446 = CIRCLE('',#14447,2.98);
#14447 = AXIS2_PLACEMENT_3D('',#14448,#14449,#14450);
#14448 = CARTESIAN_POINT('',(-10.39795307107,-22.39624161853,
    7.177548740499));
#14449 = DIRECTION('',(9.60030932695E-03,-0.999832215113,
    -1.560050265629E-02));
#14450 = DIRECTION('',(1.497878796293E-04,-1.559978354722E-02,
    0.999878304754));
#14451 = PCURVE('',#12019,#14452);
#14452 = DEFINITIONAL_REPRESENTATION('',(#14453),#14457);
#14453 = LINE('',#14454,#14455);
#14454 = CARTESIAN_POINT('',(6.28318530718,-1.100000000005));
#14455 = VECTOR('',#14456,1.);
#14456 = DIRECTION('',(-1.,0.));
#14457 = ( GEOMETRIC_REPRESENTATION_CONTEXT(2) 
PARAMETRIC_REPRESENTATION_CONTEXT() REPRESENTATION_CONTEXT('2D SPACE',''
  ) );
#14458 = PCURVE('',#14459,#14464);
#14459 = CYLINDRICAL_SURFACE('',#14460,2.98);
#14460 = AXIS2_PLACEMENT_3D('',#14461,#14462,#14463);
#14461 = CARTESIAN_POINT('',(-10.39795307107,-22.39624161853,
    7.177548740499));
#14462 = DIRECTION('',(9.60030932695E-03,-0.999832215113,
    -1.560050265629E-02));
#14463 = DIRECTION('',(1.497878796293E-04,-1.559978354722E-02,
    0.999878304754));
#14464 = DEFINITIONAL_REPRESENTATION('',(#14465),#14469);
#14465 = LINE('',#14466,#14467);
#14466 = CARTESIAN_POINT('',(0.,0.));
#14467 = VECTOR('',#14468,1.);
#14468 = DIRECTION('',(1.,0.));
#14469 = ( GEOMETRIC_REPRESENTATION_CONTEXT(2) 
PARAMETRIC_REPRESENTATION_CONTEXT() REPRESENTATION_CONTEXT('2D SPACE',''
  ) );
#14470 = ORIENTED_EDGE('',*,*,#14421,.F.);
#14471 = ADVANCED_FACE('',(#14472),#12096,.T.);
#14472 = FACE_BOUND('',#14473,.T.);
#14473 = EDGE_LOOP('',(#14474,#14475,#14476,#14477));
#14474 = ORIENTED_EDGE('',*,*,#12212,.F.);
#14475 = ORIENTED_EDGE('',*,*,#12082,.T.);
#14476 = ORIENTED_EDGE('',*,*,#12136,.T.);
#14477 = ORIENTED_EDGE('',*,*,#12185,.F.);
#14478 = ADVANCED_FACE('',(#14479),#12297,.T.);
#14479 = FACE_BOUND('',#14480,.T.);
#14480 = EDGE_LOOP('',(#14481,#14482,#14483,#14484));
#14481 = ORIENTED_EDGE('',*,*,#12413,.F.);
#14482 = ORIENTED_EDGE('',*,*,#12283,.T.);
#14483 = ORIENTED_EDGE('',*,*,#12337,.T.);
#14484 = ORIENTED_EDGE('',*,*,#12386,.F.);
#14485 = ADVANCED_FACE('',(#14486),#12498,.T.);
#14486 = FACE_BOUND('',#14487,.T.);
#14487 = EDGE_LOOP('',(#14488,#14489,#14490,#14491));
#14488 = ORIENTED_EDGE('',*,*,#12614,.F.);
#14489 = ORIENTED_EDGE('',*,*,#12484,.T.);
#14490 = ORIENTED_EDGE('',*,*,#12538,.T.);
#14491 = ORIENTED_EDGE('',*,*,#12587,.F.);
#14492 = ADVANCED_FACE('',(#14493,#14496),#12677,.F.);
#14493 = FACE_BOUND('',#14494,.T.);
#14494 = EDGE_LOOP('',(#14495));
#14495 = ORIENTED_EDGE('',*,*,#12662,.T.);
#14496 = FACE_BOUND('',#14497,.T.);
#14497 = EDGE_LOOP('',(#14498));
#14498 = ORIENTED_EDGE('',*,*,#14499,.F.);
#14499 = EDGE_CURVE('',#14500,#14500,#14502,.T.);
#14500 = VERTEX_POINT('',#14501);
#14501 = CARTESIAN_POINT('',(-2.825523757715,-36.65529193227,
    19.573453590376));
#14502 = SURFACE_CURVE('',#14503,(#14508,#14519),.PCURVE_S1.);
#14503 = CIRCLE('',#14504,2.);
#14504 = AXIS2_PLACEMENT_3D('',#14505,#14506,#14507);
#14505 = CARTESIAN_POINT('',(-0.83541178321,-36.4566607944,
    19.573453590376));
#14506 = DIRECTION('',(9.929801703841E-02,-0.994880132442,
    -1.879962457525E-02));
#14507 = DIRECTION('',(-0.995055987252,-9.931556893576E-02,
    5.757113535898E-16));
#14508 = PCURVE('',#12677,#14509);
#14509 = DEFINITIONAL_REPRESENTATION('',(#14510),#14518);
#14510 = ( BOUNDED_CURVE() B_SPLINE_CURVE(2,(#14511,#14512,#14513,#14514
    ,#14515,#14516,#14517),.UNSPECIFIED.,.T.,.F.) 
B_SPLINE_CURVE_WITH_KNOTS((1,2,2,2,2,1),(-2.094395102393,0.,
    2.094395102393,4.188790204786,6.28318530718,8.377580409573),
.UNSPECIFIED.) CURVE() GEOMETRIC_REPRESENTATION_ITEM() 
RATIONAL_B_SPLINE_CURVE((1.,0.5,1.,0.5,1.,0.5,1.)) REPRESENTATION_ITEM(
  '') );
#14511 = CARTESIAN_POINT('',(-2.0654184131E-15,2.));
#14512 = CARTESIAN_POINT('',(3.464101615138,2.));
#14513 = CARTESIAN_POINT('',(1.732050807569,-1.));
#14514 = CARTESIAN_POINT('',(4.620695545859E-15,-4.));
#14515 = CARTESIAN_POINT('',(-1.732050807569,-1.));
#14516 = CARTESIAN_POINT('',(-3.464101615138,2.));
#14517 = CARTESIAN_POINT('',(-2.0654184131E-15,2.));
#14518 = ( GEOMETRIC_REPRESENTATION_CONTEXT(2) 
PARAMETRIC_REPRESENTATION_CONTEXT() REPRESENTATION_CONTEXT('2D SPACE',''
  ) );
#14519 = PCURVE('',#14520,#14525);
#14520 = CYLINDRICAL_SURFACE('',#14521,2.);
#14521 = AXIS2_PLACEMENT_3D('',#14522,#14523,#14524);
#14522 = CARTESIAN_POINT('',(-1.133305834325,-33.47202039707,
    19.629852464102));
#14523 = DIRECTION('',(9.929801703841E-02,-0.994880132442,
    -1.879962457525E-02));
#14524 = DIRECTION('',(-0.995055987252,-9.931556893576E-02,
    5.754945131553E-16));
#14525 = DEFINITIONAL_REPRESENTATION('',(#14526),#14530);
#14526 = LINE('',#14527,#14528);
#14527 = CARTESIAN_POINT('',(0.,3.));
#14528 = VECTOR('',#14529,1.);
#14529 = DIRECTION('',(1.,0.));
#14530 = ( GEOMETRIC_REPRESENTATION_CONTEXT(2) 
PARAMETRIC_REPRESENTATION_CONTEXT() REPRESENTATION_CONTEXT('2D SPACE',''
  ) );
#14531 = ADVANCED_FACE('',(#14532),#13023,.T.);
#14532 = FACE_BOUND('',#14533,.T.);
#14533 = EDGE_LOOP('',(#14534,#14535,#14536,#14537));
#14534 = ORIENTED_EDGE('',*,*,#14106,.F.);
#14535 = ORIENTED_EDGE('',*,*,#13006,.T.);
#14536 = ORIENTED_EDGE('',*,*,#14304,.T.);
#14537 = ORIENTED_EDGE('',*,*,#14538,.F.);
#14538 = EDGE_CURVE('',#14107,#14305,#14539,.T.);
#14539 = SURFACE_CURVE('',#14540,(#14545,#14552),.PCURVE_S1.);
#14540 = CIRCLE('',#14541,3.59);
#14541 = AXIS2_PLACEMENT_3D('',#14542,#14543,#14544);
#14542 = CARTESIAN_POINT('',(0.15,-5.E-02,2.));
#14543 = DIRECTION('',(0.,0.,1.));
#14544 = DIRECTION('',(1.,0.,-0.));
#14545 = PCURVE('',#13023,#14546);
#14546 = DEFINITIONAL_REPRESENTATION('',(#14547),#14551);
#14547 = LINE('',#14548,#14549);
#14548 = CARTESIAN_POINT('',(0.,1.9));
#14549 = VECTOR('',#14550,1.);
#14550 = DIRECTION('',(1.,0.));
#14551 = ( GEOMETRIC_REPRESENTATION_CONTEXT(2) 
PARAMETRIC_REPRESENTATION_CONTEXT() REPRESENTATION_CONTEXT('2D SPACE',''
  ) );
#14552 = PCURVE('',#14144,#14553);
#14553 = DEFINITIONAL_REPRESENTATION('',(#14554),#14558);
#14554 = CIRCLE('',#14555,3.59);
#14555 = AXIS2_PLACEMENT_2D('',#14556,#14557);
#14556 = CARTESIAN_POINT('',(0.15,-5.E-02));
#14557 = DIRECTION('',(1.,0.));
#14558 = ( GEOMETRIC_REPRESENTATION_CONTEXT(2) 
PARAMETRIC_REPRESENTATION_CONTEXT() REPRESENTATION_CONTEXT('2D SPACE',''
  ) );
#14559 = ADVANCED_FACE('',(#14560),#12949,.T.);
#14560 = FACE_BOUND('',#14561,.T.);
#14561 = EDGE_LOOP('',(#14562,#14584,#14585,#14586));
#14562 = ORIENTED_EDGE('',*,*,#14563,.F.);
#14563 = EDGE_CURVE('',#12905,#14564,#14566,.T.);
#14564 = VERTEX_POINT('',#14565);
#14565 = CARTESIAN_POINT('',(-3.389505615195,-0.65,2.));
#14566 = SURFACE_CURVE('',#14567,(#14571,#14577),.PCURVE_S1.);
#14567 = LINE('',#14568,#14569);
#14568 = CARTESIAN_POINT('',(-3.389505615195,-0.65,0.1));
#14569 = VECTOR('',#14570,1.);
#14570 = DIRECTION('',(0.,0.,1.));
#14571 = PCURVE('',#12949,#14572);
#14572 = DEFINITIONAL_REPRESENTATION('',(#14573),#14576);
#14573 = B_SPLINE_CURVE_WITH_KNOTS('',1,(#14574,#14575),.UNSPECIFIED.,
  .F.,.F.,(2,2),(-2.4E-06,2.1000024),.PIECEWISE_BEZIER_KNOTS.);
#14574 = CARTESIAN_POINT('',(3.309511589589,-2.4E-06));
#14575 = CARTESIAN_POINT('',(3.309511589589,2.1000024));
#14576 = ( GEOMETRIC_REPRESENTATION_CONTEXT(2) 
PARAMETRIC_REPRESENTATION_CONTEXT() REPRESENTATION_CONTEXT('2D SPACE',''
  ) );
#14577 = PCURVE('',#12920,#14578);
#14578 = DEFINITIONAL_REPRESENTATION('',(#14579),#14583);
#14579 = LINE('',#14580,#14581);
#14580 = CARTESIAN_POINT('',(0.,10.940494384805));
#14581 = VECTOR('',#14582,1.);
#14582 = DIRECTION('',(1.,0.));
#14583 = ( GEOMETRIC_REPRESENTATION_CONTEXT(2) 
PARAMETRIC_REPRESENTATION_CONTEXT() REPRESENTATION_CONTEXT('2D SPACE',''
  ) );
#14584 = ORIENTED_EDGE('',*,*,#12932,.T.);
#14585 = ORIENTED_EDGE('',*,*,#13989,.T.);
#14586 = ORIENTED_EDGE('',*,*,#14587,.F.);
#14587 = EDGE_CURVE('',#14564,#13990,#14588,.T.);
#14588 = SURFACE_CURVE('',#14589,(#14594,#14601),.PCURVE_S1.);
#14589 = CIRCLE('',#14590,3.59);
#14590 = AXIS2_PLACEMENT_3D('',#14591,#14592,#14593);
#14591 = CARTESIAN_POINT('',(0.15,-5.E-02,2.));
#14592 = DIRECTION('',(0.,0.,1.));
#14593 = DIRECTION('',(1.,0.,-0.));
#14594 = PCURVE('',#12949,#14595);
#14595 = DEFINITIONAL_REPRESENTATION('',(#14596),#14600);
#14596 = LINE('',#14597,#14598);
#14597 = CARTESIAN_POINT('',(0.,1.9));
#14598 = VECTOR('',#14599,1.);
#14599 = DIRECTION('',(1.,0.));
#14600 = ( GEOMETRIC_REPRESENTATION_CONTEXT(2) 
PARAMETRIC_REPRESENTATION_CONTEXT() REPRESENTATION_CONTEXT('2D SPACE',''
  ) );
#14601 = PCURVE('',#13905,#14602);
#14602 = DEFINITIONAL_REPRESENTATION('',(#14603),#14607);
#14603 = CIRCLE('',#14604,3.59);
#14604 = AXIS2_PLACEMENT_2D('',#14605,#14606);
#14605 = CARTESIAN_POINT('',(0.15,-5.E-02));
#14606 = DIRECTION('',(1.,0.));
#14607 = ( GEOMETRIC_REPRESENTATION_CONTEXT(2) 
PARAMETRIC_REPRESENTATION_CONTEXT() REPRESENTATION_CONTEXT('2D SPACE',''
  ) );
#14608 = ADVANCED_FACE('',(#14609),#12920,.F.);
#14609 = FACE_BOUND('',#14610,.F.);
#14610 = EDGE_LOOP('',(#14611,#14612,#14634,#14655));
#14611 = ORIENTED_EDGE('',*,*,#12904,.F.);
#14612 = ORIENTED_EDGE('',*,*,#14613,.T.);
#14613 = EDGE_CURVE('',#12881,#14614,#14616,.T.);
#14614 = VERTEX_POINT('',#14615);
#14615 = CARTESIAN_POINT('',(-10.62418859669,-0.65,2.));
#14616 = SURFACE_CURVE('',#14617,(#14621,#14628),.PCURVE_S1.);
#14617 = LINE('',#14618,#14619);
#14618 = CARTESIAN_POINT('',(-10.62418859669,-0.65,-5.16));
#14619 = VECTOR('',#14620,1.);
#14620 = DIRECTION('',(0.,0.,1.));
#14621 = PCURVE('',#12920,#14622);
#14622 = DEFINITIONAL_REPRESENTATION('',(#14623),#14627);
#14623 = LINE('',#14624,#14625);
#14624 = CARTESIAN_POINT('',(-5.26,3.70581140331));
#14625 = VECTOR('',#14626,1.);
#14626 = DIRECTION('',(1.,0.));
#14627 = ( GEOMETRIC_REPRESENTATION_CONTEXT(2) 
PARAMETRIC_REPRESENTATION_CONTEXT() REPRESENTATION_CONTEXT('2D SPACE',''
  ) );
#14628 = PCURVE('',#12868,#14629);
#14629 = DEFINITIONAL_REPRESENTATION('',(#14630),#14633);
#14630 = B_SPLINE_CURVE_WITH_KNOTS('',1,(#14631,#14632),.UNSPECIFIED.,
  .F.,.F.,(2,2),(5.05,7.3600024),.PIECEWISE_BEZIER_KNOTS.);
#14631 = CARTESIAN_POINT('',(5.683617502735,5.05));
#14632 = CARTESIAN_POINT('',(5.683617502735,7.3600024));
#14633 = ( GEOMETRIC_REPRESENTATION_CONTEXT(2) 
PARAMETRIC_REPRESENTATION_CONTEXT() REPRESENTATION_CONTEXT('2D SPACE',''
  ) );
#14634 = ORIENTED_EDGE('',*,*,#14635,.T.);
#14635 = EDGE_CURVE('',#14614,#14564,#14636,.T.);
#14636 = SURFACE_CURVE('',#14637,(#14641,#14648),.PCURVE_S1.);
#14637 = LINE('',#14638,#14639);
#14638 = CARTESIAN_POINT('',(-7.165,-0.65,2.));
#14639 = VECTOR('',#14640,1.);
#14640 = DIRECTION('',(1.,0.,-0.));
#14641 = PCURVE('',#12920,#14642);
#14642 = DEFINITIONAL_REPRESENTATION('',(#14643),#14647);
#14643 = LINE('',#14644,#14645);
#14644 = CARTESIAN_POINT('',(1.9,7.165));
#14645 = VECTOR('',#14646,1.);
#14646 = DIRECTION('',(0.,1.));
#14647 = ( GEOMETRIC_REPRESENTATION_CONTEXT(2) 
PARAMETRIC_REPRESENTATION_CONTEXT() REPRESENTATION_CONTEXT('2D SPACE',''
  ) );
#14648 = PCURVE('',#13905,#14649);
#14649 = DEFINITIONAL_REPRESENTATION('',(#14650),#14654);
#14650 = LINE('',#14651,#14652);
#14651 = CARTESIAN_POINT('',(-7.165,-0.65));
#14652 = VECTOR('',#14653,1.);
#14653 = DIRECTION('',(1.,0.));
#14654 = ( GEOMETRIC_REPRESENTATION_CONTEXT(2) 
PARAMETRIC_REPRESENTATION_CONTEXT() REPRESENTATION_CONTEXT('2D SPACE',''
  ) );
#14655 = ORIENTED_EDGE('',*,*,#14563,.F.);
#14656 = ADVANCED_FACE('',(#14657),#12868,.T.);
#14657 = FACE_BOUND('',#14658,.T.);
#14658 = EDGE_LOOP('',(#14659,#14683,#14703,#14704,#14727,#14753,#14754,
    #14755,#14756,#14778,#14779,#14780));
#14659 = ORIENTED_EDGE('',*,*,#14660,.F.);
#14660 = EDGE_CURVE('',#14661,#13697,#14663,.T.);
#14661 = VERTEX_POINT('',#14662);
#14662 = CARTESIAN_POINT('',(-10.44138130896,0.55,2.));
#14663 = SURFACE_CURVE('',#14664,(#14669,#14676),.PCURVE_S1.);
#14664 = CIRCLE('',#14665,1.4);
#14665 = AXIS2_PLACEMENT_3D('',#14666,#14667,#14668);
#14666 = CARTESIAN_POINT('',(-11.78,0.14,2.));
#14667 = DIRECTION('',(0.,0.,1.));
#14668 = DIRECTION('',(1.,0.,-0.));
#14669 = PCURVE('',#12868,#14670);
#14670 = DEFINITIONAL_REPRESENTATION('',(#14671),#14675);
#14671 = LINE('',#14672,#14673);
#14672 = CARTESIAN_POINT('',(0.,7.16));
#14673 = VECTOR('',#14674,1.);
#14674 = DIRECTION('',(1.,0.));
#14675 = ( GEOMETRIC_REPRESENTATION_CONTEXT(2) 
PARAMETRIC_REPRESENTATION_CONTEXT() REPRESENTATION_CONTEXT('2D SPACE',''
  ) );
#14676 = PCURVE('',#13424,#14677);
#14677 = DEFINITIONAL_REPRESENTATION('',(#14678),#14682);
#14678 = CIRCLE('',#14679,1.4);
#14679 = AXIS2_PLACEMENT_2D('',#14680,#14681);
#14680 = CARTESIAN_POINT('',(-11.78,0.14));
#14681 = DIRECTION('',(1.,0.));
#14682 = ( GEOMETRIC_REPRESENTATION_CONTEXT(2) 
PARAMETRIC_REPRESENTATION_CONTEXT() REPRESENTATION_CONTEXT('2D SPACE',''
  ) );
#14683 = ORIENTED_EDGE('',*,*,#14684,.F.);
#14684 = EDGE_CURVE('',#12824,#14661,#14685,.T.);
#14685 = SURFACE_CURVE('',#14686,(#14690,#14696),.PCURVE_S1.);
#14686 = LINE('',#14687,#14688);
#14687 = CARTESIAN_POINT('',(-10.44138130896,0.55,-5.16));
#14688 = VECTOR('',#14689,1.);
#14689 = DIRECTION('',(0.,0.,1.));
#14690 = PCURVE('',#12868,#14691);
#14691 = DEFINITIONAL_REPRESENTATION('',(#14692),#14695);
#14692 = B_SPLINE_CURVE_WITH_KNOTS('',1,(#14693,#14694),.UNSPECIFIED.,
  .F.,.F.,(2,2),(5.05,7.3600024),.PIECEWISE_BEZIER_KNOTS.);
#14693 = CARTESIAN_POINT('',(0.297213630912,5.05));
#14694 = CARTESIAN_POINT('',(0.297213630912,7.3600024));
#14695 = ( GEOMETRIC_REPRESENTATION_CONTEXT(2) 
PARAMETRIC_REPRESENTATION_CONTEXT() REPRESENTATION_CONTEXT('2D SPACE',''
  ) );
#14696 = PCURVE('',#12839,#14697);
#14697 = DEFINITIONAL_REPRESENTATION('',(#14698),#14702);
#14698 = LINE('',#14699,#14700);
#14699 = CARTESIAN_POINT('',(-5.26,3.88861869104));
#14700 = VECTOR('',#14701,1.);
#14701 = DIRECTION('',(1.,0.));
#14702 = ( GEOMETRIC_REPRESENTATION_CONTEXT(2) 
PARAMETRIC_REPRESENTATION_CONTEXT() REPRESENTATION_CONTEXT('2D SPACE',''
  ) );
#14703 = ORIENTED_EDGE('',*,*,#12851,.F.);
#14704 = ORIENTED_EDGE('',*,*,#14705,.F.);
#14705 = EDGE_CURVE('',#14706,#12852,#14708,.T.);
#14706 = VERTEX_POINT('',#14707);
#14707 = CARTESIAN_POINT('',(-10.38,0.14,-5.16));
#14708 = SEAM_CURVE('',#14709,(#14713,#14720),.PCURVE_S1.);
#14709 = LINE('',#14710,#14711);
#14710 = CARTESIAN_POINT('',(-10.38,0.14,-5.16));
#14711 = VECTOR('',#14712,1.);
#14712 = DIRECTION('',(0.,0.,1.));
#14713 = PCURVE('',#12868,#14714);
#14714 = DEFINITIONAL_REPRESENTATION('',(#14715),#14719);
#14715 = LINE('',#14716,#14717);
#14716 = CARTESIAN_POINT('',(0.,-0.));
#14717 = VECTOR('',#14718,1.);
#14718 = DIRECTION('',(0.,1.));
#14719 = ( GEOMETRIC_REPRESENTATION_CONTEXT(2) 
PARAMETRIC_REPRESENTATION_CONTEXT() REPRESENTATION_CONTEXT('2D SPACE',''
  ) );
#14720 = PCURVE('',#12868,#14721);
#14721 = DEFINITIONAL_REPRESENTATION('',(#14722),#14726);
#14722 = LINE('',#14723,#14724);
#14723 = CARTESIAN_POINT('',(6.28318530718,-0.));
#14724 = VECTOR('',#14725,1.);
#14725 = DIRECTION('',(0.,1.));
#14726 = ( GEOMETRIC_REPRESENTATION_CONTEXT(2) 
PARAMETRIC_REPRESENTATION_CONTEXT() REPRESENTATION_CONTEXT('2D SPACE',''
  ) );
#14727 = ORIENTED_EDGE('',*,*,#14728,.T.);
#14728 = EDGE_CURVE('',#14706,#14706,#14729,.T.);
#14729 = SURFACE_CURVE('',#14730,(#14735,#14741),.PCURVE_S1.);
#14730 = CIRCLE('',#14731,1.4);
#14731 = AXIS2_PLACEMENT_3D('',#14732,#14733,#14734);
#14732 = CARTESIAN_POINT('',(-11.78,0.14,-5.16));
#14733 = DIRECTION('',(0.,0.,1.));
#14734 = DIRECTION('',(1.,0.,-0.));
#14735 = PCURVE('',#12868,#14736);
#14736 = DEFINITIONAL_REPRESENTATION('',(#14737),#14740);
#14737 = B_SPLINE_CURVE_WITH_KNOTS('',1,(#14738,#14739),.UNSPECIFIED.,
  .F.,.F.,(2,2),(0.,6.28318530718),.PIECEWISE_BEZIER_KNOTS.);
#14738 = CARTESIAN_POINT('',(0.,0.));
#14739 = CARTESIAN_POINT('',(6.28318530718,0.));
#14740 = ( GEOMETRIC_REPRESENTATION_CONTEXT(2) 
PARAMETRIC_REPRESENTATION_CONTEXT() REPRESENTATION_CONTEXT('2D SPACE',''
  ) );
#14741 = PCURVE('',#14742,#14747);
#14742 = CONICAL_SURFACE('',#14743,1.1,0.785398163397);
#14743 = AXIS2_PLACEMENT_3D('',#14744,#14745,#14746);
#14744 = CARTESIAN_POINT('',(-11.78,0.14,-5.46));
#14745 = DIRECTION('',(0.,0.,1.));
#14746 = DIRECTION('',(1.,0.,-0.));
#14747 = DEFINITIONAL_REPRESENTATION('',(#14748),#14752);
#14748 = LINE('',#14749,#14750);
#14749 = CARTESIAN_POINT('',(0.,0.3));
#14750 = VECTOR('',#14751,1.);
#14751 = DIRECTION('',(1.,0.));
#14752 = ( GEOMETRIC_REPRESENTATION_CONTEXT(2) 
PARAMETRIC_REPRESENTATION_CONTEXT() REPRESENTATION_CONTEXT('2D SPACE',''
  ) );
#14753 = ORIENTED_EDGE('',*,*,#14705,.T.);
#14754 = ORIENTED_EDGE('',*,*,#12880,.F.);
#14755 = ORIENTED_EDGE('',*,*,#14613,.T.);
#14756 = ORIENTED_EDGE('',*,*,#14757,.F.);
#14757 = EDGE_CURVE('',#13890,#14614,#14758,.T.);
#14758 = SURFACE_CURVE('',#14759,(#14764,#14771),.PCURVE_S1.);
#14759 = CIRCLE('',#14760,1.4);
#14760 = AXIS2_PLACEMENT_3D('',#14761,#14762,#14763);
#14761 = CARTESIAN_POINT('',(-11.78,0.14,2.));
#14762 = DIRECTION('',(0.,0.,1.));
#14763 = DIRECTION('',(1.,0.,-0.));
#14764 = PCURVE('',#12868,#14765);
#14765 = DEFINITIONAL_REPRESENTATION('',(#14766),#14770);
#14766 = LINE('',#14767,#14768);
#14767 = CARTESIAN_POINT('',(0.,7.16));
#14768 = VECTOR('',#14769,1.);
#14769 = DIRECTION('',(1.,0.));
#14770 = ( GEOMETRIC_REPRESENTATION_CONTEXT(2) 
PARAMETRIC_REPRESENTATION_CONTEXT() REPRESENTATION_CONTEXT('2D SPACE',''
  ) );
#14771 = PCURVE('',#13905,#14772);
#14772 = DEFINITIONAL_REPRESENTATION('',(#14773),#14777);
#14773 = CIRCLE('',#14774,1.4);
#14774 = AXIS2_PLACEMENT_2D('',#14775,#14776);
#14775 = CARTESIAN_POINT('',(-11.78,0.14));
#14776 = DIRECTION('',(1.,0.));
#14777 = ( GEOMETRIC_REPRESENTATION_CONTEXT(2) 
PARAMETRIC_REPRESENTATION_CONTEXT() REPRESENTATION_CONTEXT('2D SPACE',''
  ) );
#14778 = ORIENTED_EDGE('',*,*,#13917,.F.);
#14779 = ORIENTED_EDGE('',*,*,#13742,.F.);
#14780 = ORIENTED_EDGE('',*,*,#13719,.T.);
#14781 = ADVANCED_FACE('',(#14782),#12839,.T.);
#14782 = FACE_BOUND('',#14783,.T.);
#14783 = EDGE_LOOP('',(#14784,#14785,#14786,#14809));
#14784 = ORIENTED_EDGE('',*,*,#12823,.F.);
#14785 = ORIENTED_EDGE('',*,*,#14684,.T.);
#14786 = ORIENTED_EDGE('',*,*,#14787,.T.);
#14787 = EDGE_CURVE('',#14661,#14788,#14790,.T.);
#14788 = VERTEX_POINT('',#14789);
#14789 = CARTESIAN_POINT('',(-3.389505615195,0.55,2.));
#14790 = SURFACE_CURVE('',#14791,(#14795,#14802),.PCURVE_S1.);
#14791 = LINE('',#14792,#14793);
#14792 = CARTESIAN_POINT('',(-7.165,0.55,2.));
#14793 = VECTOR('',#14794,1.);
#14794 = DIRECTION('',(1.,0.,-0.));
#14795 = PCURVE('',#12839,#14796);
#14796 = DEFINITIONAL_REPRESENTATION('',(#14797),#14801);
#14797 = LINE('',#14798,#14799);
#14798 = CARTESIAN_POINT('',(1.9,7.165));
#14799 = VECTOR('',#14800,1.);
#14800 = DIRECTION('',(0.,1.));
#14801 = ( GEOMETRIC_REPRESENTATION_CONTEXT(2) 
PARAMETRIC_REPRESENTATION_CONTEXT() REPRESENTATION_CONTEXT('2D SPACE',''
  ) );
#14802 = PCURVE('',#13424,#14803);
#14803 = DEFINITIONAL_REPRESENTATION('',(#14804),#14808);
#14804 = LINE('',#14805,#14806);
#14805 = CARTESIAN_POINT('',(-7.165,0.55));
#14806 = VECTOR('',#14807,1.);
#14807 = DIRECTION('',(1.,0.));
#14808 = ( GEOMETRIC_REPRESENTATION_CONTEXT(2) 
PARAMETRIC_REPRESENTATION_CONTEXT() REPRESENTATION_CONTEXT('2D SPACE',''
  ) );
#14809 = ORIENTED_EDGE('',*,*,#14810,.F.);
#14810 = EDGE_CURVE('',#12795,#14788,#14811,.T.);
#14811 = SURFACE_CURVE('',#14812,(#14816,#14823),.PCURVE_S1.);
#14812 = LINE('',#14813,#14814);
#14813 = CARTESIAN_POINT('',(-3.389505615195,0.55,0.1));
#14814 = VECTOR('',#14815,1.);
#14815 = DIRECTION('',(0.,0.,1.));
#14816 = PCURVE('',#12839,#14817);
#14817 = DEFINITIONAL_REPRESENTATION('',(#14818),#14822);
#14818 = LINE('',#14819,#14820);
#14819 = CARTESIAN_POINT('',(0.,10.940494384805));
#14820 = VECTOR('',#14821,1.);
#14821 = DIRECTION('',(1.,0.));
#14822 = ( GEOMETRIC_REPRESENTATION_CONTEXT(2) 
PARAMETRIC_REPRESENTATION_CONTEXT() REPRESENTATION_CONTEXT('2D SPACE',''
  ) );
#14823 = PCURVE('',#12811,#14824);
#14824 = DEFINITIONAL_REPRESENTATION('',(#14825),#14828);
#14825 = B_SPLINE_CURVE_WITH_KNOTS('',1,(#14826,#14827),.UNSPECIFIED.,
  .F.,.F.,(2,2),(-2.4E-06,2.1000024),.PIECEWISE_BEZIER_KNOTS.);
#14826 = CARTESIAN_POINT('',(2.97367371759,-2.4E-06));
#14827 = CARTESIAN_POINT('',(2.97367371759,2.1000024));
#14828 = ( GEOMETRIC_REPRESENTATION_CONTEXT(2) 
PARAMETRIC_REPRESENTATION_CONTEXT() REPRESENTATION_CONTEXT('2D SPACE',''
  ) );
#14829 = ADVANCED_FACE('',(#14830),#12811,.T.);
#14830 = FACE_BOUND('',#14831,.T.);
#14831 = EDGE_LOOP('',(#14832,#14854,#14855,#14856));
#14832 = ORIENTED_EDGE('',*,*,#14833,.F.);
#14833 = EDGE_CURVE('',#13409,#14788,#14834,.T.);
#14834 = SURFACE_CURVE('',#14835,(#14840,#14847),.PCURVE_S1.);
#14835 = CIRCLE('',#14836,3.59);
#14836 = AXIS2_PLACEMENT_3D('',#14837,#14838,#14839);
#14837 = CARTESIAN_POINT('',(0.15,-5.E-02,2.));
#14838 = DIRECTION('',(0.,0.,1.));
#14839 = DIRECTION('',(1.,0.,-0.));
#14840 = PCURVE('',#12811,#14841);
#14841 = DEFINITIONAL_REPRESENTATION('',(#14842),#14846);
#14842 = LINE('',#14843,#14844);
#14843 = CARTESIAN_POINT('',(0.,1.9));
#14844 = VECTOR('',#14845,1.);
#14845 = DIRECTION('',(1.,0.));
#14846 = ( GEOMETRIC_REPRESENTATION_CONTEXT(2) 
PARAMETRIC_REPRESENTATION_CONTEXT() REPRESENTATION_CONTEXT('2D SPACE',''
  ) );
#14847 = PCURVE('',#13424,#14848);
#14848 = DEFINITIONAL_REPRESENTATION('',(#14849),#14853);
#14849 = CIRCLE('',#14850,3.59);
#14850 = AXIS2_PLACEMENT_2D('',#14851,#14852);
#14851 = CARTESIAN_POINT('',(0.15,-5.E-02));
#14852 = DIRECTION('',(1.,0.));
#14853 = ( GEOMETRIC_REPRESENTATION_CONTEXT(2) 
PARAMETRIC_REPRESENTATION_CONTEXT() REPRESENTATION_CONTEXT('2D SPACE',''
  ) );
#14854 = ORIENTED_EDGE('',*,*,#13436,.F.);
#14855 = ORIENTED_EDGE('',*,*,#12794,.T.);
#14856 = ORIENTED_EDGE('',*,*,#14810,.T.);
#14857 = ADVANCED_FACE('',(#14858),#12737,.T.);
#14858 = FACE_BOUND('',#14859,.T.);
#14859 = EDGE_LOOP('',(#14860,#14882,#14883,#14884));
#14860 = ORIENTED_EDGE('',*,*,#14861,.F.);
#14861 = EDGE_CURVE('',#13094,#13292,#14862,.T.);
#14862 = SURFACE_CURVE('',#14863,(#14868,#14875),.PCURVE_S1.);
#14863 = CIRCLE('',#14864,3.59);
#14864 = AXIS2_PLACEMENT_3D('',#14865,#14866,#14867);
#14865 = CARTESIAN_POINT('',(0.15,-5.E-02,2.));
#14866 = DIRECTION('',(0.,0.,1.));
#14867 = DIRECTION('',(1.,0.,-0.));
#14868 = PCURVE('',#12737,#14869);
#14869 = DEFINITIONAL_REPRESENTATION('',(#14870),#14874);
#14870 = LINE('',#14871,#14872);
#14871 = CARTESIAN_POINT('',(0.,1.9));
#14872 = VECTOR('',#14873,1.);
#14873 = DIRECTION('',(1.,0.));
#14874 = ( GEOMETRIC_REPRESENTATION_CONTEXT(2) 
PARAMETRIC_REPRESENTATION_CONTEXT() REPRESENTATION_CONTEXT('2D SPACE',''
  ) );
#14875 = PCURVE('',#13131,#14876);
#14876 = DEFINITIONAL_REPRESENTATION('',(#14877),#14881);
#14877 = CIRCLE('',#14878,3.59);
#14878 = AXIS2_PLACEMENT_2D('',#14879,#14880);
#14879 = CARTESIAN_POINT('',(0.15,-5.E-02));
#14880 = DIRECTION('',(1.,0.));
#14881 = ( GEOMETRIC_REPRESENTATION_CONTEXT(2) 
PARAMETRIC_REPRESENTATION_CONTEXT() REPRESENTATION_CONTEXT('2D SPACE',''
  ) );
#14882 = ORIENTED_EDGE('',*,*,#13093,.F.);
#14883 = ORIENTED_EDGE('',*,*,#12720,.T.);
#14884 = ORIENTED_EDGE('',*,*,#13314,.T.);
#14885 = ADVANCED_FACE('',(#14886),#13077,.T.);
#14886 = FACE_BOUND('',#14887,.T.);
#14887 = EDGE_LOOP('',(#14888,#14889,#14912,#14938));
#14888 = ORIENTED_EDGE('',*,*,#13060,.F.);
#14889 = ORIENTED_EDGE('',*,*,#14890,.F.);
#14890 = EDGE_CURVE('',#14891,#13061,#14893,.T.);
#14891 = VERTEX_POINT('',#14892);
#14892 = CARTESIAN_POINT('',(2.085,9.3E-02,-6.63));
#14893 = SEAM_CURVE('',#14894,(#14898,#14905),.PCURVE_S1.);
#14894 = LINE('',#14895,#14896);
#14895 = CARTESIAN_POINT('',(2.085,9.3E-02,-6.63));
#14896 = VECTOR('',#14897,1.);
#14897 = DIRECTION('',(0.,0.,1.));
#14898 = PCURVE('',#13077,#14899);
#14899 = DEFINITIONAL_REPRESENTATION('',(#14900),#14904);
#14900 = LINE('',#14901,#14902);
#14901 = CARTESIAN_POINT('',(0.,-0.));
#14902 = VECTOR('',#14903,1.);
#14903 = DIRECTION('',(0.,1.));
#14904 = ( GEOMETRIC_REPRESENTATION_CONTEXT(2) 
PARAMETRIC_REPRESENTATION_CONTEXT() REPRESENTATION_CONTEXT('2D SPACE',''
  ) );
#14905 = PCURVE('',#13077,#14906);
#14906 = DEFINITIONAL_REPRESENTATION('',(#14907),#14911);
#14907 = LINE('',#14908,#14909);
#14908 = CARTESIAN_POINT('',(6.28318530718,-0.));
#14909 = VECTOR('',#14910,1.);
#14910 = DIRECTION('',(0.,1.));
#14911 = ( GEOMETRIC_REPRESENTATION_CONTEXT(2) 
PARAMETRIC_REPRESENTATION_CONTEXT() REPRESENTATION_CONTEXT('2D SPACE',''
  ) );
#14912 = ORIENTED_EDGE('',*,*,#14913,.T.);
#14913 = EDGE_CURVE('',#14891,#14891,#14914,.T.);
#14914 = SURFACE_CURVE('',#14915,(#14920,#14926),.PCURVE_S1.);
#14915 = CIRCLE('',#14916,1.9);
#14916 = AXIS2_PLACEMENT_3D('',#14917,#14918,#14919);
#14917 = CARTESIAN_POINT('',(0.185,9.3E-02,-6.63));
#14918 = DIRECTION('',(0.,0.,1.));
#14919 = DIRECTION('',(1.,0.,-0.));
#14920 = PCURVE('',#13077,#14921);
#14921 = DEFINITIONAL_REPRESENTATION('',(#14922),#14925);
#14922 = B_SPLINE_CURVE_WITH_KNOTS('',1,(#14923,#14924),.UNSPECIFIED.,
  .F.,.F.,(2,2),(0.,6.28318530718),.PIECEWISE_BEZIER_KNOTS.);
#14923 = CARTESIAN_POINT('',(0.,0.));
#14924 = CARTESIAN_POINT('',(6.28318530718,0.));
#14925 = ( GEOMETRIC_REPRESENTATION_CONTEXT(2) 
PARAMETRIC_REPRESENTATION_CONTEXT() REPRESENTATION_CONTEXT('2D SPACE',''
  ) );
#14926 = PCURVE('',#14927,#14932);
#14927 = CONICAL_SURFACE('',#14928,1.5,0.785398163397);
#14928 = AXIS2_PLACEMENT_3D('',#14929,#14930,#14931);
#14929 = CARTESIAN_POINT('',(0.185,9.3E-02,-7.03));
#14930 = DIRECTION('',(0.,0.,1.));
#14931 = DIRECTION('',(1.,0.,-0.));
#14932 = DEFINITIONAL_REPRESENTATION('',(#14933),#14937);
#14933 = LINE('',#14934,#14935);
#14934 = CARTESIAN_POINT('',(0.,0.4));
#14935 = VECTOR('',#14936,1.);
#14936 = DIRECTION('',(1.,0.));
#14937 = ( GEOMETRIC_REPRESENTATION_CONTEXT(2) 
PARAMETRIC_REPRESENTATION_CONTEXT() REPRESENTATION_CONTEXT('2D SPACE',''
  ) );
#14938 = ORIENTED_EDGE('',*,*,#14890,.T.);
#14939 = ADVANCED_FACE('',(#14940),#13189,.F.);
#14940 = FACE_BOUND('',#14941,.F.);
#14941 = EDGE_LOOP('',(#14942,#14943,#14944,#14945));
#14942 = ORIENTED_EDGE('',*,*,#13143,.F.);
#14943 = ORIENTED_EDGE('',*,*,#13263,.T.);
#14944 = ORIENTED_EDGE('',*,*,#13337,.T.);
#14945 = ORIENTED_EDGE('',*,*,#14946,.F.);
#14946 = EDGE_CURVE('',#13116,#13290,#14947,.T.);
#14947 = SURFACE_CURVE('',#14948,(#14953,#14960),.PCURVE_S1.);
#14948 = CIRCLE('',#14949,13.48);
#14949 = AXIS2_PLACEMENT_3D('',#14950,#14951,#14952);
#14950 = CARTESIAN_POINT('',(0.,0.,2.));
#14951 = DIRECTION('',(0.,-0.,1.));
#14952 = DIRECTION('',(1.,0.,0.));
#14953 = PCURVE('',#13189,#14954);
#14954 = DEFINITIONAL_REPRESENTATION('',(#14955),#14959);
#14955 = LINE('',#14956,#14957);
#14956 = CARTESIAN_POINT('',(0.,1.570796326795));
#14957 = VECTOR('',#14958,1.);
#14958 = DIRECTION('',(1.,0.));
#14959 = ( GEOMETRIC_REPRESENTATION_CONTEXT(2) 
PARAMETRIC_REPRESENTATION_CONTEXT() REPRESENTATION_CONTEXT('2D SPACE',''
  ) );
#14960 = PCURVE('',#13131,#14961);
#14961 = DEFINITIONAL_REPRESENTATION('',(#14962),#14966);
#14962 = CIRCLE('',#14963,13.48);
#14963 = AXIS2_PLACEMENT_2D('',#14964,#14965);
#14964 = CARTESIAN_POINT('',(0.,0.));
#14965 = DIRECTION('',(1.,0.));
#14966 = ( GEOMETRIC_REPRESENTATION_CONTEXT(2) 
PARAMETRIC_REPRESENTATION_CONTEXT() REPRESENTATION_CONTEXT('2D SPACE',''
  ) );
#14967 = ADVANCED_FACE('',(#14968),#13131,.F.);
#14968 = FACE_BOUND('',#14969,.T.);
#14969 = EDGE_LOOP('',(#14970,#14971,#14972,#14973));
#14970 = ORIENTED_EDGE('',*,*,#14946,.F.);
#14971 = ORIENTED_EDGE('',*,*,#13115,.F.);
#14972 = ORIENTED_EDGE('',*,*,#14861,.T.);
#14973 = ORIENTED_EDGE('',*,*,#13289,.F.);
#14974 = ADVANCED_FACE('',(#14975),#13424,.F.);
#14975 = FACE_BOUND('',#14976,.T.);
#14976 = EDGE_LOOP('',(#14977,#14999,#15000,#15001,#15002,#15003));
#14977 = ORIENTED_EDGE('',*,*,#14978,.F.);
#14978 = EDGE_CURVE('',#13407,#13629,#14979,.T.);
#14979 = SURFACE_CURVE('',#14980,(#14985,#14992),.PCURVE_S1.);
#14980 = CIRCLE('',#14981,13.48);
#14981 = AXIS2_PLACEMENT_3D('',#14982,#14983,#14984);
#14982 = CARTESIAN_POINT('',(0.,0.,2.));
#14983 = DIRECTION('',(0.,-0.,1.));
#14984 = DIRECTION('',(1.,0.,0.));
#14985 = PCURVE('',#13424,#14986);
#14986 = DEFINITIONAL_REPRESENTATION('',(#14987),#14991);
#14987 = CIRCLE('',#14988,13.48);
#14988 = AXIS2_PLACEMENT_2D('',#14989,#14990);
#14989 = CARTESIAN_POINT('',(0.,0.));
#14990 = DIRECTION('',(1.,0.));
#14991 = ( GEOMETRIC_REPRESENTATION_CONTEXT(2) 
PARAMETRIC_REPRESENTATION_CONTEXT() REPRESENTATION_CONTEXT('2D SPACE',''
  ) );
#14992 = PCURVE('',#13524,#14993);
#14993 = DEFINITIONAL_REPRESENTATION('',(#14994),#14998);
#14994 = LINE('',#14995,#14996);
#14995 = CARTESIAN_POINT('',(0.,1.570796326795));
#14996 = VECTOR('',#14997,1.);
#14997 = DIRECTION('',(1.,0.));
#14998 = ( GEOMETRIC_REPRESENTATION_CONTEXT(2) 
PARAMETRIC_REPRESENTATION_CONTEXT() REPRESENTATION_CONTEXT('2D SPACE',''
  ) );
#14999 = ORIENTED_EDGE('',*,*,#13406,.T.);
#15000 = ORIENTED_EDGE('',*,*,#14833,.T.);
#15001 = ORIENTED_EDGE('',*,*,#14787,.F.);
#15002 = ORIENTED_EDGE('',*,*,#14660,.T.);
#15003 = ORIENTED_EDGE('',*,*,#13696,.F.);
#15004 = ADVANCED_FACE('',(#15005),#13524,.F.);
#15005 = FACE_BOUND('',#15006,.F.);
#15006 = EDGE_LOOP('',(#15007,#15008,#15009,#15010));
#15007 = ORIENTED_EDGE('',*,*,#13480,.F.);
#15008 = ORIENTED_EDGE('',*,*,#13577,.T.);
#15009 = ORIENTED_EDGE('',*,*,#13628,.T.);
#15010 = ORIENTED_EDGE('',*,*,#14978,.F.);
#15011 = ADVANCED_FACE('',(#15012),#13905,.F.);
#15012 = FACE_BOUND('',#15013,.T.);
#15013 = EDGE_LOOP('',(#15014,#15015,#15037,#15038,#15039,#15040));
#15014 = ORIENTED_EDGE('',*,*,#14011,.T.);
#15015 = ORIENTED_EDGE('',*,*,#15016,.F.);
#15016 = EDGE_CURVE('',#13817,#14012,#15017,.T.);
#15017 = SURFACE_CURVE('',#15018,(#15023,#15030),.PCURVE_S1.);
#15018 = CIRCLE('',#15019,13.48);
#15019 = AXIS2_PLACEMENT_3D('',#15020,#15021,#15022);
#15020 = CARTESIAN_POINT('',(0.,0.,2.));
#15021 = DIRECTION('',(0.,-0.,1.));
#15022 = DIRECTION('',(1.,0.,0.));
#15023 = PCURVE('',#13905,#15024);
#15024 = DEFINITIONAL_REPRESENTATION('',(#15025),#15029);
#15025 = CIRCLE('',#15026,13.48);
#15026 = AXIS2_PLACEMENT_2D('',#15027,#15028);
#15027 = CARTESIAN_POINT('',(0.,0.));
#15028 = DIRECTION('',(1.,0.));
#15029 = ( GEOMETRIC_REPRESENTATION_CONTEXT(2) 
PARAMETRIC_REPRESENTATION_CONTEXT() REPRESENTATION_CONTEXT('2D SPACE',''
  ) );
#15030 = PCURVE('',#13862,#15031);
#15031 = DEFINITIONAL_REPRESENTATION('',(#15032),#15036);
#15032 = LINE('',#15033,#15034);
#15033 = CARTESIAN_POINT('',(0.,1.570796326795));
#15034 = VECTOR('',#15035,1.);
#15035 = DIRECTION('',(1.,0.));
#15036 = ( GEOMETRIC_REPRESENTATION_CONTEXT(2) 
PARAMETRIC_REPRESENTATION_CONTEXT() REPRESENTATION_CONTEXT('2D SPACE',''
  ) );
#15037 = ORIENTED_EDGE('',*,*,#13889,.T.);
#15038 = ORIENTED_EDGE('',*,*,#14757,.T.);
#15039 = ORIENTED_EDGE('',*,*,#14635,.T.);
#15040 = ORIENTED_EDGE('',*,*,#14587,.T.);
#15041 = ADVANCED_FACE('',(#15042),#13862,.F.);
#15042 = FACE_BOUND('',#15043,.F.);
#15043 = EDGE_LOOP('',(#15044,#15045,#15046,#15047));
#15044 = ORIENTED_EDGE('',*,*,#13964,.T.);
#15045 = ORIENTED_EDGE('',*,*,#14034,.T.);
#15046 = ORIENTED_EDGE('',*,*,#15016,.F.);
#15047 = ORIENTED_EDGE('',*,*,#13816,.F.);
#15048 = ADVANCED_FACE('',(#15049),#14202,.F.);
#15049 = FACE_BOUND('',#15050,.F.);
#15050 = EDGE_LOOP('',(#15051,#15052,#15053,#15075));
#15051 = ORIENTED_EDGE('',*,*,#14278,.T.);
#15052 = ORIENTED_EDGE('',*,*,#14349,.T.);
#15053 = ORIENTED_EDGE('',*,*,#15054,.F.);
#15054 = EDGE_CURVE('',#14129,#14327,#15055,.T.);
#15055 = SURFACE_CURVE('',#15056,(#15061,#15068),.PCURVE_S1.);
#15056 = CIRCLE('',#15057,13.48);
#15057 = AXIS2_PLACEMENT_3D('',#15058,#15059,#15060);
#15058 = CARTESIAN_POINT('',(0.,0.,2.));
#15059 = DIRECTION('',(0.,-0.,1.));
#15060 = DIRECTION('',(1.,0.,0.));
#15061 = PCURVE('',#14202,#15062);
#15062 = DEFINITIONAL_REPRESENTATION('',(#15063),#15067);
#15063 = LINE('',#15064,#15065);
#15064 = CARTESIAN_POINT('',(0.,1.570796326795));
#15065 = VECTOR('',#15066,1.);
#15066 = DIRECTION('',(1.,0.));
#15067 = ( GEOMETRIC_REPRESENTATION_CONTEXT(2) 
PARAMETRIC_REPRESENTATION_CONTEXT() REPRESENTATION_CONTEXT('2D SPACE',''
  ) );
#15068 = PCURVE('',#14144,#15069);
#15069 = DEFINITIONAL_REPRESENTATION('',(#15070),#15074);
#15070 = CIRCLE('',#15071,13.48);
#15071 = AXIS2_PLACEMENT_2D('',#15072,#15073);
#15072 = CARTESIAN_POINT('',(0.,0.));
#15073 = DIRECTION('',(1.,0.));
#15074 = ( GEOMETRIC_REPRESENTATION_CONTEXT(2) 
PARAMETRIC_REPRESENTATION_CONTEXT() REPRESENTATION_CONTEXT('2D SPACE',''
  ) );
#15075 = ORIENTED_EDGE('',*,*,#14156,.F.);
#15076 = ADVANCED_FACE('',(#15077),#14144,.F.);
#15077 = FACE_BOUND('',#15078,.T.);
#15078 = EDGE_LOOP('',(#15079,#15080,#15081,#15082));
#15079 = ORIENTED_EDGE('',*,*,#14326,.T.);
#15080 = ORIENTED_EDGE('',*,*,#15054,.F.);
#15081 = ORIENTED_EDGE('',*,*,#14128,.F.);
#15082 = ORIENTED_EDGE('',*,*,#14538,.T.);
#15083 = ADVANCED_FACE('',(#15084),#14459,.T.);
#15084 = FACE_BOUND('',#15085,.T.);
#15085 = EDGE_LOOP('',(#15086,#15087,#15110,#15137));
#15086 = ORIENTED_EDGE('',*,*,#14444,.T.);
#15087 = ORIENTED_EDGE('',*,*,#15088,.T.);
#15088 = EDGE_CURVE('',#14422,#15089,#15091,.T.);
#15089 = VERTEX_POINT('',#15090);
#15090 = CARTESIAN_POINT('',(-10.31974419764,-30.54136991591,
    10.030822017149));
#15091 = SEAM_CURVE('',#15092,(#15096,#15103),.PCURVE_S1.);
#15092 = LINE('',#15093,#15094);
#15093 = CARTESIAN_POINT('',(-10.39750670319,-22.4427289735,
    10.157186088665));
#15094 = VECTOR('',#15095,1.);
#15095 = DIRECTION('',(9.60030932695E-03,-0.999832215113,
    -1.560050265629E-02));
#15096 = PCURVE('',#14459,#15097);
#15097 = DEFINITIONAL_REPRESENTATION('',(#15098),#15102);
#15098 = LINE('',#15099,#15100);
#15099 = CARTESIAN_POINT('',(6.28318530718,0.));
#15100 = VECTOR('',#15101,1.);
#15101 = DIRECTION('',(0.,1.));
#15102 = ( GEOMETRIC_REPRESENTATION_CONTEXT(2) 
PARAMETRIC_REPRESENTATION_CONTEXT() REPRESENTATION_CONTEXT('2D SPACE',''
  ) );
#15103 = PCURVE('',#14459,#15104);
#15104 = DEFINITIONAL_REPRESENTATION('',(#15105),#15109);
#15105 = LINE('',#15106,#15107);
#15106 = CARTESIAN_POINT('',(4.138911435803E-13,0.));
#15107 = VECTOR('',#15108,1.);
#15108 = DIRECTION('',(0.,1.));
#15109 = ( GEOMETRIC_REPRESENTATION_CONTEXT(2) 
PARAMETRIC_REPRESENTATION_CONTEXT() REPRESENTATION_CONTEXT('2D SPACE',''
  ) );
#15110 = ORIENTED_EDGE('',*,*,#15111,.F.);
#15111 = EDGE_CURVE('',#15089,#15089,#15112,.T.);
#15112 = SURFACE_CURVE('',#15113,(#15118,#15125),.PCURVE_S1.);
#15113 = CIRCLE('',#15114,2.98);
#15114 = AXIS2_PLACEMENT_3D('',#15115,#15116,#15117);
#15115 = CARTESIAN_POINT('',(-10.32019056552,-30.49488256094,
    7.051184668983));
#15116 = DIRECTION('',(9.60030932695E-03,-0.999832215113,
    -1.560050265629E-02));
#15117 = DIRECTION('',(1.497878796293E-04,-1.559978354722E-02,
    0.999878304754));
#15118 = PCURVE('',#14459,#15119);
#15119 = DEFINITIONAL_REPRESENTATION('',(#15120),#15124);
#15120 = LINE('',#15121,#15122);
#15121 = CARTESIAN_POINT('',(0.,8.1));
#15122 = VECTOR('',#15123,1.);
#15123 = DIRECTION('',(1.,0.));
#15124 = ( GEOMETRIC_REPRESENTATION_CONTEXT(2) 
PARAMETRIC_REPRESENTATION_CONTEXT() REPRESENTATION_CONTEXT('2D SPACE',''
  ) );
#15125 = PCURVE('',#15126,#15131);
#15126 = CONICAL_SURFACE('',#15127,2.98,0.221314442348);
#15127 = AXIS2_PLACEMENT_3D('',#15128,#15129,#15130);
#15128 = CARTESIAN_POINT('',(-10.32019056552,-30.49488256094,
    7.051184668983));
#15129 = DIRECTION('',(9.60030932695E-03,-0.999832215113,
    -1.560050265629E-02));
#15130 = DIRECTION('',(1.497878796293E-04,-1.559978354722E-02,
    0.999878304754));
#15131 = DEFINITIONAL_REPRESENTATION('',(#15132),#15136);
#15132 = LINE('',#15133,#15134);
#15133 = CARTESIAN_POINT('',(0.,-3.191313298625E-15));
#15134 = VECTOR('',#15135,1.);
#15135 = DIRECTION('',(1.,0.));
#15136 = ( GEOMETRIC_REPRESENTATION_CONTEXT(2) 
PARAMETRIC_REPRESENTATION_CONTEXT() REPRESENTATION_CONTEXT('2D SPACE',''
  ) );
#15137 = ORIENTED_EDGE('',*,*,#15088,.F.);
#15138 = ADVANCED_FACE('',(#15139),#14520,.F.);
#15139 = FACE_BOUND('',#15140,.F.);
#15140 = EDGE_LOOP('',(#15141,#15142,#15165,#15192));
#15141 = ORIENTED_EDGE('',*,*,#14499,.F.);
#15142 = ORIENTED_EDGE('',*,*,#15143,.F.);
#15143 = EDGE_CURVE('',#15144,#14500,#15146,.T.);
#15144 = VERTEX_POINT('',#15145);
#15145 = CARTESIAN_POINT('',(-3.12341780883,-33.67065153495,
    19.629852464102));
#15146 = SEAM_CURVE('',#15147,(#15151,#15158),.PCURVE_S1.);
#15147 = LINE('',#15148,#15149);
#15148 = CARTESIAN_POINT('',(-3.12341780883,-33.67065153495,
    19.629852464102));
#15149 = VECTOR('',#15150,1.);
#15150 = DIRECTION('',(9.929801703841E-02,-0.994880132442,
    -1.879962457525E-02));
#15151 = PCURVE('',#14520,#15152);
#15152 = DEFINITIONAL_REPRESENTATION('',(#15153),#15157);
#15153 = LINE('',#15154,#15155);
#15154 = CARTESIAN_POINT('',(0.,-0.));
#15155 = VECTOR('',#15156,1.);
#15156 = DIRECTION('',(0.,1.));
#15157 = ( GEOMETRIC_REPRESENTATION_CONTEXT(2) 
PARAMETRIC_REPRESENTATION_CONTEXT() REPRESENTATION_CONTEXT('2D SPACE',''
  ) );
#15158 = PCURVE('',#14520,#15159);
#15159 = DEFINITIONAL_REPRESENTATION('',(#15160),#15164);
#15160 = LINE('',#15161,#15162);
#15161 = CARTESIAN_POINT('',(6.28318530718,-0.));
#15162 = VECTOR('',#15163,1.);
#15163 = DIRECTION('',(0.,1.));
#15164 = ( GEOMETRIC_REPRESENTATION_CONTEXT(2) 
PARAMETRIC_REPRESENTATION_CONTEXT() REPRESENTATION_CONTEXT('2D SPACE',''
  ) );
#15165 = ORIENTED_EDGE('',*,*,#15166,.T.);
#15166 = EDGE_CURVE('',#15144,#15144,#15167,.T.);
#15167 = SURFACE_CURVE('',#15168,(#15173,#15180),.PCURVE_S1.);
#15168 = CIRCLE('',#15169,2.);
#15169 = AXIS2_PLACEMENT_3D('',#15170,#15171,#15172);
#15170 = CARTESIAN_POINT('',(-1.133305834325,-33.47202039707,
    19.629852464102));
#15171 = DIRECTION('',(9.929801703841E-02,-0.994880132442,
    -1.879962457525E-02));
#15172 = DIRECTION('',(-0.995055987252,-9.931556893576E-02,
    5.757113535898E-16));
#15173 = PCURVE('',#14520,#15174);
#15174 = DEFINITIONAL_REPRESENTATION('',(#15175),#15179);
#15175 = LINE('',#15176,#15177);
#15176 = CARTESIAN_POINT('',(0.,0.));
#15177 = VECTOR('',#15178,1.);
#15178 = DIRECTION('',(1.,0.));
#15179 = ( GEOMETRIC_REPRESENTATION_CONTEXT(2) 
PARAMETRIC_REPRESENTATION_CONTEXT() REPRESENTATION_CONTEXT('2D SPACE',''
  ) );
#15180 = PCURVE('',#15181,#15186);
#15181 = PLANE('',#15182);
#15182 = AXIS2_PLACEMENT_3D('',#15183,#15184,#15185);
#15183 = CARTESIAN_POINT('',(-1.133305834325,-33.47202039707,
    19.629852464102));
#15184 = DIRECTION('',(9.929801703841E-02,-0.994880132442,
    -1.879962457525E-02));
#15185 = DIRECTION('',(-0.995055987252,-9.931556893576E-02,
    5.754945131553E-16));
#15186 = DEFINITIONAL_REPRESENTATION('',(#15187),#15191);
#15187 = CIRCLE('',#15188,2.);
#15188 = AXIS2_PLACEMENT_2D('',#15189,#15190);
#15189 = CARTESIAN_POINT('',(0.,0.));
#15190 = DIRECTION('',(1.,-3.318979094204E-19));
#15191 = ( GEOMETRIC_REPRESENTATION_CONTEXT(2) 
PARAMETRIC_REPRESENTATION_CONTEXT() REPRESENTATION_CONTEXT('2D SPACE',''
  ) );
#15192 = ORIENTED_EDGE('',*,*,#15143,.T.);
#15193 = ADVANCED_FACE('',(#15194),#14742,.T.);
#15194 = FACE_BOUND('',#15195,.T.);
#15195 = EDGE_LOOP('',(#15196,#15197,#15220,#15247));
#15196 = ORIENTED_EDGE('',*,*,#14728,.F.);
#15197 = ORIENTED_EDGE('',*,*,#15198,.F.);
#15198 = EDGE_CURVE('',#15199,#14706,#15201,.T.);
#15199 = VERTEX_POINT('',#15200);
#15200 = CARTESIAN_POINT('',(-10.68,0.14,-5.46));
#15201 = SEAM_CURVE('',#15202,(#15206,#15213),.PCURVE_S1.);
#15202 = LINE('',#15203,#15204);
#15203 = CARTESIAN_POINT('',(-10.68,0.14,-5.46));
#15204 = VECTOR('',#15205,1.);
#15205 = DIRECTION('',(0.707106781187,-1.73191211247E-16,0.707106781187)
  );
#15206 = PCURVE('',#14742,#15207);
#15207 = DEFINITIONAL_REPRESENTATION('',(#15208),#15212);
#15208 = LINE('',#15209,#15210);
#15209 = CARTESIAN_POINT('',(0.,-0.));
#15210 = VECTOR('',#15211,1.);
#15211 = DIRECTION('',(0.,1.));
#15212 = ( GEOMETRIC_REPRESENTATION_CONTEXT(2) 
PARAMETRIC_REPRESENTATION_CONTEXT() REPRESENTATION_CONTEXT('2D SPACE',''
  ) );
#15213 = PCURVE('',#14742,#15214);
#15214 = DEFINITIONAL_REPRESENTATION('',(#15215),#15219);
#15215 = LINE('',#15216,#15217);
#15216 = CARTESIAN_POINT('',(6.28318530718,-0.));
#15217 = VECTOR('',#15218,1.);
#15218 = DIRECTION('',(0.,1.));
#15219 = ( GEOMETRIC_REPRESENTATION_CONTEXT(2) 
PARAMETRIC_REPRESENTATION_CONTEXT() REPRESENTATION_CONTEXT('2D SPACE',''
  ) );
#15220 = ORIENTED_EDGE('',*,*,#15221,.T.);
#15221 = EDGE_CURVE('',#15199,#15199,#15222,.T.);
#15222 = SURFACE_CURVE('',#15223,(#15228,#15235),.PCURVE_S1.);
#15223 = CIRCLE('',#15224,1.1);
#15224 = AXIS2_PLACEMENT_3D('',#15225,#15226,#15227);
#15225 = CARTESIAN_POINT('',(-11.78,0.14,-5.46));
#15226 = DIRECTION('',(0.,0.,1.));
#15227 = DIRECTION('',(1.,0.,-0.));
#15228 = PCURVE('',#14742,#15229);
#15229 = DEFINITIONAL_REPRESENTATION('',(#15230),#15234);
#15230 = LINE('',#15231,#15232);
#15231 = CARTESIAN_POINT('',(0.,0.));
#15232 = VECTOR('',#15233,1.);
#15233 = DIRECTION('',(1.,0.));
#15234 = ( GEOMETRIC_REPRESENTATION_CONTEXT(2) 
PARAMETRIC_REPRESENTATION_CONTEXT() REPRESENTATION_CONTEXT('2D SPACE',''
  ) );
#15235 = PCURVE('',#15236,#15241);
#15236 = PLANE('',#15237);
#15237 = AXIS2_PLACEMENT_3D('',#15238,#15239,#15240);
#15238 = CARTESIAN_POINT('',(-11.78,0.14,-5.46));
#15239 = DIRECTION('',(0.,0.,1.));
#15240 = DIRECTION('',(1.,0.,-0.));
#15241 = DEFINITIONAL_REPRESENTATION('',(#15242),#15246);
#15242 = CIRCLE('',#15243,1.1);
#15243 = AXIS2_PLACEMENT_2D('',#15244,#15245);
#15244 = CARTESIAN_POINT('',(0.,0.));
#15245 = DIRECTION('',(1.,0.));
#15246 = ( GEOMETRIC_REPRESENTATION_CONTEXT(2) 
PARAMETRIC_REPRESENTATION_CONTEXT() REPRESENTATION_CONTEXT('2D SPACE',''
  ) );
#15247 = ORIENTED_EDGE('',*,*,#15198,.T.);
#15248 = ADVANCED_FACE('',(#15249),#14927,.T.);
#15249 = FACE_BOUND('',#15250,.T.);
#15250 = EDGE_LOOP('',(#15251,#15252,#15275,#15302));
#15251 = ORIENTED_EDGE('',*,*,#14913,.F.);
#15252 = ORIENTED_EDGE('',*,*,#15253,.F.);
#15253 = EDGE_CURVE('',#15254,#14891,#15256,.T.);
#15254 = VERTEX_POINT('',#15255);
#15255 = CARTESIAN_POINT('',(1.685,9.3E-02,-7.03));
#15256 = SEAM_CURVE('',#15257,(#15261,#15268),.PCURVE_S1.);
#15257 = LINE('',#15258,#15259);
#15258 = CARTESIAN_POINT('',(1.685,9.3E-02,-7.03));
#15259 = VECTOR('',#15260,1.);
#15260 = DIRECTION('',(0.707106781187,-1.73191211247E-16,0.707106781187)
  );
#15261 = PCURVE('',#14927,#15262);
#15262 = DEFINITIONAL_REPRESENTATION('',(#15263),#15267);
#15263 = LINE('',#15264,#15265);
#15264 = CARTESIAN_POINT('',(0.,-0.));
#15265 = VECTOR('',#15266,1.);
#15266 = DIRECTION('',(0.,1.));
#15267 = ( GEOMETRIC_REPRESENTATION_CONTEXT(2) 
PARAMETRIC_REPRESENTATION_CONTEXT() REPRESENTATION_CONTEXT('2D SPACE',''
  ) );
#15268 = PCURVE('',#14927,#15269);
#15269 = DEFINITIONAL_REPRESENTATION('',(#15270),#15274);
#15270 = LINE('',#15271,#15272);
#15271 = CARTESIAN_POINT('',(6.28318530718,-0.));
#15272 = VECTOR('',#15273,1.);
#15273 = DIRECTION('',(0.,1.));
#15274 = ( GEOMETRIC_REPRESENTATION_CONTEXT(2) 
PARAMETRIC_REPRESENTATION_CONTEXT() REPRESENTATION_CONTEXT('2D SPACE',''
  ) );
#15275 = ORIENTED_EDGE('',*,*,#15276,.T.);
#15276 = EDGE_CURVE('',#15254,#15254,#15277,.T.);
#15277 = SURFACE_CURVE('',#15278,(#15283,#15290),.PCURVE_S1.);
#15278 = CIRCLE('',#15279,1.5);
#15279 = AXIS2_PLACEMENT_3D('',#15280,#15281,#15282);
#15280 = CARTESIAN_POINT('',(0.185,9.3E-02,-7.03));
#15281 = DIRECTION('',(0.,0.,1.));
#15282 = DIRECTION('',(1.,0.,-0.));
#15283 = PCURVE('',#14927,#15284);
#15284 = DEFINITIONAL_REPRESENTATION('',(#15285),#15289);
#15285 = LINE('',#15286,#15287);
#15286 = CARTESIAN_POINT('',(0.,0.));
#15287 = VECTOR('',#15288,1.);
#15288 = DIRECTION('',(1.,0.));
#15289 = ( GEOMETRIC_REPRESENTATION_CONTEXT(2) 
PARAMETRIC_REPRESENTATION_CONTEXT() REPRESENTATION_CONTEXT('2D SPACE',''
  ) );
#15290 = PCURVE('',#15291,#15296);
#15291 = PLANE('',#15292);
#15292 = AXIS2_PLACEMENT_3D('',#15293,#15294,#15295);
#15293 = CARTESIAN_POINT('',(0.185,9.3E-02,-7.03));
#15294 = DIRECTION('',(0.,0.,1.));
#15295 = DIRECTION('',(1.,0.,-0.));
#15296 = DEFINITIONAL_REPRESENTATION('',(#15297),#15301);
#15297 = CIRCLE('',#15298,1.5);
#15298 = AXIS2_PLACEMENT_2D('',#15299,#15300);
#15299 = CARTESIAN_POINT('',(0.,0.));
#15300 = DIRECTION('',(1.,0.));
#15301 = ( GEOMETRIC_REPRESENTATION_CONTEXT(2) 
PARAMETRIC_REPRESENTATION_CONTEXT() REPRESENTATION_CONTEXT('2D SPACE',''
  ) );
#15302 = ORIENTED_EDGE('',*,*,#15253,.T.);
#15303 = ADVANCED_FACE('',(#15304),#15126,.T.);
#15304 = FACE_BOUND('',#15305,.T.);
#15305 = EDGE_LOOP('',(#15306,#15307,#15330,#15357));
#15306 = ORIENTED_EDGE('',*,*,#15111,.T.);
#15307 = ORIENTED_EDGE('',*,*,#15308,.T.);
#15308 = EDGE_CURVE('',#15089,#15309,#15311,.T.);
#15309 = VERTEX_POINT('',#15310);
#15310 = CARTESIAN_POINT('',(-10.31203698836,-31.34404364904,
    10.198319709879));
#15311 = SEAM_CURVE('',#15312,(#15316,#15323),.PCURVE_S1.);
#15312 = LINE('',#15313,#15314);
#15313 = CARTESIAN_POINT('',(-10.31974419764,-30.54136991591,
    10.030822017149));
#15314 = VECTOR('',#15315,1.);
#15315 = DIRECTION('',(9.399035707183E-03,-0.978870406255,0.20426547894)
  );
#15316 = PCURVE('',#15126,#15317);
#15317 = DEFINITIONAL_REPRESENTATION('',(#15318),#15322);
#15318 = LINE('',#15319,#15320);
#15319 = CARTESIAN_POINT('',(6.28318530718,0.));
#15320 = VECTOR('',#15321,1.);
#15321 = DIRECTION('',(0.,1.));
#15322 = ( GEOMETRIC_REPRESENTATION_CONTEXT(2) 
PARAMETRIC_REPRESENTATION_CONTEXT() REPRESENTATION_CONTEXT('2D SPACE',''
  ) );
#15323 = PCURVE('',#15126,#15324);
#15324 = DEFINITIONAL_REPRESENTATION('',(#15325),#15329);
#15325 = LINE('',#15326,#15327);
#15326 = CARTESIAN_POINT('',(4.138911435803E-13,0.));
#15327 = VECTOR('',#15328,1.);
#15328 = DIRECTION('',(0.,1.));
#15329 = ( GEOMETRIC_REPRESENTATION_CONTEXT(2) 
PARAMETRIC_REPRESENTATION_CONTEXT() REPRESENTATION_CONTEXT('2D SPACE',''
  ) );
#15330 = ORIENTED_EDGE('',*,*,#15331,.F.);
#15331 = EDGE_CURVE('',#15309,#15309,#15332,.T.);
#15332 = SURFACE_CURVE('',#15333,(#15338,#15345),.PCURVE_S1.);
#15333 = CIRCLE('',#15334,3.16);
#15334 = AXIS2_PLACEMENT_3D('',#15335,#15336,#15337);
#15335 = CARTESIAN_POINT('',(-10.31251031806,-31.29474833303,
    7.038704266858));
#15336 = DIRECTION('',(9.60030932695E-03,-0.999832215113,
    -1.560050265629E-02));
#15337 = DIRECTION('',(1.497878796288E-04,-1.559978354722E-02,
    0.999878304754));
#15338 = PCURVE('',#15126,#15339);
#15339 = DEFINITIONAL_REPRESENTATION('',(#15340),#15344);
#15340 = LINE('',#15341,#15342);
#15341 = CARTESIAN_POINT('',(0.,0.8));
#15342 = VECTOR('',#15343,1.);
#15343 = DIRECTION('',(1.,0.));
#15344 = ( GEOMETRIC_REPRESENTATION_CONTEXT(2) 
PARAMETRIC_REPRESENTATION_CONTEXT() REPRESENTATION_CONTEXT('2D SPACE',''
  ) );
#15345 = PCURVE('',#15346,#15351);
#15346 = CYLINDRICAL_SURFACE('',#15347,3.16);
#15347 = AXIS2_PLACEMENT_3D('',#15348,#15349,#15350);
#15348 = CARTESIAN_POINT('',(-10.31251031806,-31.29474833303,
    7.038704266858));
#15349 = DIRECTION('',(9.60030932695E-03,-0.999832215113,
    -1.560050265629E-02));
#15350 = DIRECTION('',(1.497878796288E-04,-1.559978354722E-02,
    0.999878304754));
#15351 = DEFINITIONAL_REPRESENTATION('',(#15352),#15356);
#15352 = LINE('',#15353,#15354);
#15353 = CARTESIAN_POINT('',(0.,0.));
#15354 = VECTOR('',#15355,1.);
#15355 = DIRECTION('',(1.,0.));
#15356 = ( GEOMETRIC_REPRESENTATION_CONTEXT(2) 
PARAMETRIC_REPRESENTATION_CONTEXT() REPRESENTATION_CONTEXT('2D SPACE',''
  ) );
#15357 = ORIENTED_EDGE('',*,*,#15308,.F.);
#15358 = ADVANCED_FACE('',(#15359),#15181,.T.);
#15359 = FACE_BOUND('',#15360,.F.);
#15360 = EDGE_LOOP('',(#15361));
#15361 = ORIENTED_EDGE('',*,*,#15166,.F.);
#15362 = ADVANCED_FACE('',(#15363),#15236,.F.);
#15363 = FACE_BOUND('',#15364,.T.);
#15364 = EDGE_LOOP('',(#15365));
#15365 = ORIENTED_EDGE('',*,*,#15221,.F.);
#15366 = ADVANCED_FACE('',(#15367),#15291,.F.);
#15367 = FACE_BOUND('',#15368,.T.);
#15368 = EDGE_LOOP('',(#15369));
#15369 = ORIENTED_EDGE('',*,*,#15276,.F.);
#15370 = ADVANCED_FACE('',(#15371),#15346,.T.);
#15371 = FACE_BOUND('',#15372,.T.);
#15372 = EDGE_LOOP('',(#15373,#15374,#15397,#15424));
#15373 = ORIENTED_EDGE('',*,*,#15331,.T.);
#15374 = ORIENTED_EDGE('',*,*,#15375,.T.);
#15375 = EDGE_CURVE('',#15309,#15376,#15378,.T.);
#15376 = VERTEX_POINT('',#15377);
#15377 = CARTESIAN_POINT('',(-10.30627680277,-31.94394297811,
    10.188959408286));
#15378 = SEAM_CURVE('',#15379,(#15383,#15390),.PCURVE_S1.);
#15379 = LINE('',#15380,#15381);
#15380 = CARTESIAN_POINT('',(-10.31203698836,-31.34404364904,
    10.198319709879));
#15381 = VECTOR('',#15382,1.);
#15382 = DIRECTION('',(9.60030932695E-03,-0.999832215113,
    -1.560050265629E-02));
#15383 = PCURVE('',#15346,#15384);
#15384 = DEFINITIONAL_REPRESENTATION('',(#15385),#15389);
#15385 = LINE('',#15386,#15387);
#15386 = CARTESIAN_POINT('',(6.28318530718,0.));
#15387 = VECTOR('',#15388,1.);
#15388 = DIRECTION('',(0.,1.));
#15389 = ( GEOMETRIC_REPRESENTATION_CONTEXT(2) 
PARAMETRIC_REPRESENTATION_CONTEXT() REPRESENTATION_CONTEXT('2D SPACE',''
  ) );
#15390 = PCURVE('',#15346,#15391);
#15391 = DEFINITIONAL_REPRESENTATION('',(#15392),#15396);
#15392 = LINE('',#15393,#15394);
#15393 = CARTESIAN_POINT('',(4.138911435803E-13,0.));
#15394 = VECTOR('',#15395,1.);
#15395 = DIRECTION('',(0.,1.));
#15396 = ( GEOMETRIC_REPRESENTATION_CONTEXT(2) 
PARAMETRIC_REPRESENTATION_CONTEXT() REPRESENTATION_CONTEXT('2D SPACE',''
  ) );
#15397 = ORIENTED_EDGE('',*,*,#15398,.F.);
#15398 = EDGE_CURVE('',#15376,#15376,#15399,.T.);
#15399 = SURFACE_CURVE('',#15400,(#15405,#15412),.PCURVE_S1.);
#15400 = CIRCLE('',#15401,3.16);
#15401 = AXIS2_PLACEMENT_3D('',#15402,#15403,#15404);
#15402 = CARTESIAN_POINT('',(-10.30675013247,-31.8946476621,
    7.029343965264));
#15403 = DIRECTION('',(9.60030932695E-03,-0.999832215113,
    -1.560050265629E-02));
#15404 = DIRECTION('',(1.497878796288E-04,-1.559978354722E-02,
    0.999878304754));
#15405 = PCURVE('',#15346,#15406);
#15406 = DEFINITIONAL_REPRESENTATION('',(#15407),#15411);
#15407 = LINE('',#15408,#15409);
#15408 = CARTESIAN_POINT('',(0.,0.6));
#15409 = VECTOR('',#15410,1.);
#15410 = DIRECTION('',(1.,0.));
#15411 = ( GEOMETRIC_REPRESENTATION_CONTEXT(2) 
PARAMETRIC_REPRESENTATION_CONTEXT() REPRESENTATION_CONTEXT('2D SPACE',''
  ) );
#15412 = PCURVE('',#15413,#15418);
#15413 = CONICAL_SURFACE('',#15414,3.16,0.19739555985);
#15414 = AXIS2_PLACEMENT_3D('',#15415,#15416,#15417);
#15415 = CARTESIAN_POINT('',(-10.30675013247,-31.8946476621,
    7.029343965264));
#15416 = DIRECTION('',(-9.60030932695E-03,0.999832215113,
    1.560050265629E-02));
#15417 = DIRECTION('',(1.497878796288E-04,-1.559978354722E-02,
    0.999878304754));
#15418 = DEFINITIONAL_REPRESENTATION('',(#15419),#15423);
#15419 = LINE('',#15420,#15421);
#15420 = CARTESIAN_POINT('',(6.28318530718,3.416070845E-15));
#15421 = VECTOR('',#15422,1.);
#15422 = DIRECTION('',(-1.,0.));
#15423 = ( GEOMETRIC_REPRESENTATION_CONTEXT(2) 
PARAMETRIC_REPRESENTATION_CONTEXT() REPRESENTATION_CONTEXT('2D SPACE',''
  ) );
#15424 = ORIENTED_EDGE('',*,*,#15375,.F.);
#15425 = ADVANCED_FACE('',(#15426),#15413,.T.);
#15426 = FACE_BOUND('',#15427,.T.);
#15427 = EDGE_LOOP('',(#15428,#15429,#15452,#15479));
#15428 = ORIENTED_EDGE('',*,*,#15398,.T.);
#15429 = ORIENTED_EDGE('',*,*,#15430,.T.);
#15430 = EDGE_CURVE('',#15376,#15431,#15433,.T.);
#15431 = VERTEX_POINT('',#15432);
#15432 = CARTESIAN_POINT('',(-10.29766348619,-32.84098401067,
    9.994940861039));
#15433 = SEAM_CURVE('',#15434,(#15438,#15445),.PCURVE_S1.);
#15434 = LINE('',#15435,#15436);
#15435 = CARTESIAN_POINT('',(-10.30627680277,-31.94394297811,
    10.188959408286));
#15436 = VECTOR('',#15437,1.);
#15437 = DIRECTION('',(9.384501986618E-03,-0.977356779815,
    -0.211389820173));
#15438 = PCURVE('',#15413,#15439);
#15439 = DEFINITIONAL_REPRESENTATION('',(#15440),#15444);
#15440 = LINE('',#15441,#15442);
#15441 = CARTESIAN_POINT('',(0.,0.));
#15442 = VECTOR('',#15443,1.);
#15443 = DIRECTION('',(-0.,-1.));
#15444 = ( GEOMETRIC_REPRESENTATION_CONTEXT(2) 
PARAMETRIC_REPRESENTATION_CONTEXT() REPRESENTATION_CONTEXT('2D SPACE',''
  ) );
#15445 = PCURVE('',#15413,#15446);
#15446 = DEFINITIONAL_REPRESENTATION('',(#15447),#15451);
#15447 = LINE('',#15448,#15449);
#15448 = CARTESIAN_POINT('',(6.283185307179,0.));
#15449 = VECTOR('',#15450,1.);
#15450 = DIRECTION('',(-0.,-1.));
#15451 = ( GEOMETRIC_REPRESENTATION_CONTEXT(2) 
PARAMETRIC_REPRESENTATION_CONTEXT() REPRESENTATION_CONTEXT('2D SPACE',''
  ) );
#15452 = ORIENTED_EDGE('',*,*,#15453,.F.);
#15453 = EDGE_CURVE('',#15431,#15431,#15454,.T.);
#15454 = SURFACE_CURVE('',#15455,(#15460,#15467),.PCURVE_S1.);
#15455 = CIRCLE('',#15456,2.98);
#15456 = AXIS2_PLACEMENT_3D('',#15457,#15458,#15459);
#15457 = CARTESIAN_POINT('',(-10.29810985407,-32.7944966557,
    7.015303512874));
#15458 = DIRECTION('',(9.60030932695E-03,-0.999832215113,
    -1.560050265629E-02));
#15459 = DIRECTION('',(1.497878796294E-04,-1.559978354722E-02,
    0.999878304754));
#15460 = PCURVE('',#15413,#15461);
#15461 = DEFINITIONAL_REPRESENTATION('',(#15462),#15466);
#15462 = LINE('',#15463,#15464);
#15463 = CARTESIAN_POINT('',(6.28318530718,-0.899999999998));
#15464 = VECTOR('',#15465,1.);
#15465 = DIRECTION('',(-1.,0.));
#15466 = ( GEOMETRIC_REPRESENTATION_CONTEXT(2) 
PARAMETRIC_REPRESENTATION_CONTEXT() REPRESENTATION_CONTEXT('2D SPACE',''
  ) );
#15467 = PCURVE('',#15468,#15473);
#15468 = CYLINDRICAL_SURFACE('',#15469,2.98);
#15469 = AXIS2_PLACEMENT_3D('',#15470,#15471,#15472);
#15470 = CARTESIAN_POINT('',(-10.29810985407,-32.7944966557,
    7.015303512874));
#15471 = DIRECTION('',(9.60030932695E-03,-0.999832215113,
    -1.560050265629E-02));
#15472 = DIRECTION('',(1.497878796294E-04,-1.559978354722E-02,
    0.999878304754));
#15473 = DEFINITIONAL_REPRESENTATION('',(#15474),#15478);
#15474 = LINE('',#15475,#15476);
#15475 = CARTESIAN_POINT('',(0.,0.));
#15476 = VECTOR('',#15477,1.);
#15477 = DIRECTION('',(1.,0.));
#15478 = ( GEOMETRIC_REPRESENTATION_CONTEXT(2) 
PARAMETRIC_REPRESENTATION_CONTEXT() REPRESENTATION_CONTEXT('2D SPACE',''
  ) );
#15479 = ORIENTED_EDGE('',*,*,#15430,.F.);
#15480 = ADVANCED_FACE('',(#15481),#15468,.T.);
#15481 = FACE_BOUND('',#15482,.T.);
#15482 = EDGE_LOOP('',(#15483,#15484,#15507,#15534));
#15483 = ORIENTED_EDGE('',*,*,#15453,.T.);
#15484 = ORIENTED_EDGE('',*,*,#15485,.T.);
#15485 = EDGE_CURVE('',#15431,#15486,#15488,.T.);
#15486 = VERTEX_POINT('',#15487);
#15487 = CARTESIAN_POINT('',(-10.27174265101,-35.54053099148,
    9.952819503867));
#15488 = SEAM_CURVE('',#15489,(#15493,#15500),.PCURVE_S1.);
#15489 = LINE('',#15490,#15491);
#15490 = CARTESIAN_POINT('',(-10.29766348619,-32.84098401067,
    9.994940861039));
#15491 = VECTOR('',#15492,1.);
#15492 = DIRECTION('',(9.600309326949E-03,-0.999832215113,
    -1.560050265629E-02));
#15493 = PCURVE('',#15468,#15494);
#15494 = DEFINITIONAL_REPRESENTATION('',(#15495),#15499);
#15495 = LINE('',#15496,#15497);
#15496 = CARTESIAN_POINT('',(6.28318530718,0.));
#15497 = VECTOR('',#15498,1.);
#15498 = DIRECTION('',(0.,1.));
#15499 = ( GEOMETRIC_REPRESENTATION_CONTEXT(2) 
PARAMETRIC_REPRESENTATION_CONTEXT() REPRESENTATION_CONTEXT('2D SPACE',''
  ) );
#15500 = PCURVE('',#15468,#15501);
#15501 = DEFINITIONAL_REPRESENTATION('',(#15502),#15506);
#15502 = LINE('',#15503,#15504);
#15503 = CARTESIAN_POINT('',(4.138911435803E-13,0.));
#15504 = VECTOR('',#15505,1.);
#15505 = DIRECTION('',(0.,1.));
#15506 = ( GEOMETRIC_REPRESENTATION_CONTEXT(2) 
PARAMETRIC_REPRESENTATION_CONTEXT() REPRESENTATION_CONTEXT('2D SPACE',''
  ) );
#15507 = ORIENTED_EDGE('',*,*,#15508,.F.);
#15508 = EDGE_CURVE('',#15486,#15486,#15509,.T.);
#15509 = SURFACE_CURVE('',#15510,(#15515,#15522),.PCURVE_S1.);
#15510 = CIRCLE('',#15511,2.98);
#15511 = AXIS2_PLACEMENT_3D('',#15512,#15513,#15514);
#15512 = CARTESIAN_POINT('',(-10.27218901889,-35.49404363651,
    6.973182155702));
#15513 = DIRECTION('',(9.60030932695E-03,-0.999832215113,
    -1.560050265629E-02));
#15514 = DIRECTION('',(1.497878796287E-04,-1.559978354722E-02,
    0.999878304754));
#15515 = PCURVE('',#15468,#15516);
#15516 = DEFINITIONAL_REPRESENTATION('',(#15517),#15521);
#15517 = LINE('',#15518,#15519);
#15518 = CARTESIAN_POINT('',(0.,2.7));
#15519 = VECTOR('',#15520,1.);
#15520 = DIRECTION('',(1.,0.));
#15521 = ( GEOMETRIC_REPRESENTATION_CONTEXT(2) 
PARAMETRIC_REPRESENTATION_CONTEXT() REPRESENTATION_CONTEXT('2D SPACE',''
  ) );
#15522 = PCURVE('',#15523,#15528);
#15523 = CONICAL_SURFACE('',#15524,2.98,0.759762754876);
#15524 = AXIS2_PLACEMENT_3D('',#15525,#15526,#15527);
#15525 = CARTESIAN_POINT('',(-10.27218901889,-35.49404363651,
    6.973182155702));
#15526 = DIRECTION('',(-9.60030932695E-03,0.999832215113,
    1.560050265629E-02));
#15527 = DIRECTION('',(1.497878796287E-04,-1.559978354722E-02,
    0.999878304754));
#15528 = DEFINITIONAL_REPRESENTATION('',(#15529),#15533);
#15529 = LINE('',#15530,#15531);
#15530 = CARTESIAN_POINT('',(6.28318530718,-2.626020294775E-15));
#15531 = VECTOR('',#15532,1.);
#15532 = DIRECTION('',(-1.,0.));
#15533 = ( GEOMETRIC_REPRESENTATION_CONTEXT(2) 
PARAMETRIC_REPRESENTATION_CONTEXT() REPRESENTATION_CONTEXT('2D SPACE',''
  ) );
#15534 = ORIENTED_EDGE('',*,*,#15485,.F.);
#15535 = ADVANCED_FACE('',(#15536),#15523,.T.);
#15536 = FACE_BOUND('',#15537,.T.);
#15537 = EDGE_LOOP('',(#15538,#15539,#15562,#15593));
#15538 = ORIENTED_EDGE('',*,*,#15508,.T.);
#15539 = ORIENTED_EDGE('',*,*,#15540,.T.);
#15540 = EDGE_CURVE('',#15486,#15541,#15543,.T.);
#15541 = VERTEX_POINT('',#15542);
#15542 = CARTESIAN_POINT('',(-10.26795944667,-35.93453595977,
    9.566625546998));
#15543 = SEAM_CURVE('',#15544,(#15548,#15555),.PCURVE_S1.);
#15544 = LINE('',#15545,#15546);
#15545 = CARTESIAN_POINT('',(-10.27174265101,-35.54053099148,
    9.952819503867));
#15546 = VECTOR('',#15547,1.);
#15547 = DIRECTION('',(6.857052502875E-03,-0.714133447122,
    -0.699975999969));
#15548 = PCURVE('',#15523,#15549);
#15549 = DEFINITIONAL_REPRESENTATION('',(#15550),#15554);
#15550 = LINE('',#15551,#15552);
#15551 = CARTESIAN_POINT('',(0.,0.));
#15552 = VECTOR('',#15553,1.);
#15553 = DIRECTION('',(-0.,-1.));
#15554 = ( GEOMETRIC_REPRESENTATION_CONTEXT(2) 
PARAMETRIC_REPRESENTATION_CONTEXT() REPRESENTATION_CONTEXT('2D SPACE',''
  ) );
#15555 = PCURVE('',#15523,#15556);
#15556 = DEFINITIONAL_REPRESENTATION('',(#15557),#15561);
#15557 = LINE('',#15558,#15559);
#15558 = CARTESIAN_POINT('',(6.283185307179,0.));
#15559 = VECTOR('',#15560,1.);
#15560 = DIRECTION('',(-0.,-1.));
#15561 = ( GEOMETRIC_REPRESENTATION_CONTEXT(2) 
PARAMETRIC_REPRESENTATION_CONTEXT() REPRESENTATION_CONTEXT('2D SPACE',''
  ) );
#15562 = ORIENTED_EDGE('',*,*,#15563,.F.);
#15563 = EDGE_CURVE('',#15541,#15541,#15564,.T.);
#15564 = SURFACE_CURVE('',#15565,(#15570,#15577),.PCURVE_S1.);
#15565 = CIRCLE('',#15566,2.6);
#15566 = AXIS2_PLACEMENT_3D('',#15567,#15568,#15569);
#15567 = CARTESIAN_POINT('',(-10.26834889516,-35.89397652255,
    6.966941954639));
#15568 = DIRECTION('',(9.60030932695E-03,-0.999832215113,
    -1.560050265629E-02));
#15569 = DIRECTION('',(1.497878796293E-04,-1.559978354722E-02,
    0.999878304754));
#15570 = PCURVE('',#15523,#15571);
#15571 = DEFINITIONAL_REPRESENTATION('',(#15572),#15576);
#15572 = LINE('',#15573,#15574);
#15573 = CARTESIAN_POINT('',(6.28318530718,-0.399999999997));
#15574 = VECTOR('',#15575,1.);
#15575 = DIRECTION('',(-1.,0.));
#15576 = ( GEOMETRIC_REPRESENTATION_CONTEXT(2) 
PARAMETRIC_REPRESENTATION_CONTEXT() REPRESENTATION_CONTEXT('2D SPACE',''
  ) );
#15577 = PCURVE('',#15578,#15583);
#15578 = PLANE('',#15579);
#15579 = AXIS2_PLACEMENT_3D('',#15580,#15581,#15582);
#15580 = CARTESIAN_POINT('',(-10.26834889516,-35.89397652255,
    6.966941954639));
#15581 = DIRECTION('',(-9.60030932695E-03,0.999832215113,
    1.560050265629E-02));
#15582 = DIRECTION('',(-1.497878796293E-04,1.559978354722E-02,
    -0.999878304754));
#15583 = DEFINITIONAL_REPRESENTATION('',(#15584),#15592);
#15584 = ( BOUNDED_CURVE() B_SPLINE_CURVE(2,(#15585,#15586,#15587,#15588
    ,#15589,#15590,#15591),.UNSPECIFIED.,.T.,.F.) 
B_SPLINE_CURVE_WITH_KNOTS((1,2,2,2,2,1),(-2.094395102393,0.,
    2.094395102393,4.188790204786,6.28318530718,8.377580409573),
.UNSPECIFIED.) CURVE() GEOMETRIC_REPRESENTATION_ITEM() 
RATIONAL_B_SPLINE_CURVE((1.,0.5,1.,0.5,1.,0.5,1.)) REPRESENTATION_ITEM(
  '') );
#15585 = CARTESIAN_POINT('',(-2.6,-9.108186103802E-20));
#15586 = CARTESIAN_POINT('',(-2.6,4.503332099679));
#15587 = CARTESIAN_POINT('',(1.3,2.25166604984));
#15588 = CARTESIAN_POINT('',(5.2,6.369984992787E-16));
#15589 = CARTESIAN_POINT('',(1.3,-2.25166604984));
#15590 = CARTESIAN_POINT('',(-2.6,-4.503332099679));
#15591 = CARTESIAN_POINT('',(-2.6,-9.108186103802E-20));
#15592 = ( GEOMETRIC_REPRESENTATION_CONTEXT(2) 
PARAMETRIC_REPRESENTATION_CONTEXT() REPRESENTATION_CONTEXT('2D SPACE',''
  ) );
#15593 = ORIENTED_EDGE('',*,*,#15540,.F.);
#15594 = ADVANCED_FACE('',(#15595,#15598),#15578,.F.);
#15595 = FACE_BOUND('',#15596,.T.);
#15596 = EDGE_LOOP('',(#15597));
#15597 = ORIENTED_EDGE('',*,*,#15563,.T.);
#15598 = FACE_BOUND('',#15599,.T.);
#15599 = EDGE_LOOP('',(#15600));
#15600 = ORIENTED_EDGE('',*,*,#15601,.F.);
#15601 = EDGE_CURVE('',#15602,#15602,#15604,.T.);
#15602 = VERTEX_POINT('',#15603);
#15603 = CARTESIAN_POINT('',(-10.26834889516,-35.86667438471,
    5.217154940952));
#15604 = SURFACE_CURVE('',#15605,(#15610,#15621),.PCURVE_S1.);
#15605 = CIRCLE('',#15606,1.75);
#15606 = AXIS2_PLACEMENT_3D('',#15607,#15608,#15609);
#15607 = CARTESIAN_POINT('',(-10.26834889516,-35.89397652255,
    6.966941954639));
#15608 = DIRECTION('',(9.60030932695E-03,-0.999832215113,
    -1.560050265629E-02));
#15609 = DIRECTION('',(-2.152141312384E-17,1.560122162348E-02,
    -0.999878293536));
#15610 = PCURVE('',#15578,#15611);
#15611 = DEFINITIONAL_REPRESENTATION('',(#15612),#15620);
#15612 = ( BOUNDED_CURVE() B_SPLINE_CURVE(2,(#15613,#15614,#15615,#15616
    ,#15617,#15618,#15619),.UNSPECIFIED.,.T.,.F.) 
B_SPLINE_CURVE_WITH_KNOTS((1,2,2,2,2,1),(-2.094395102393,0.,
    2.094395102393,4.188790204786,6.28318530718,8.377580409573),
.UNSPECIFIED.) CURVE() GEOMETRIC_REPRESENTATION_ITEM() 
RATIONAL_B_SPLINE_CURVE((1.,0.5,1.,0.5,1.,0.5,1.)) REPRESENTATION_ITEM(
  '') );
#15613 = CARTESIAN_POINT('',(1.749999980366,-2.621408698593E-04));
#15614 = CARTESIAN_POINT('',(1.749545939061,-3.031351020109));
#15615 = CARTESIAN_POINT('',(-0.875227010836,-1.515413369185));
#15616 = CARTESIAN_POINT('',(-3.499999960733,5.242817397181E-04));
#15617 = CARTESIAN_POINT('',(-0.87477296953,1.515675510054));
#15618 = CARTESIAN_POINT('',(1.750454021672,3.030826738369));
#15619 = CARTESIAN_POINT('',(1.749999980366,-2.621408698593E-04));
#15620 = ( GEOMETRIC_REPRESENTATION_CONTEXT(2) 
PARAMETRIC_REPRESENTATION_CONTEXT() REPRESENTATION_CONTEXT('2D SPACE',''
  ) );
#15621 = PCURVE('',#15622,#15627);
#15622 = CYLINDRICAL_SURFACE('',#15623,1.75);
#15623 = AXIS2_PLACEMENT_3D('',#15624,#15625,#15626);
#15624 = CARTESIAN_POINT('',(-10.29714982314,-32.89447987721,
    7.013743462608));
#15625 = DIRECTION('',(9.60030932695E-03,-0.999832215113,
    -1.560050265629E-02));
#15626 = DIRECTION('',(-2.149430806953E-17,1.560122162348E-02,
    -0.999878293536));
#15627 = DEFINITIONAL_REPRESENTATION('',(#15628),#15632);
#15628 = LINE('',#15629,#15630);
#15629 = CARTESIAN_POINT('',(0.,3.));
#15630 = VECTOR('',#15631,1.);
#15631 = DIRECTION('',(1.,0.));
#15632 = ( GEOMETRIC_REPRESENTATION_CONTEXT(2) 
PARAMETRIC_REPRESENTATION_CONTEXT() REPRESENTATION_CONTEXT('2D SPACE',''
  ) );
#15633 = ADVANCED_FACE('',(#15634),#15622,.F.);
#15634 = FACE_BOUND('',#15635,.F.);
#15635 = EDGE_LOOP('',(#15636,#15637,#15660,#15687));
#15636 = ORIENTED_EDGE('',*,*,#15601,.F.);
#15637 = ORIENTED_EDGE('',*,*,#15638,.F.);
#15638 = EDGE_CURVE('',#15639,#15602,#15641,.T.);
#15639 = VERTEX_POINT('',#15640);
#15640 = CARTESIAN_POINT('',(-10.29714982314,-32.86717773937,
    5.26395644892));
#15641 = SEAM_CURVE('',#15642,(#15646,#15653),.PCURVE_S1.);
#15642 = LINE('',#15643,#15644);
#15643 = CARTESIAN_POINT('',(-10.29714982314,-32.86717773937,
    5.26395644892));
#15644 = VECTOR('',#15645,1.);
#15645 = DIRECTION('',(9.60030932695E-03,-0.999832215113,
    -1.560050265629E-02));
#15646 = PCURVE('',#15622,#15647);
#15647 = DEFINITIONAL_REPRESENTATION('',(#15648),#15652);
#15648 = LINE('',#15649,#15650);
#15649 = CARTESIAN_POINT('',(0.,-0.));
#15650 = VECTOR('',#15651,1.);
#15651 = DIRECTION('',(0.,1.));
#15652 = ( GEOMETRIC_REPRESENTATION_CONTEXT(2) 
PARAMETRIC_REPRESENTATION_CONTEXT() REPRESENTATION_CONTEXT('2D SPACE',''
  ) );
#15653 = PCURVE('',#15622,#15654);
#15654 = DEFINITIONAL_REPRESENTATION('',(#15655),#15659);
#15655 = LINE('',#15656,#15657);
#15656 = CARTESIAN_POINT('',(6.28318530718,-0.));
#15657 = VECTOR('',#15658,1.);
#15658 = DIRECTION('',(0.,1.));
#15659 = ( GEOMETRIC_REPRESENTATION_CONTEXT(2) 
PARAMETRIC_REPRESENTATION_CONTEXT() REPRESENTATION_CONTEXT('2D SPACE',''
  ) );
#15660 = ORIENTED_EDGE('',*,*,#15661,.T.);
#15661 = EDGE_CURVE('',#15639,#15639,#15662,.T.);
#15662 = SURFACE_CURVE('',#15663,(#15668,#15675),.PCURVE_S1.);
#15663 = CIRCLE('',#15664,1.75);
#15664 = AXIS2_PLACEMENT_3D('',#15665,#15666,#15667);
#15665 = CARTESIAN_POINT('',(-10.29714982314,-32.89447987721,
    7.013743462608));
#15666 = DIRECTION('',(9.60030932695E-03,-0.999832215113,
    -1.560050265629E-02));
#15667 = DIRECTION('',(-2.152141312384E-17,1.560122162348E-02,
    -0.999878293536));
#15668 = PCURVE('',#15622,#15669);
#15669 = DEFINITIONAL_REPRESENTATION('',(#15670),#15674);
#15670 = LINE('',#15671,#15672);
#15671 = CARTESIAN_POINT('',(0.,0.));
#15672 = VECTOR('',#15673,1.);
#15673 = DIRECTION('',(1.,0.));
#15674 = ( GEOMETRIC_REPRESENTATION_CONTEXT(2) 
PARAMETRIC_REPRESENTATION_CONTEXT() REPRESENTATION_CONTEXT('2D SPACE',''
  ) );
#15675 = PCURVE('',#15676,#15681);
#15676 = PLANE('',#15677);
#15677 = AXIS2_PLACEMENT_3D('',#15678,#15679,#15680);
#15678 = CARTESIAN_POINT('',(-10.29714982314,-32.89447987721,
    7.013743462608));
#15679 = DIRECTION('',(9.60030932695E-03,-0.999832215113,
    -1.560050265629E-02));
#15680 = DIRECTION('',(-2.149430806953E-17,1.560122162348E-02,
    -0.999878293536));
#15681 = DEFINITIONAL_REPRESENTATION('',(#15682),#15686);
#15682 = CIRCLE('',#15683,1.75);
#15683 = AXIS2_PLACEMENT_2D('',#15684,#15685);
#15684 = CARTESIAN_POINT('',(0.,0.));
#15685 = DIRECTION('',(1.,-2.710505431214E-20));
#15686 = ( GEOMETRIC_REPRESENTATION_CONTEXT(2) 
PARAMETRIC_REPRESENTATION_CONTEXT() REPRESENTATION_CONTEXT('2D SPACE',''
  ) );
#15687 = ORIENTED_EDGE('',*,*,#15638,.T.);
#15688 = ADVANCED_FACE('',(#15689),#15676,.T.);
#15689 = FACE_BOUND('',#15690,.F.);
#15690 = EDGE_LOOP('',(#15691));
#15691 = ORIENTED_EDGE('',*,*,#15661,.F.);
#15692 = ( GEOMETRIC_REPRESENTATION_CONTEXT(3) 
GLOBAL_UNCERTAINTY_ASSIGNED_CONTEXT((#15696)) 
GLOBAL_UNIT_ASSIGNED_CONTEXT((#15693,#15694,#15695)) 
REPRESENTATION_CONTEXT('Context #1',
  '3D Context with UNIT and UNCERTAINTY') );
#15693 = ( LENGTH_UNIT() NAMED_UNIT(*) SI_UNIT(.MILLI.,.METRE.) );
#15694 = ( NAMED_UNIT(*) PLANE_ANGLE_UNIT() SI_UNIT($,.RADIAN.) );
#15695 = ( NAMED_UNIT(*) SI_UNIT($,.STERADIAN.) SOLID_ANGLE_UNIT() );
#15696 = UNCERTAINTY_MEASURE_WITH_UNIT(LENGTH_MEASURE(1.E-07),#15693,
  'distance_accuracy_value','confusion accuracy');
#15697 = PRODUCT_RELATED_PRODUCT_CATEGORY('part',$,(#7));
ENDSEC;
END-ISO-10303-21;
