ISO-10303-21;
HEADER;
FILE_DESCRIPTION(('Open CASCADE Model'),'2;1');
FILE_NAME('Open CASCADE Shape Model','2026-09-25T14:52:25',('Author'),(
    'Open CASCADE'),'Open CASCADE STEP processor 8.0','build123d',
  'Unknown');
FILE_SCHEMA(('AUTOMOTIVE_DESIGN { 1 0 10303 214 1 1 1 1 }'));
ENDSEC;
DATA;
#1 = APPLICATION_PROTOCOL_DEFINITION('international standard',
  'automotive_design',2000,#2);
#2 = APPLICATION_CONTEXT(
  'core data for automotive mechanical design processes');
#3 = SHAPE_DEFINITION_REPRESENTATION(#4,#10);
#4 = PRODUCT_DEFINITION_SHAPE('','',#5);
#5 = PRODUCT_DEFINITION('design','',#6,#9);
#6 = PRODUCT_DEFINITION_FORMATION('','',#7);
#7 = PRODUCT('OD-S03','OD-S03 Steam knob','',(#8));
#8 = PRODUCT_CONTEXT('',#2,'mechanical');
#9 = PRODUCT_DEFINITION_CONTEXT('part definition',#2,'design');
#10 = ADVANCED_BREP_SHAPE_REPRESENTATION('',(#11,#15),#8827);
#11 = AXIS2_PLACEMENT_3D('',#12,#13,#14);
#12 = CARTESIAN_POINT('',(0.,0.,0.));
#13 = DIRECTION('',(0.,0.,1.));
#14 = DIRECTION('',(1.,0.,-0.));
#15 = MANIFOLD_SOLID_BREP('OD-S03 Steam knob',#16);
#16 = CLOSED_SHELL('',(#17,#135,#221,#301,#381,#457,#515,#573,#647,#705,
    #994,#1052,#1143,#1212,#1238,#1264,#1313,#1339,#1346,#1401,#1471,
    #1518,#1565,#1610,#1655,#1684,#1710,#1717,#1752,#1761,#1817,#1872,
    #1928,#1963,#2019,#2054,#3324,#3402,#3489,#3543,#3626,#3676,#3758,
    #3812,#3895,#3945,#4027,#4081,#4164,#4214,#4296,#4350,#4406,#4464,
    #4607,#4614,#4621,#4628,#4910,#4989,#4994,#5250,#6096,#6309,#6339,
    #6370,#6707,#6715,#6771,#6953,#7233,#7278,#7309,#8050,#8056,#8517,
    #8605,#8629,#8676,#8706,#8713,#8768,#8823));
#17 = ADVANCED_FACE('',(#18),#32,.T.);
#18 = FACE_BOUND('',#19,.T.);
#19 = EDGE_LOOP('',(#20,#53,#82,#108));
#20 = ORIENTED_EDGE('',*,*,#21,.T.);
#21 = EDGE_CURVE('',#22,#24,#26,.T.);
#22 = VERTEX_POINT('',#23);
#23 = CARTESIAN_POINT('',(10.31211777011,-7.470499805077,2.330100965872)
  );
#24 = VERTEX_POINT('',#25);
#25 = CARTESIAN_POINT('',(10.772814839592,-7.801023749689,
    13.126794593745));
#26 = SURFACE_CURVE('',#27,(#31,#42),.PCURVE_S1.);
#27 = LINE('',#28,#29);
#28 = CARTESIAN_POINT('',(10.212691897378,-7.399167396366,0.));
#29 = VECTOR('',#30,1.);
#30 = DIRECTION('',(4.26114801018E-02,-3.057131339007E-02,0.998623881429
    ));
#31 = PCURVE('',#32,#37);
#32 = CONICAL_SURFACE('',#33,12.5298,5.246778637441E-02);
#33 = AXIS2_PLACEMENT_3D('',#34,#35,#36);
#34 = CARTESIAN_POINT('',(3.2E-02,-9.51E-02,0.));
#35 = DIRECTION('',(0.,0.,1.));
#36 = DIRECTION('',(1.,0.,-0.));
#37 = DEFINITIONAL_REPRESENTATION('',(#38),#41);
#38 = B_SPLINE_CURVE_WITH_KNOTS('',1,(#39,#40),.UNSPECIFIED.,.F.,.F.,(2,
    2),(0.,13.708044852233),.PIECEWISE_BEZIER_KNOTS.);
#39 = CARTESIAN_POINT('',(5.660848224736,9.303055764788E-17));
#40 = CARTESIAN_POINT('',(5.660848224736,13.689180957145));
#41 = ( GEOMETRIC_REPRESENTATION_CONTEXT(2) 
PARAMETRIC_REPRESENTATION_CONTEXT() REPRESENTATION_CONTEXT('2D SPACE',''
  ) );
#42 = PCURVE('',#43,#48);
#43 = CONICAL_SURFACE('',#44,7.014649578965,5.246778637441E-02);
#44 = AXIS2_PLACEMENT_3D('',#45,#46,#47);
#45 = CARTESIAN_POINT('',(15.912223105499,-11.48825686999,0.));
#46 = DIRECTION('',(-0.,-0.,-1.));
#47 = DIRECTION('',(-0.812518308144,0.582935673065,0.));
#48 = DEFINITIONAL_REPRESENTATION('',(#49),#52);
#49 = B_SPLINE_CURVE_WITH_KNOTS('',1,(#50,#51),.UNSPECIFIED.,.F.,.F.,(2,
    2),(0.,13.708044852233),.PIECEWISE_BEZIER_KNOTS.);
#50 = CARTESIAN_POINT('',(0.,1.860611152958E-16));
#51 = CARTESIAN_POINT('',(0.,-13.68918095714));
#52 = ( GEOMETRIC_REPRESENTATION_CONTEXT(2) 
PARAMETRIC_REPRESENTATION_CONTEXT() REPRESENTATION_CONTEXT('2D SPACE',''
  ) );
#53 = ORIENTED_EDGE('',*,*,#54,.F.);
#54 = EDGE_CURVE('',#55,#24,#57,.T.);
#55 = VERTEX_POINT('',#56);
#56 = CARTESIAN_POINT('',(10.841298729184,7.514461435306,13.126794593745
    ));
#57 = SURFACE_CURVE('',#58,(#63,#70),.PCURVE_S1.);
#58 = CIRCLE('',#59,13.21916654916);
#59 = AXIS2_PLACEMENT_3D('',#60,#61,#62);
#60 = CARTESIAN_POINT('',(3.2E-02,-9.51E-02,13.126794593745));
#61 = DIRECTION('',(0.,0.,1.));
#62 = DIRECTION('',(0.817698959234,0.575646082301,-0.));
#63 = PCURVE('',#32,#64);
#64 = DEFINITIONAL_REPRESENTATION('',(#65),#69);
#65 = LINE('',#66,#67);
#66 = CARTESIAN_POINT('',(0.613394050952,13.126794593745));
#67 = VECTOR('',#68,1.);
#68 = DIRECTION('',(1.,0.));
#69 = ( GEOMETRIC_REPRESENTATION_CONTEXT(2) 
PARAMETRIC_REPRESENTATION_CONTEXT() REPRESENTATION_CONTEXT('2D SPACE',''
  ) );
#70 = PCURVE('',#71,#76);
#71 = TOROIDAL_SURFACE('',#72,12.685539482857,0.534362412342);
#72 = AXIS2_PLACEMENT_3D('',#73,#74,#75);
#73 = CARTESIAN_POINT('',(3.2E-02,-9.51E-02,13.154818544803));
#74 = DIRECTION('',(0.,0.,1.));
#75 = DIRECTION('',(0.817698959234,0.575646082301,-0.));
#76 = DEFINITIONAL_REPRESENTATION('',(#77),#81);
#77 = LINE('',#78,#79);
#78 = CARTESIAN_POINT('',(0.,6.230717520805));
#79 = VECTOR('',#80,1.);
#80 = DIRECTION('',(1.,0.));
#81 = ( GEOMETRIC_REPRESENTATION_CONTEXT(2) 
PARAMETRIC_REPRESENTATION_CONTEXT() REPRESENTATION_CONTEXT('2D SPACE',''
  ) );
#82 = ORIENTED_EDGE('',*,*,#83,.F.);
#83 = EDGE_CURVE('',#84,#55,#86,.T.);
#84 = VERTEX_POINT('',#85);
#85 = CARTESIAN_POINT('',(10.377664235707,7.188070681378,2.330100965872)
  );
#86 = SURFACE_CURVE('',#87,(#91,#97),.PCURVE_S1.);
#87 = LINE('',#88,#89);
#88 = CARTESIAN_POINT('',(10.277604419405,7.117630282012,0.));
#89 = VECTOR('',#90,1.);
#90 = DIRECTION('',(4.288317270075E-02,3.018902015597E-02,0.998623881429
    ));
#91 = PCURVE('',#32,#92);
#92 = DEFINITIONAL_REPRESENTATION('',(#93),#96);
#93 = B_SPLINE_CURVE_WITH_KNOTS('',1,(#94,#95),.UNSPECIFIED.,.F.,.F.,(2,
    2),(0.,13.708044852233),.PIECEWISE_BEZIER_KNOTS.);
#94 = CARTESIAN_POINT('',(0.613394050952,0.));
#95 = CARTESIAN_POINT('',(0.613394050952,13.689180957145));
#96 = ( GEOMETRIC_REPRESENTATION_CONTEXT(2) 
PARAMETRIC_REPRESENTATION_CONTEXT() REPRESENTATION_CONTEXT('2D SPACE',''
  ) );
#97 = PCURVE('',#98,#103);
#98 = CONICAL_SURFACE('',#99,6.104510944456,5.246778637441E-02);
#99 = AXIS2_PLACEMENT_3D('',#100,#101,#102);
#100 = CARTESIAN_POINT('',(15.269256665317,10.631668091551,0.));
#101 = DIRECTION('',(-0.,-0.,-1.));
#102 = DIRECTION('',(-5.345616526442E-03,-0.99998571209,0.));
#103 = DEFINITIONAL_REPRESENTATION('',(#104),#107);
#104 = B_SPLINE_CURVE_WITH_KNOTS('',1,(#105,#106),.UNSPECIFIED.,.F.,.F.,
  (2,2),(0.,13.708044852233),.PIECEWISE_BEZIER_KNOTS.);
#105 = CARTESIAN_POINT('',(0.952056633857,4.651527882394E-17));
#106 = CARTESIAN_POINT('',(0.952056633857,-13.68918095714));
#107 = ( GEOMETRIC_REPRESENTATION_CONTEXT(2) 
PARAMETRIC_REPRESENTATION_CONTEXT() REPRESENTATION_CONTEXT('2D SPACE',''
  ) );
#108 = ORIENTED_EDGE('',*,*,#109,.T.);
#109 = EDGE_CURVE('',#84,#22,#110,.T.);
#110 = SURFACE_CURVE('',#111,(#116,#123),.PCURVE_S1.);
#111 = CIRCLE('',#112,12.652167547581);
#112 = AXIS2_PLACEMENT_3D('',#113,#114,#115);
#113 = CARTESIAN_POINT('',(3.2E-02,-9.51E-02,2.330100965872));
#114 = DIRECTION('',(0.,0.,1.));
#115 = DIRECTION('',(0.817698959234,0.575646082301,-0.));
#116 = PCURVE('',#32,#117);
#117 = DEFINITIONAL_REPRESENTATION('',(#118),#122);
#118 = LINE('',#119,#120);
#119 = CARTESIAN_POINT('',(0.613394050952,2.330100965872));
#120 = VECTOR('',#121,1.);
#121 = DIRECTION('',(1.,0.));
#122 = ( GEOMETRIC_REPRESENTATION_CONTEXT(2) 
PARAMETRIC_REPRESENTATION_CONTEXT() REPRESENTATION_CONTEXT('2D SPACE',''
  ) );
#123 = PCURVE('',#124,#129);
#124 = TOROIDAL_SURFACE('',#125,10.19648812032,2.459063390059);
#125 = AXIS2_PLACEMENT_3D('',#126,#127,#128);
#126 = CARTESIAN_POINT('',(3.2E-02,-9.51E-02,2.459063390059));
#127 = DIRECTION('',(0.,0.,1.));
#128 = DIRECTION('',(0.817698959234,0.575646082301,-0.));
#129 = DEFINITIONAL_REPRESENTATION('',(#130),#134);
#130 = LINE('',#131,#132);
#131 = CARTESIAN_POINT('',(0.,6.230717520805));
#132 = VECTOR('',#133,1.);
#133 = DIRECTION('',(1.,0.));
#134 = ( GEOMETRIC_REPRESENTATION_CONTEXT(2) 
PARAMETRIC_REPRESENTATION_CONTEXT() REPRESENTATION_CONTEXT('2D SPACE',''
  ) );
#135 = ADVANCED_FACE('',(#136),#43,.F.);
#136 = FACE_BOUND('',#137,.T.);
#137 = EDGE_LOOP('',(#138,#139,#168,#194));
#138 = ORIENTED_EDGE('',*,*,#21,.F.);
#139 = ORIENTED_EDGE('',*,*,#140,.T.);
#140 = EDGE_CURVE('',#22,#141,#143,.T.);
#141 = VERTEX_POINT('',#142);
#142 = CARTESIAN_POINT('',(15.823487839825,-4.596546077109,
    2.330100965872));
#143 = SURFACE_CURVE('',#144,(#149,#156),.PCURVE_S1.);
#144 = CIRCLE('',#145,6.892282031384);
#145 = AXIS2_PLACEMENT_3D('',#146,#147,#148);
#146 = CARTESIAN_POINT('',(15.912223105499,-11.48825686999,
    2.330100965872));
#147 = DIRECTION('',(-0.,0.,-1.));
#148 = DIRECTION('',(-0.812518308144,0.582935673065,0.));
#149 = PCURVE('',#43,#150);
#150 = DEFINITIONAL_REPRESENTATION('',(#151),#155);
#151 = LINE('',#152,#153);
#152 = CARTESIAN_POINT('',(1.288656522841E-16,-2.330100965872));
#153 = VECTOR('',#154,1.);
#154 = DIRECTION('',(1.,-0.));
#155 = ( GEOMETRIC_REPRESENTATION_CONTEXT(2) 
PARAMETRIC_REPRESENTATION_CONTEXT() REPRESENTATION_CONTEXT('2D SPACE',''
  ) );
#156 = PCURVE('',#157,#162);
#157 = TOROIDAL_SURFACE('',#158,9.347961458645,2.459063390059);
#158 = AXIS2_PLACEMENT_3D('',#159,#160,#161);
#159 = CARTESIAN_POINT('',(15.912223105499,-11.48825686999,
    2.459063390059));
#160 = DIRECTION('',(-0.,-0.,-1.));
#161 = DIRECTION('',(-0.812518308144,0.582935673065,0.));
#162 = DEFINITIONAL_REPRESENTATION('',(#163),#167);
#163 = LINE('',#164,#165);
#164 = CARTESIAN_POINT('',(0.,3.089124867215));
#165 = VECTOR('',#166,1.);
#166 = DIRECTION('',(1.,0.));
#167 = ( GEOMETRIC_REPRESENTATION_CONTEXT(2) 
PARAMETRIC_REPRESENTATION_CONTEXT() REPRESENTATION_CONTEXT('2D SPACE',''
  ) );
#168 = ORIENTED_EDGE('',*,*,#169,.T.);
#169 = EDGE_CURVE('',#141,#170,#172,.T.);
#170 = VERTEX_POINT('',#171);
#171 = CARTESIAN_POINT('',(15.83078771624,-5.163498085304,
    13.126794593745));
#172 = SURFACE_CURVE('',#173,(#177,#183),.PCURVE_S1.);
#173 = LINE('',#174,#175);
#174 = CARTESIAN_POINT('',(15.821912408525,-4.47418867146,0.));
#175 = VECTOR('',#176,1.);
#176 = DIRECTION('',(6.751910510842E-04,-5.243937028516E-02,
    0.998623881429));
#177 = PCURVE('',#43,#178);
#178 = DEFINITIONAL_REPRESENTATION('',(#179),#182);
#179 = B_SPLINE_CURVE_WITH_KNOTS('',1,(#180,#181),.UNSPECIFIED.,.F.,.F.,
  (2,2),(0.,13.708044852233),.PIECEWISE_BEZIER_KNOTS.);
#180 = CARTESIAN_POINT('',(0.935584304406,2.790916729436E-16));
#181 = CARTESIAN_POINT('',(0.935584304406,-13.68918095714));
#182 = ( GEOMETRIC_REPRESENTATION_CONTEXT(2) 
PARAMETRIC_REPRESENTATION_CONTEXT() REPRESENTATION_CONTEXT('2D SPACE',''
  ) );
#183 = PCURVE('',#184,#189);
#184 = PLANE('',#185);
#185 = AXIS2_PLACEMENT_3D('',#186,#187,#188);
#186 = CARTESIAN_POINT('',(3.2E-02,-4.677494079165,8.326672684689E-17));
#187 = DIRECTION('',(-1.285686729348E-02,0.998541114589,
    5.244371686732E-02));
#188 = DIRECTION('',(0.999917119106,1.287458424795E-02,0.));
#189 = DEFINITIONAL_REPRESENTATION('',(#190),#193);
#190 = B_SPLINE_CURVE_WITH_KNOTS('',1,(#191,#192),.UNSPECIFIED.,.F.,.F.,
  (2,2),(0.,13.708044852233),.PIECEWISE_BEZIER_KNOTS.);
#191 = CARTESIAN_POINT('',(15.791221199061,9.009103586167E-17));
#192 = CARTESIAN_POINT('',(15.791221199061,-13.70804485223));
#193 = ( GEOMETRIC_REPRESENTATION_CONTEXT(2) 
PARAMETRIC_REPRESENTATION_CONTEXT() REPRESENTATION_CONTEXT('2D SPACE',''
  ) );
#194 = ORIENTED_EDGE('',*,*,#195,.F.);
#195 = EDGE_CURVE('',#24,#170,#196,.T.);
#196 = SURFACE_CURVE('',#197,(#202,#209),.PCURVE_S1.);
#197 = CIRCLE('',#198,6.325283029805);
#198 = AXIS2_PLACEMENT_3D('',#199,#200,#201);
#199 = CARTESIAN_POINT('',(15.912223105499,-11.48825686999,
    13.126794593745));
#200 = DIRECTION('',(-0.,0.,-1.));
#201 = DIRECTION('',(-0.812518308144,0.582935673065,0.));
#202 = PCURVE('',#43,#203);
#203 = DEFINITIONAL_REPRESENTATION('',(#204),#208);
#204 = LINE('',#205,#206);
#205 = CARTESIAN_POINT('',(0.,-13.12679459374));
#206 = VECTOR('',#207,1.);
#207 = DIRECTION('',(1.,-0.));
#208 = ( GEOMETRIC_REPRESENTATION_CONTEXT(2) 
PARAMETRIC_REPRESENTATION_CONTEXT() REPRESENTATION_CONTEXT('2D SPACE',''
  ) );
#209 = PCURVE('',#210,#215);
#210 = TOROIDAL_SURFACE('',#211,6.858910096108,0.534362412342);
#211 = AXIS2_PLACEMENT_3D('',#212,#213,#214);
#212 = CARTESIAN_POINT('',(15.912223105499,-11.48825686999,
    13.154818544803));
#213 = DIRECTION('',(-0.,-0.,-1.));
#214 = DIRECTION('',(-0.812518308144,0.582935673065,0.));
#215 = DEFINITIONAL_REPRESENTATION('',(#216),#220);
#216 = LINE('',#217,#218);
#217 = CARTESIAN_POINT('',(0.,3.089124867215));
#218 = VECTOR('',#219,1.);
#219 = DIRECTION('',(1.,0.));
#220 = ( GEOMETRIC_REPRESENTATION_CONTEXT(2) 
PARAMETRIC_REPRESENTATION_CONTEXT() REPRESENTATION_CONTEXT('2D SPACE',''
  ) );
#221 = ADVANCED_FACE('',(#222),#71,.T.);
#222 = FACE_BOUND('',#223,.T.);
#223 = EDGE_LOOP('',(#224,#251,#252,#274));
#224 = ORIENTED_EDGE('',*,*,#225,.F.);
#225 = EDGE_CURVE('',#55,#226,#228,.T.);
#226 = VERTEX_POINT('',#227);
#227 = CARTESIAN_POINT('',(10.404952432449,7.207281105179,
    13.689180957145));
#228 = SURFACE_CURVE('',#229,(#234,#240),.PCURVE_S1.);
#229 = CIRCLE('',#230,0.534362412342);
#230 = AXIS2_PLACEMENT_3D('',#231,#232,#233);
#231 = CARTESIAN_POINT('',(10.404952432449,7.207281105179,
    13.154818544803));
#232 = DIRECTION('',(0.575646082301,-0.817698959234,0.));
#233 = DIRECTION('',(0.817698959234,0.575646082301,0.));
#234 = PCURVE('',#71,#235);
#235 = DEFINITIONAL_REPRESENTATION('',(#236),#239);
#236 = B_SPLINE_CURVE_WITH_KNOTS('',1,(#237,#238),.UNSPECIFIED.,.F.,.F.,
  (2,2),(6.230717520805,7.853981633974),.PIECEWISE_BEZIER_KNOTS.);
#237 = CARTESIAN_POINT('',(-1.110223024625E-16,6.230717520805));
#238 = CARTESIAN_POINT('',(-1.110223024625E-16,7.853981633974));
#239 = ( GEOMETRIC_REPRESENTATION_CONTEXT(2) 
PARAMETRIC_REPRESENTATION_CONTEXT() REPRESENTATION_CONTEXT('2D SPACE',''
  ) );
#240 = PCURVE('',#241,#246);
#241 = TOROIDAL_SURFACE('',#242,5.948771461599,0.534362412342);
#242 = AXIS2_PLACEMENT_3D('',#243,#244,#245);
#243 = CARTESIAN_POINT('',(15.269256665317,10.631668091551,
    13.154818544803));
#244 = DIRECTION('',(-0.,-0.,-1.));
#245 = DIRECTION('',(-5.345616526443E-03,-0.99998571209,0.));
#246 = DEFINITIONAL_REPRESENTATION('',(#247),#250);
#247 = B_SPLINE_CURVE_WITH_KNOTS('',1,(#248,#249),.UNSPECIFIED.,.F.,.F.,
  (2,2),(6.230717520805,7.853981633974),.PIECEWISE_BEZIER_KNOTS.);
#248 = CARTESIAN_POINT('',(0.952056633857,3.089124867215));
#249 = CARTESIAN_POINT('',(0.952056633857,4.712388980385));
#250 = ( GEOMETRIC_REPRESENTATION_CONTEXT(2) 
PARAMETRIC_REPRESENTATION_CONTEXT() REPRESENTATION_CONTEXT('2D SPACE',''
  ) );
#251 = ORIENTED_EDGE('',*,*,#54,.T.);
#252 = ORIENTED_EDGE('',*,*,#253,.T.);
#253 = EDGE_CURVE('',#24,#254,#256,.T.);
#254 = VERTEX_POINT('',#255);
#255 = CARTESIAN_POINT('',(10.3392330785,-7.489953496628,13.689180957145
    ));
#256 = SURFACE_CURVE('',#257,(#262,#268),.PCURVE_S1.);
#257 = CIRCLE('',#258,0.534362412342);
#258 = AXIS2_PLACEMENT_3D('',#259,#260,#261);
#259 = CARTESIAN_POINT('',(10.3392330785,-7.489953496628,13.154818544803
    ));
#260 = DIRECTION('',(-0.582935673065,-0.812518308144,0.));
#261 = DIRECTION('',(0.812518308144,-0.582935673065,-0.));
#262 = PCURVE('',#71,#263);
#263 = DEFINITIONAL_REPRESENTATION('',(#264),#267);
#264 = B_SPLINE_CURVE_WITH_KNOTS('',1,(#265,#266),.UNSPECIFIED.,.F.,.F.,
  (2,2),(6.230717520805,7.853981633974),.PIECEWISE_BEZIER_KNOTS.);
#265 = CARTESIAN_POINT('',(5.047454173785,6.230717520805));
#266 = CARTESIAN_POINT('',(5.047454173785,7.853981633974));
#267 = ( GEOMETRIC_REPRESENTATION_CONTEXT(2) 
PARAMETRIC_REPRESENTATION_CONTEXT() REPRESENTATION_CONTEXT('2D SPACE',''
  ) );
#268 = PCURVE('',#210,#269);
#269 = DEFINITIONAL_REPRESENTATION('',(#270),#273);
#270 = B_SPLINE_CURVE_WITH_KNOTS('',1,(#271,#272),.UNSPECIFIED.,.F.,.F.,
  (2,2),(6.230717520805,7.853981633974),.PIECEWISE_BEZIER_KNOTS.);
#271 = CARTESIAN_POINT('',(0.,3.089124867215));
#272 = CARTESIAN_POINT('',(0.,4.712388980385));
#273 = ( GEOMETRIC_REPRESENTATION_CONTEXT(2) 
PARAMETRIC_REPRESENTATION_CONTEXT() REPRESENTATION_CONTEXT('2D SPACE',''
  ) );
#274 = ORIENTED_EDGE('',*,*,#275,.F.);
#275 = EDGE_CURVE('',#226,#254,#276,.T.);
#276 = SURFACE_CURVE('',#277,(#282,#289),.PCURVE_S1.);
#277 = CIRCLE('',#278,12.685539482857);
#278 = AXIS2_PLACEMENT_3D('',#279,#280,#281);
#279 = CARTESIAN_POINT('',(3.2E-02,-9.51E-02,13.689180957145));
#280 = DIRECTION('',(0.,0.,1.));
#281 = DIRECTION('',(0.817698959234,0.575646082301,-0.));
#282 = PCURVE('',#71,#283);
#283 = DEFINITIONAL_REPRESENTATION('',(#284),#288);
#284 = LINE('',#285,#286);
#285 = CARTESIAN_POINT('',(0.,7.853981633974));
#286 = VECTOR('',#287,1.);
#287 = DIRECTION('',(1.,0.));
#288 = ( GEOMETRIC_REPRESENTATION_CONTEXT(2) 
PARAMETRIC_REPRESENTATION_CONTEXT() REPRESENTATION_CONTEXT('2D SPACE',''
  ) );
#289 = PCURVE('',#290,#295);
#290 = PLANE('',#291);
#291 = AXIS2_PLACEMENT_3D('',#292,#293,#294);
#292 = CARTESIAN_POINT('',(12.516096596749,1.025805743063E-02,
    13.689180957145));
#293 = DIRECTION('',(0.,0.,1.));
#294 = DIRECTION('',(1.,0.,-0.));
#295 = DEFINITIONAL_REPRESENTATION('',(#296),#300);
#296 = CIRCLE('',#297,12.685539482857);
#297 = AXIS2_PLACEMENT_2D('',#298,#299);
#298 = CARTESIAN_POINT('',(-12.48409659674,-0.105358057431));
#299 = DIRECTION('',(0.817698959234,0.575646082301));
#300 = ( GEOMETRIC_REPRESENTATION_CONTEXT(2) 
PARAMETRIC_REPRESENTATION_CONTEXT() REPRESENTATION_CONTEXT('2D SPACE',''
  ) );
#301 = ADVANCED_FACE('',(#302),#124,.T.);
#302 = FACE_BOUND('',#303,.T.);
#303 = EDGE_LOOP('',(#304,#331,#360,#380));
#304 = ORIENTED_EDGE('',*,*,#305,.F.);
#305 = EDGE_CURVE('',#306,#84,#308,.T.);
#306 = VERTEX_POINT('',#307);
#307 = CARTESIAN_POINT('',(8.369657723824,5.774468439689,0.));
#308 = SURFACE_CURVE('',#309,(#314,#320),.PCURVE_S1.);
#309 = CIRCLE('',#310,2.459063390059);
#310 = AXIS2_PLACEMENT_3D('',#311,#312,#313);
#311 = CARTESIAN_POINT('',(8.369657723824,5.774468439689,2.459063390059)
  );
#312 = DIRECTION('',(0.575646082301,-0.817698959234,0.));
#313 = DIRECTION('',(0.817698959234,0.575646082301,0.));
#314 = PCURVE('',#124,#315);
#315 = DEFINITIONAL_REPRESENTATION('',(#316),#319);
#316 = B_SPLINE_CURVE_WITH_KNOTS('',1,(#317,#318),.UNSPECIFIED.,.F.,.F.,
  (2,2),(4.712388980385,6.230717520805),.PIECEWISE_BEZIER_KNOTS.);
#317 = CARTESIAN_POINT('',(-1.110223024625E-16,4.712388980385));
#318 = CARTESIAN_POINT('',(-1.110223024625E-16,6.230717520805));
#319 = ( GEOMETRIC_REPRESENTATION_CONTEXT(2) 
PARAMETRIC_REPRESENTATION_CONTEXT() REPRESENTATION_CONTEXT('2D SPACE',''
  ) );
#320 = PCURVE('',#321,#326);
#321 = TOROIDAL_SURFACE('',#322,8.437822824136,2.459063390059);
#322 = AXIS2_PLACEMENT_3D('',#323,#324,#325);
#323 = CARTESIAN_POINT('',(15.269256665317,10.631668091551,
    2.459063390059));
#324 = DIRECTION('',(-0.,-0.,-1.));
#325 = DIRECTION('',(-5.345616526443E-03,-0.99998571209,0.));
#326 = DEFINITIONAL_REPRESENTATION('',(#327),#330);
#327 = B_SPLINE_CURVE_WITH_KNOTS('',1,(#328,#329),.UNSPECIFIED.,.F.,.F.,
  (2,2),(4.712388980385,6.230717520805),.PIECEWISE_BEZIER_KNOTS.);
#328 = CARTESIAN_POINT('',(0.952056633857,1.570796326795));
#329 = CARTESIAN_POINT('',(0.952056633857,3.089124867215));
#330 = ( GEOMETRIC_REPRESENTATION_CONTEXT(2) 
PARAMETRIC_REPRESENTATION_CONTEXT() REPRESENTATION_CONTEXT('2D SPACE',''
  ) );
#331 = ORIENTED_EDGE('',*,*,#332,.T.);
#332 = EDGE_CURVE('',#306,#333,#335,.T.);
#333 = VERTEX_POINT('',#334);
#334 = CARTESIAN_POINT('',(8.316833276529,-6.038996665315,0.));
#335 = SURFACE_CURVE('',#336,(#341,#348),.PCURVE_S1.);
#336 = CIRCLE('',#337,10.19648812032);
#337 = AXIS2_PLACEMENT_3D('',#338,#339,#340);
#338 = CARTESIAN_POINT('',(3.2E-02,-9.51E-02,0.));
#339 = DIRECTION('',(0.,0.,1.));
#340 = DIRECTION('',(0.817698959234,0.575646082301,-0.));
#341 = PCURVE('',#124,#342);
#342 = DEFINITIONAL_REPRESENTATION('',(#343),#347);
#343 = LINE('',#344,#345);
#344 = CARTESIAN_POINT('',(0.,4.712388980385));
#345 = VECTOR('',#346,1.);
#346 = DIRECTION('',(1.,0.));
#347 = ( GEOMETRIC_REPRESENTATION_CONTEXT(2) 
PARAMETRIC_REPRESENTATION_CONTEXT() REPRESENTATION_CONTEXT('2D SPACE',''
  ) );
#348 = PCURVE('',#349,#354);
#349 = PLANE('',#350);
#350 = AXIS2_PLACEMENT_3D('',#351,#352,#353);
#351 = CARTESIAN_POINT('',(3.2E-02,-9.51E-02,0.));
#352 = DIRECTION('',(0.,0.,1.));
#353 = DIRECTION('',(1.,0.,-0.));
#354 = DEFINITIONAL_REPRESENTATION('',(#355),#359);
#355 = CIRCLE('',#356,10.19648812032);
#356 = AXIS2_PLACEMENT_2D('',#357,#358);
#357 = CARTESIAN_POINT('',(0.,0.));
#358 = DIRECTION('',(0.817698959234,0.575646082301));
#359 = ( GEOMETRIC_REPRESENTATION_CONTEXT(2) 
PARAMETRIC_REPRESENTATION_CONTEXT() REPRESENTATION_CONTEXT('2D SPACE',''
  ) );
#360 = ORIENTED_EDGE('',*,*,#361,.T.);
#361 = EDGE_CURVE('',#333,#22,#362,.T.);
#362 = SURFACE_CURVE('',#363,(#368,#374),.PCURVE_S1.);
#363 = CIRCLE('',#364,2.459063390059);
#364 = AXIS2_PLACEMENT_3D('',#365,#366,#367);
#365 = CARTESIAN_POINT('',(8.316833276529,-6.038996665315,2.459063390059
    ));
#366 = DIRECTION('',(-0.582935673065,-0.812518308144,0.));
#367 = DIRECTION('',(0.812518308144,-0.582935673065,-0.));
#368 = PCURVE('',#124,#369);
#369 = DEFINITIONAL_REPRESENTATION('',(#370),#373);
#370 = B_SPLINE_CURVE_WITH_KNOTS('',1,(#371,#372),.UNSPECIFIED.,.F.,.F.,
  (2,2),(4.712388980385,6.230717520805),.PIECEWISE_BEZIER_KNOTS.);
#371 = CARTESIAN_POINT('',(5.047454173785,4.712388980385));
#372 = CARTESIAN_POINT('',(5.047454173785,6.230717520805));
#373 = ( GEOMETRIC_REPRESENTATION_CONTEXT(2) 
PARAMETRIC_REPRESENTATION_CONTEXT() REPRESENTATION_CONTEXT('2D SPACE',''
  ) );
#374 = PCURVE('',#157,#375);
#375 = DEFINITIONAL_REPRESENTATION('',(#376),#379);
#376 = B_SPLINE_CURVE_WITH_KNOTS('',1,(#377,#378),.UNSPECIFIED.,.F.,.F.,
  (2,2),(4.712388980385,6.230717520805),.PIECEWISE_BEZIER_KNOTS.);
#377 = CARTESIAN_POINT('',(-1.288656522841E-16,1.570796326795));
#378 = CARTESIAN_POINT('',(-1.288656522841E-16,3.089124867215));
#379 = ( GEOMETRIC_REPRESENTATION_CONTEXT(2) 
PARAMETRIC_REPRESENTATION_CONTEXT() REPRESENTATION_CONTEXT('2D SPACE',''
  ) );
#380 = ORIENTED_EDGE('',*,*,#109,.F.);
#381 = ADVANCED_FACE('',(#382),#98,.F.);
#382 = FACE_BOUND('',#383,.T.);
#383 = EDGE_LOOP('',(#384,#412,#434,#435));
#384 = ORIENTED_EDGE('',*,*,#385,.F.);
#385 = EDGE_CURVE('',#386,#388,#390,.T.);
#386 = VERTEX_POINT('',#387);
#387 = CARTESIAN_POINT('',(15.237278420712,4.649610167003,2.330100965872
    ));
#388 = VERTEX_POINT('',#389);
#389 = CARTESIAN_POINT('',(15.240309379945,5.216601067351,
    13.126794593745));
#390 = SURFACE_CURVE('',#391,(#395,#401),.PCURVE_S1.);
#391 = LINE('',#392,#393);
#392 = CARTESIAN_POINT('',(15.236624290727,4.527244367798,
    -2.775557561563E-17));
#393 = VECTOR('',#394,1.);
#394 = DIRECTION('',(2.80343999594E-04,5.244296755621E-02,0.998623881429
    ));
#395 = PCURVE('',#98,#396);
#396 = DEFINITIONAL_REPRESENTATION('',(#397),#400);
#397 = B_SPLINE_CURVE_WITH_KNOTS('',1,(#398,#399),.UNSPECIFIED.,.F.,.F.,
  (2,2),(2.771738065259E-17,13.708044852233),.PIECEWISE_BEZIER_KNOTS.);
#398 = CARTESIAN_POINT('',(0.,4.651527882394E-17));
#399 = CARTESIAN_POINT('',(0.,-13.68918095714));
#400 = ( GEOMETRIC_REPRESENTATION_CONTEXT(2) 
PARAMETRIC_REPRESENTATION_CONTEXT() REPRESENTATION_CONTEXT('2D SPACE',''
  ) );
#401 = PCURVE('',#402,#407);
#402 = PLANE('',#403);
#403 = AXIS2_PLACEMENT_3D('',#404,#405,#406);
#404 = CARTESIAN_POINT('',(22.67187752658,4.487497787327,
    -2.775557561563E-17));
#405 = DIRECTION('',(-5.338260324269E-03,-0.998609613181,
    5.244371686732E-02));
#406 = DIRECTION('',(-0.99998571209,5.345616526442E-03,
    -5.421010862428E-20));
#407 = DEFINITIONAL_REPRESENTATION('',(#408),#411);
#408 = B_SPLINE_CURVE_WITH_KNOTS('',1,(#409,#410),.UNSPECIFIED.,.F.,.F.,
  (2,2),(2.771738065259E-17,13.708044852233),.PIECEWISE_BEZIER_KNOTS.);
#409 = CARTESIAN_POINT('',(7.4353594716,1.565070624683E-17));
#410 = CARTESIAN_POINT('',(7.4353594716,-13.70804485223));
#411 = ( GEOMETRIC_REPRESENTATION_CONTEXT(2) 
PARAMETRIC_REPRESENTATION_CONTEXT() REPRESENTATION_CONTEXT('2D SPACE',''
  ) );
#412 = ORIENTED_EDGE('',*,*,#413,.T.);
#413 = EDGE_CURVE('',#386,#84,#414,.T.);
#414 = SURFACE_CURVE('',#415,(#420,#427),.PCURVE_S1.);
#415 = CIRCLE('',#416,5.982143396875);
#416 = AXIS2_PLACEMENT_3D('',#417,#418,#419);
#417 = CARTESIAN_POINT('',(15.269256665317,10.631668091551,
    2.330100965872));
#418 = DIRECTION('',(-0.,0.,-1.));
#419 = DIRECTION('',(-5.345616526443E-03,-0.99998571209,0.));
#420 = PCURVE('',#98,#421);
#421 = DEFINITIONAL_REPRESENTATION('',(#422),#426);
#422 = LINE('',#423,#424);
#423 = CARTESIAN_POINT('',(5.938864121272E-16,-2.330100965872));
#424 = VECTOR('',#425,1.);
#425 = DIRECTION('',(1.,-0.));
#426 = ( GEOMETRIC_REPRESENTATION_CONTEXT(2) 
PARAMETRIC_REPRESENTATION_CONTEXT() REPRESENTATION_CONTEXT('2D SPACE',''
  ) );
#427 = PCURVE('',#321,#428);
#428 = DEFINITIONAL_REPRESENTATION('',(#429),#433);
#429 = LINE('',#430,#431);
#430 = CARTESIAN_POINT('',(0.,3.089124867215));
#431 = VECTOR('',#432,1.);
#432 = DIRECTION('',(1.,0.));
#433 = ( GEOMETRIC_REPRESENTATION_CONTEXT(2) 
PARAMETRIC_REPRESENTATION_CONTEXT() REPRESENTATION_CONTEXT('2D SPACE',''
  ) );
#434 = ORIENTED_EDGE('',*,*,#83,.T.);
#435 = ORIENTED_EDGE('',*,*,#436,.F.);
#436 = EDGE_CURVE('',#388,#55,#437,.T.);
#437 = SURFACE_CURVE('',#438,(#443,#450),.PCURVE_S1.);
#438 = CIRCLE('',#439,5.415144395296);
#439 = AXIS2_PLACEMENT_3D('',#440,#441,#442);
#440 = CARTESIAN_POINT('',(15.269256665317,10.631668091551,
    13.126794593745));
#441 = DIRECTION('',(-0.,0.,-1.));
#442 = DIRECTION('',(-5.345616526443E-03,-0.99998571209,0.));
#443 = PCURVE('',#98,#444);
#444 = DEFINITIONAL_REPRESENTATION('',(#445),#449);
#445 = LINE('',#446,#447);
#446 = CARTESIAN_POINT('',(0.,-13.12679459374));
#447 = VECTOR('',#448,1.);
#448 = DIRECTION('',(1.,-0.));
#449 = ( GEOMETRIC_REPRESENTATION_CONTEXT(2) 
PARAMETRIC_REPRESENTATION_CONTEXT() REPRESENTATION_CONTEXT('2D SPACE',''
  ) );
#450 = PCURVE('',#241,#451);
#451 = DEFINITIONAL_REPRESENTATION('',(#452),#456);
#452 = LINE('',#453,#454);
#453 = CARTESIAN_POINT('',(0.,3.089124867215));
#454 = VECTOR('',#455,1.);
#455 = DIRECTION('',(1.,0.));
#456 = ( GEOMETRIC_REPRESENTATION_CONTEXT(2) 
PARAMETRIC_REPRESENTATION_CONTEXT() REPRESENTATION_CONTEXT('2D SPACE',''
  ) );
#457 = ADVANCED_FACE('',(#458),#210,.T.);
#458 = FACE_BOUND('',#459,.T.);
#459 = EDGE_LOOP('',(#460,#461,#462,#489));
#460 = ORIENTED_EDGE('',*,*,#253,.F.);
#461 = ORIENTED_EDGE('',*,*,#195,.T.);
#462 = ORIENTED_EDGE('',*,*,#463,.T.);
#463 = EDGE_CURVE('',#170,#464,#466,.T.);
#464 = VERTEX_POINT('',#465);
#465 = CARTESIAN_POINT('',(15.823917489618,-4.629915246489,
    13.689180957145));
#466 = SURFACE_CURVE('',#467,(#472,#478),.PCURVE_S1.);
#467 = CIRCLE('',#468,0.534362412342);
#468 = AXIS2_PLACEMENT_3D('',#469,#470,#471);
#469 = CARTESIAN_POINT('',(15.823917489618,-4.629915246489,
    13.154818544803));
#470 = DIRECTION('',(-0.999917119106,-1.287458424795E-02,0.));
#471 = DIRECTION('',(-1.287458424795E-02,0.999917119106,0.));
#472 = PCURVE('',#210,#473);
#473 = DEFINITIONAL_REPRESENTATION('',(#474),#477);
#474 = B_SPLINE_CURVE_WITH_KNOTS('',1,(#475,#476),.UNSPECIFIED.,.F.,.F.,
  (2,2),(3.089124867215,4.712388980385),.PIECEWISE_BEZIER_KNOTS.);
#475 = CARTESIAN_POINT('',(0.935584304406,3.089124867215));
#476 = CARTESIAN_POINT('',(0.935584304406,4.712388980385));
#477 = ( GEOMETRIC_REPRESENTATION_CONTEXT(2) 
PARAMETRIC_REPRESENTATION_CONTEXT() REPRESENTATION_CONTEXT('2D SPACE',''
  ) );
#478 = PCURVE('',#479,#484);
#479 = CYLINDRICAL_SURFACE('',#480,0.534362412342);
#480 = AXIS2_PLACEMENT_3D('',#481,#482,#483);
#481 = CARTESIAN_POINT('',(15.823917489618,-4.629915246489,
    13.154818544803));
#482 = DIRECTION('',(0.999917119106,1.287458424795E-02,-0.));
#483 = DIRECTION('',(1.285686729348E-02,-0.998541114589,
    -5.244371686732E-02));
#484 = DEFINITIONAL_REPRESENTATION('',(#485),#488);
#485 = B_SPLINE_CURVE_WITH_KNOTS('',1,(#486,#487),.UNSPECIFIED.,.F.,.F.,
  (2,2),(3.089124867215,4.712388980385),.PIECEWISE_BEZIER_KNOTS.);
#486 = CARTESIAN_POINT('',(0.,3.071005838184E-15));
#487 = CARTESIAN_POINT('',(-1.623264113169,3.071005838184E-15));
#488 = ( GEOMETRIC_REPRESENTATION_CONTEXT(2) 
PARAMETRIC_REPRESENTATION_CONTEXT() REPRESENTATION_CONTEXT('2D SPACE',''
  ) );
#489 = ORIENTED_EDGE('',*,*,#490,.F.);
#490 = EDGE_CURVE('',#254,#464,#491,.T.);
#491 = SURFACE_CURVE('',#492,(#497,#504),.PCURVE_S1.);
#492 = CIRCLE('',#493,6.858910096108);
#493 = AXIS2_PLACEMENT_3D('',#494,#495,#496);
#494 = CARTESIAN_POINT('',(15.912223105499,-11.48825686999,
    13.689180957145));
#495 = DIRECTION('',(-0.,0.,-1.));
#496 = DIRECTION('',(-0.812518308144,0.582935673065,0.));
#497 = PCURVE('',#210,#498);
#498 = DEFINITIONAL_REPRESENTATION('',(#499),#503);
#499 = LINE('',#500,#501);
#500 = CARTESIAN_POINT('',(0.,4.712388980385));
#501 = VECTOR('',#502,1.);
#502 = DIRECTION('',(1.,0.));
#503 = ( GEOMETRIC_REPRESENTATION_CONTEXT(2) 
PARAMETRIC_REPRESENTATION_CONTEXT() REPRESENTATION_CONTEXT('2D SPACE',''
  ) );
#504 = PCURVE('',#290,#505);
#505 = DEFINITIONAL_REPRESENTATION('',(#506),#514);
#506 = ( BOUNDED_CURVE() B_SPLINE_CURVE(2,(#507,#508,#509,#510,#511,#512
,#513),.UNSPECIFIED.,.T.,.F.) B_SPLINE_CURVE_WITH_KNOTS((1,2,2,2,2,1),(
    -2.094395102393,0.,2.094395102393,4.188790204786,6.28318530718,
8.377580409573),.UNSPECIFIED.) CURVE() GEOMETRIC_REPRESENTATION_ITEM() 
RATIONAL_B_SPLINE_CURVE((1.,0.5,1.,0.5,1.,0.5,1.)) REPRESENTATION_ITEM(
  '') );
#507 = CARTESIAN_POINT('',(-2.176863518249,-7.500211554059));
#508 = CARTESIAN_POINT('',(4.748401068494,2.152490322778));
#509 = CARTESIAN_POINT('',(9.645253815621,-8.671315675689));
#510 = CARTESIAN_POINT('',(14.542106562748,-19.49512167415));
#511 = CARTESIAN_POINT('',(2.719989228878,-18.32401755252));
#512 = CARTESIAN_POINT('',(-9.102128104991,-17.15291343089));
#513 = CARTESIAN_POINT('',(-2.176863518249,-7.500211554059));
#514 = ( GEOMETRIC_REPRESENTATION_CONTEXT(2) 
PARAMETRIC_REPRESENTATION_CONTEXT() REPRESENTATION_CONTEXT('2D SPACE',''
  ) );
#515 = ADVANCED_FACE('',(#516),#157,.T.);
#516 = FACE_BOUND('',#517,.T.);
#517 = EDGE_LOOP('',(#518,#519,#547,#572));
#518 = ORIENTED_EDGE('',*,*,#361,.F.);
#519 = ORIENTED_EDGE('',*,*,#520,.T.);
#520 = EDGE_CURVE('',#333,#521,#523,.T.);
#521 = VERTEX_POINT('',#522);
#522 = CARTESIAN_POINT('',(15.791871988153,-2.141070178755,0.));
#523 = SURFACE_CURVE('',#524,(#529,#536),.PCURVE_S1.);
#524 = CIRCLE('',#525,9.347961458645);
#525 = AXIS2_PLACEMENT_3D('',#526,#527,#528);
#526 = CARTESIAN_POINT('',(15.912223105499,-11.48825686999,0.));
#527 = DIRECTION('',(-0.,0.,-1.));
#528 = DIRECTION('',(-0.812518308144,0.582935673065,0.));
#529 = PCURVE('',#157,#530);
#530 = DEFINITIONAL_REPRESENTATION('',(#531),#535);
#531 = LINE('',#532,#533);
#532 = CARTESIAN_POINT('',(0.,1.570796326795));
#533 = VECTOR('',#534,1.);
#534 = DIRECTION('',(1.,0.));
#535 = ( GEOMETRIC_REPRESENTATION_CONTEXT(2) 
PARAMETRIC_REPRESENTATION_CONTEXT() REPRESENTATION_CONTEXT('2D SPACE',''
  ) );
#536 = PCURVE('',#349,#537);
#537 = DEFINITIONAL_REPRESENTATION('',(#538),#546);
#538 = ( BOUNDED_CURVE() B_SPLINE_CURVE(2,(#539,#540,#541,#542,#543,#544
,#545),.UNSPECIFIED.,.T.,.F.) B_SPLINE_CURVE_WITH_KNOTS((1,2,2,2,2,1),(
    -2.094395102393,0.,2.094395102393,4.188790204786,6.28318530718,
8.377580409573),.UNSPECIFIED.) CURVE() GEOMETRIC_REPRESENTATION_ITEM() 
RATIONAL_B_SPLINE_CURVE((1.,0.5,1.,0.5,1.,0.5,1.)) REPRESENTATION_ITEM(
  '') );
#539 = CARTESIAN_POINT('',(8.284833276529,-5.943896665315));
#540 = CARTESIAN_POINT('',(17.723228814695,7.211704421753));
#541 = CARTESIAN_POINT('',(24.397115789067,-7.539986428799));
#542 = CARTESIAN_POINT('',(31.071002763439,-22.29167727935));
#543 = CARTESIAN_POINT('',(14.958720250901,-20.69558751586));
#544 = CARTESIAN_POINT('',(-1.153562261638,-19.09949775238));
#545 = CARTESIAN_POINT('',(8.284833276529,-5.943896665315));
#546 = ( GEOMETRIC_REPRESENTATION_CONTEXT(2) 
PARAMETRIC_REPRESENTATION_CONTEXT() REPRESENTATION_CONTEXT('2D SPACE',''
  ) );
#547 = ORIENTED_EDGE('',*,*,#548,.T.);
#548 = EDGE_CURVE('',#521,#141,#549,.T.);
#549 = SURFACE_CURVE('',#550,(#555,#561),.PCURVE_S1.);
#550 = CIRCLE('',#551,2.459063390059);
#551 = AXIS2_PLACEMENT_3D('',#552,#553,#554);
#552 = CARTESIAN_POINT('',(15.791871988153,-2.141070178755,
    2.459063390059));
#553 = DIRECTION('',(-0.999917119106,-1.287458424795E-02,0.));
#554 = DIRECTION('',(-1.287458424795E-02,0.999917119106,0.));
#555 = PCURVE('',#157,#556);
#556 = DEFINITIONAL_REPRESENTATION('',(#557),#560);
#557 = B_SPLINE_CURVE_WITH_KNOTS('',1,(#558,#559),.UNSPECIFIED.,.F.,.F.,
  (2,2),(1.570796326795,3.089124867215),.PIECEWISE_BEZIER_KNOTS.);
#558 = CARTESIAN_POINT('',(0.935584304406,1.570796326795));
#559 = CARTESIAN_POINT('',(0.935584304406,3.089124867215));
#560 = ( GEOMETRIC_REPRESENTATION_CONTEXT(2) 
PARAMETRIC_REPRESENTATION_CONTEXT() REPRESENTATION_CONTEXT('2D SPACE',''
  ) );
#561 = PCURVE('',#562,#567);
#562 = CYLINDRICAL_SURFACE('',#563,2.459063390059);
#563 = AXIS2_PLACEMENT_3D('',#564,#565,#566);
#564 = CARTESIAN_POINT('',(15.791871988153,-2.141070178755,
    2.459063390059));
#565 = DIRECTION('',(0.999917119106,1.287458424795E-02,-0.));
#566 = DIRECTION('',(0.,-0.,-1.));
#567 = DEFINITIONAL_REPRESENTATION('',(#568),#571);
#568 = B_SPLINE_CURVE_WITH_KNOTS('',1,(#569,#570),.UNSPECIFIED.,.F.,.F.,
  (2,2),(1.570796326795,3.089124867215),.PIECEWISE_BEZIER_KNOTS.);
#569 = CARTESIAN_POINT('',(0.,1.690850214255E-15));
#570 = CARTESIAN_POINT('',(-1.51832854042,1.690850214255E-15));
#571 = ( GEOMETRIC_REPRESENTATION_CONTEXT(2) 
PARAMETRIC_REPRESENTATION_CONTEXT() REPRESENTATION_CONTEXT('2D SPACE',''
  ) );
#572 = ORIENTED_EDGE('',*,*,#140,.F.);
#573 = ADVANCED_FACE('',(#574),#184,.F.);
#574 = FACE_BOUND('',#575,.F.);
#575 = EDGE_LOOP('',(#576,#577,#600,#626));
#576 = ORIENTED_EDGE('',*,*,#169,.T.);
#577 = ORIENTED_EDGE('',*,*,#578,.T.);
#578 = EDGE_CURVE('',#170,#579,#581,.T.);
#579 = VERTEX_POINT('',#580);
#580 = CARTESIAN_POINT('',(22.714156943094,-5.074870222726,
    13.126794593745));
#581 = SURFACE_CURVE('',#582,(#586,#593),.PCURVE_S1.);
#582 = LINE('',#583,#584);
#583 = CARTESIAN_POINT('',(15.83078771624,-5.163498085304,
    13.126794593745));
#584 = VECTOR('',#585,1.);
#585 = DIRECTION('',(0.999917119106,1.287458424795E-02,-0.));
#586 = PCURVE('',#184,#587);
#587 = DEFINITIONAL_REPRESENTATION('',(#588),#592);
#588 = LINE('',#589,#590);
#589 = CARTESIAN_POINT('',(15.791221199061,-13.14488351205));
#590 = VECTOR('',#591,1.);
#591 = DIRECTION('',(1.,0.));
#592 = ( GEOMETRIC_REPRESENTATION_CONTEXT(2) 
PARAMETRIC_REPRESENTATION_CONTEXT() REPRESENTATION_CONTEXT('2D SPACE',''
  ) );
#593 = PCURVE('',#479,#594);
#594 = DEFINITIONAL_REPRESENTATION('',(#595),#599);
#595 = LINE('',#596,#597);
#596 = CARTESIAN_POINT('',(-0.,0.));
#597 = VECTOR('',#598,1.);
#598 = DIRECTION('',(-0.,1.));
#599 = ( GEOMETRIC_REPRESENTATION_CONTEXT(2) 
PARAMETRIC_REPRESENTATION_CONTEXT() REPRESENTATION_CONTEXT('2D SPACE',''
  ) );
#600 = ORIENTED_EDGE('',*,*,#601,.F.);
#601 = EDGE_CURVE('',#602,#579,#604,.T.);
#602 = VERTEX_POINT('',#603);
#603 = CARTESIAN_POINT('',(22.70685706668,-4.507918214532,2.330100965872
    ));
#604 = SURFACE_CURVE('',#605,(#609,#615),.PCURVE_S1.);
#605 = LINE('',#606,#607);
#606 = CARTESIAN_POINT('',(22.705281635379,-4.385560808882,
    1.665334536938E-16));
#607 = VECTOR('',#608,1.);
#608 = DIRECTION('',(6.751910510842E-04,-5.243937028516E-02,
    0.998623881429));
#609 = PCURVE('',#184,#610);
#610 = DEFINITIONAL_REPRESENTATION('',(#611),#614);
#611 = B_SPLINE_CURVE_WITH_KNOTS('',1,(#612,#613),.UNSPECIFIED.,.F.,.F.,
  (2,2),(-1.663042839155E-16,13.708044852233),.PIECEWISE_BEZIER_KNOTS.);
#612 = CARTESIAN_POINT('',(22.675160973001,1.768272096605E-16));
#613 = CARTESIAN_POINT('',(22.675160973001,-13.70804485223));
#614 = ( GEOMETRIC_REPRESENTATION_CONTEXT(2) 
PARAMETRIC_REPRESENTATION_CONTEXT() REPRESENTATION_CONTEXT('2D SPACE',''
  ) );
#615 = PCURVE('',#616,#621);
#616 = CONICAL_SURFACE('',#617,4.436744854701,5.246778637441E-02);
#617 = AXIS2_PLACEMENT_3D('',#618,#619,#620);
#618 = CARTESIAN_POINT('',(22.648160389961,5.081632443728E-02,0.));
#619 = DIRECTION('',(0.,-0.,1.));
#620 = DIRECTION('',(1.287458424795E-02,-0.999917119106,-0.));
#621 = DEFINITIONAL_REPRESENTATION('',(#622),#625);
#622 = B_SPLINE_CURVE_WITH_KNOTS('',1,(#623,#624),.UNSPECIFIED.,.F.,.F.,
  (2,2),(-1.663042839155E-16,13.708044852233),.PIECEWISE_BEZIER_KNOTS.);
#623 = CARTESIAN_POINT('',(0.,4.651527882394E-17));
#624 = CARTESIAN_POINT('',(0.,13.689180957145));
#625 = ( GEOMETRIC_REPRESENTATION_CONTEXT(2) 
PARAMETRIC_REPRESENTATION_CONTEXT() REPRESENTATION_CONTEXT('2D SPACE',''
  ) );
#626 = ORIENTED_EDGE('',*,*,#627,.F.);
#627 = EDGE_CURVE('',#141,#602,#628,.T.);
#628 = SURFACE_CURVE('',#629,(#633,#640),.PCURVE_S1.);
#629 = LINE('',#630,#631);
#630 = CARTESIAN_POINT('',(15.823487839825,-4.596546077109,
    2.330100965872));
#631 = VECTOR('',#632,1.);
#632 = DIRECTION('',(0.999917119106,1.287458424795E-02,-0.));
#633 = PCURVE('',#184,#634);
#634 = DEFINITIONAL_REPRESENTATION('',(#635),#639);
#635 = LINE('',#636,#637);
#636 = CARTESIAN_POINT('',(15.791221199061,-2.33331187968));
#637 = VECTOR('',#638,1.);
#638 = DIRECTION('',(1.,0.));
#639 = ( GEOMETRIC_REPRESENTATION_CONTEXT(2) 
PARAMETRIC_REPRESENTATION_CONTEXT() REPRESENTATION_CONTEXT('2D SPACE',''
  ) );
#640 = PCURVE('',#562,#641);
#641 = DEFINITIONAL_REPRESENTATION('',(#642),#646);
#642 = LINE('',#643,#644);
#643 = CARTESIAN_POINT('',(-1.51832854042,0.));
#644 = VECTOR('',#645,1.);
#645 = DIRECTION('',(-0.,1.));
#646 = ( GEOMETRIC_REPRESENTATION_CONTEXT(2) 
PARAMETRIC_REPRESENTATION_CONTEXT() REPRESENTATION_CONTEXT('2D SPACE',''
  ) );
#647 = ADVANCED_FACE('',(#648),#241,.T.);
#648 = FACE_BOUND('',#649,.T.);
#649 = EDGE_LOOP('',(#650,#677,#678,#679));
#650 = ORIENTED_EDGE('',*,*,#651,.F.);
#651 = EDGE_CURVE('',#388,#652,#654,.T.);
#652 = VERTEX_POINT('',#653);
#653 = CARTESIAN_POINT('',(15.23745681428,4.682981625464,13.689180957145
    ));
#654 = SURFACE_CURVE('',#655,(#660,#666),.PCURVE_S1.);
#655 = CIRCLE('',#656,0.534362412342);
#656 = AXIS2_PLACEMENT_3D('',#657,#658,#659);
#657 = CARTESIAN_POINT('',(15.23745681428,4.682981625464,13.154818544803
    ));
#658 = DIRECTION('',(0.99998571209,-5.345616526442E-03,
    5.421010862428E-20));
#659 = DIRECTION('',(5.338260324269E-03,0.998609613181,
    -5.244371686732E-02));
#660 = PCURVE('',#241,#661);
#661 = DEFINITIONAL_REPRESENTATION('',(#662),#665);
#662 = B_SPLINE_CURVE_WITH_KNOTS('',1,(#663,#664),.UNSPECIFIED.,.F.,.F.,
  (2,2),(0.,1.623264113169),.PIECEWISE_BEZIER_KNOTS.);
#663 = CARTESIAN_POINT('',(0.,3.089124867215));
#664 = CARTESIAN_POINT('',(0.,4.712388980385));
#665 = ( GEOMETRIC_REPRESENTATION_CONTEXT(2) 
PARAMETRIC_REPRESENTATION_CONTEXT() REPRESENTATION_CONTEXT('2D SPACE',''
  ) );
#666 = PCURVE('',#667,#672);
#667 = CYLINDRICAL_SURFACE('',#668,0.534362412342);
#668 = AXIS2_PLACEMENT_3D('',#669,#670,#671);
#669 = CARTESIAN_POINT('',(22.672710050133,4.643235044992,
    13.154818544803));
#670 = DIRECTION('',(-0.99998571209,5.345616526442E-03,0.));
#671 = DIRECTION('',(5.338260324269E-03,0.998609613181,
    -5.244371686732E-02));
#672 = DEFINITIONAL_REPRESENTATION('',(#673),#676);
#673 = B_SPLINE_CURVE_WITH_KNOTS('',1,(#674,#675),.UNSPECIFIED.,.F.,.F.,
  (2,2),(0.,1.623264113169),.PIECEWISE_BEZIER_KNOTS.);
#674 = CARTESIAN_POINT('',(0.,7.4353594716));
#675 = CARTESIAN_POINT('',(-1.623264113169,7.4353594716));
#676 = ( GEOMETRIC_REPRESENTATION_CONTEXT(2) 
PARAMETRIC_REPRESENTATION_CONTEXT() REPRESENTATION_CONTEXT('2D SPACE',''
  ) );
#677 = ORIENTED_EDGE('',*,*,#436,.T.);
#678 = ORIENTED_EDGE('',*,*,#225,.T.);
#679 = ORIENTED_EDGE('',*,*,#680,.F.);
#680 = EDGE_CURVE('',#652,#226,#681,.T.);
#681 = SURFACE_CURVE('',#682,(#687,#694),.PCURVE_S1.);
#682 = CIRCLE('',#683,5.948771461599);
#683 = AXIS2_PLACEMENT_3D('',#684,#685,#686);
#684 = CARTESIAN_POINT('',(15.269256665317,10.631668091551,
    13.689180957145));
#685 = DIRECTION('',(-0.,0.,-1.));
#686 = DIRECTION('',(-5.345616526443E-03,-0.99998571209,0.));
#687 = PCURVE('',#241,#688);
#688 = DEFINITIONAL_REPRESENTATION('',(#689),#693);
#689 = LINE('',#690,#691);
#690 = CARTESIAN_POINT('',(0.,4.712388980385));
#691 = VECTOR('',#692,1.);
#692 = DIRECTION('',(1.,0.));
#693 = ( GEOMETRIC_REPRESENTATION_CONTEXT(2) 
PARAMETRIC_REPRESENTATION_CONTEXT() REPRESENTATION_CONTEXT('2D SPACE',''
  ) );
#694 = PCURVE('',#290,#695);
#695 = DEFINITIONAL_REPRESENTATION('',(#696),#704);
#696 = ( BOUNDED_CURVE() B_SPLINE_CURVE(2,(#697,#698,#699,#700,#701,#702
,#703),.UNSPECIFIED.,.T.,.F.) B_SPLINE_CURVE_WITH_KNOTS((1,2,2,2,2,1),(
    -2.094395102393,0.,2.094395102393,4.188790204786,6.28318530718,
8.377580409573),.UNSPECIFIED.) CURVE() GEOMETRIC_REPRESENTATION_ITEM() 
RATIONAL_B_SPLINE_CURVE((1.,0.5,1.,0.5,1.,0.5,1.)) REPRESENTATION_ITEM(
  '') );
#697 = CARTESIAN_POINT('',(2.721360217532,4.672723568033));
#698 = CARTESIAN_POINT('',(-7.582066980029,4.727802525702));
#699 = CARTESIAN_POINT('',(-2.382653604693,13.623292745999));
#700 = CARTESIAN_POINT('',(2.816759770643,22.518782966295));
#701 = CARTESIAN_POINT('',(7.920773592868,13.568213788329));
#702 = CARTESIAN_POINT('',(13.024787415092,4.617644610364));
#703 = CARTESIAN_POINT('',(2.721360217532,4.672723568033));
#704 = ( GEOMETRIC_REPRESENTATION_CONTEXT(2) 
PARAMETRIC_REPRESENTATION_CONTEXT() REPRESENTATION_CONTEXT('2D SPACE',''
  ) );
#705 = ADVANCED_FACE('',(#706,#784,#815),#290,.T.);
#706 = FACE_BOUND('',#707,.T.);
#707 = EDGE_LOOP('',(#708,#709,#710,#733,#762,#783));
#708 = ORIENTED_EDGE('',*,*,#275,.T.);
#709 = ORIENTED_EDGE('',*,*,#490,.T.);
#710 = ORIENTED_EDGE('',*,*,#711,.T.);
#711 = EDGE_CURVE('',#464,#712,#714,.T.);
#712 = VERTEX_POINT('',#713);
#713 = CARTESIAN_POINT('',(22.707286716472,-4.541287383912,
    13.689180957145));
#714 = SURFACE_CURVE('',#715,(#719,#726),.PCURVE_S1.);
#715 = LINE('',#716,#717);
#716 = CARTESIAN_POINT('',(15.823917489618,-4.629915246489,
    13.689180957145));
#717 = VECTOR('',#718,1.);
#718 = DIRECTION('',(0.999917119106,1.287458424795E-02,-0.));
#719 = PCURVE('',#290,#720);
#720 = DEFINITIONAL_REPRESENTATION('',(#721),#725);
#721 = LINE('',#722,#723);
#722 = CARTESIAN_POINT('',(3.307820892869,-4.64017330392));
#723 = VECTOR('',#724,1.);
#724 = DIRECTION('',(0.999917119106,1.287458424795E-02));
#725 = ( GEOMETRIC_REPRESENTATION_CONTEXT(2) 
PARAMETRIC_REPRESENTATION_CONTEXT() REPRESENTATION_CONTEXT('2D SPACE',''
  ) );
#726 = PCURVE('',#479,#727);
#727 = DEFINITIONAL_REPRESENTATION('',(#728),#732);
#728 = LINE('',#729,#730);
#729 = CARTESIAN_POINT('',(-1.623264113169,0.));
#730 = VECTOR('',#731,1.);
#731 = DIRECTION('',(-0.,1.));
#732 = ( GEOMETRIC_REPRESENTATION_CONTEXT(2) 
PARAMETRIC_REPRESENTATION_CONTEXT() REPRESENTATION_CONTEXT('2D SPACE',''
  ) );
#733 = ORIENTED_EDGE('',*,*,#734,.T.);
#734 = EDGE_CURVE('',#712,#735,#737,.T.);
#735 = VERTEX_POINT('',#736);
#736 = CARTESIAN_POINT('',(22.672710050133,4.643235044992,
    13.689180957145));
#737 = SURFACE_CURVE('',#738,(#743,#750),.PCURVE_S1.);
#738 = CIRCLE('',#739,4.592484337558);
#739 = AXIS2_PLACEMENT_3D('',#740,#741,#742);
#740 = CARTESIAN_POINT('',(22.648160389961,5.081632443728E-02,
    13.689180957145));
#741 = DIRECTION('',(0.,0.,1.));
#742 = DIRECTION('',(1.287458424795E-02,-0.999917119106,0.));
#743 = PCURVE('',#290,#744);
#744 = DEFINITIONAL_REPRESENTATION('',(#745),#749);
#745 = CIRCLE('',#746,4.592484337558);
#746 = AXIS2_PLACEMENT_2D('',#747,#748);
#747 = CARTESIAN_POINT('',(10.132063793212,4.055826700664E-02));
#748 = DIRECTION('',(1.287458424795E-02,-0.999917119106));
#749 = ( GEOMETRIC_REPRESENTATION_CONTEXT(2) 
PARAMETRIC_REPRESENTATION_CONTEXT() REPRESENTATION_CONTEXT('2D SPACE',''
  ) );
#750 = PCURVE('',#751,#756);
#751 = TOROIDAL_SURFACE('',#752,4.592484337558,0.534362412342);
#752 = AXIS2_PLACEMENT_3D('',#753,#754,#755);
#753 = CARTESIAN_POINT('',(22.648160389961,5.081632443728E-02,
    13.154818544803));
#754 = DIRECTION('',(0.,0.,1.));
#755 = DIRECTION('',(1.287458424795E-02,-0.999917119106,0.));
#756 = DEFINITIONAL_REPRESENTATION('',(#757),#761);
#757 = LINE('',#758,#759);
#758 = CARTESIAN_POINT('',(0.,7.853981633974));
#759 = VECTOR('',#760,1.);
#760 = DIRECTION('',(1.,0.));
#761 = ( GEOMETRIC_REPRESENTATION_CONTEXT(2) 
PARAMETRIC_REPRESENTATION_CONTEXT() REPRESENTATION_CONTEXT('2D SPACE',''
  ) );
#762 = ORIENTED_EDGE('',*,*,#763,.T.);
#763 = EDGE_CURVE('',#735,#652,#764,.T.);
#764 = SURFACE_CURVE('',#765,(#769,#776),.PCURVE_S1.);
#765 = LINE('',#766,#767);
#766 = CARTESIAN_POINT('',(22.672710050133,4.643235044992,
    13.689180957145));
#767 = VECTOR('',#768,1.);
#768 = DIRECTION('',(-0.99998571209,5.345616526442E-03,0.));
#769 = PCURVE('',#290,#770);
#770 = DEFINITIONAL_REPRESENTATION('',(#771),#775);
#771 = LINE('',#772,#773);
#772 = CARTESIAN_POINT('',(10.156613453384,4.632976987562));
#773 = VECTOR('',#774,1.);
#774 = DIRECTION('',(-0.99998571209,5.345616526442E-03));
#775 = ( GEOMETRIC_REPRESENTATION_CONTEXT(2) 
PARAMETRIC_REPRESENTATION_CONTEXT() REPRESENTATION_CONTEXT('2D SPACE',''
  ) );
#776 = PCURVE('',#667,#777);
#777 = DEFINITIONAL_REPRESENTATION('',(#778),#782);
#778 = LINE('',#779,#780);
#779 = CARTESIAN_POINT('',(-1.623264113169,0.));
#780 = VECTOR('',#781,1.);
#781 = DIRECTION('',(-0.,1.));
#782 = ( GEOMETRIC_REPRESENTATION_CONTEXT(2) 
PARAMETRIC_REPRESENTATION_CONTEXT() REPRESENTATION_CONTEXT('2D SPACE',''
  ) );
#783 = ORIENTED_EDGE('',*,*,#680,.T.);
#784 = FACE_BOUND('',#785,.T.);
#785 = EDGE_LOOP('',(#786));
#786 = ORIENTED_EDGE('',*,*,#787,.F.);
#787 = EDGE_CURVE('',#788,#788,#790,.T.);
#788 = VERTEX_POINT('',#789);
#789 = CARTESIAN_POINT('',(12.289598611292,-4.69E-02,13.689180957145));
#790 = SURFACE_CURVE('',#791,(#796,#803),.PCURVE_S1.);
#791 = CIRCLE('',#792,12.406198611292);
#792 = AXIS2_PLACEMENT_3D('',#793,#794,#795);
#793 = CARTESIAN_POINT('',(-0.1166,-4.69E-02,13.689180957145));
#794 = DIRECTION('',(0.,0.,1.));
#795 = DIRECTION('',(1.,0.,-0.));
#796 = PCURVE('',#290,#797);
#797 = DEFINITIONAL_REPRESENTATION('',(#798),#802);
#798 = CIRCLE('',#799,12.406198611292);
#799 = AXIS2_PLACEMENT_2D('',#800,#801);
#800 = CARTESIAN_POINT('',(-12.63269659674,-5.715805743063E-02));
#801 = DIRECTION('',(1.,0.));
#802 = ( GEOMETRIC_REPRESENTATION_CONTEXT(2) 
PARAMETRIC_REPRESENTATION_CONTEXT() REPRESENTATION_CONTEXT('2D SPACE',''
  ) );
#803 = PCURVE('',#804,#809);
#804 = CONICAL_SURFACE('',#805,12.406198611292,1.002808500154);
#805 = AXIS2_PLACEMENT_3D('',#806,#807,#808);
#806 = CARTESIAN_POINT('',(-0.1166,-4.69E-02,13.689180957145));
#807 = DIRECTION('',(-0.,-0.,-1.));
#808 = DIRECTION('',(1.,0.,-0.));
#809 = DEFINITIONAL_REPRESENTATION('',(#810),#814);
#810 = LINE('',#811,#812);
#811 = CARTESIAN_POINT('',(-0.,-0.));
#812 = VECTOR('',#813,1.);
#813 = DIRECTION('',(-1.,-0.));
#814 = ( GEOMETRIC_REPRESENTATION_CONTEXT(2) 
PARAMETRIC_REPRESENTATION_CONTEXT() REPRESENTATION_CONTEXT('2D SPACE',''
  ) );
#815 = FACE_BOUND('',#816,.T.);
#816 = EDGE_LOOP('',(#817,#845,#878,#904,#937,#963));
#817 = ORIENTED_EDGE('',*,*,#818,.F.);
#818 = EDGE_CURVE('',#819,#821,#823,.T.);
#819 = VERTEX_POINT('',#820);
#820 = CARTESIAN_POINT('',(13.195574380593,1.701043423488,
    13.689180957145));
#821 = VERTEX_POINT('',#822);
#822 = CARTESIAN_POINT('',(13.195574380593,-1.583158909182,
    13.689180957145));
#823 = SURFACE_CURVE('',#824,(#828,#834),.PCURVE_S1.);
#824 = LINE('',#825,#826);
#825 = CARTESIAN_POINT('',(13.195574380593,-0.786450425876,
    13.689180957145));
#826 = VECTOR('',#827,1.);
#827 = DIRECTION('',(-0.,-1.,0.));
#828 = PCURVE('',#290,#829);
#829 = DEFINITIONAL_REPRESENTATION('',(#830),#833);
#830 = B_SPLINE_CURVE_WITH_KNOTS('',1,(#831,#832),.UNSPECIFIED.,.F.,.F.,
  (2,2),(-2.487493849364,0.796708483306),.PIECEWISE_BEZIER_KNOTS.);
#831 = CARTESIAN_POINT('',(0.679477783844,1.690785366058));
#832 = CARTESIAN_POINT('',(0.679477783844,-1.593416966613));
#833 = ( GEOMETRIC_REPRESENTATION_CONTEXT(2) 
PARAMETRIC_REPRESENTATION_CONTEXT() REPRESENTATION_CONTEXT('2D SPACE',''
  ) );
#834 = PCURVE('',#835,#840);
#835 = PLANE('',#836);
#836 = AXIS2_PLACEMENT_3D('',#837,#838,#839);
#837 = CARTESIAN_POINT('',(13.553852473324,-1.583158909182,
    8.547467415215));
#838 = DIRECTION('',(-0.997581106422,0.,-6.951212922292E-02));
#839 = DIRECTION('',(0.,1.,0.));
#840 = DEFINITIONAL_REPRESENTATION('',(#841),#844);
#841 = B_SPLINE_CURVE_WITH_KNOTS('',1,(#842,#843),.UNSPECIFIED.,.F.,.F.,
  (2,2),(-2.487493849364,0.796708483306),.PIECEWISE_BEZIER_KNOTS.);
#842 = CARTESIAN_POINT('',(3.284202332671,-5.154180957145));
#843 = CARTESIAN_POINT('',(-2.22044604925E-16,-5.154180957145));
#844 = ( GEOMETRIC_REPRESENTATION_CONTEXT(2) 
PARAMETRIC_REPRESENTATION_CONTEXT() REPRESENTATION_CONTEXT('2D SPACE',''
  ) );
#845 = ORIENTED_EDGE('',*,*,#846,.T.);
#846 = EDGE_CURVE('',#819,#847,#849,.T.);
#847 = VERTEX_POINT('',#848);
#848 = CARTESIAN_POINT('',(13.806655308569,2.312124351464,
    13.689180957145));
#849 = SURFACE_CURVE('',#850,(#855,#866),.PCURVE_S1.);
#850 = CIRCLE('',#851,0.611080927976);
#851 = AXIS2_PLACEMENT_3D('',#852,#853,#854);
#852 = CARTESIAN_POINT('',(13.806655308569,1.701043423488,
    13.689180957145));
#853 = DIRECTION('',(0.,0.,-1.));
#854 = DIRECTION('',(-1.,0.,0.));
#855 = PCURVE('',#290,#856);
#856 = DEFINITIONAL_REPRESENTATION('',(#857),#865);
#857 = ( BOUNDED_CURVE() B_SPLINE_CURVE(2,(#858,#859,#860,#861,#862,#863
,#864),.UNSPECIFIED.,.T.,.F.) B_SPLINE_CURVE_WITH_KNOTS((1,2,2,2,2,1),(
    -2.094395102393,0.,2.094395102393,4.188790204786,6.28318530718,
8.377580409573),.UNSPECIFIED.) CURVE() GEOMETRIC_REPRESENTATION_ITEM() 
RATIONAL_B_SPLINE_CURVE((1.,0.5,1.,0.5,1.,0.5,1.)) REPRESENTATION_ITEM(
  '') );
#858 = CARTESIAN_POINT('',(0.679477783844,1.690785366058));
#859 = CARTESIAN_POINT('',(0.679477783844,2.749208580848));
#860 = CARTESIAN_POINT('',(1.596099175808,2.219996973453));
#861 = CARTESIAN_POINT('',(2.512720567772,1.690785366058));
#862 = CARTESIAN_POINT('',(1.596099175808,1.161573758662));
#863 = CARTESIAN_POINT('',(0.679477783844,0.632362151267));
#864 = CARTESIAN_POINT('',(0.679477783844,1.690785366058));
#865 = ( GEOMETRIC_REPRESENTATION_CONTEXT(2) 
PARAMETRIC_REPRESENTATION_CONTEXT() REPRESENTATION_CONTEXT('2D SPACE',''
  ) );
#866 = PCURVE('',#867,#872);
#867 = CONICAL_SURFACE('',#868,0.251934097282,6.956823098934E-02);
#868 = AXIS2_PLACEMENT_3D('',#869,#870,#871);
#869 = CARTESIAN_POINT('',(13.806655308569,1.701043423488,8.535));
#870 = DIRECTION('',(-0.,-0.,1.));
#871 = DIRECTION('',(-1.,0.,0.));
#872 = DEFINITIONAL_REPRESENTATION('',(#873),#877);
#873 = LINE('',#874,#875);
#874 = CARTESIAN_POINT('',(0.,5.154180957145));
#875 = VECTOR('',#876,1.);
#876 = DIRECTION('',(-1.,-0.));
#877 = ( GEOMETRIC_REPRESENTATION_CONTEXT(2) 
PARAMETRIC_REPRESENTATION_CONTEXT() REPRESENTATION_CONTEXT('2D SPACE',''
  ) );
#878 = ORIENTED_EDGE('',*,*,#879,.F.);
#879 = EDGE_CURVE('',#880,#847,#882,.T.);
#880 = VERTEX_POINT('',#881);
#881 = CARTESIAN_POINT('',(20.147878970609,2.312124351464,
    13.689180957145));
#882 = SURFACE_CURVE('',#883,(#887,#893),.PCURVE_S1.);
#883 = LINE('',#884,#885);
#884 = CARTESIAN_POINT('',(13.161375952659,2.312124351464,
    13.689180957145));
#885 = VECTOR('',#886,1.);
#886 = DIRECTION('',(-1.,0.,0.));
#887 = PCURVE('',#290,#888);
#888 = DEFINITIONAL_REPRESENTATION('',(#889),#892);
#889 = B_SPLINE_CURVE_WITH_KNOTS('',1,(#890,#891),.UNSPECIFIED.,.F.,.F.,
  (2,2),(-6.986503017951,-0.64527935591),.PIECEWISE_BEZIER_KNOTS.);
#890 = CARTESIAN_POINT('',(7.631782373861,2.301866294034));
#891 = CARTESIAN_POINT('',(1.29055871182,2.301866294034));
#892 = ( GEOMETRIC_REPRESENTATION_CONTEXT(2) 
PARAMETRIC_REPRESENTATION_CONTEXT() REPRESENTATION_CONTEXT('2D SPACE',''
  ) );
#893 = PCURVE('',#894,#899);
#894 = PLANE('',#895);
#895 = AXIS2_PLACEMENT_3D('',#896,#897,#898);
#896 = CARTESIAN_POINT('',(13.806655308569,1.953846258733,8.547467415215
    ));
#897 = DIRECTION('',(0.,0.997581106422,-6.951212922292E-02));
#898 = DIRECTION('',(1.,0.,0.));
#899 = DEFINITIONAL_REPRESENTATION('',(#900),#903);
#900 = B_SPLINE_CURVE_WITH_KNOTS('',1,(#901,#902),.UNSPECIFIED.,.F.,.F.,
  (2,2),(-6.986503017951,-0.64527935591),.PIECEWISE_BEZIER_KNOTS.);
#901 = CARTESIAN_POINT('',(6.34122366204,-5.154180957145));
#902 = CARTESIAN_POINT('',(0.,-5.154180957145));
#903 = ( GEOMETRIC_REPRESENTATION_CONTEXT(2) 
PARAMETRIC_REPRESENTATION_CONTEXT() REPRESENTATION_CONTEXT('2D SPACE',''
  ) );
#904 = ORIENTED_EDGE('',*,*,#905,.T.);
#905 = EDGE_CURVE('',#880,#906,#908,.T.);
#906 = VERTEX_POINT('',#907);
#907 = CARTESIAN_POINT('',(20.147878970609,-2.194239837158,
    13.689180957145));
#908 = SURFACE_CURVE('',#909,(#914,#925),.PCURVE_S1.);
#909 = CIRCLE('',#910,2.253182094311);
#910 = AXIS2_PLACEMENT_3D('',#911,#912,#913);
#911 = CARTESIAN_POINT('',(20.147878970609,5.894225715307E-02,
    13.689180957145));
#912 = DIRECTION('',(0.,-0.,-1.));
#913 = DIRECTION('',(0.,-1.,0.));
#914 = PCURVE('',#290,#915);
#915 = DEFINITIONAL_REPRESENTATION('',(#916),#924);
#916 = ( BOUNDED_CURVE() B_SPLINE_CURVE(2,(#917,#918,#919,#920,#921,#922
,#923),.UNSPECIFIED.,.T.,.F.) B_SPLINE_CURVE_WITH_KNOTS((1,2,2,2,2,1),(
    -2.094395102393,0.,2.094395102393,4.188790204786,6.28318530718,
8.377580409573),.UNSPECIFIED.) CURVE() GEOMETRIC_REPRESENTATION_ITEM() 
RATIONAL_B_SPLINE_CURVE((1.,0.5,1.,0.5,1.,0.5,1.)) REPRESENTATION_ITEM(
  '') );
#917 = CARTESIAN_POINT('',(7.631782373861,-2.204497894589));
#918 = CARTESIAN_POINT('',(3.729156507809,-2.204497894589));
#919 = CARTESIAN_POINT('',(5.680469440835,1.175275246878));
#920 = CARTESIAN_POINT('',(7.631782373861,4.555048388345));
#921 = CARTESIAN_POINT('',(9.583095306887,1.175275246878));
#922 = CARTESIAN_POINT('',(11.534408239912,-2.204497894589));
#923 = CARTESIAN_POINT('',(7.631782373861,-2.204497894589));
#924 = ( GEOMETRIC_REPRESENTATION_CONTEXT(2) 
PARAMETRIC_REPRESENTATION_CONTEXT() REPRESENTATION_CONTEXT('2D SPACE',''
  ) );
#925 = PCURVE('',#926,#931);
#926 = CONICAL_SURFACE('',#927,1.894035263618,6.956823098934E-02);
#927 = AXIS2_PLACEMENT_3D('',#928,#929,#930);
#928 = CARTESIAN_POINT('',(20.147878970609,5.894225715307E-02,8.535));
#929 = DIRECTION('',(-0.,0.,1.));
#930 = DIRECTION('',(0.,-1.,0.));
#931 = DEFINITIONAL_REPRESENTATION('',(#932),#936);
#932 = LINE('',#933,#934);
#933 = CARTESIAN_POINT('',(6.28318530718,5.154180957145));
#934 = VECTOR('',#935,1.);
#935 = DIRECTION('',(-1.,-0.));
#936 = ( GEOMETRIC_REPRESENTATION_CONTEXT(2) 
PARAMETRIC_REPRESENTATION_CONTEXT() REPRESENTATION_CONTEXT('2D SPACE',''
  ) );
#937 = ORIENTED_EDGE('',*,*,#938,.T.);
#938 = EDGE_CURVE('',#906,#939,#941,.T.);
#939 = VERTEX_POINT('',#940);
#940 = CARTESIAN_POINT('',(13.806655308569,-2.194239837158,
    13.689180957145));
#941 = SURFACE_CURVE('',#942,(#946,#952),.PCURVE_S1.);
#942 = LINE('',#943,#944);
#943 = CARTESIAN_POINT('',(13.161375952659,-2.194239837158,
    13.689180957145));
#944 = VECTOR('',#945,1.);
#945 = DIRECTION('',(-1.,0.,0.));
#946 = PCURVE('',#290,#947);
#947 = DEFINITIONAL_REPRESENTATION('',(#948),#951);
#948 = B_SPLINE_CURVE_WITH_KNOTS('',1,(#949,#950),.UNSPECIFIED.,.F.,.F.,
  (2,2),(-6.986503017951,-0.64527935591),.PIECEWISE_BEZIER_KNOTS.);
#949 = CARTESIAN_POINT('',(7.631782373861,-2.204497894589));
#950 = CARTESIAN_POINT('',(1.29055871182,-2.204497894589));
#951 = ( GEOMETRIC_REPRESENTATION_CONTEXT(2) 
PARAMETRIC_REPRESENTATION_CONTEXT() REPRESENTATION_CONTEXT('2D SPACE',''
  ) );
#952 = PCURVE('',#953,#958);
#953 = PLANE('',#954);
#954 = AXIS2_PLACEMENT_3D('',#955,#956,#957);
#955 = CARTESIAN_POINT('',(13.806655308569,-1.835961744427,
    8.547467415215));
#956 = DIRECTION('',(0.,0.997581106422,6.951212922292E-02));
#957 = DIRECTION('',(1.,0.,0.));
#958 = DEFINITIONAL_REPRESENTATION('',(#959),#962);
#959 = B_SPLINE_CURVE_WITH_KNOTS('',1,(#960,#961),.UNSPECIFIED.,.F.,.F.,
  (2,2),(-6.986503017951,-0.64527935591),.PIECEWISE_BEZIER_KNOTS.);
#960 = CARTESIAN_POINT('',(6.34122366204,-5.154180957145));
#961 = CARTESIAN_POINT('',(-1.110223024625E-16,-5.154180957145));
#962 = ( GEOMETRIC_REPRESENTATION_CONTEXT(2) 
PARAMETRIC_REPRESENTATION_CONTEXT() REPRESENTATION_CONTEXT('2D SPACE',''
  ) );
#963 = ORIENTED_EDGE('',*,*,#964,.T.);
#964 = EDGE_CURVE('',#939,#821,#965,.T.);
#965 = SURFACE_CURVE('',#966,(#971,#982),.PCURVE_S1.);
#966 = CIRCLE('',#967,0.611080927976);
#967 = AXIS2_PLACEMENT_3D('',#968,#969,#970);
#968 = CARTESIAN_POINT('',(13.806655308569,-1.583158909182,
    13.689180957145));
#969 = DIRECTION('',(0.,0.,-1.));
#970 = DIRECTION('',(-1.,0.,0.));
#971 = PCURVE('',#290,#972);
#972 = DEFINITIONAL_REPRESENTATION('',(#973),#981);
#973 = ( BOUNDED_CURVE() B_SPLINE_CURVE(2,(#974,#975,#976,#977,#978,#979
,#980),.UNSPECIFIED.,.T.,.F.) B_SPLINE_CURVE_WITH_KNOTS((1,2,2,2,2,1),(
    -2.094395102393,0.,2.094395102393,4.188790204786,6.28318530718,
8.377580409573),.UNSPECIFIED.) CURVE() GEOMETRIC_REPRESENTATION_ITEM() 
RATIONAL_B_SPLINE_CURVE((1.,0.5,1.,0.5,1.,0.5,1.)) REPRESENTATION_ITEM(
  '') );
#974 = CARTESIAN_POINT('',(0.679477783844,-1.593416966613));
#975 = CARTESIAN_POINT('',(0.679477783844,-0.534993751822));
#976 = CARTESIAN_POINT('',(1.596099175808,-1.064205359217));
#977 = CARTESIAN_POINT('',(2.512720567772,-1.593416966613));
#978 = CARTESIAN_POINT('',(1.596099175808,-2.122628574008));
#979 = CARTESIAN_POINT('',(0.679477783844,-2.651840181404));
#980 = CARTESIAN_POINT('',(0.679477783844,-1.593416966613));
#981 = ( GEOMETRIC_REPRESENTATION_CONTEXT(2) 
PARAMETRIC_REPRESENTATION_CONTEXT() REPRESENTATION_CONTEXT('2D SPACE',''
  ) );
#982 = PCURVE('',#983,#988);
#983 = CONICAL_SURFACE('',#984,0.251934097282,6.956823098934E-02);
#984 = AXIS2_PLACEMENT_3D('',#985,#986,#987);
#985 = CARTESIAN_POINT('',(13.806655308569,-1.583158909182,8.535));
#986 = DIRECTION('',(-0.,-0.,1.));
#987 = DIRECTION('',(-1.,0.,0.));
#988 = DEFINITIONAL_REPRESENTATION('',(#989),#993);
#989 = LINE('',#990,#991);
#990 = CARTESIAN_POINT('',(0.,5.154180957145));
#991 = VECTOR('',#992,1.);
#992 = DIRECTION('',(-1.,-0.));
#993 = ( GEOMETRIC_REPRESENTATION_CONTEXT(2) 
PARAMETRIC_REPRESENTATION_CONTEXT() REPRESENTATION_CONTEXT('2D SPACE',''
  ) );
#994 = ADVANCED_FACE('',(#995),#321,.T.);
#995 = FACE_BOUND('',#996,.T.);
#996 = EDGE_LOOP('',(#997,#1024,#1050,#1051));
#997 = ORIENTED_EDGE('',*,*,#998,.F.);
#998 = EDGE_CURVE('',#999,#386,#1001,.T.);
#999 = VERTEX_POINT('',#1000);
#1000 = CARTESIAN_POINT('',(15.224151300182,2.193965826269,
    -4.440892098501E-16));
#1001 = SURFACE_CURVE('',#1002,(#1007,#1013),.PCURVE_S1.);
#1002 = CIRCLE('',#1003,2.459063390059);
#1003 = AXIS2_PLACEMENT_3D('',#1004,#1005,#1006);
#1004 = CARTESIAN_POINT('',(15.224151300182,2.193965826269,
    2.459063390059));
#1005 = DIRECTION('',(0.99998571209,-5.345616526442E-03,-0.));
#1006 = DIRECTION('',(-0.,0.,-1.));
#1007 = PCURVE('',#321,#1008);
#1008 = DEFINITIONAL_REPRESENTATION('',(#1009),#1012);
#1009 = B_SPLINE_CURVE_WITH_KNOTS('',1,(#1010,#1011),.UNSPECIFIED.,.F.,
  .F.,(2,2),(0.,1.51832854042),.PIECEWISE_BEZIER_KNOTS.);
#1010 = CARTESIAN_POINT('',(-5.938864121272E-16,1.570796326795));
#1011 = CARTESIAN_POINT('',(-5.938864121272E-16,3.089124867215));
#1012 = ( GEOMETRIC_REPRESENTATION_CONTEXT(2) 
PARAMETRIC_REPRESENTATION_CONTEXT() REPRESENTATION_CONTEXT('2D SPACE',''
  ) );
#1013 = PCURVE('',#1014,#1019);
#1014 = CYLINDRICAL_SURFACE('',#1015,2.459063390059);
#1015 = AXIS2_PLACEMENT_3D('',#1016,#1017,#1018);
#1016 = CARTESIAN_POINT('',(22.659404536034,2.154219245797,
    2.459063390059));
#1017 = DIRECTION('',(-0.99998571209,5.345616526442E-03,0.));
#1018 = DIRECTION('',(-0.,0.,-1.));
#1019 = DEFINITIONAL_REPRESENTATION('',(#1020),#1023);
#1020 = B_SPLINE_CURVE_WITH_KNOTS('',1,(#1021,#1022),.UNSPECIFIED.,.F.,
  .F.,(2,2),(0.,1.51832854042),.PIECEWISE_BEZIER_KNOTS.);
#1021 = CARTESIAN_POINT('',(0.,7.4353594716));
#1022 = CARTESIAN_POINT('',(-1.51832854042,7.4353594716));
#1023 = ( GEOMETRIC_REPRESENTATION_CONTEXT(2) 
PARAMETRIC_REPRESENTATION_CONTEXT() REPRESENTATION_CONTEXT('2D SPACE',''
  ) );
#1024 = ORIENTED_EDGE('',*,*,#1025,.T.);
#1025 = EDGE_CURVE('',#999,#306,#1026,.T.);
#1026 = SURFACE_CURVE('',#1027,(#1032,#1039),.PCURVE_S1.);
#1027 = CIRCLE('',#1028,8.437822824136);
#1028 = AXIS2_PLACEMENT_3D('',#1029,#1030,#1031);
#1029 = CARTESIAN_POINT('',(15.269256665317,10.631668091551,0.));
#1030 = DIRECTION('',(-0.,0.,-1.));
#1031 = DIRECTION('',(-5.345616526443E-03,-0.99998571209,0.));
#1032 = PCURVE('',#321,#1033);
#1033 = DEFINITIONAL_REPRESENTATION('',(#1034),#1038);
#1034 = LINE('',#1035,#1036);
#1035 = CARTESIAN_POINT('',(0.,1.570796326795));
#1036 = VECTOR('',#1037,1.);
#1037 = DIRECTION('',(1.,0.));
#1038 = ( GEOMETRIC_REPRESENTATION_CONTEXT(2) 
PARAMETRIC_REPRESENTATION_CONTEXT() REPRESENTATION_CONTEXT('2D SPACE',''
  ) );
#1039 = PCURVE('',#349,#1040);
#1040 = DEFINITIONAL_REPRESENTATION('',(#1041),#1049);
#1041 = ( BOUNDED_CURVE() B_SPLINE_CURVE(2,(#1042,#1043,#1044,#1045,
#1046,#1047,#1048),.UNSPECIFIED.,.T.,.F.) B_SPLINE_CURVE_WITH_KNOTS((1,2
    ,2,2,2,1),(-2.094395102393,0.,2.094395102393,4.188790204786,
6.28318530718,8.377580409573),.UNSPECIFIED.) CURVE() 
GEOMETRIC_REPRESENTATION_ITEM() RATIONAL_B_SPLINE_CURVE((1.,0.5,1.,0.5,
1.,0.5,1.)) REPRESENTATION_ITEM('') );
#1042 = CARTESIAN_POINT('',(15.192151300182,2.289065826269));
#1043 = CARTESIAN_POINT('',(0.577622277574,2.367190610378));
#1044 = CARTESIAN_POINT('',(7.952544836581,14.984681616247));
#1045 = CARTESIAN_POINT('',(15.327467395589,27.602172622115));
#1046 = CARTESIAN_POINT('',(22.567073859189,14.906556832137));
#1047 = CARTESIAN_POINT('',(29.806680322789,2.210941042159));
#1048 = CARTESIAN_POINT('',(15.192151300182,2.289065826269));
#1049 = ( GEOMETRIC_REPRESENTATION_CONTEXT(2) 
PARAMETRIC_REPRESENTATION_CONTEXT() REPRESENTATION_CONTEXT('2D SPACE',''
  ) );
#1050 = ORIENTED_EDGE('',*,*,#305,.T.);
#1051 = ORIENTED_EDGE('',*,*,#413,.F.);
#1052 = ADVANCED_FACE('',(#1053),#349,.F.);
#1053 = FACE_BOUND('',#1054,.F.);
#1054 = EDGE_LOOP('',(#1055,#1056,#1057,#1080,#1121,#1142));
#1055 = ORIENTED_EDGE('',*,*,#332,.T.);
#1056 = ORIENTED_EDGE('',*,*,#520,.T.);
#1057 = ORIENTED_EDGE('',*,*,#1058,.T.);
#1058 = EDGE_CURVE('',#521,#1059,#1061,.T.);
#1059 = VERTEX_POINT('',#1060);
#1060 = CARTESIAN_POINT('',(22.675241215008,-2.052442316178,
    -4.440892098501E-16));
#1061 = SURFACE_CURVE('',#1062,(#1066,#1073),.PCURVE_S1.);
#1062 = LINE('',#1063,#1064);
#1063 = CARTESIAN_POINT('',(15.791871988153,-2.141070178755,
    -4.440892098501E-16));
#1064 = VECTOR('',#1065,1.);
#1065 = DIRECTION('',(0.999917119106,1.287458424795E-02,-0.));
#1066 = PCURVE('',#349,#1067);
#1067 = DEFINITIONAL_REPRESENTATION('',(#1068),#1072);
#1068 = LINE('',#1069,#1070);
#1069 = CARTESIAN_POINT('',(15.759871988153,-2.045970178755));
#1070 = VECTOR('',#1071,1.);
#1071 = DIRECTION('',(0.999917119106,1.287458424795E-02));
#1072 = ( GEOMETRIC_REPRESENTATION_CONTEXT(2) 
PARAMETRIC_REPRESENTATION_CONTEXT() REPRESENTATION_CONTEXT('2D SPACE',''
  ) );
#1073 = PCURVE('',#562,#1074);
#1074 = DEFINITIONAL_REPRESENTATION('',(#1075),#1079);
#1075 = LINE('',#1076,#1077);
#1076 = CARTESIAN_POINT('',(-0.,0.));
#1077 = VECTOR('',#1078,1.);
#1078 = DIRECTION('',(-0.,1.));
#1079 = ( GEOMETRIC_REPRESENTATION_CONTEXT(2) 
PARAMETRIC_REPRESENTATION_CONTEXT() REPRESENTATION_CONTEXT('2D SPACE',''
  ) );
#1080 = ORIENTED_EDGE('',*,*,#1081,.T.);
#1081 = EDGE_CURVE('',#1059,#1082,#1084,.T.);
#1082 = VERTEX_POINT('',#1083);
#1083 = CARTESIAN_POINT('',(22.659404536034,2.154219245797,0.));
#1084 = SURFACE_CURVE('',#1085,(#1090,#1097),.PCURVE_S1.);
#1085 = CIRCLE('',#1086,2.103432975021);
#1086 = AXIS2_PLACEMENT_3D('',#1087,#1088,#1089);
#1087 = CARTESIAN_POINT('',(22.648160389961,5.081632443728E-02,0.));
#1088 = DIRECTION('',(0.,0.,1.));
#1089 = DIRECTION('',(1.287458424795E-02,-0.999917119106,0.));
#1090 = PCURVE('',#349,#1091);
#1091 = DEFINITIONAL_REPRESENTATION('',(#1092),#1096);
#1092 = CIRCLE('',#1093,2.103432975021);
#1093 = AXIS2_PLACEMENT_2D('',#1094,#1095);
#1094 = CARTESIAN_POINT('',(22.616160389961,0.145916324437));
#1095 = DIRECTION('',(1.287458424795E-02,-0.999917119106));
#1096 = ( GEOMETRIC_REPRESENTATION_CONTEXT(2) 
PARAMETRIC_REPRESENTATION_CONTEXT() REPRESENTATION_CONTEXT('2D SPACE',''
  ) );
#1097 = PCURVE('',#1098,#1115);
#1098 = SURFACE_OF_REVOLUTION('',#1099,#1112);
#1099 = B_SPLINE_CURVE_WITH_KNOTS('',6,(#1100,#1101,#1102,#1103,#1104,
    #1105,#1106,#1107,#1108,#1109,#1110,#1111),.UNSPECIFIED.,.F.,.F.,(7,
    5,7),(4.712388980385,5.471553250595,6.230717520805),.UNSPECIFIED.);
#1100 = CARTESIAN_POINT('',(22.675241215008,-2.052442316178,
    -4.363601117727E-30));
#1101 = CARTESIAN_POINT('',(22.679246998267,-2.363555372698,
    -4.834532774112E-16));
#1102 = CARTESIAN_POINT('',(22.683252776045,-2.674668003412,
    4.72409472816E-02));
#1103 = CARTESIAN_POINT('',(22.687143153599,-2.976817963539,
    0.141723847315));
#1104 = CARTESIAN_POINT('',(22.690802564465,-3.261029670875,
    0.281176584709));
#1105 = CARTESIAN_POINT('',(22.69412704042,-3.519228332301,
    0.461068834244));
#1106 = CARTESIAN_POINT('',(22.699938722984,-3.970598316349,
    0.889392173316));
#1107 = CARTESIAN_POINT('',(22.70242592164,-4.163769021201,
    1.137822676627));
#1108 = CARTESIAN_POINT('',(22.704410760085,-4.31792343134,
    1.414353380333));
#1109 = CARTESIAN_POINT('',(22.705829540051,-4.42811435861,
    1.711157521901));
#1110 = CARTESIAN_POINT('',(22.706646988517,-4.491602289482,
    2.019390285827));
#1111 = CARTESIAN_POINT('',(22.70685706668,-4.507918214532,
    2.330100965872));
#1112 = AXIS1_PLACEMENT('',#1113,#1114);
#1113 = CARTESIAN_POINT('',(22.648160389961,5.081632443728E-02,
    2.459063390059));
#1114 = DIRECTION('',(0.,0.,1.));
#1115 = DEFINITIONAL_REPRESENTATION('',(#1116),#1120);
#1116 = LINE('',#1117,#1118);
#1117 = CARTESIAN_POINT('',(0.,4.712388980385));
#1118 = VECTOR('',#1119,1.);
#1119 = DIRECTION('',(1.,0.));
#1120 = ( GEOMETRIC_REPRESENTATION_CONTEXT(2) 
PARAMETRIC_REPRESENTATION_CONTEXT() REPRESENTATION_CONTEXT('2D SPACE',''
  ) );
#1121 = ORIENTED_EDGE('',*,*,#1122,.T.);
#1122 = EDGE_CURVE('',#1082,#999,#1123,.T.);
#1123 = SURFACE_CURVE('',#1124,(#1128,#1135),.PCURVE_S1.);
#1124 = LINE('',#1125,#1126);
#1125 = CARTESIAN_POINT('',(22.659404536034,2.154219245797,
    -4.440892098501E-16));
#1126 = VECTOR('',#1127,1.);
#1127 = DIRECTION('',(-0.99998571209,5.345616526442E-03,0.));
#1128 = PCURVE('',#349,#1129);
#1129 = DEFINITIONAL_REPRESENTATION('',(#1130),#1134);
#1130 = LINE('',#1131,#1132);
#1131 = CARTESIAN_POINT('',(22.627404536034,2.249319245797));
#1132 = VECTOR('',#1133,1.);
#1133 = DIRECTION('',(-0.99998571209,5.345616526442E-03));
#1134 = ( GEOMETRIC_REPRESENTATION_CONTEXT(2) 
PARAMETRIC_REPRESENTATION_CONTEXT() REPRESENTATION_CONTEXT('2D SPACE',''
  ) );
#1135 = PCURVE('',#1014,#1136);
#1136 = DEFINITIONAL_REPRESENTATION('',(#1137),#1141);
#1137 = LINE('',#1138,#1139);
#1138 = CARTESIAN_POINT('',(-0.,0.));
#1139 = VECTOR('',#1140,1.);
#1140 = DIRECTION('',(-0.,1.));
#1141 = ( GEOMETRIC_REPRESENTATION_CONTEXT(2) 
PARAMETRIC_REPRESENTATION_CONTEXT() REPRESENTATION_CONTEXT('2D SPACE',''
  ) );
#1142 = ORIENTED_EDGE('',*,*,#1025,.T.);
#1143 = ADVANCED_FACE('',(#1144),#402,.F.);
#1144 = FACE_BOUND('',#1145,.F.);
#1145 = EDGE_LOOP('',(#1146,#1147,#1170,#1191));
#1146 = ORIENTED_EDGE('',*,*,#385,.F.);
#1147 = ORIENTED_EDGE('',*,*,#1148,.F.);
#1148 = EDGE_CURVE('',#1149,#386,#1151,.T.);
#1149 = VERTEX_POINT('',#1150);
#1150 = CARTESIAN_POINT('',(22.672531656564,4.609863586532,
    2.330100965872));
#1151 = SURFACE_CURVE('',#1152,(#1156,#1163),.PCURVE_S1.);
#1152 = LINE('',#1153,#1154);
#1153 = CARTESIAN_POINT('',(22.672531656564,4.609863586532,
    2.330100965872));
#1154 = VECTOR('',#1155,1.);
#1155 = DIRECTION('',(-0.99998571209,5.345616526442E-03,0.));
#1156 = PCURVE('',#402,#1157);
#1157 = DEFINITIONAL_REPRESENTATION('',(#1158),#1162);
#1158 = LINE('',#1159,#1160);
#1159 = CARTESIAN_POINT('',(-3.552713678801E-15,-2.33331187968));
#1160 = VECTOR('',#1161,1.);
#1161 = DIRECTION('',(1.,0.));
#1162 = ( GEOMETRIC_REPRESENTATION_CONTEXT(2) 
PARAMETRIC_REPRESENTATION_CONTEXT() REPRESENTATION_CONTEXT('2D SPACE',''
  ) );
#1163 = PCURVE('',#1014,#1164);
#1164 = DEFINITIONAL_REPRESENTATION('',(#1165),#1169);
#1165 = LINE('',#1166,#1167);
#1166 = CARTESIAN_POINT('',(-1.51832854042,0.));
#1167 = VECTOR('',#1168,1.);
#1168 = DIRECTION('',(-0.,1.));
#1169 = ( GEOMETRIC_REPRESENTATION_CONTEXT(2) 
PARAMETRIC_REPRESENTATION_CONTEXT() REPRESENTATION_CONTEXT('2D SPACE',''
  ) );
#1170 = ORIENTED_EDGE('',*,*,#1171,.T.);
#1171 = EDGE_CURVE('',#1149,#1172,#1174,.T.);
#1172 = VERTEX_POINT('',#1173);
#1173 = CARTESIAN_POINT('',(22.675562615798,5.17685448688,
    13.126794593745));
#1174 = SURFACE_CURVE('',#1175,(#1179,#1185),.PCURVE_S1.);
#1175 = LINE('',#1176,#1177);
#1176 = CARTESIAN_POINT('',(22.67187752658,4.487497787327,0.));
#1177 = VECTOR('',#1178,1.);
#1178 = DIRECTION('',(2.803439995939E-04,5.244296755621E-02,
    0.998623881429));
#1179 = PCURVE('',#402,#1180);
#1180 = DEFINITIONAL_REPRESENTATION('',(#1181),#1184);
#1181 = B_SPLINE_CURVE_WITH_KNOTS('',1,(#1182,#1183),.UNSPECIFIED.,.F.,
  .F.,(2,2),(0.,13.708044852233),.PIECEWISE_BEZIER_KNOTS.);
#1182 = CARTESIAN_POINT('',(-3.552662917947E-15,-2.871336261471E-17));
#1183 = CARTESIAN_POINT('',(-2.325779689964E-15,-13.70804485223));
#1184 = ( GEOMETRIC_REPRESENTATION_CONTEXT(2) 
PARAMETRIC_REPRESENTATION_CONTEXT() REPRESENTATION_CONTEXT('2D SPACE',''
  ) );
#1185 = PCURVE('',#616,#1186);
#1186 = DEFINITIONAL_REPRESENTATION('',(#1187),#1190);
#1187 = B_SPLINE_CURVE_WITH_KNOTS('',1,(#1188,#1189),.UNSPECIFIED.,.F.,
  .F.,(2,2),(0.,13.708044852233),.PIECEWISE_BEZIER_KNOTS.);
#1188 = CARTESIAN_POINT('',(3.123372071659,4.651527882394E-17));
#1189 = CARTESIAN_POINT('',(3.123372071659,13.689180957145));
#1190 = ( GEOMETRIC_REPRESENTATION_CONTEXT(2) 
PARAMETRIC_REPRESENTATION_CONTEXT() REPRESENTATION_CONTEXT('2D SPACE',''
  ) );
#1191 = ORIENTED_EDGE('',*,*,#1192,.T.);
#1192 = EDGE_CURVE('',#1172,#388,#1193,.T.);
#1193 = SURFACE_CURVE('',#1194,(#1198,#1205),.PCURVE_S1.);
#1194 = LINE('',#1195,#1196);
#1195 = CARTESIAN_POINT('',(22.675562615798,5.17685448688,
    13.126794593745));
#1196 = VECTOR('',#1197,1.);
#1197 = DIRECTION('',(-0.99998571209,5.345616526442E-03,0.));
#1198 = PCURVE('',#402,#1199);
#1199 = DEFINITIONAL_REPRESENTATION('',(#1200),#1204);
#1200 = LINE('',#1201,#1202);
#1201 = CARTESIAN_POINT('',(0.,-13.14488351205));
#1202 = VECTOR('',#1203,1.);
#1203 = DIRECTION('',(1.,0.));
#1204 = ( GEOMETRIC_REPRESENTATION_CONTEXT(2) 
PARAMETRIC_REPRESENTATION_CONTEXT() REPRESENTATION_CONTEXT('2D SPACE',''
  ) );
#1205 = PCURVE('',#667,#1206);
#1206 = DEFINITIONAL_REPRESENTATION('',(#1207),#1211);
#1207 = LINE('',#1208,#1209);
#1208 = CARTESIAN_POINT('',(-0.,0.));
#1209 = VECTOR('',#1210,1.);
#1210 = DIRECTION('',(-0.,1.));
#1211 = ( GEOMETRIC_REPRESENTATION_CONTEXT(2) 
PARAMETRIC_REPRESENTATION_CONTEXT() REPRESENTATION_CONTEXT('2D SPACE',''
  ) );
#1212 = ADVANCED_FACE('',(#1213),#479,.T.);
#1213 = FACE_BOUND('',#1214,.F.);
#1214 = EDGE_LOOP('',(#1215,#1216,#1217,#1237));
#1215 = ORIENTED_EDGE('',*,*,#463,.T.);
#1216 = ORIENTED_EDGE('',*,*,#711,.T.);
#1217 = ORIENTED_EDGE('',*,*,#1218,.F.);
#1218 = EDGE_CURVE('',#579,#712,#1219,.T.);
#1219 = SURFACE_CURVE('',#1220,(#1225,#1231),.PCURVE_S1.);
#1220 = CIRCLE('',#1221,0.534362412342);
#1221 = AXIS2_PLACEMENT_3D('',#1222,#1223,#1224);
#1222 = CARTESIAN_POINT('',(22.707286716472,-4.541287383912,
    13.154818544803));
#1223 = DIRECTION('',(-0.999917119106,-1.287458424795E-02,
    1.084202172486E-19));
#1224 = DIRECTION('',(1.285686729348E-02,-0.998541114589,
    -5.244371686732E-02));
#1225 = PCURVE('',#479,#1226);
#1226 = DEFINITIONAL_REPRESENTATION('',(#1227),#1230);
#1227 = B_SPLINE_CURVE_WITH_KNOTS('',1,(#1228,#1229),.UNSPECIFIED.,.F.,
  .F.,(2,2),(0.,1.623264113169),.PIECEWISE_BEZIER_KNOTS.);
#1228 = CARTESIAN_POINT('',(0.,6.88393977394));
#1229 = CARTESIAN_POINT('',(-1.623264113169,6.88393977394));
#1230 = ( GEOMETRIC_REPRESENTATION_CONTEXT(2) 
PARAMETRIC_REPRESENTATION_CONTEXT() REPRESENTATION_CONTEXT('2D SPACE',''
  ) );
#1231 = PCURVE('',#751,#1232);
#1232 = DEFINITIONAL_REPRESENTATION('',(#1233),#1236);
#1233 = B_SPLINE_CURVE_WITH_KNOTS('',1,(#1234,#1235),.UNSPECIFIED.,.F.,
  .F.,(2,2),(0.,1.623264113169),.PIECEWISE_BEZIER_KNOTS.);
#1234 = CARTESIAN_POINT('',(-6.930621281707E-16,6.230717520805));
#1235 = CARTESIAN_POINT('',(-6.930621281707E-16,7.853981633974));
#1236 = ( GEOMETRIC_REPRESENTATION_CONTEXT(2) 
PARAMETRIC_REPRESENTATION_CONTEXT() REPRESENTATION_CONTEXT('2D SPACE',''
  ) );
#1237 = ORIENTED_EDGE('',*,*,#578,.F.);
#1238 = ADVANCED_FACE('',(#1239),#562,.T.);
#1239 = FACE_BOUND('',#1240,.F.);
#1240 = EDGE_LOOP('',(#1241,#1242,#1243,#1263));
#1241 = ORIENTED_EDGE('',*,*,#548,.T.);
#1242 = ORIENTED_EDGE('',*,*,#627,.T.);
#1243 = ORIENTED_EDGE('',*,*,#1244,.F.);
#1244 = EDGE_CURVE('',#1059,#602,#1245,.T.);
#1245 = SURFACE_CURVE('',#1246,(#1251,#1257),.PCURVE_S1.);
#1246 = CIRCLE('',#1247,2.459063390059);
#1247 = AXIS2_PLACEMENT_3D('',#1248,#1249,#1250);
#1248 = CARTESIAN_POINT('',(22.675241215008,-2.052442316178,
    2.459063390059));
#1249 = DIRECTION('',(-0.999917119106,-1.287458424795E-02,0.));
#1250 = DIRECTION('',(0.,-0.,-1.));
#1251 = PCURVE('',#562,#1252);
#1252 = DEFINITIONAL_REPRESENTATION('',(#1253),#1256);
#1253 = B_SPLINE_CURVE_WITH_KNOTS('',1,(#1254,#1255),.UNSPECIFIED.,.F.,
  .F.,(2,2),(0.,1.51832854042),.PIECEWISE_BEZIER_KNOTS.);
#1254 = CARTESIAN_POINT('',(0.,6.88393977394));
#1255 = CARTESIAN_POINT('',(-1.51832854042,6.88393977394));
#1256 = ( GEOMETRIC_REPRESENTATION_CONTEXT(2) 
PARAMETRIC_REPRESENTATION_CONTEXT() REPRESENTATION_CONTEXT('2D SPACE',''
  ) );
#1257 = PCURVE('',#1098,#1258);
#1258 = DEFINITIONAL_REPRESENTATION('',(#1259),#1262);
#1259 = B_SPLINE_CURVE_WITH_KNOTS('',1,(#1260,#1261),.UNSPECIFIED.,.F.,
  .F.,(2,2),(0.,1.51832854042),.PIECEWISE_BEZIER_KNOTS.);
#1260 = CARTESIAN_POINT('',(-7.792555579507E-16,4.712388980385));
#1261 = CARTESIAN_POINT('',(-7.792555579507E-16,6.230717520805));
#1262 = ( GEOMETRIC_REPRESENTATION_CONTEXT(2) 
PARAMETRIC_REPRESENTATION_CONTEXT() REPRESENTATION_CONTEXT('2D SPACE',''
  ) );
#1263 = ORIENTED_EDGE('',*,*,#1058,.F.);
#1264 = ADVANCED_FACE('',(#1265),#616,.T.);
#1265 = FACE_BOUND('',#1266,.F.);
#1266 = EDGE_LOOP('',(#1267,#1268,#1290,#1291));
#1267 = ORIENTED_EDGE('',*,*,#601,.T.);
#1268 = ORIENTED_EDGE('',*,*,#1269,.T.);
#1269 = EDGE_CURVE('',#579,#1172,#1270,.T.);
#1270 = SURFACE_CURVE('',#1271,(#1276,#1283),.PCURVE_S1.);
#1271 = CIRCLE('',#1272,5.126111403861);
#1272 = AXIS2_PLACEMENT_3D('',#1273,#1274,#1275);
#1273 = CARTESIAN_POINT('',(22.648160389961,5.081632443728E-02,
    13.126794593745));
#1274 = DIRECTION('',(0.,0.,1.));
#1275 = DIRECTION('',(1.287458424795E-02,-0.999917119106,0.));
#1276 = PCURVE('',#616,#1277);
#1277 = DEFINITIONAL_REPRESENTATION('',(#1278),#1282);
#1278 = LINE('',#1279,#1280);
#1279 = CARTESIAN_POINT('',(6.930621281707E-16,13.126794593745));
#1280 = VECTOR('',#1281,1.);
#1281 = DIRECTION('',(1.,-0.));
#1282 = ( GEOMETRIC_REPRESENTATION_CONTEXT(2) 
PARAMETRIC_REPRESENTATION_CONTEXT() REPRESENTATION_CONTEXT('2D SPACE',''
  ) );
#1283 = PCURVE('',#751,#1284);
#1284 = DEFINITIONAL_REPRESENTATION('',(#1285),#1289);
#1285 = LINE('',#1286,#1287);
#1286 = CARTESIAN_POINT('',(0.,6.230717520805));
#1287 = VECTOR('',#1288,1.);
#1288 = DIRECTION('',(1.,0.));
#1289 = ( GEOMETRIC_REPRESENTATION_CONTEXT(2) 
PARAMETRIC_REPRESENTATION_CONTEXT() REPRESENTATION_CONTEXT('2D SPACE',''
  ) );
#1290 = ORIENTED_EDGE('',*,*,#1171,.F.);
#1291 = ORIENTED_EDGE('',*,*,#1292,.F.);
#1292 = EDGE_CURVE('',#602,#1149,#1293,.T.);
#1293 = SURFACE_CURVE('',#1294,(#1299,#1306),.PCURVE_S1.);
#1294 = CIRCLE('',#1295,4.559112402282);
#1295 = AXIS2_PLACEMENT_3D('',#1296,#1297,#1298);
#1296 = CARTESIAN_POINT('',(22.648160389961,5.081632443728E-02,
    2.330100965872));
#1297 = DIRECTION('',(0.,0.,1.));
#1298 = DIRECTION('',(1.287458424795E-02,-0.999917119106,0.));
#1299 = PCURVE('',#616,#1300);
#1300 = DEFINITIONAL_REPRESENTATION('',(#1301),#1305);
#1301 = LINE('',#1302,#1303);
#1302 = CARTESIAN_POINT('',(7.792555579507E-16,2.330100965872));
#1303 = VECTOR('',#1304,1.);
#1304 = DIRECTION('',(1.,-0.));
#1305 = ( GEOMETRIC_REPRESENTATION_CONTEXT(2) 
PARAMETRIC_REPRESENTATION_CONTEXT() REPRESENTATION_CONTEXT('2D SPACE',''
  ) );
#1306 = PCURVE('',#1098,#1307);
#1307 = DEFINITIONAL_REPRESENTATION('',(#1308),#1312);
#1308 = LINE('',#1309,#1310);
#1309 = CARTESIAN_POINT('',(0.,6.230717520805));
#1310 = VECTOR('',#1311,1.);
#1311 = DIRECTION('',(1.,0.));
#1312 = ( GEOMETRIC_REPRESENTATION_CONTEXT(2) 
PARAMETRIC_REPRESENTATION_CONTEXT() REPRESENTATION_CONTEXT('2D SPACE',''
  ) );
#1313 = ADVANCED_FACE('',(#1314),#667,.T.);
#1314 = FACE_BOUND('',#1315,.F.);
#1315 = EDGE_LOOP('',(#1316,#1336,#1337,#1338));
#1316 = ORIENTED_EDGE('',*,*,#1317,.T.);
#1317 = EDGE_CURVE('',#1172,#735,#1318,.T.);
#1318 = SURFACE_CURVE('',#1319,(#1324,#1330),.PCURVE_S1.);
#1319 = CIRCLE('',#1320,0.534362412342);
#1320 = AXIS2_PLACEMENT_3D('',#1321,#1322,#1323);
#1321 = CARTESIAN_POINT('',(22.672710050133,4.643235044992,
    13.154818544803));
#1322 = DIRECTION('',(0.99998571209,-5.345616526441E-03,0.));
#1323 = DIRECTION('',(5.345616526441E-03,0.99998571209,0.));
#1324 = PCURVE('',#667,#1325);
#1325 = DEFINITIONAL_REPRESENTATION('',(#1326),#1329);
#1326 = B_SPLINE_CURVE_WITH_KNOTS('',1,(#1327,#1328),.UNSPECIFIED.,.F.,
  .F.,(2,2),(6.230717520805,7.853981633974),.PIECEWISE_BEZIER_KNOTS.);
#1327 = CARTESIAN_POINT('',(0.,-2.376183172762E-15));
#1328 = CARTESIAN_POINT('',(-1.623264113169,-2.376183172762E-15));
#1329 = ( GEOMETRIC_REPRESENTATION_CONTEXT(2) 
PARAMETRIC_REPRESENTATION_CONTEXT() REPRESENTATION_CONTEXT('2D SPACE',''
  ) );
#1330 = PCURVE('',#751,#1331);
#1331 = DEFINITIONAL_REPRESENTATION('',(#1332),#1335);
#1332 = B_SPLINE_CURVE_WITH_KNOTS('',1,(#1333,#1334),.UNSPECIFIED.,.F.,
  .F.,(2,2),(6.230717520805,7.853981633974),.PIECEWISE_BEZIER_KNOTS.);
#1333 = CARTESIAN_POINT('',(3.123372071659,6.230717520805));
#1334 = CARTESIAN_POINT('',(3.123372071659,7.853981633974));
#1335 = ( GEOMETRIC_REPRESENTATION_CONTEXT(2) 
PARAMETRIC_REPRESENTATION_CONTEXT() REPRESENTATION_CONTEXT('2D SPACE',''
  ) );
#1336 = ORIENTED_EDGE('',*,*,#763,.T.);
#1337 = ORIENTED_EDGE('',*,*,#651,.F.);
#1338 = ORIENTED_EDGE('',*,*,#1192,.F.);
#1339 = ADVANCED_FACE('',(#1340),#751,.T.);
#1340 = FACE_BOUND('',#1341,.T.);
#1341 = EDGE_LOOP('',(#1342,#1343,#1344,#1345));
#1342 = ORIENTED_EDGE('',*,*,#1218,.F.);
#1343 = ORIENTED_EDGE('',*,*,#1269,.T.);
#1344 = ORIENTED_EDGE('',*,*,#1317,.T.);
#1345 = ORIENTED_EDGE('',*,*,#734,.F.);
#1346 = ADVANCED_FACE('',(#1347),#804,.T.);
#1347 = FACE_BOUND('',#1348,.T.);
#1348 = EDGE_LOOP('',(#1349,#1350,#1373,#1400));
#1349 = ORIENTED_EDGE('',*,*,#787,.T.);
#1350 = ORIENTED_EDGE('',*,*,#1351,.T.);
#1351 = EDGE_CURVE('',#788,#1352,#1354,.T.);
#1352 = VERTEX_POINT('',#1353);
#1353 = CARTESIAN_POINT('',(11.639770405162,-4.69E-02,14.103858006286));
#1354 = SEAM_CURVE('',#1355,(#1359,#1366),.PCURVE_S1.);
#1355 = LINE('',#1356,#1357);
#1356 = CARTESIAN_POINT('',(12.289598611292,-4.69E-02,13.689180957145));
#1357 = VECTOR('',#1358,1.);
#1358 = DIRECTION('',(-0.8429851033,0.,0.537936906722));
#1359 = PCURVE('',#804,#1360);
#1360 = DEFINITIONAL_REPRESENTATION('',(#1361),#1365);
#1361 = LINE('',#1362,#1363);
#1362 = CARTESIAN_POINT('',(-0.,-0.));
#1363 = VECTOR('',#1364,1.);
#1364 = DIRECTION('',(-0.,-1.));
#1365 = ( GEOMETRIC_REPRESENTATION_CONTEXT(2) 
PARAMETRIC_REPRESENTATION_CONTEXT() REPRESENTATION_CONTEXT('2D SPACE',''
  ) );
#1366 = PCURVE('',#804,#1367);
#1367 = DEFINITIONAL_REPRESENTATION('',(#1368),#1372);
#1368 = LINE('',#1369,#1370);
#1369 = CARTESIAN_POINT('',(-6.28318530718,-0.));
#1370 = VECTOR('',#1371,1.);
#1371 = DIRECTION('',(-0.,-1.));
#1372 = ( GEOMETRIC_REPRESENTATION_CONTEXT(2) 
PARAMETRIC_REPRESENTATION_CONTEXT() REPRESENTATION_CONTEXT('2D SPACE',''
  ) );
#1373 = ORIENTED_EDGE('',*,*,#1374,.F.);
#1374 = EDGE_CURVE('',#1352,#1352,#1375,.T.);
#1375 = SURFACE_CURVE('',#1376,(#1381,#1388),.PCURVE_S1.);
#1376 = CIRCLE('',#1377,11.756370405162);
#1377 = AXIS2_PLACEMENT_3D('',#1378,#1379,#1380);
#1378 = CARTESIAN_POINT('',(-0.1166,-4.69E-02,14.103858006286));
#1379 = DIRECTION('',(0.,0.,1.));
#1380 = DIRECTION('',(1.,0.,-0.));
#1381 = PCURVE('',#804,#1382);
#1382 = DEFINITIONAL_REPRESENTATION('',(#1383),#1387);
#1383 = LINE('',#1384,#1385);
#1384 = CARTESIAN_POINT('',(-0.,-0.414677049141));
#1385 = VECTOR('',#1386,1.);
#1386 = DIRECTION('',(-1.,-0.));
#1387 = ( GEOMETRIC_REPRESENTATION_CONTEXT(2) 
PARAMETRIC_REPRESENTATION_CONTEXT() REPRESENTATION_CONTEXT('2D SPACE',''
  ) );
#1388 = PCURVE('',#1389,#1394);
#1389 = PLANE('',#1390);
#1390 = AXIS2_PLACEMENT_3D('',#1391,#1392,#1393);
#1391 = CARTESIAN_POINT('',(-0.1166,-4.69E-02,14.103858006286));
#1392 = DIRECTION('',(0.,0.,1.));
#1393 = DIRECTION('',(1.,0.,-0.));
#1394 = DEFINITIONAL_REPRESENTATION('',(#1395),#1399);
#1395 = CIRCLE('',#1396,11.756370405162);
#1396 = AXIS2_PLACEMENT_2D('',#1397,#1398);
#1397 = CARTESIAN_POINT('',(0.,0.));
#1398 = DIRECTION('',(1.,0.));
#1399 = ( GEOMETRIC_REPRESENTATION_CONTEXT(2) 
PARAMETRIC_REPRESENTATION_CONTEXT() REPRESENTATION_CONTEXT('2D SPACE',''
  ) );
#1400 = ORIENTED_EDGE('',*,*,#1351,.F.);
#1401 = ADVANCED_FACE('',(#1402),#835,.F.);
#1402 = FACE_BOUND('',#1403,.F.);
#1403 = EDGE_LOOP('',(#1404,#1432,#1451,#1452));
#1404 = ORIENTED_EDGE('',*,*,#1405,.F.);
#1405 = EDGE_CURVE('',#1406,#1408,#1410,.T.);
#1406 = VERTEX_POINT('',#1407);
#1407 = CARTESIAN_POINT('',(13.554721211287,-1.583158909182,8.535));
#1408 = VERTEX_POINT('',#1409);
#1409 = CARTESIAN_POINT('',(13.554721211287,1.701043423488,8.535));
#1410 = SURFACE_CURVE('',#1411,(#1415,#1421),.PCURVE_S1.);
#1411 = LINE('',#1412,#1413);
#1412 = CARTESIAN_POINT('',(13.554721211287,-0.762108326015,8.535));
#1413 = VECTOR('',#1414,1.);
#1414 = DIRECTION('',(0.,1.,-0.));
#1415 = PCURVE('',#835,#1416);
#1416 = DEFINITIONAL_REPRESENTATION('',(#1417),#1420);
#1417 = B_SPLINE_CURVE_WITH_KNOTS('',1,(#1418,#1419),.UNSPECIFIED.,.F.,
  .F.,(2,2),(-0.821050583168,2.463151749503),.PIECEWISE_BEZIER_KNOTS.);
#1418 = CARTESIAN_POINT('',(-2.22044604925E-16,1.249764569003E-02));
#1419 = CARTESIAN_POINT('',(3.284202332671,1.249764569003E-02));
#1420 = ( GEOMETRIC_REPRESENTATION_CONTEXT(2) 
PARAMETRIC_REPRESENTATION_CONTEXT() REPRESENTATION_CONTEXT('2D SPACE',''
  ) );
#1421 = PCURVE('',#1422,#1427);
#1422 = PLANE('',#1423);
#1423 = AXIS2_PLACEMENT_3D('',#1424,#1425,#1426);
#1424 = CARTESIAN_POINT('',(17.426682150562,5.894225715307E-02,8.535));
#1425 = DIRECTION('',(0.,0.,1.));
#1426 = DIRECTION('',(1.,0.,0.));
#1427 = DEFINITIONAL_REPRESENTATION('',(#1428),#1431);
#1428 = B_SPLINE_CURVE_WITH_KNOTS('',1,(#1429,#1430),.UNSPECIFIED.,.F.,
  .F.,(2,2),(-0.821050583168,2.463151749503),.PIECEWISE_BEZIER_KNOTS.);
#1429 = CARTESIAN_POINT('',(-3.871960939275,-1.642101166335));
#1430 = CARTESIAN_POINT('',(-3.871960939275,1.642101166335));
#1431 = ( GEOMETRIC_REPRESENTATION_CONTEXT(2) 
PARAMETRIC_REPRESENTATION_CONTEXT() REPRESENTATION_CONTEXT('2D SPACE',''
  ) );
#1432 = ORIENTED_EDGE('',*,*,#1433,.T.);
#1433 = EDGE_CURVE('',#1406,#821,#1434,.T.);
#1434 = SURFACE_CURVE('',#1435,(#1439,#1445),.PCURVE_S1.);
#1435 = LINE('',#1436,#1437);
#1436 = CARTESIAN_POINT('',(13.553852473324,-1.583158909182,
    8.547467415215));
#1437 = VECTOR('',#1438,1.);
#1438 = DIRECTION('',(-6.951212922292E-02,0.,0.997581106422));
#1439 = PCURVE('',#835,#1440);
#1440 = DEFINITIONAL_REPRESENTATION('',(#1441),#1444);
#1441 = B_SPLINE_CURVE_WITH_KNOTS('',1,(#1442,#1443),.UNSPECIFIED.,.F.,
  .F.,(2,2),(-1.249764569003E-02,6.156605715956),
  .PIECEWISE_BEZIER_KNOTS.);
#1442 = CARTESIAN_POINT('',(-2.22044604925E-16,1.249764569003E-02));
#1443 = CARTESIAN_POINT('',(-2.22044604925E-16,-6.156605715956));
#1444 = ( GEOMETRIC_REPRESENTATION_CONTEXT(2) 
PARAMETRIC_REPRESENTATION_CONTEXT() REPRESENTATION_CONTEXT('2D SPACE',''
  ) );
#1445 = PCURVE('',#983,#1446);
#1446 = DEFINITIONAL_REPRESENTATION('',(#1447),#1450);
#1447 = B_SPLINE_CURVE_WITH_KNOTS('',1,(#1448,#1449),.UNSPECIFIED.,.F.,
  .F.,(2,2),(-1.249764569003E-02,6.156605715956),
  .PIECEWISE_BEZIER_KNOTS.);
#1448 = CARTESIAN_POINT('',(-6.28318530718,-1.159453334216E-16));
#1449 = CARTESIAN_POINT('',(-6.28318530718,6.154180957145));
#1450 = ( GEOMETRIC_REPRESENTATION_CONTEXT(2) 
PARAMETRIC_REPRESENTATION_CONTEXT() REPRESENTATION_CONTEXT('2D SPACE',''
  ) );
#1451 = ORIENTED_EDGE('',*,*,#818,.F.);
#1452 = ORIENTED_EDGE('',*,*,#1453,.F.);
#1453 = EDGE_CURVE('',#1408,#819,#1454,.T.);
#1454 = SURFACE_CURVE('',#1455,(#1459,#1465),.PCURVE_S1.);
#1455 = LINE('',#1456,#1457);
#1456 = CARTESIAN_POINT('',(13.195574380593,1.701043423488,
    13.689180957145));
#1457 = VECTOR('',#1458,1.);
#1458 = DIRECTION('',(-6.951212922292E-02,0.,0.997581106422));
#1459 = PCURVE('',#835,#1460);
#1460 = DEFINITIONAL_REPRESENTATION('',(#1461),#1464);
#1461 = B_SPLINE_CURVE_WITH_KNOTS('',1,(#1462,#1463),.UNSPECIFIED.,.F.,
  .F.,(2,2),(-5.166678602835,1.002424758811),.PIECEWISE_BEZIER_KNOTS.);
#1462 = CARTESIAN_POINT('',(3.284202332671,1.249764569004E-02));
#1463 = CARTESIAN_POINT('',(3.284202332671,-6.156605715956));
#1464 = ( GEOMETRIC_REPRESENTATION_CONTEXT(2) 
PARAMETRIC_REPRESENTATION_CONTEXT() REPRESENTATION_CONTEXT('2D SPACE',''
  ) );
#1465 = PCURVE('',#867,#1466);
#1466 = DEFINITIONAL_REPRESENTATION('',(#1467),#1470);
#1467 = B_SPLINE_CURVE_WITH_KNOTS('',1,(#1468,#1469),.UNSPECIFIED.,.F.,
  .F.,(2,2),(-5.166678602835,1.002424758811),.PIECEWISE_BEZIER_KNOTS.);
#1468 = CARTESIAN_POINT('',(0.,0.));
#1469 = CARTESIAN_POINT('',(0.,6.154180957145));
#1470 = ( GEOMETRIC_REPRESENTATION_CONTEXT(2) 
PARAMETRIC_REPRESENTATION_CONTEXT() REPRESENTATION_CONTEXT('2D SPACE',''
  ) );
#1471 = ADVANCED_FACE('',(#1472),#867,.F.);
#1472 = FACE_BOUND('',#1473,.F.);
#1473 = EDGE_LOOP('',(#1474,#1497,#1498,#1499));
#1474 = ORIENTED_EDGE('',*,*,#1475,.F.);
#1475 = EDGE_CURVE('',#1408,#1476,#1478,.T.);
#1476 = VERTEX_POINT('',#1477);
#1477 = CARTESIAN_POINT('',(13.806655308569,1.952977520771,8.535));
#1478 = SURFACE_CURVE('',#1479,(#1484,#1490),.PCURVE_S1.);
#1479 = CIRCLE('',#1480,0.251934097282);
#1480 = AXIS2_PLACEMENT_3D('',#1481,#1482,#1483);
#1481 = CARTESIAN_POINT('',(13.806655308569,1.701043423488,8.535));
#1482 = DIRECTION('',(0.,0.,-1.));
#1483 = DIRECTION('',(-1.,0.,0.));
#1484 = PCURVE('',#867,#1485);
#1485 = DEFINITIONAL_REPRESENTATION('',(#1486),#1489);
#1486 = B_SPLINE_CURVE_WITH_KNOTS('',1,(#1487,#1488),.UNSPECIFIED.,.F.,
  .F.,(2,2),(0.,1.570796326795),.PIECEWISE_BEZIER_KNOTS.);
#1487 = CARTESIAN_POINT('',(0.,0.));
#1488 = CARTESIAN_POINT('',(-1.570796326795,0.));
#1489 = ( GEOMETRIC_REPRESENTATION_CONTEXT(2) 
PARAMETRIC_REPRESENTATION_CONTEXT() REPRESENTATION_CONTEXT('2D SPACE',''
  ) );
#1490 = PCURVE('',#1422,#1491);
#1491 = DEFINITIONAL_REPRESENTATION('',(#1492),#1496);
#1492 = ( BOUNDED_CURVE() B_SPLINE_CURVE(2,(#1493,#1494,#1495),
.UNSPECIFIED.,.F.,.F.) B_SPLINE_CURVE_WITH_KNOTS((3,3),(0.,
1.570796326795),.PIECEWISE_BEZIER_KNOTS.) CURVE() 
GEOMETRIC_REPRESENTATION_ITEM() RATIONAL_B_SPLINE_CURVE((1.,
0.707106781187,1.)) REPRESENTATION_ITEM('') );
#1493 = CARTESIAN_POINT('',(-3.871960939275,1.642101166335));
#1494 = CARTESIAN_POINT('',(-3.871960939275,1.894035263618));
#1495 = CARTESIAN_POINT('',(-3.620026841993,1.894035263618));
#1496 = ( GEOMETRIC_REPRESENTATION_CONTEXT(2) 
PARAMETRIC_REPRESENTATION_CONTEXT() REPRESENTATION_CONTEXT('2D SPACE',''
  ) );
#1497 = ORIENTED_EDGE('',*,*,#1453,.T.);
#1498 = ORIENTED_EDGE('',*,*,#846,.T.);
#1499 = ORIENTED_EDGE('',*,*,#1500,.F.);
#1500 = EDGE_CURVE('',#1476,#847,#1501,.T.);
#1501 = SURFACE_CURVE('',#1502,(#1506,#1512),.PCURVE_S1.);
#1502 = LINE('',#1503,#1504);
#1503 = CARTESIAN_POINT('',(13.806655308569,1.953846258733,
    8.547467415215));
#1504 = VECTOR('',#1505,1.);
#1505 = DIRECTION('',(0.,6.951212922292E-02,0.997581106422));
#1506 = PCURVE('',#867,#1507);
#1507 = DEFINITIONAL_REPRESENTATION('',(#1508),#1511);
#1508 = B_SPLINE_CURVE_WITH_KNOTS('',1,(#1509,#1510),.UNSPECIFIED.,.F.,
  .F.,(2,2),(-1.249764569003E-02,6.156605715956),
  .PIECEWISE_BEZIER_KNOTS.);
#1509 = CARTESIAN_POINT('',(-1.570796326795,-3.807160201904E-17));
#1510 = CARTESIAN_POINT('',(-1.570796326795,6.154180957145));
#1511 = ( GEOMETRIC_REPRESENTATION_CONTEXT(2) 
PARAMETRIC_REPRESENTATION_CONTEXT() REPRESENTATION_CONTEXT('2D SPACE',''
  ) );
#1512 = PCURVE('',#894,#1513);
#1513 = DEFINITIONAL_REPRESENTATION('',(#1514),#1517);
#1514 = B_SPLINE_CURVE_WITH_KNOTS('',1,(#1515,#1516),.UNSPECIFIED.,.F.,
  .F.,(2,2),(-1.249764569003E-02,6.156605715956),
  .PIECEWISE_BEZIER_KNOTS.);
#1515 = CARTESIAN_POINT('',(0.,1.249764569003E-02));
#1516 = CARTESIAN_POINT('',(0.,-6.156605715956));
#1517 = ( GEOMETRIC_REPRESENTATION_CONTEXT(2) 
PARAMETRIC_REPRESENTATION_CONTEXT() REPRESENTATION_CONTEXT('2D SPACE',''
  ) );
#1518 = ADVANCED_FACE('',(#1519),#983,.F.);
#1519 = FACE_BOUND('',#1520,.F.);
#1520 = EDGE_LOOP('',(#1521,#1544,#1563,#1564));
#1521 = ORIENTED_EDGE('',*,*,#1522,.F.);
#1522 = EDGE_CURVE('',#1523,#1406,#1525,.T.);
#1523 = VERTEX_POINT('',#1524);
#1524 = CARTESIAN_POINT('',(13.806655308569,-1.835093006465,8.535));
#1525 = SURFACE_CURVE('',#1526,(#1531,#1537),.PCURVE_S1.);
#1526 = CIRCLE('',#1527,0.251934097282);
#1527 = AXIS2_PLACEMENT_3D('',#1528,#1529,#1530);
#1528 = CARTESIAN_POINT('',(13.806655308569,-1.583158909182,8.535));
#1529 = DIRECTION('',(0.,0.,-1.));
#1530 = DIRECTION('',(-1.,0.,0.));
#1531 = PCURVE('',#983,#1532);
#1532 = DEFINITIONAL_REPRESENTATION('',(#1533),#1536);
#1533 = B_SPLINE_CURVE_WITH_KNOTS('',1,(#1534,#1535),.UNSPECIFIED.,.F.,
  .F.,(2,2),(4.712388980385,6.28318530718),.PIECEWISE_BEZIER_KNOTS.);
#1534 = CARTESIAN_POINT('',(-4.712388980385,0.));
#1535 = CARTESIAN_POINT('',(-6.28318530718,0.));
#1536 = ( GEOMETRIC_REPRESENTATION_CONTEXT(2) 
PARAMETRIC_REPRESENTATION_CONTEXT() REPRESENTATION_CONTEXT('2D SPACE',''
  ) );
#1537 = PCURVE('',#1422,#1538);
#1538 = DEFINITIONAL_REPRESENTATION('',(#1539),#1543);
#1539 = ( BOUNDED_CURVE() B_SPLINE_CURVE(2,(#1540,#1541,#1542),
.UNSPECIFIED.,.F.,.F.) B_SPLINE_CURVE_WITH_KNOTS((3,3),(4.712388980385,
6.28318530718),.PIECEWISE_BEZIER_KNOTS.) CURVE() 
GEOMETRIC_REPRESENTATION_ITEM() RATIONAL_B_SPLINE_CURVE((1.,
0.707106781187,1.)) REPRESENTATION_ITEM('') );
#1540 = CARTESIAN_POINT('',(-3.620026841993,-1.894035263618));
#1541 = CARTESIAN_POINT('',(-3.871960939275,-1.894035263618));
#1542 = CARTESIAN_POINT('',(-3.871960939275,-1.642101166335));
#1543 = ( GEOMETRIC_REPRESENTATION_CONTEXT(2) 
PARAMETRIC_REPRESENTATION_CONTEXT() REPRESENTATION_CONTEXT('2D SPACE',''
  ) );
#1544 = ORIENTED_EDGE('',*,*,#1545,.T.);
#1545 = EDGE_CURVE('',#1523,#939,#1546,.T.);
#1546 = SURFACE_CURVE('',#1547,(#1551,#1557),.PCURVE_S1.);
#1547 = LINE('',#1548,#1549);
#1548 = CARTESIAN_POINT('',(13.806655308569,-2.194239837158,
    13.689180957145));
#1549 = VECTOR('',#1550,1.);
#1550 = DIRECTION('',(1.276917098322E-17,-6.951212922292E-02,
    0.997581106422));
#1551 = PCURVE('',#983,#1552);
#1552 = DEFINITIONAL_REPRESENTATION('',(#1553),#1556);
#1553 = B_SPLINE_CURVE_WITH_KNOTS('',1,(#1554,#1555),.UNSPECIFIED.,.F.,
  .F.,(2,2),(-5.166678602835,1.002424758811),.PIECEWISE_BEZIER_KNOTS.);
#1554 = CARTESIAN_POINT('',(-4.712388980385,0.));
#1555 = CARTESIAN_POINT('',(-4.712388980385,6.154180957145));
#1556 = ( GEOMETRIC_REPRESENTATION_CONTEXT(2) 
PARAMETRIC_REPRESENTATION_CONTEXT() REPRESENTATION_CONTEXT('2D SPACE',''
  ) );
#1557 = PCURVE('',#953,#1558);
#1558 = DEFINITIONAL_REPRESENTATION('',(#1559),#1562);
#1559 = B_SPLINE_CURVE_WITH_KNOTS('',1,(#1560,#1561),.UNSPECIFIED.,.F.,
  .F.,(2,2),(-5.166678602835,1.002424758811),.PIECEWISE_BEZIER_KNOTS.);
#1560 = CARTESIAN_POINT('',(-6.597420249492E-17,1.249764569004E-02));
#1561 = CARTESIAN_POINT('',(1.280013314307E-17,-6.156605715956));
#1562 = ( GEOMETRIC_REPRESENTATION_CONTEXT(2) 
PARAMETRIC_REPRESENTATION_CONTEXT() REPRESENTATION_CONTEXT('2D SPACE',''
  ) );
#1563 = ORIENTED_EDGE('',*,*,#964,.T.);
#1564 = ORIENTED_EDGE('',*,*,#1433,.F.);
#1565 = ADVANCED_FACE('',(#1566),#894,.F.);
#1566 = FACE_BOUND('',#1567,.F.);
#1567 = EDGE_LOOP('',(#1568,#1589,#1590,#1591));
#1568 = ORIENTED_EDGE('',*,*,#1569,.F.);
#1569 = EDGE_CURVE('',#1476,#1570,#1572,.T.);
#1570 = VERTEX_POINT('',#1571);
#1571 = CARTESIAN_POINT('',(20.147878970609,1.952977520771,8.535));
#1572 = SURFACE_CURVE('',#1573,(#1577,#1583),.PCURVE_S1.);
#1573 = LINE('',#1574,#1575);
#1574 = CARTESIAN_POINT('',(15.616668729565,1.952977520771,8.535));
#1575 = VECTOR('',#1576,1.);
#1576 = DIRECTION('',(1.,-0.,0.));
#1577 = PCURVE('',#894,#1578);
#1578 = DEFINITIONAL_REPRESENTATION('',(#1579),#1582);
#1579 = B_SPLINE_CURVE_WITH_KNOTS('',1,(#1580,#1581),.UNSPECIFIED.,.F.,
  .F.,(2,2),(-1.810013420996,4.531210241044),.PIECEWISE_BEZIER_KNOTS.);
#1580 = CARTESIAN_POINT('',(0.,1.249764569003E-02));
#1581 = CARTESIAN_POINT('',(6.34122366204,1.249764569003E-02));
#1582 = ( GEOMETRIC_REPRESENTATION_CONTEXT(2) 
PARAMETRIC_REPRESENTATION_CONTEXT() REPRESENTATION_CONTEXT('2D SPACE',''
  ) );
#1583 = PCURVE('',#1422,#1584);
#1584 = DEFINITIONAL_REPRESENTATION('',(#1585),#1588);
#1585 = B_SPLINE_CURVE_WITH_KNOTS('',1,(#1586,#1587),.UNSPECIFIED.,.F.,
  .F.,(2,2),(-1.810013420996,4.531210241044),.PIECEWISE_BEZIER_KNOTS.);
#1586 = CARTESIAN_POINT('',(-3.620026841993,1.894035263618));
#1587 = CARTESIAN_POINT('',(2.721196820048,1.894035263618));
#1588 = ( GEOMETRIC_REPRESENTATION_CONTEXT(2) 
PARAMETRIC_REPRESENTATION_CONTEXT() REPRESENTATION_CONTEXT('2D SPACE',''
  ) );
#1589 = ORIENTED_EDGE('',*,*,#1500,.T.);
#1590 = ORIENTED_EDGE('',*,*,#879,.F.);
#1591 = ORIENTED_EDGE('',*,*,#1592,.F.);
#1592 = EDGE_CURVE('',#1570,#880,#1593,.T.);
#1593 = SURFACE_CURVE('',#1594,(#1598,#1604),.PCURVE_S1.);
#1594 = LINE('',#1595,#1596);
#1595 = CARTESIAN_POINT('',(20.147878970609,2.312124351464,
    13.689180957145));
#1596 = VECTOR('',#1597,1.);
#1597 = DIRECTION('',(8.512780655477E-18,6.951212922292E-02,
    0.997581106422));
#1598 = PCURVE('',#894,#1599);
#1599 = DEFINITIONAL_REPRESENTATION('',(#1600),#1603);
#1600 = B_SPLINE_CURVE_WITH_KNOTS('',1,(#1601,#1602),.UNSPECIFIED.,.F.,
  .F.,(2,2),(-5.166678602835,1.002424758811),.PIECEWISE_BEZIER_KNOTS.);
#1601 = CARTESIAN_POINT('',(6.34122366204,1.249764569004E-02));
#1602 = CARTESIAN_POINT('',(6.34122366204,-6.156605715956));
#1603 = ( GEOMETRIC_REPRESENTATION_CONTEXT(2) 
PARAMETRIC_REPRESENTATION_CONTEXT() REPRESENTATION_CONTEXT('2D SPACE',''
  ) );
#1604 = PCURVE('',#926,#1605);
#1605 = DEFINITIONAL_REPRESENTATION('',(#1606),#1609);
#1606 = B_SPLINE_CURVE_WITH_KNOTS('',1,(#1607,#1608),.UNSPECIFIED.,.F.,
  .F.,(2,2),(-5.166678602835,1.002424758811),.PIECEWISE_BEZIER_KNOTS.);
#1607 = CARTESIAN_POINT('',(3.14159265359,0.));
#1608 = CARTESIAN_POINT('',(3.14159265359,6.154180957145));
#1609 = ( GEOMETRIC_REPRESENTATION_CONTEXT(2) 
PARAMETRIC_REPRESENTATION_CONTEXT() REPRESENTATION_CONTEXT('2D SPACE',''
  ) );
#1610 = ADVANCED_FACE('',(#1611),#953,.T.);
#1611 = FACE_BOUND('',#1612,.T.);
#1612 = EDGE_LOOP('',(#1613,#1634,#1635,#1636));
#1613 = ORIENTED_EDGE('',*,*,#1614,.F.);
#1614 = EDGE_CURVE('',#1523,#1615,#1617,.T.);
#1615 = VERTEX_POINT('',#1616);
#1616 = CARTESIAN_POINT('',(20.147878970609,-1.835093006465,8.535));
#1617 = SURFACE_CURVE('',#1618,(#1622,#1628),.PCURVE_S1.);
#1618 = LINE('',#1619,#1620);
#1619 = CARTESIAN_POINT('',(15.616668729565,-1.835093006465,8.535));
#1620 = VECTOR('',#1621,1.);
#1621 = DIRECTION('',(1.,0.,0.));
#1622 = PCURVE('',#953,#1623);
#1623 = DEFINITIONAL_REPRESENTATION('',(#1624),#1627);
#1624 = B_SPLINE_CURVE_WITH_KNOTS('',1,(#1625,#1626),.UNSPECIFIED.,.F.,
  .F.,(2,2),(-1.810013420996,4.531210241044),.PIECEWISE_BEZIER_KNOTS.);
#1625 = CARTESIAN_POINT('',(0.,1.249764569003E-02));
#1626 = CARTESIAN_POINT('',(6.34122366204,1.249764569003E-02));
#1627 = ( GEOMETRIC_REPRESENTATION_CONTEXT(2) 
PARAMETRIC_REPRESENTATION_CONTEXT() REPRESENTATION_CONTEXT('2D SPACE',''
  ) );
#1628 = PCURVE('',#1422,#1629);
#1629 = DEFINITIONAL_REPRESENTATION('',(#1630),#1633);
#1630 = B_SPLINE_CURVE_WITH_KNOTS('',1,(#1631,#1632),.UNSPECIFIED.,.F.,
  .F.,(2,2),(-1.810013420996,4.531210241044),.PIECEWISE_BEZIER_KNOTS.);
#1631 = CARTESIAN_POINT('',(-3.620026841993,-1.894035263618));
#1632 = CARTESIAN_POINT('',(2.721196820048,-1.894035263618));
#1633 = ( GEOMETRIC_REPRESENTATION_CONTEXT(2) 
PARAMETRIC_REPRESENTATION_CONTEXT() REPRESENTATION_CONTEXT('2D SPACE',''
  ) );
#1634 = ORIENTED_EDGE('',*,*,#1545,.T.);
#1635 = ORIENTED_EDGE('',*,*,#938,.F.);
#1636 = ORIENTED_EDGE('',*,*,#1637,.F.);
#1637 = EDGE_CURVE('',#1615,#906,#1638,.T.);
#1638 = SURFACE_CURVE('',#1639,(#1643,#1649),.PCURVE_S1.);
#1639 = LINE('',#1640,#1641);
#1640 = CARTESIAN_POINT('',(20.147878970609,-1.835961744427,
    8.547467415215));
#1641 = VECTOR('',#1642,1.);
#1642 = DIRECTION('',(0.,-6.951212922292E-02,0.997581106422));
#1643 = PCURVE('',#953,#1644);
#1644 = DEFINITIONAL_REPRESENTATION('',(#1645),#1648);
#1645 = B_SPLINE_CURVE_WITH_KNOTS('',1,(#1646,#1647),.UNSPECIFIED.,.F.,
  .F.,(2,2),(-1.249764569003E-02,6.156605715956),
  .PIECEWISE_BEZIER_KNOTS.);
#1646 = CARTESIAN_POINT('',(6.34122366204,1.249764569003E-02));
#1647 = CARTESIAN_POINT('',(6.34122366204,-6.156605715956));
#1648 = ( GEOMETRIC_REPRESENTATION_CONTEXT(2) 
PARAMETRIC_REPRESENTATION_CONTEXT() REPRESENTATION_CONTEXT('2D SPACE',''
  ) );
#1649 = PCURVE('',#926,#1650);
#1650 = DEFINITIONAL_REPRESENTATION('',(#1651),#1654);
#1651 = B_SPLINE_CURVE_WITH_KNOTS('',1,(#1652,#1653),.UNSPECIFIED.,.F.,
  .F.,(2,2),(-1.249764569003E-02,6.156605715956),
  .PIECEWISE_BEZIER_KNOTS.);
#1652 = CARTESIAN_POINT('',(0.,-3.114949256103E-17));
#1653 = CARTESIAN_POINT('',(0.,6.154180957145));
#1654 = ( GEOMETRIC_REPRESENTATION_CONTEXT(2) 
PARAMETRIC_REPRESENTATION_CONTEXT() REPRESENTATION_CONTEXT('2D SPACE',''
  ) );
#1655 = ADVANCED_FACE('',(#1656),#926,.F.);
#1656 = FACE_BOUND('',#1657,.T.);
#1657 = EDGE_LOOP('',(#1658,#1681,#1682,#1683));
#1658 = ORIENTED_EDGE('',*,*,#1659,.F.);
#1659 = EDGE_CURVE('',#1615,#1570,#1660,.T.);
#1660 = SURFACE_CURVE('',#1661,(#1666,#1672),.PCURVE_S1.);
#1661 = CIRCLE('',#1662,1.894035263618);
#1662 = AXIS2_PLACEMENT_3D('',#1663,#1664,#1665);
#1663 = CARTESIAN_POINT('',(20.147878970609,5.894225715307E-02,8.535));
#1664 = DIRECTION('',(-0.,0.,1.));
#1665 = DIRECTION('',(0.,-1.,0.));
#1666 = PCURVE('',#926,#1667);
#1667 = DEFINITIONAL_REPRESENTATION('',(#1668),#1671);
#1668 = B_SPLINE_CURVE_WITH_KNOTS('',1,(#1669,#1670),.UNSPECIFIED.,.F.,
  .F.,(2,2),(0.,3.14159265359),.PIECEWISE_BEZIER_KNOTS.);
#1669 = CARTESIAN_POINT('',(0.,0.));
#1670 = CARTESIAN_POINT('',(3.14159265359,0.));
#1671 = ( GEOMETRIC_REPRESENTATION_CONTEXT(2) 
PARAMETRIC_REPRESENTATION_CONTEXT() REPRESENTATION_CONTEXT('2D SPACE',''
  ) );
#1672 = PCURVE('',#1422,#1673);
#1673 = DEFINITIONAL_REPRESENTATION('',(#1674),#1680);
#1674 = ( BOUNDED_CURVE() B_SPLINE_CURVE(2,(#1675,#1676,#1677,#1678,
#1679),.UNSPECIFIED.,.F.,.F.) B_SPLINE_CURVE_WITH_KNOTS((3,2,3),(0.,
1.570796326795,3.14159265359),.PIECEWISE_BEZIER_KNOTS.) CURVE() 
GEOMETRIC_REPRESENTATION_ITEM() RATIONAL_B_SPLINE_CURVE((1.,
0.707106781187,1.,0.707106781187,1.)) REPRESENTATION_ITEM('') );
#1675 = CARTESIAN_POINT('',(2.721196820048,-1.894035263618));
#1676 = CARTESIAN_POINT('',(4.615232083665,-1.894035263618));
#1677 = CARTESIAN_POINT('',(4.615232083665,-5.461876331953E-16));
#1678 = CARTESIAN_POINT('',(4.615232083665,1.894035263618));
#1679 = CARTESIAN_POINT('',(2.721196820048,1.894035263618));
#1680 = ( GEOMETRIC_REPRESENTATION_CONTEXT(2) 
PARAMETRIC_REPRESENTATION_CONTEXT() REPRESENTATION_CONTEXT('2D SPACE',''
  ) );
#1681 = ORIENTED_EDGE('',*,*,#1637,.T.);
#1682 = ORIENTED_EDGE('',*,*,#905,.F.);
#1683 = ORIENTED_EDGE('',*,*,#1592,.F.);
#1684 = ADVANCED_FACE('',(#1685),#1014,.T.);
#1685 = FACE_BOUND('',#1686,.F.);
#1686 = EDGE_LOOP('',(#1687,#1707,#1708,#1709));
#1687 = ORIENTED_EDGE('',*,*,#1688,.T.);
#1688 = EDGE_CURVE('',#1082,#1149,#1689,.T.);
#1689 = SURFACE_CURVE('',#1690,(#1695,#1701),.PCURVE_S1.);
#1690 = CIRCLE('',#1691,2.459063390059);
#1691 = AXIS2_PLACEMENT_3D('',#1692,#1693,#1694);
#1692 = CARTESIAN_POINT('',(22.659404536034,2.154219245797,
    2.459063390059));
#1693 = DIRECTION('',(0.99998571209,-5.345616526442E-03,0.));
#1694 = DIRECTION('',(5.345616526442E-03,0.99998571209,0.));
#1695 = PCURVE('',#1014,#1696);
#1696 = DEFINITIONAL_REPRESENTATION('',(#1697),#1700);
#1697 = B_SPLINE_CURVE_WITH_KNOTS('',1,(#1698,#1699),.UNSPECIFIED.,.F.,
  .F.,(2,2),(4.712388980385,6.230717520805),.PIECEWISE_BEZIER_KNOTS.);
#1698 = CARTESIAN_POINT('',(0.,2.088844232535E-16));
#1699 = CARTESIAN_POINT('',(-1.51832854042,2.088844232535E-16));
#1700 = ( GEOMETRIC_REPRESENTATION_CONTEXT(2) 
PARAMETRIC_REPRESENTATION_CONTEXT() REPRESENTATION_CONTEXT('2D SPACE',''
  ) );
#1701 = PCURVE('',#1098,#1702);
#1702 = DEFINITIONAL_REPRESENTATION('',(#1703),#1706);
#1703 = B_SPLINE_CURVE_WITH_KNOTS('',1,(#1704,#1705),.UNSPECIFIED.,.F.,
  .F.,(2,2),(4.712388980385,6.230717520805),.PIECEWISE_BEZIER_KNOTS.);
#1704 = CARTESIAN_POINT('',(3.123372071659,4.712388980385));
#1705 = CARTESIAN_POINT('',(3.123372071659,6.230717520805));
#1706 = ( GEOMETRIC_REPRESENTATION_CONTEXT(2) 
PARAMETRIC_REPRESENTATION_CONTEXT() REPRESENTATION_CONTEXT('2D SPACE',''
  ) );
#1707 = ORIENTED_EDGE('',*,*,#1148,.T.);
#1708 = ORIENTED_EDGE('',*,*,#998,.F.);
#1709 = ORIENTED_EDGE('',*,*,#1122,.F.);
#1710 = ADVANCED_FACE('',(#1711),#1098,.T.);
#1711 = FACE_BOUND('',#1712,.T.);
#1712 = EDGE_LOOP('',(#1713,#1714,#1715,#1716));
#1713 = ORIENTED_EDGE('',*,*,#1244,.F.);
#1714 = ORIENTED_EDGE('',*,*,#1081,.T.);
#1715 = ORIENTED_EDGE('',*,*,#1688,.T.);
#1716 = ORIENTED_EDGE('',*,*,#1292,.F.);
#1717 = ADVANCED_FACE('',(#1718,#1721),#1389,.T.);
#1718 = FACE_BOUND('',#1719,.T.);
#1719 = EDGE_LOOP('',(#1720));
#1720 = ORIENTED_EDGE('',*,*,#1374,.T.);
#1721 = FACE_BOUND('',#1722,.T.);
#1722 = EDGE_LOOP('',(#1723));
#1723 = ORIENTED_EDGE('',*,*,#1724,.F.);
#1724 = EDGE_CURVE('',#1725,#1725,#1727,.T.);
#1725 = VERTEX_POINT('',#1726);
#1726 = CARTESIAN_POINT('',(11.325418681993,-4.69E-02,14.103858006286));
#1727 = SURFACE_CURVE('',#1728,(#1733,#1740),.PCURVE_S1.);
#1728 = CIRCLE('',#1729,11.442018681993);
#1729 = AXIS2_PLACEMENT_3D('',#1730,#1731,#1732);
#1730 = CARTESIAN_POINT('',(-0.1166,-4.69E-02,14.103858006286));
#1731 = DIRECTION('',(0.,0.,1.));
#1732 = DIRECTION('',(1.,0.,-0.));
#1733 = PCURVE('',#1389,#1734);
#1734 = DEFINITIONAL_REPRESENTATION('',(#1735),#1739);
#1735 = CIRCLE('',#1736,11.442018681993);
#1736 = AXIS2_PLACEMENT_2D('',#1737,#1738);
#1737 = CARTESIAN_POINT('',(0.,0.));
#1738 = DIRECTION('',(1.,0.));
#1739 = ( GEOMETRIC_REPRESENTATION_CONTEXT(2) 
PARAMETRIC_REPRESENTATION_CONTEXT() REPRESENTATION_CONTEXT('2D SPACE',''
  ) );
#1740 = PCURVE('',#1741,#1746);
#1741 = TOROIDAL_SURFACE('',#1742,11.442018681993,0.325718681993);
#1742 = AXIS2_PLACEMENT_3D('',#1743,#1744,#1745);
#1743 = CARTESIAN_POINT('',(-0.1166,-4.69E-02,14.429576688279));
#1744 = DIRECTION('',(-0.,-0.,-1.));
#1745 = DIRECTION('',(1.,0.,-0.));
#1746 = DEFINITIONAL_REPRESENTATION('',(#1747),#1751);
#1747 = LINE('',#1748,#1749);
#1748 = CARTESIAN_POINT('',(-0.,1.570796326795));
#1749 = VECTOR('',#1750,1.);
#1750 = DIRECTION('',(-1.,0.));
#1751 = ( GEOMETRIC_REPRESENTATION_CONTEXT(2) 
PARAMETRIC_REPRESENTATION_CONTEXT() REPRESENTATION_CONTEXT('2D SPACE',''
  ) );
#1752 = ADVANCED_FACE('',(#1753),#1422,.T.);
#1753 = FACE_BOUND('',#1754,.T.);
#1754 = EDGE_LOOP('',(#1755,#1756,#1757,#1758,#1759,#1760));
#1755 = ORIENTED_EDGE('',*,*,#1405,.F.);
#1756 = ORIENTED_EDGE('',*,*,#1522,.F.);
#1757 = ORIENTED_EDGE('',*,*,#1614,.T.);
#1758 = ORIENTED_EDGE('',*,*,#1659,.T.);
#1759 = ORIENTED_EDGE('',*,*,#1569,.F.);
#1760 = ORIENTED_EDGE('',*,*,#1475,.F.);
#1761 = ADVANCED_FACE('',(#1762),#1741,.F.);
#1762 = FACE_BOUND('',#1763,.T.);
#1763 = EDGE_LOOP('',(#1764,#1765,#1789,#1816));
#1764 = ORIENTED_EDGE('',*,*,#1724,.T.);
#1765 = ORIENTED_EDGE('',*,*,#1766,.T.);
#1766 = EDGE_CURVE('',#1725,#1767,#1769,.T.);
#1767 = VERTEX_POINT('',#1768);
#1768 = CARTESIAN_POINT('',(10.9997,-4.69E-02,14.429576688279));
#1769 = SEAM_CURVE('',#1770,(#1775,#1782),.PCURVE_S1.);
#1770 = CIRCLE('',#1771,0.325718681993);
#1771 = AXIS2_PLACEMENT_3D('',#1772,#1773,#1774);
#1772 = CARTESIAN_POINT('',(11.325418681993,-4.69E-02,14.429576688279));
#1773 = DIRECTION('',(0.,1.,0.));
#1774 = DIRECTION('',(5.453653528662E-15,0.,-1.));
#1775 = PCURVE('',#1741,#1776);
#1776 = DEFINITIONAL_REPRESENTATION('',(#1777),#1781);
#1777 = LINE('',#1778,#1779);
#1778 = CARTESIAN_POINT('',(-0.,1.570796326795));
#1779 = VECTOR('',#1780,1.);
#1780 = DIRECTION('',(-0.,1.));
#1781 = ( GEOMETRIC_REPRESENTATION_CONTEXT(2) 
PARAMETRIC_REPRESENTATION_CONTEXT() REPRESENTATION_CONTEXT('2D SPACE',''
  ) );
#1782 = PCURVE('',#1741,#1783);
#1783 = DEFINITIONAL_REPRESENTATION('',(#1784),#1788);
#1784 = LINE('',#1785,#1786);
#1785 = CARTESIAN_POINT('',(-6.28318530718,1.570796326795));
#1786 = VECTOR('',#1787,1.);
#1787 = DIRECTION('',(-0.,1.));
#1788 = ( GEOMETRIC_REPRESENTATION_CONTEXT(2) 
PARAMETRIC_REPRESENTATION_CONTEXT() REPRESENTATION_CONTEXT('2D SPACE',''
  ) );
#1789 = ORIENTED_EDGE('',*,*,#1790,.F.);
#1790 = EDGE_CURVE('',#1767,#1767,#1791,.T.);
#1791 = SURFACE_CURVE('',#1792,(#1797,#1804),.PCURVE_S1.);
#1792 = CIRCLE('',#1793,11.1163);
#1793 = AXIS2_PLACEMENT_3D('',#1794,#1795,#1796);
#1794 = CARTESIAN_POINT('',(-0.1166,-4.69E-02,14.429576688279));
#1795 = DIRECTION('',(0.,0.,1.));
#1796 = DIRECTION('',(1.,0.,-0.));
#1797 = PCURVE('',#1741,#1798);
#1798 = DEFINITIONAL_REPRESENTATION('',(#1799),#1803);
#1799 = LINE('',#1800,#1801);
#1800 = CARTESIAN_POINT('',(-0.,3.14159265359));
#1801 = VECTOR('',#1802,1.);
#1802 = DIRECTION('',(-1.,0.));
#1803 = ( GEOMETRIC_REPRESENTATION_CONTEXT(2) 
PARAMETRIC_REPRESENTATION_CONTEXT() REPRESENTATION_CONTEXT('2D SPACE',''
  ) );
#1804 = PCURVE('',#1805,#1810);
#1805 = CYLINDRICAL_SURFACE('',#1806,11.1163);
#1806 = AXIS2_PLACEMENT_3D('',#1807,#1808,#1809);
#1807 = CARTESIAN_POINT('',(-0.1166,-4.69E-02,14.429576688279));
#1808 = DIRECTION('',(0.,0.,1.));
#1809 = DIRECTION('',(1.,0.,-0.));
#1810 = DEFINITIONAL_REPRESENTATION('',(#1811),#1815);
#1811 = LINE('',#1812,#1813);
#1812 = CARTESIAN_POINT('',(0.,0.));
#1813 = VECTOR('',#1814,1.);
#1814 = DIRECTION('',(1.,0.));
#1815 = ( GEOMETRIC_REPRESENTATION_CONTEXT(2) 
PARAMETRIC_REPRESENTATION_CONTEXT() REPRESENTATION_CONTEXT('2D SPACE',''
  ) );
#1816 = ORIENTED_EDGE('',*,*,#1766,.F.);
#1817 = ADVANCED_FACE('',(#1818),#1805,.T.);
#1818 = FACE_BOUND('',#1819,.T.);
#1819 = EDGE_LOOP('',(#1820,#1821,#1844,#1871));
#1820 = ORIENTED_EDGE('',*,*,#1790,.T.);
#1821 = ORIENTED_EDGE('',*,*,#1822,.T.);
#1822 = EDGE_CURVE('',#1767,#1823,#1825,.T.);
#1823 = VERTEX_POINT('',#1824);
#1824 = CARTESIAN_POINT('',(10.9997,-4.69E-02,16.034917888461));
#1825 = SEAM_CURVE('',#1826,(#1830,#1837),.PCURVE_S1.);
#1826 = LINE('',#1827,#1828);
#1827 = CARTESIAN_POINT('',(10.9997,-4.69E-02,14.429576688279));
#1828 = VECTOR('',#1829,1.);
#1829 = DIRECTION('',(0.,0.,1.));
#1830 = PCURVE('',#1805,#1831);
#1831 = DEFINITIONAL_REPRESENTATION('',(#1832),#1836);
#1832 = LINE('',#1833,#1834);
#1833 = CARTESIAN_POINT('',(0.,0.));
#1834 = VECTOR('',#1835,1.);
#1835 = DIRECTION('',(0.,1.));
#1836 = ( GEOMETRIC_REPRESENTATION_CONTEXT(2) 
PARAMETRIC_REPRESENTATION_CONTEXT() REPRESENTATION_CONTEXT('2D SPACE',''
  ) );
#1837 = PCURVE('',#1805,#1838);
#1838 = DEFINITIONAL_REPRESENTATION('',(#1839),#1843);
#1839 = LINE('',#1840,#1841);
#1840 = CARTESIAN_POINT('',(6.28318530718,0.));
#1841 = VECTOR('',#1842,1.);
#1842 = DIRECTION('',(0.,1.));
#1843 = ( GEOMETRIC_REPRESENTATION_CONTEXT(2) 
PARAMETRIC_REPRESENTATION_CONTEXT() REPRESENTATION_CONTEXT('2D SPACE',''
  ) );
#1844 = ORIENTED_EDGE('',*,*,#1845,.F.);
#1845 = EDGE_CURVE('',#1823,#1823,#1846,.T.);
#1846 = SURFACE_CURVE('',#1847,(#1852,#1859),.PCURVE_S1.);
#1847 = CIRCLE('',#1848,11.1163);
#1848 = AXIS2_PLACEMENT_3D('',#1849,#1850,#1851);
#1849 = CARTESIAN_POINT('',(-0.1166,-4.69E-02,16.034917888461));
#1850 = DIRECTION('',(0.,0.,1.));
#1851 = DIRECTION('',(1.,0.,-0.));
#1852 = PCURVE('',#1805,#1853);
#1853 = DEFINITIONAL_REPRESENTATION('',(#1854),#1858);
#1854 = LINE('',#1855,#1856);
#1855 = CARTESIAN_POINT('',(0.,1.605341200182));
#1856 = VECTOR('',#1857,1.);
#1857 = DIRECTION('',(1.,0.));
#1858 = ( GEOMETRIC_REPRESENTATION_CONTEXT(2) 
PARAMETRIC_REPRESENTATION_CONTEXT() REPRESENTATION_CONTEXT('2D SPACE',''
  ) );
#1859 = PCURVE('',#1860,#1865);
#1860 = TOROIDAL_SURFACE('',#1861,10.547822079406,0.568477920594);
#1861 = AXIS2_PLACEMENT_3D('',#1862,#1863,#1864);
#1862 = CARTESIAN_POINT('',(-0.1166,-4.69E-02,16.034917888461));
#1863 = DIRECTION('',(0.,0.,1.));
#1864 = DIRECTION('',(1.,0.,-0.));
#1865 = DEFINITIONAL_REPRESENTATION('',(#1866),#1870);
#1866 = LINE('',#1867,#1868);
#1867 = CARTESIAN_POINT('',(0.,6.249519198725E-15));
#1868 = VECTOR('',#1869,1.);
#1869 = DIRECTION('',(1.,0.));
#1870 = ( GEOMETRIC_REPRESENTATION_CONTEXT(2) 
PARAMETRIC_REPRESENTATION_CONTEXT() REPRESENTATION_CONTEXT('2D SPACE',''
  ) );
#1871 = ORIENTED_EDGE('',*,*,#1822,.F.);
#1872 = ADVANCED_FACE('',(#1873),#1860,.T.);
#1873 = FACE_BOUND('',#1874,.T.);
#1874 = EDGE_LOOP('',(#1875,#1876,#1900,#1927));
#1875 = ORIENTED_EDGE('',*,*,#1845,.T.);
#1876 = ORIENTED_EDGE('',*,*,#1877,.T.);
#1877 = EDGE_CURVE('',#1823,#1878,#1880,.T.);
#1878 = VERTEX_POINT('',#1879);
#1879 = CARTESIAN_POINT('',(10.431222079406,-4.69E-02,16.603395809054));
#1880 = SEAM_CURVE('',#1881,(#1886,#1893),.PCURVE_S1.);
#1881 = CIRCLE('',#1882,0.568477920594);
#1882 = AXIS2_PLACEMENT_3D('',#1883,#1884,#1885);
#1883 = CARTESIAN_POINT('',(10.431222079406,-4.69E-02,16.034917888461));
#1884 = DIRECTION('',(0.,-1.,0.));
#1885 = DIRECTION('',(1.,0.,6.249519198725E-15));
#1886 = PCURVE('',#1860,#1887);
#1887 = DEFINITIONAL_REPRESENTATION('',(#1888),#1892);
#1888 = LINE('',#1889,#1890);
#1889 = CARTESIAN_POINT('',(0.,6.249519198725E-15));
#1890 = VECTOR('',#1891,1.);
#1891 = DIRECTION('',(0.,1.));
#1892 = ( GEOMETRIC_REPRESENTATION_CONTEXT(2) 
PARAMETRIC_REPRESENTATION_CONTEXT() REPRESENTATION_CONTEXT('2D SPACE',''
  ) );
#1893 = PCURVE('',#1860,#1894);
#1894 = DEFINITIONAL_REPRESENTATION('',(#1895),#1899);
#1895 = LINE('',#1896,#1897);
#1896 = CARTESIAN_POINT('',(6.28318530718,6.249519198725E-15));
#1897 = VECTOR('',#1898,1.);
#1898 = DIRECTION('',(0.,1.));
#1899 = ( GEOMETRIC_REPRESENTATION_CONTEXT(2) 
PARAMETRIC_REPRESENTATION_CONTEXT() REPRESENTATION_CONTEXT('2D SPACE',''
  ) );
#1900 = ORIENTED_EDGE('',*,*,#1901,.F.);
#1901 = EDGE_CURVE('',#1878,#1878,#1902,.T.);
#1902 = SURFACE_CURVE('',#1903,(#1908,#1915),.PCURVE_S1.);
#1903 = CIRCLE('',#1904,10.547822079406);
#1904 = AXIS2_PLACEMENT_3D('',#1905,#1906,#1907);
#1905 = CARTESIAN_POINT('',(-0.1166,-4.69E-02,16.603395809054));
#1906 = DIRECTION('',(0.,0.,1.));
#1907 = DIRECTION('',(1.,0.,-0.));
#1908 = PCURVE('',#1860,#1909);
#1909 = DEFINITIONAL_REPRESENTATION('',(#1910),#1914);
#1910 = LINE('',#1911,#1912);
#1911 = CARTESIAN_POINT('',(0.,1.570796326795));
#1912 = VECTOR('',#1913,1.);
#1913 = DIRECTION('',(1.,0.));
#1914 = ( GEOMETRIC_REPRESENTATION_CONTEXT(2) 
PARAMETRIC_REPRESENTATION_CONTEXT() REPRESENTATION_CONTEXT('2D SPACE',''
  ) );
#1915 = PCURVE('',#1916,#1921);
#1916 = PLANE('',#1917);
#1917 = AXIS2_PLACEMENT_3D('',#1918,#1919,#1920);
#1918 = CARTESIAN_POINT('',(-0.1166,-4.69E-02,16.603395809054));
#1919 = DIRECTION('',(0.,0.,1.));
#1920 = DIRECTION('',(1.,0.,-0.));
#1921 = DEFINITIONAL_REPRESENTATION('',(#1922),#1926);
#1922 = CIRCLE('',#1923,10.547822079406);
#1923 = AXIS2_PLACEMENT_2D('',#1924,#1925);
#1924 = CARTESIAN_POINT('',(0.,0.));
#1925 = DIRECTION('',(1.,0.));
#1926 = ( GEOMETRIC_REPRESENTATION_CONTEXT(2) 
PARAMETRIC_REPRESENTATION_CONTEXT() REPRESENTATION_CONTEXT('2D SPACE',''
  ) );
#1927 = ORIENTED_EDGE('',*,*,#1877,.F.);
#1928 = ADVANCED_FACE('',(#1929,#1932),#1916,.T.);
#1929 = FACE_BOUND('',#1930,.T.);
#1930 = EDGE_LOOP('',(#1931));
#1931 = ORIENTED_EDGE('',*,*,#1901,.T.);
#1932 = FACE_BOUND('',#1933,.T.);
#1933 = EDGE_LOOP('',(#1934));
#1934 = ORIENTED_EDGE('',*,*,#1935,.F.);
#1935 = EDGE_CURVE('',#1936,#1936,#1938,.T.);
#1936 = VERTEX_POINT('',#1937);
#1937 = CARTESIAN_POINT('',(10.024639806144,-4.69E-02,16.603395809054));
#1938 = SURFACE_CURVE('',#1939,(#1944,#1951),.PCURVE_S1.);
#1939 = CIRCLE('',#1940,10.141239806144);
#1940 = AXIS2_PLACEMENT_3D('',#1941,#1942,#1943);
#1941 = CARTESIAN_POINT('',(-0.1166,-4.69E-02,16.603395809054));
#1942 = DIRECTION('',(0.,0.,1.));
#1943 = DIRECTION('',(1.,0.,-0.));
#1944 = PCURVE('',#1916,#1945);
#1945 = DEFINITIONAL_REPRESENTATION('',(#1946),#1950);
#1946 = CIRCLE('',#1947,10.141239806144);
#1947 = AXIS2_PLACEMENT_2D('',#1948,#1949);
#1948 = CARTESIAN_POINT('',(0.,0.));
#1949 = DIRECTION('',(1.,0.));
#1950 = ( GEOMETRIC_REPRESENTATION_CONTEXT(2) 
PARAMETRIC_REPRESENTATION_CONTEXT() REPRESENTATION_CONTEXT('2D SPACE',''
  ) );
#1951 = PCURVE('',#1952,#1957);
#1952 = TOROIDAL_SURFACE('',#1953,9.539385695535,0.719853532075);
#1953 = AXIS2_PLACEMENT_3D('',#1954,#1955,#1956);
#1954 = CARTESIAN_POINT('',(-0.1166,-4.69E-02,16.998314455339));
#1955 = DIRECTION('',(-0.,-0.,-1.));
#1956 = DIRECTION('',(1.,0.,-0.));
#1957 = DEFINITIONAL_REPRESENTATION('',(#1958),#1962);
#1958 = LINE('',#1959,#1960);
#1959 = CARTESIAN_POINT('',(-0.,0.580700473528));
#1960 = VECTOR('',#1961,1.);
#1961 = DIRECTION('',(-1.,0.));
#1962 = ( GEOMETRIC_REPRESENTATION_CONTEXT(2) 
PARAMETRIC_REPRESENTATION_CONTEXT() REPRESENTATION_CONTEXT('2D SPACE',''
  ) );
#1963 = ADVANCED_FACE('',(#1964),#1952,.F.);
#1964 = FACE_BOUND('',#1965,.T.);
#1965 = EDGE_LOOP('',(#1966,#1967,#1991,#2018));
#1966 = ORIENTED_EDGE('',*,*,#1935,.T.);
#1967 = ORIENTED_EDGE('',*,*,#1968,.T.);
#1968 = EDGE_CURVE('',#1936,#1969,#1971,.T.);
#1969 = VERTEX_POINT('',#1970);
#1970 = CARTESIAN_POINT('',(8.706517394124,-4.69E-02,17.070069789886));
#1971 = SEAM_CURVE('',#1972,(#1977,#1984),.PCURVE_S1.);
#1972 = CIRCLE('',#1973,0.719853532075);
#1973 = AXIS2_PLACEMENT_3D('',#1974,#1975,#1976);
#1974 = CARTESIAN_POINT('',(9.422785695535,-4.69E-02,16.998314455339));
#1975 = DIRECTION('',(0.,1.,0.));
#1976 = DIRECTION('',(0.836078568476,0.,-0.548609722239));
#1977 = PCURVE('',#1952,#1978);
#1978 = DEFINITIONAL_REPRESENTATION('',(#1979),#1983);
#1979 = LINE('',#1980,#1981);
#1980 = CARTESIAN_POINT('',(-0.,0.580700473528));
#1981 = VECTOR('',#1982,1.);
#1982 = DIRECTION('',(-0.,1.));
#1983 = ( GEOMETRIC_REPRESENTATION_CONTEXT(2) 
PARAMETRIC_REPRESENTATION_CONTEXT() REPRESENTATION_CONTEXT('2D SPACE',''
  ) );
#1984 = PCURVE('',#1952,#1985);
#1985 = DEFINITIONAL_REPRESENTATION('',(#1986),#1990);
#1986 = LINE('',#1987,#1988);
#1987 = CARTESIAN_POINT('',(-6.28318530718,0.580700473528));
#1988 = VECTOR('',#1989,1.);
#1989 = DIRECTION('',(-0.,1.));
#1990 = ( GEOMETRIC_REPRESENTATION_CONTEXT(2) 
PARAMETRIC_REPRESENTATION_CONTEXT() REPRESENTATION_CONTEXT('2D SPACE',''
  ) );
#1991 = ORIENTED_EDGE('',*,*,#1992,.F.);
#1992 = EDGE_CURVE('',#1969,#1969,#1993,.T.);
#1993 = SURFACE_CURVE('',#1994,(#1999,#2006),.PCURVE_S1.);
#1994 = CIRCLE('',#1995,8.823117394124);
#1995 = AXIS2_PLACEMENT_3D('',#1996,#1997,#1998);
#1996 = CARTESIAN_POINT('',(-0.1166,-4.69E-02,17.070069789886));
#1997 = DIRECTION('',(0.,0.,1.));
#1998 = DIRECTION('',(1.,0.,-0.));
#1999 = PCURVE('',#1952,#2000);
#2000 = DEFINITIONAL_REPRESENTATION('',(#2001),#2005);
#2001 = LINE('',#2002,#2003);
#2002 = CARTESIAN_POINT('',(-0.,3.241438934805));
#2003 = VECTOR('',#2004,1.);
#2004 = DIRECTION('',(-1.,0.));
#2005 = ( GEOMETRIC_REPRESENTATION_CONTEXT(2) 
PARAMETRIC_REPRESENTATION_CONTEXT() REPRESENTATION_CONTEXT('2D SPACE',''
  ) );
#2006 = PCURVE('',#2007,#2012);
#2007 = PLANE('',#2008);
#2008 = AXIS2_PLACEMENT_3D('',#2009,#2010,#2011);
#2009 = CARTESIAN_POINT('',(-0.1166,-4.69E-02,17.070069789886));
#2010 = DIRECTION('',(0.,0.,1.));
#2011 = DIRECTION('',(1.,0.,-0.));
#2012 = DEFINITIONAL_REPRESENTATION('',(#2013),#2017);
#2013 = CIRCLE('',#2014,8.823117394124);
#2014 = AXIS2_PLACEMENT_2D('',#2015,#2016);
#2015 = CARTESIAN_POINT('',(0.,0.));
#2016 = DIRECTION('',(1.,0.));
#2017 = ( GEOMETRIC_REPRESENTATION_CONTEXT(2) 
PARAMETRIC_REPRESENTATION_CONTEXT() REPRESENTATION_CONTEXT('2D SPACE',''
  ) );
#2018 = ORIENTED_EDGE('',*,*,#1968,.F.);
#2019 = ADVANCED_FACE('',(#2020,#2023),#2007,.T.);
#2020 = FACE_BOUND('',#2021,.T.);
#2021 = EDGE_LOOP('',(#2022));
#2022 = ORIENTED_EDGE('',*,*,#1992,.T.);
#2023 = FACE_BOUND('',#2024,.T.);
#2024 = EDGE_LOOP('',(#2025));
#2025 = ORIENTED_EDGE('',*,*,#2026,.F.);
#2026 = EDGE_CURVE('',#2027,#2027,#2029,.T.);
#2027 = VERTEX_POINT('',#2028);
#2028 = CARTESIAN_POINT('',(6.600464978487,0.112693585484,
    17.070069789886));
#2029 = SURFACE_CURVE('',#2030,(#2035,#2042),.PCURVE_S1.);
#2030 = CIRCLE('',#2031,6.784452646869);
#2031 = AXIS2_PLACEMENT_3D('',#2032,#2033,#2034);
#2032 = CARTESIAN_POINT('',(-0.183987668382,0.112693585484,
    17.070069789886));
#2033 = DIRECTION('',(0.,0.,1.));
#2034 = DIRECTION('',(1.,0.,-0.));
#2035 = PCURVE('',#2007,#2036);
#2036 = DEFINITIONAL_REPRESENTATION('',(#2037),#2041);
#2037 = CIRCLE('',#2038,6.784452646869);
#2038 = AXIS2_PLACEMENT_2D('',#2039,#2040);
#2039 = CARTESIAN_POINT('',(-6.738766838236E-02,0.159593585484));
#2040 = DIRECTION('',(1.,0.));
#2041 = ( GEOMETRIC_REPRESENTATION_CONTEXT(2) 
PARAMETRIC_REPRESENTATION_CONTEXT() REPRESENTATION_CONTEXT('2D SPACE',''
  ) );
#2042 = PCURVE('',#2043,#2048);
#2043 = TOROIDAL_SURFACE('',#2044,6.237598273523,0.678435860057);
#2044 = AXIS2_PLACEMENT_3D('',#2045,#2046,#2047);
#2045 = CARTESIAN_POINT('',(-0.183987668382,0.112693585484,
    16.668540823853));
#2046 = DIRECTION('',(-0.,-0.,-1.));
#2047 = DIRECTION('',(1.,0.,-0.));
#2048 = DEFINITIONAL_REPRESENTATION('',(#2049),#2053);
#2049 = LINE('',#2050,#2051);
#2050 = CARTESIAN_POINT('',(-0.,5.649839277151));
#2051 = VECTOR('',#2052,1.);
#2052 = DIRECTION('',(-1.,0.));
#2053 = ( GEOMETRIC_REPRESENTATION_CONTEXT(2) 
PARAMETRIC_REPRESENTATION_CONTEXT() REPRESENTATION_CONTEXT('2D SPACE',''
  ) );
#2054 = ADVANCED_FACE('',(#2055),#2043,.F.);
#2055 = FACE_BOUND('',#2056,.T.);
#2056 = EDGE_LOOP('',(#2057,#2138,#2160,#2161,#2162,#2227,#2297,#2326,
    #2381,#2490,#2545,#2574,#2653,#2840,#2919,#2948,#3003,#3172,#3227,
    #3256));
#2057 = ORIENTED_EDGE('',*,*,#2058,.F.);
#2058 = EDGE_CURVE('',#2059,#2061,#2063,.T.);
#2059 = VERTEX_POINT('',#2060);
#2060 = CARTESIAN_POINT('',(6.470703186218,0.112693585484,
    16.133462329591));
#2061 = VERTEX_POINT('',#2062);
#2062 = CARTESIAN_POINT('',(5.938593005913,-0.520460967216,
    15.995123431651));
#2063 = SURFACE_CURVE('',#2064,(#2085,#2109),.PCURVE_S1.);
#2064 = B_SPLINE_CURVE_WITH_KNOTS('',7,(#2065,#2066,#2067,#2068,#2069,
    #2070,#2071,#2072,#2073,#2074,#2075,#2076,#2077,#2078,#2079,#2080,
    #2081,#2082,#2083,#2084),.UNSPECIFIED.,.F.,.F.,(8,6,6,8),(0.,
    0.29950624764,0.638063824133,1.),.UNSPECIFIED.);
#2065 = CARTESIAN_POINT('',(6.470703186218,0.112693585484,
    16.133462329591));
#2066 = CARTESIAN_POINT('',(6.478476530744,6.920186870889E-02,
    16.139521635593));
#2067 = CARTESIAN_POINT('',(6.482293639068,2.415485940969E-02,
    16.142966568766));
#2068 = CARTESIAN_POINT('',(6.481703780525,-2.142290060693E-02,
    16.143138570987));
#2069 = CARTESIAN_POINT('',(6.476673017552,-6.652678198584E-02,
    16.139780351287));
#2070 = CARTESIAN_POINT('',(6.467454189315,-0.110325523901,
    16.133392470032));
#2071 = CARTESIAN_POINT('',(6.454471533137,-0.152155132363,16.1247280501
    ));
#2072 = CARTESIAN_POINT('',(6.419942866787,-0.236049161082,
    16.103065485853));
#2073 = CARTESIAN_POINT('',(6.397451306531,-0.277553024494,
    16.089618505304));
#2074 = CARTESIAN_POINT('',(6.371340052683,-0.315775367818,
    16.075201857428));
#2075 = CARTESIAN_POINT('',(6.34208885218,-0.350560402641,
    16.060726313057));
#2076 = CARTESIAN_POINT('',(6.310132391843,-0.381784757142,
    16.046875704307));
#2077 = CARTESIAN_POINT('',(6.275853865443,-0.409380081995,
    16.034196983614));
#2078 = CARTESIAN_POINT('',(6.200774038183,-0.45884238,16.011314985739)
  );
#2079 = CARTESIAN_POINT('',(6.159727480539,-0.480155036432,
    16.001356120058));
#2080 = CARTESIAN_POINT('',(6.116908039072,-0.497107827402,
    15.993829055814));
#2081 = CARTESIAN_POINT('',(6.072828009211,-0.509600843616,
    15.989179362835));
#2082 = CARTESIAN_POINT('',(6.028036650583,-0.517599015458,
    15.987735360155));
#2083 = CARTESIAN_POINT('',(5.983105437594,-0.521162825284,
    15.98969911519));
#2084 = CARTESIAN_POINT('',(5.938593005913,-0.520460967216,
    15.995123431651));
#2085 = PCURVE('',#2043,#2086);
#2086 = DEFINITIONAL_REPRESENTATION('',(#2087),#2108);
#2087 = B_SPLINE_CURVE_WITH_KNOTS('',7,(#2088,#2089,#2090,#2091,#2092,
    #2093,#2094,#2095,#2096,#2097,#2098,#2099,#2100,#2101,#2102,#2103,
    #2104,#2105,#2106,#2107),.UNSPECIFIED.,.F.,.F.,(8,6,6,8),(0.,
    0.29950624764,0.638063824133,1.),.UNSPECIFIED.);
#2088 = CARTESIAN_POINT('',(-6.28318530718,7.191867568286));
#2089 = CARTESIAN_POINT('',(-6.276649809479,7.177340083796));
#2090 = CARTESIAN_POINT('',(-6.269898405792,7.169395782948));
#2091 = CARTESIAN_POINT('',(-6.263070746454,7.169099575388));
#2092 = CARTESIAN_POINT('',(-6.256297718096,7.176753284735));
#2093 = CARTESIAN_POINT('',(-6.24968598676,7.191630506263));
#2094 = CARTESIAN_POINT('',(-6.243323504948,7.212641828318));
#2095 = CARTESIAN_POINT('',(-6.23044265017,7.267954591422));
#2096 = CARTESIAN_POINT('',(-6.223993700323,7.303711093524));
#2097 = CARTESIAN_POINT('',(-6.217961450165,7.34452501068));
#2098 = CARTESIAN_POINT('',(-6.212366068607,7.389275271336));
#2099 = CARTESIAN_POINT('',(-6.207228162053,7.437199952958));
#2100 = CARTESIAN_POINT('',(-6.202564232846,7.487759691059));
#2101 = CARTESIAN_POINT('',(-6.193932987691,7.597181351966));
#2102 = CARTESIAN_POINT('',(-6.190040761875,7.656314436613));
#2103 = CARTESIAN_POINT('',(-6.186746430586,7.717523789498));
#2104 = CARTESIAN_POINT('',(-6.184084358991,7.780409225207));
#2105 = CARTESIAN_POINT('',(-6.182085234137,7.844624135899));
#2106 = CARTESIAN_POINT('',(-6.180769039639,7.909832369819));
#2107 = CARTESIAN_POINT('',(-6.180138582159,7.975688266958));
#2108 = ( GEOMETRIC_REPRESENTATION_CONTEXT(2) 
PARAMETRIC_REPRESENTATION_CONTEXT() REPRESENTATION_CONTEXT('2D SPACE',''
  ) );
#2109 = PCURVE('',#2110,#2115);
#2110 = CYLINDRICAL_SURFACE('',#2111,0.536548925795);
#2111 = AXIS2_PLACEMENT_3D('',#2112,#2113,#2114);
#2112 = CARTESIAN_POINT('',(5.963094279458,1.576832441381E-02,
    15.490104963796));
#2113 = DIRECTION('',(3.174953237649E-02,-5.00616673173E-04,
    -0.999495731145));
#2114 = DIRECTION('',(-1.576572678917E-02,-0.999875713206,0.));
#2115 = DEFINITIONAL_REPRESENTATION('',(#2116),#2137);
#2116 = B_SPLINE_CURVE_WITH_KNOTS('',7,(#2117,#2118,#2119,#2120,#2121,
    #2122,#2123,#2124,#2125,#2126,#2127,#2128,#2129,#2130,#2131,#2132,
    #2133,#2134,#2135,#2136),.UNSPECIFIED.,.F.,.F.,(8,6,6,8),(0.,
    0.29950624764,0.638063824133,1.),.UNSPECIFIED.);
#2117 = CARTESIAN_POINT('',(-1.7676029717,-0.626965117695));
#2118 = CARTESIAN_POINT('',(-1.685192350676,-0.632752795446));
#2119 = CARTESIAN_POINT('',(-1.601287508061,-0.636052248758));
#2120 = CARTESIAN_POINT('',(-1.517011840825,-0.63622007499));
#2121 = CARTESIAN_POINT('',(-1.433155622949,-0.633000693352));
#2122 = CARTESIAN_POINT('',(-1.350273735793,-0.626886800412));
#2123 = CARTESIAN_POINT('',(-1.26883687313,-0.61861800234));
#2124 = CARTESIAN_POINT('',(-1.099291270921,-0.598020632111));
#2125 = CARTESIAN_POINT('',(-1.011454610558,-0.585273751449));
#2126 = CARTESIAN_POINT('',(-0.925437560503,-0.571674258797));
#2127 = CARTESIAN_POINT('',(-0.840939090538,-0.558117311961));
#2128 = CARTESIAN_POINT('',(-0.757717767449,-0.545272658881));
#2129 = CARTESIAN_POINT('',(-0.675511750438,-0.533674844177));
#2130 = CARTESIAN_POINT('',(-0.506881216219,-0.513163372736));
#2131 = CARTESIAN_POINT('',(-0.420650210366,-0.50450206854));
#2132 = CARTESIAN_POINT('',(-0.335135620113,-0.498329810354));
#2133 = CARTESIAN_POINT('',(-0.250274053819,-0.495075728193));
#2134 = CARTESIAN_POINT('',(-0.166076099018,-0.495050554352));
#2135 = CARTESIAN_POINT('',(-8.260807654997E-02,-0.498438080024));
#2136 = CARTESIAN_POINT('',(0.,-0.505273261424));
#2137 = ( GEOMETRIC_REPRESENTATION_CONTEXT(2) 
PARAMETRIC_REPRESENTATION_CONTEXT() REPRESENTATION_CONTEXT('2D SPACE',''
  ) );
#2138 = ORIENTED_EDGE('',*,*,#2139,.F.);
#2139 = EDGE_CURVE('',#2027,#2059,#2140,.T.);
#2140 = SEAM_CURVE('',#2141,(#2146,#2153),.PCURVE_S1.);
#2141 = CIRCLE('',#2142,0.678435860057);
#2142 = AXIS2_PLACEMENT_3D('',#2143,#2144,#2145);
#2143 = CARTESIAN_POINT('',(6.053610605141,0.112693585484,
    16.668540823853));
#2144 = DIRECTION('',(0.,1.,0.));
#2145 = DIRECTION('',(0.806051692639,-0.,0.591845139199));
#2146 = PCURVE('',#2043,#2147);
#2147 = DEFINITIONAL_REPRESENTATION('',(#2148),#2152);
#2148 = LINE('',#2149,#2150);
#2149 = CARTESIAN_POINT('',(-0.,5.649839277151));
#2150 = VECTOR('',#2151,1.);
#2151 = DIRECTION('',(-0.,1.));
#2152 = ( GEOMETRIC_REPRESENTATION_CONTEXT(2) 
PARAMETRIC_REPRESENTATION_CONTEXT() REPRESENTATION_CONTEXT('2D SPACE',''
  ) );
#2153 = PCURVE('',#2043,#2154);
#2154 = DEFINITIONAL_REPRESENTATION('',(#2155),#2159);
#2155 = LINE('',#2156,#2157);
#2156 = CARTESIAN_POINT('',(-6.28318530718,5.649839277151));
#2157 = VECTOR('',#2158,1.);
#2158 = DIRECTION('',(-0.,1.));
#2159 = ( GEOMETRIC_REPRESENTATION_CONTEXT(2) 
PARAMETRIC_REPRESENTATION_CONTEXT() REPRESENTATION_CONTEXT('2D SPACE',''
  ) );
#2160 = ORIENTED_EDGE('',*,*,#2026,.F.);
#2161 = ORIENTED_EDGE('',*,*,#2139,.T.);
#2162 = ORIENTED_EDGE('',*,*,#2163,.T.);
#2163 = EDGE_CURVE('',#2059,#2164,#2166,.T.);
#2164 = VERTEX_POINT('',#2165);
#2165 = CARTESIAN_POINT('',(5.955511173459,0.552503512482,
    15.995123431651));
#2166 = SURFACE_CURVE('',#2167,(#2185,#2206),.PCURVE_S1.);
#2167 = B_SPLINE_CURVE_WITH_KNOTS('',6,(#2168,#2169,#2170,#2171,#2172,
    #2173,#2174,#2175,#2176,#2177,#2178,#2179,#2180,#2181,#2182,#2183,
    #2184),.UNSPECIFIED.,.F.,.F.,(7,5,5,7),(0.,0.163760604265,
    0.544934783314,1.),.UNSPECIFIED.);
#2168 = CARTESIAN_POINT('',(6.470703186218,0.112693585484,
    16.133462329591));
#2169 = CARTESIAN_POINT('',(6.466749318028,0.13481540382,16.130380297503
    ));
#2170 = CARTESIAN_POINT('',(6.461734608214,0.156567361462,
    16.126596344673));
#2171 = CARTESIAN_POINT('',(6.455707498083,0.177849963772,
    16.122195289222));
#2172 = CARTESIAN_POINT('',(6.448726944647,0.198591547085,
    16.117280352548));
#2173 = CARTESIAN_POINT('',(6.44085378705,0.218742719407,16.111958531704
    ));
#2174 = CARTESIAN_POINT('',(6.411864554697,0.283724959921,
    16.093215453471));
#2175 = CARTESIAN_POINT('',(6.387069652292,0.325746716575,
    16.078437906215));
#2176 = CARTESIAN_POINT('',(6.358410705506,0.364065277029,
    16.063198085022));
#2177 = CARTESIAN_POINT('',(6.326436249971,0.398503644654,
    16.048496340063));
#2178 = CARTESIAN_POINT('',(6.29164951178,0.428933241923,16.035041675175
    ));
#2179 = CARTESIAN_POINT('',(6.210082371536,0.486688329286,
    16.009530707938));
#2180 = CARTESIAN_POINT('',(6.162320779612,0.512242595728,
    15.998261787583));
#2181 = CARTESIAN_POINT('',(6.112027184342,0.531690024846,
    15.990613036937));
#2182 = CARTESIAN_POINT('',(6.060119033769,0.544833089354,15.98730166811
    ));
#2183 = CARTESIAN_POINT('',(6.007614917394,0.551681956982,15.9887740325)
  );
#2184 = CARTESIAN_POINT('',(5.955511173459,0.552503512482,
    15.995123431651));
#2185 = PCURVE('',#2043,#2186);
#2186 = DEFINITIONAL_REPRESENTATION('',(#2187),#2205);
#2187 = B_SPLINE_CURVE_WITH_KNOTS('',6,(#2188,#2189,#2190,#2191,#2192,
    #2193,#2194,#2195,#2196,#2197,#2198,#2199,#2200,#2201,#2202,#2203,
    #2204),.UNSPECIFIED.,.F.,.F.,(7,5,5,7),(0.,0.163760604265,
    0.544934783314,1.),.UNSPECIFIED.);
#2188 = CARTESIAN_POINT('',(0.,7.191867568286));
#2189 = CARTESIAN_POINT('',(-3.32424432922E-03,7.199256891968));
#2190 = CARTESIAN_POINT('',(-6.597646220317E-03,7.208412959943));
#2191 = CARTESIAN_POINT('',(-9.807388922486E-03,7.219209407027));
#2192 = CARTESIAN_POINT('',(-1.294442909368E-02,7.231495587519));
#2193 = CARTESIAN_POINT('',(-1.60026784777E-02,7.245119924109));
#2194 = CARTESIAN_POINT('',(-2.590406670228E-02,7.294479774473));
#2195 = CARTESIAN_POINT('',(-3.237305924237E-02,7.335513231317));
#2196 = CARTESIAN_POINT('',(-3.835670301792E-02,7.381459829316));
#2197 = CARTESIAN_POINT('',(-4.383109792174E-02,7.431178381175));
#2198 = CARTESIAN_POINT('',(-4.877234333375E-02,7.483947693147));
#2199 = CARTESIAN_POINT('',(-5.83895032034E-02,7.605448233411));
#2200 = CARTESIAN_POINT('',(-6.282397902353E-02,7.675237548269));
#2201 = CARTESIAN_POINT('',(-6.640572341741E-02,7.747775952799));
#2202 = CARTESIAN_POINT('',(-6.907158575411E-02,7.822426625438));
#2203 = CARTESIAN_POINT('',(-7.07759870677E-02,7.898601065214));
#2204 = CARTESIAN_POINT('',(-7.151396506279E-02,7.975688266958));
#2205 = ( GEOMETRIC_REPRESENTATION_CONTEXT(2) 
PARAMETRIC_REPRESENTATION_CONTEXT() REPRESENTATION_CONTEXT('2D SPACE',''
  ) );
#2206 = PCURVE('',#2110,#2207);
#2207 = DEFINITIONAL_REPRESENTATION('',(#2208),#2226);
#2208 = B_SPLINE_CURVE_WITH_KNOTS('',6,(#2209,#2210,#2211,#2212,#2213,
    #2214,#2215,#2216,#2217,#2218,#2219,#2220,#2221,#2222,#2223,#2224,
    #2225),.UNSPECIFIED.,.F.,.F.,(7,5,5,7),(0.,0.163760604265,
    0.544934783314,1.),.UNSPECIFIED.);
#2209 = CARTESIAN_POINT('',(-1.7676029717,-0.626965117695));
#2210 = CARTESIAN_POINT('',(-1.809520672873,-0.624021247798));
#2211 = CARTESIAN_POINT('',(-1.851124024371,-0.620409307181));
#2212 = CARTESIAN_POINT('',(-1.892346960611,-0.616212483399));
#2213 = CARTESIAN_POINT('',(-1.933157733157,-0.611532038064));
#2214 = CARTESIAN_POINT('',(-1.973551462331,-0.606472957934));
#2215 = CARTESIAN_POINT('',(-2.1066274878,-0.588692257015));
#2216 = CARTESIAN_POINT('',(-2.197416972234,-0.574730424964));
#2217 = CARTESIAN_POINT('',(-2.286366008063,-0.560427379809));
#2218 = CARTESIAN_POINT('',(-2.373829978965,-0.546765462914));
#2219 = CARTESIAN_POINT('',(-2.460109111016,-0.534437279028));
#2220 = CARTESIAN_POINT('',(-2.647565009478,-0.511557807897));
#2221 = CARTESIAN_POINT('',(-2.74830435719,-0.501823771208));
#2222 = CARTESIAN_POINT('',(-2.848097641878,-0.495785411428));
#2223 = CARTESIAN_POINT('',(-2.946987980544,-0.494130351566));
#2224 = CARTESIAN_POINT('',(-3.044896294731,-0.497272383288));
#2225 = CARTESIAN_POINT('',(-3.14159265359,-0.505273261424));
#2226 = ( GEOMETRIC_REPRESENTATION_CONTEXT(2) 
PARAMETRIC_REPRESENTATION_CONTEXT() REPRESENTATION_CONTEXT('2D SPACE',''
  ) );
#2227 = ORIENTED_EDGE('',*,*,#2228,.T.);
#2228 = EDGE_CURVE('',#2164,#2229,#2231,.T.);
#2229 = VERTEX_POINT('',#2230);
#2230 = CARTESIAN_POINT('',(5.356992724301,0.561940763755,
    16.668540823853));
#2231 = SURFACE_CURVE('',#2232,(#2250,#2271),.PCURVE_S1.);
#2232 = B_SPLINE_CURVE_WITH_KNOTS('',6,(#2233,#2234,#2235,#2236,#2237,
    #2238,#2239,#2240,#2241,#2242,#2243,#2244,#2245,#2246,#2247,#2248,
    #2249),.UNSPECIFIED.,.F.,.F.,(7,5,5,7),(0.,0.120485633567,
    0.58306039487,1.),.UNSPECIFIED.);
#2233 = CARTESIAN_POINT('',(6.096862373482,0.550274731073,
    15.992629776855));
#2234 = CARTESIAN_POINT('',(6.074303493561,0.550630432419,
    15.990684958614));
#2235 = CARTESIAN_POINT('',(6.051666383281,0.550987367278,
    15.989637336719));
#2236 = CARTESIAN_POINT('',(6.028996000545,0.551344826766,
    15.989490711958));
#2237 = CARTESIAN_POINT('',(6.006337277923,0.551702102401,
    15.990245927807));
#2238 = CARTESIAN_POINT('',(5.983735122653,0.552058486099,
    15.991900870435));
#2239 = CARTESIAN_POINT('',(5.874848526436,0.553775375813,
    16.004239020039));
#2240 = CARTESIAN_POINT('',(5.789933795998,0.555114284662,
    16.027217490584));
#2241 = CARTESIAN_POINT('',(5.70907358184,0.55638926317,16.063105093875)
  );
#2242 = CARTESIAN_POINT('',(5.634685215813,0.557562195605,16.11094683676
    ));
#2243 = CARTESIAN_POINT('',(5.568909774525,0.558599322143,
    16.169260656767));
#2244 = CARTESIAN_POINT('',(5.463394381081,0.560263055788,
    16.296235999776));
#2245 = CARTESIAN_POINT('',(5.4217045816,0.560920407476,16.363334886783)
  );
#2246 = CARTESIAN_POINT('',(5.389575294441,0.561427012004,
    16.435885167813));
#2247 = CARTESIAN_POINT('',(5.367851231397,0.56176955022,16.512179558357
    ));
#2248 = CARTESIAN_POINT('',(5.356992724301,0.561940763755,
    16.590367582634));
#2249 = CARTESIAN_POINT('',(5.356992724301,0.561940763755,
    16.668540823853));
#2250 = PCURVE('',#2043,#2251);
#2251 = DEFINITIONAL_REPRESENTATION('',(#2252),#2270);
#2252 = B_SPLINE_CURVE_WITH_KNOTS('',6,(#2253,#2254,#2255,#2256,#2257,
    #2258,#2259,#2260,#2261,#2262,#2263,#2264,#2265,#2266,#2267,#2268,
    #2269),.UNSPECIFIED.,.F.,.F.,(7,5,5,7),(0.,0.120485633567,
    0.58306039487,1.),.UNSPECIFIED.);
#2253 = CARTESIAN_POINT('',(-6.955670569015E-02,7.767681746773));
#2254 = CARTESIAN_POINT('',(-6.986208606892E-02,7.800939982728));
#2255 = CARTESIAN_POINT('',(-7.017113994178E-02,7.834197632418));
#2256 = CARTESIAN_POINT('',(-7.048333864287E-02,7.867454813837));
#2257 = CARTESIAN_POINT('',(-7.0798117583E-02,7.900711663721));
#2258 = CARTESIAN_POINT('',(-7.111487624964E-02,7.933968337552));
#2259 = CARTESIAN_POINT('',(-7.265425191898E-02,8.0949057683));
#2260 = CARTESIAN_POINT('',(-7.389567459866E-02,8.22261961359));
#2261 = CARTESIAN_POINT('',(-7.512067062383E-02,8.350304271953));
#2262 = CARTESIAN_POINT('',(-7.628681912717E-02,8.478007367489));
#2263 = CARTESIAN_POINT('',(-7.734637136535E-02,8.605775566454));
#2264 = CARTESIAN_POINT('',(-7.90800271352E-02,8.848695314345));
#2265 = CARTESIAN_POINT('',(-7.978218483246E-02,8.96389602292));
#2266 = CARTESIAN_POINT('',(-8.033444898999E-02,9.079092684844));
#2267 = CARTESIAN_POINT('',(-8.071170907406E-02,9.194305313167));
#2268 = CARTESIAN_POINT('',(-8.090024391909E-02,9.309552269114));
#2269 = CARTESIAN_POINT('',(-8.090024391909E-02,9.424777960769));
#2270 = ( GEOMETRIC_REPRESENTATION_CONTEXT(2) 
PARAMETRIC_REPRESENTATION_CONTEXT() REPRESENTATION_CONTEXT('2D SPACE',''
  ) );
#2271 = PCURVE('',#2272,#2277);
#2272 = PLANE('',#2273);
#2273 = AXIS2_PLACEMENT_3D('',#2274,#2275,#2276);
#2274 = CARTESIAN_POINT('',(4.560257908218,0.574503428562,
    15.445263240615));
#2275 = DIRECTION('',(1.576572678917E-02,0.999875713206,0.));
#2276 = DIRECTION('',(0.999371507025,-1.575777662417E-02,
    3.175347891459E-02));
#2277 = DEFINITIONAL_REPRESENTATION('',(#2278),#2296);
#2278 = B_SPLINE_CURVE_WITH_KNOTS('',6,(#2279,#2280,#2281,#2282,#2283,
    #2284,#2285,#2286,#2287,#2288,#2289,#2290,#2291,#2292,#2293,#2294,
    #2295),.UNSPECIFIED.,.F.,.F.,(7,5,5,7),(0.,0.120485633567,
    0.58306039487,1.),.UNSPECIFIED.);
#2279 = CARTESIAN_POINT('',(1.553401302321,-0.498291913834));
#2280 = CARTESIAN_POINT('',(1.53078924069,-0.497064488263));
#2281 = CARTESIAN_POINT('',(1.508127467536,-0.496736291004));
#2282 = CARTESIAN_POINT('',(1.485461044364,-0.497309693182));
#2283 = CARTESIAN_POINT('',(1.46283491345,-0.498784110905));
#2284 = CARTESIAN_POINT('',(1.440293897847,-0.50115600527));
#2285 = CARTESIAN_POINT('',(1.3318404609,-0.516945891145));
#2286 = CARTESIAN_POINT('',(1.247687646926,-0.542609447626));
#2287 = CARTESIAN_POINT('',(1.167997718274,-0.581046866179));
#2288 = CARTESIAN_POINT('',(1.095156763778,-0.631226866988));
#2289 = CARTESIAN_POINT('',(1.031257985739,-0.691600139858));
#2290 = CARTESIAN_POINT('',(0.929814600112,-0.821862350449));
#2291 = CARTESIAN_POINT('',(0.89027126707,-0.890251362296));
#2292 = CARTESIAN_POINT('',(0.8604579138,-0.963785401937));
#2293 = CARTESIAN_POINT('',(0.841164718858,-1.040731219919));
#2294 = CARTESIAN_POINT('',(0.832793080093,-1.119224654646));
#2295 = CARTESIAN_POINT('',(0.83527535246,-1.197358475534));
#2296 = ( GEOMETRIC_REPRESENTATION_CONTEXT(2) 
PARAMETRIC_REPRESENTATION_CONTEXT() REPRESENTATION_CONTEXT('2D SPACE',''
  ) );
#2297 = ORIENTED_EDGE('',*,*,#2298,.T.);
#2298 = EDGE_CURVE('',#2229,#2299,#2301,.T.);
#2299 = VERTEX_POINT('',#2300);
#2300 = CARTESIAN_POINT('',(0.203250950018,5.658352517632,
    16.668540823853));
#2301 = SURFACE_CURVE('',#2302,(#2307,#2314),.PCURVE_S1.);
#2302 = CIRCLE('',#2303,5.559162413465);
#2303 = AXIS2_PLACEMENT_3D('',#2304,#2305,#2306);
#2304 = CARTESIAN_POINT('',(-0.183987668382,0.112693585484,
    16.668540823853));
#2305 = DIRECTION('',(0.,0.,1.));
#2306 = DIRECTION('',(1.,0.,-0.));
#2307 = PCURVE('',#2043,#2308);
#2308 = DEFINITIONAL_REPRESENTATION('',(#2309),#2313);
#2309 = LINE('',#2310,#2311);
#2310 = CARTESIAN_POINT('',(-0.,9.424777960769));
#2311 = VECTOR('',#2312,1.);
#2312 = DIRECTION('',(-1.,0.));
#2313 = ( GEOMETRIC_REPRESENTATION_CONTEXT(2) 
PARAMETRIC_REPRESENTATION_CONTEXT() REPRESENTATION_CONTEXT('2D SPACE',''
  ) );
#2314 = PCURVE('',#2315,#2320);
#2315 = CONICAL_SURFACE('',#2316,5.559162413465,0.319430824369);
#2316 = AXIS2_PLACEMENT_3D('',#2317,#2318,#2319);
#2317 = CARTESIAN_POINT('',(-0.183987668382,0.112693585484,
    16.668540823853));
#2318 = DIRECTION('',(-0.,-0.,-1.));
#2319 = DIRECTION('',(1.,0.,-0.));
#2320 = DEFINITIONAL_REPRESENTATION('',(#2321),#2325);
#2321 = LINE('',#2322,#2323);
#2322 = CARTESIAN_POINT('',(-0.,-0.));
#2323 = VECTOR('',#2324,1.);
#2324 = DIRECTION('',(-1.,-0.));
#2325 = ( GEOMETRIC_REPRESENTATION_CONTEXT(2) 
PARAMETRIC_REPRESENTATION_CONTEXT() REPRESENTATION_CONTEXT('2D SPACE',''
  ) );
#2326 = ORIENTED_EDGE('',*,*,#2327,.F.);
#2327 = EDGE_CURVE('',#2328,#2299,#2330,.T.);
#2328 = VERTEX_POINT('',#2329);
#2329 = CARTESIAN_POINT('',(0.197779841699,6.085867776826,
    16.038737681869));
#2330 = SURFACE_CURVE('',#2331,(#2344,#2360),.PCURVE_S1.);
#2331 = B_SPLINE_CURVE_WITH_KNOTS('',6,(#2332,#2333,#2334,#2335,#2336,
    #2337,#2338,#2339,#2340,#2341,#2342,#2343),.UNSPECIFIED.,.F.,.F.,(7,
    5,7),(0.,0.501313154365,1.),.UNSPECIFIED.);
#2332 = CARTESIAN_POINT('',(0.196144879622,6.213624566709,
    16.001689170468));
#2333 = CARTESIAN_POINT('',(0.197135166046,6.136243068743,
    16.016135612256));
#2334 = CARTESIAN_POINT('',(0.19809999219,6.060851050377,16.041301472898
    ));
#2335 = CARTESIAN_POINT('',(0.19901509413,5.989344507198,16.076840491048
    ));
#2336 = CARTESIAN_POINT('',(0.199857969295,5.923481801927,
    16.121963142646));
#2337 = CARTESIAN_POINT('',(0.200608713061,5.864818292273,
    16.175525774491));
#2338 = CARTESIAN_POINT('',(0.201890992039,5.764620343809,
    16.296242188386));
#2339 = CARTESIAN_POINT('',(0.202423890253,5.722979399212,
    16.363345466956));
#2340 = CARTESIAN_POINT('',(0.202834537551,5.69089120505,16.435896872442
    ));
#2341 = CARTESIAN_POINT('',(0.203112175544,5.669196427417,
    16.512188784096));
#2342 = CARTESIAN_POINT('',(0.203250950018,5.658352517632,
    16.590372118699));
#2343 = CARTESIAN_POINT('',(0.203250950018,5.658352517632,
    16.668540823853));
#2344 = PCURVE('',#2043,#2345);
#2345 = DEFINITIONAL_REPRESENTATION('',(#2346),#2359);
#2346 = B_SPLINE_CURVE_WITH_KNOTS('',6,(#2347,#2348,#2349,#2350,#2351,
    #2352,#2353,#2354,#2355,#2356,#2357,#2358),.UNSPECIFIED.,.F.,.F.,(7,
    5,7),(0.,0.501313154365,1.),.UNSPECIFIED.);
#2347 = CARTESIAN_POINT('',(-1.508569467108,8.039042141304));
#2348 = CARTESIAN_POINT('',(-1.507620555566,8.154765250369));
#2349 = CARTESIAN_POINT('',(-1.506667292251,8.270510877629));
#2350 = CARTESIAN_POINT('',(-1.505734059951,8.386240028853));
#2351 = CARTESIAN_POINT('',(-1.50484840405,8.501980849413));
#2352 = CARTESIAN_POINT('',(-1.504040195046,8.617761522466));
#2353 = CARTESIAN_POINT('',(-1.502634451376,8.848707153479));
#2354 = CARTESIAN_POINT('',(-1.5020355876,8.963913558987));
#2355 = CARTESIAN_POINT('',(-1.501564617976,9.079110427325));
#2356 = CARTESIAN_POINT('',(-1.501242915173,9.194318909186));
#2357 = CARTESIAN_POINT('',(-1.501082144128,9.309558955177));
#2358 = CARTESIAN_POINT('',(-1.501082144128,9.424777960769));
#2359 = ( GEOMETRIC_REPRESENTATION_CONTEXT(2) 
PARAMETRIC_REPRESENTATION_CONTEXT() REPRESENTATION_CONTEXT('2D SPACE',''
  ) );
#2360 = PCURVE('',#2361,#2366);
#2361 = PLANE('',#2362);
#2362 = AXIS2_PLACEMENT_3D('',#2363,#2364,#2365);
#2363 = CARTESIAN_POINT('',(0.213528274031,4.855277055896,
    15.429808181183));
#2364 = DIRECTION('',(-0.999918122599,-1.279640958147E-02,0.));
#2365 = DIRECTION('',(-1.278171283312E-02,0.998769711014,
    4.791338204366E-02));
#2366 = DEFINITIONAL_REPRESENTATION('',(#2367),#2380);
#2367 = B_SPLINE_CURVE_WITH_KNOTS('',6,(#2368,#2369,#2370,#2371,#2372,
    #2373,#2374,#2375,#2376,#2377,#2378,#2379),.UNSPECIFIED.,.F.,.F.,(7,
    5,7),(0.,0.501313154365,1.),.UNSPECIFIED.);
#2368 = CARTESIAN_POINT('',(1.384299292709,-0.506135828255));
#2369 = CARTESIAN_POINT('',(1.307692516676,-0.524273591093));
#2370 = CARTESIAN_POINT('',(1.233586701644,-0.553023130971));
#2371 = CARTESIAN_POINT('',(1.163859230162,-0.591947733225));
#2372 = CARTESIAN_POINT('',(1.100228760508,-0.640174524566));
#2373 = CARTESIAN_POINT('',(1.044194194975,-0.696486636734));
#2374 = CARTESIAN_POINT('',(0.949887060881,-0.821865622846));
#2375 = CARTESIAN_POINT('',(0.911505680349,-0.890887154782));
#2376 = CARTESIAN_POINT('',(0.882927898372,-0.96489281437));
#2377 = CARTESIAN_POINT('',(0.864911666407,-1.042136659619));
#2378 = CARTESIAN_POINT('',(0.857825351968,-1.12074981116));
#2379 = CARTESIAN_POINT('',(0.861570679002,-1.198828739117));
#2380 = ( GEOMETRIC_REPRESENTATION_CONTEXT(2) 
PARAMETRIC_REPRESENTATION_CONTEXT() REPRESENTATION_CONTEXT('2D SPACE',''
  ) );
#2381 = ORIENTED_EDGE('',*,*,#2382,.F.);
#2382 = EDGE_CURVE('',#2383,#2328,#2385,.T.);
#2383 = VERTEX_POINT('',#2384);
#2384 = CARTESIAN_POINT('',(-0.718488001335,6.074141878134,
    16.038737681869));
#2385 = SURFACE_CURVE('',#2386,(#2417,#2451),.PCURVE_S1.);
#2386 = B_SPLINE_CURVE_WITH_KNOTS('',8,(#2387,#2388,#2389,#2390,#2391,
    #2392,#2393,#2394,#2395,#2396,#2397,#2398,#2399,#2400,#2401,#2402,
    #2403,#2404,#2405,#2406,#2407,#2408,#2409,#2410,#2411,#2412,#2413,
    #2414,#2415,#2416),.UNSPECIFIED.,.F.,.F.,(9,7,7,7,9),(0.,
    0.350466286677,0.49975893299,0.649676882247,1.),.UNSPECIFIED.);
#2387 = CARTESIAN_POINT('',(-0.718488001335,6.074141878134,
    16.038737681869));
#2388 = CARTESIAN_POINT('',(-0.719216194669,6.13104328528,
    16.016013649368));
#2389 = CARTESIAN_POINT('',(-0.712209383474,6.189417609986,
    15.999756252714));
#2390 = CARTESIAN_POINT('',(-0.696630611924,6.247859422003,
    15.989894024169));
#2391 = CARTESIAN_POINT('',(-0.671975254096,6.304726231334,
    15.985974867666));
#2392 = CARTESIAN_POINT('',(-0.638135271884,6.358202197521,
    15.98704815741));
#2393 = CARTESIAN_POINT('',(-0.595468957194,6.4064555711,15.991683606659
    ));
#2394 = CARTESIAN_POINT('',(-0.544737966408,6.447678685725,
    15.997968710829));
#2395 = CARTESIAN_POINT('',(-0.462783281199,6.494022130081,
    16.006716146007));
#2396 = CARTESIAN_POINT('',(-0.437089334009,6.506276682063,
    16.009300468883));
#2397 = CARTESIAN_POINT('',(-0.41031168207,6.51680022292,16.011715188619
    ));
#2398 = CARTESIAN_POINT('',(-0.382605959066,6.525462444362,
    16.013821120041));
#2399 = CARTESIAN_POINT('',(-0.354157698573,6.532150516075,
    16.015496010751));
#2400 = CARTESIAN_POINT('',(-0.325181786709,6.536777394384,
    16.016647921633));
#2401 = CARTESIAN_POINT('',(-0.295919126206,6.539292070804,
    16.017226680571));
#2402 = CARTESIAN_POINT('',(-0.237219224019,6.540093124234,
    16.017240166367));
#2403 = CARTESIAN_POINT('',(-0.207773458051,6.538361861943,
    16.016670095497));
#2404 = CARTESIAN_POINT('',(-0.17855798666,6.534492999968,16.01552117667
    ));
#2405 = CARTESIAN_POINT('',(-0.149818691353,6.528531444268,
    16.01384367769));
#2406 = CARTESIAN_POINT('',(-0.121775838731,6.52055961459,
    16.011730472962));
#2407 = CARTESIAN_POINT('',(-9.462033179961E-02,6.510686968639,
    16.009305356957));
#2408 = CARTESIAN_POINT('',(-6.85129362922E-02,6.499041416195,
    16.006709352405));
#2409 = CARTESIAN_POINT('',(1.466080070085E-02,6.454733195561,
    15.997952547617));
#2410 = CARTESIAN_POINT('',(6.639369456756E-02,6.414820510863,
    15.991673388379));
#2411 = CARTESIAN_POINT('',(0.110248745342,6.367682164001,
    15.987046198966));
#2412 = CARTESIAN_POINT('',(0.145419833986,6.315103733447,
    15.985980637584));
#2413 = CARTESIAN_POINT('',(0.171502858511,6.258905168643,
    15.989904887369));
#2414 = CARTESIAN_POINT('',(0.188559543935,6.200902333708,
    15.999768190983));
#2415 = CARTESIAN_POINT('',(0.197051916358,6.14274824278,16.0160220124)
  );
#2416 = CARTESIAN_POINT('',(0.197779841699,6.085867776826,
    16.038737681869));
#2417 = PCURVE('',#2043,#2418);
#2418 = DEFINITIONAL_REPRESENTATION('',(#2419),#2450);
#2419 = B_SPLINE_CURVE_WITH_KNOTS('',8,(#2420,#2421,#2422,#2423,#2424,
    #2425,#2426,#2427,#2428,#2429,#2430,#2431,#2432,#2433,#2434,#2435,
    #2436,#2437,#2438,#2439,#2440,#2441,#2442,#2443,#2444,#2445,#2446,
    #2447,#2448,#2449),.UNSPECIFIED.,.F.,.F.,(9,7,7,7,9),(0.,
    0.350466286677,0.49975893299,0.649676882247,1.),.UNSPECIFIED.);
#2420 = CARTESIAN_POINT('',(-1.660216703282,8.234919348186));
#2421 = CARTESIAN_POINT('',(-1.659488913832,8.144829141332));
#2422 = CARTESIAN_POINT('',(-1.657467761629,8.057215563505));
#2423 = CARTESIAN_POINT('',(-1.654084359722,7.972911977385));
#2424 = CARTESIAN_POINT('',(-1.649333581776,7.89300073007));
#2425 = CARTESIAN_POINT('',(-1.643269093657,7.818850260087));
#2426 = CARTESIAN_POINT('',(-1.635992941097,7.752162406255));
#2427 = CARTESIAN_POINT('',(-1.627637550431,7.69523304466));
#2428 = CARTESIAN_POINT('',(-1.614450004686,7.631431803889));
#2429 = CARTESIAN_POINT('',(-1.610350389597,7.614593248026));
#2430 = CARTESIAN_POINT('',(-1.60610915985,7.600177029159));
#2431 = CARTESIAN_POINT('',(-1.601747910055,7.58838089755));
#2432 = CARTESIAN_POINT('',(-1.597291648633,7.579382062843));
#2433 = CARTESIAN_POINT('',(-1.592768884383,7.573318787824));
#2434 = CARTESIAN_POINT('',(-1.588211486566,7.570270275234));
#2435 = CARTESIAN_POINT('',(-1.579078062968,7.570199271656));
#2436 = CARTESIAN_POINT('',(-1.574500748484,7.573202061623));
#2437 = CARTESIAN_POINT('',(-1.569957789568,7.579246540297));
#2438 = CARTESIAN_POINT('',(-1.565481557177,7.588253286512));
#2439 = CARTESIAN_POINT('',(-1.561100985381,7.600082480288));
#2440 = CARTESIAN_POINT('',(-1.556841418777,7.614554560383));
#2441 = CARTESIAN_POINT('',(-1.552724700575,7.631469194278));
#2442 = CARTESIAN_POINT('',(-1.539527127712,7.695379489586));
#2443 = CARTESIAN_POINT('',(-1.531177188225,7.752309486192));
#2444 = CARTESIAN_POINT('',(-1.523905941434,7.818986485536));
#2445 = CARTESIAN_POINT('',(-1.517845613361,7.893118126101));
#2446 = CARTESIAN_POINT('',(-1.513098084148,7.973004841732));
#2447 = CARTESIAN_POINT('',(-1.509716923068,8.057279937472));
#2448 = CARTESIAN_POINT('',(-1.507696989589,8.14486229686));
#2449 = CARTESIAN_POINT('',(-1.506969467985,8.234919348186));
#2450 = ( GEOMETRIC_REPRESENTATION_CONTEXT(2) 
PARAMETRIC_REPRESENTATION_CONTEXT() REPRESENTATION_CONTEXT('2D SPACE',''
  ) );
#2451 = PCURVE('',#2452,#2457);
#2452 = CYLINDRICAL_SURFACE('',#2453,0.458171435403);
#2453 = AXIS2_PLACEMENT_3D('',#2454,#2455,#2456);
#2454 = CARTESIAN_POINT('',(-0.26069084388,6.106319747037,
    15.490104963796));
#2455 = DIRECTION('',(-6.131192610639E-04,4.790945902046E-02,
    -0.998851494378));
#2456 = DIRECTION('',(0.999918122599,1.279640958147E-02,0.));
#2457 = DEFINITIONAL_REPRESENTATION('',(#2458),#2489);
#2458 = B_SPLINE_CURVE_WITH_KNOTS('',8,(#2459,#2460,#2461,#2462,#2463,
    #2464,#2465,#2466,#2467,#2468,#2469,#2470,#2471,#2472,#2473,#2474,
    #2475,#2476,#2477,#2478,#2479,#2480,#2481,#2482,#2483,#2484,#2485,
    #2486,#2487,#2488),.UNSPECIFIED.,.F.,.F.,(9,7,7,7,9),(0.,
    0.350466286677,0.49975893299,0.649676882247,1.),.UNSPECIFIED.);
#2459 = CARTESIAN_POINT('',(-3.14159265359,-0.549263550349));
#2460 = CARTESIAN_POINT('',(-3.019909109024,-0.523839054424));
#2461 = CARTESIAN_POINT('',(-2.894554675652,-0.504807943174));
#2462 = CARTESIAN_POINT('',(-2.765875242715,-0.492166677502));
#2463 = CARTESIAN_POINT('',(-2.634083178078,-0.485542680775));
#2464 = CARTESIAN_POINT('',(-2.499275081805,-0.484073481174));
#2465 = CARTESIAN_POINT('',(-2.361453988718,-0.486417973099));
#2466 = CARTESIAN_POINT('',(-2.22043539773,-0.490751985818));
#2467 = CARTESIAN_POINT('',(-2.014557271624,-0.497319333166));
#2468 = CARTESIAN_POINT('',(-1.952475501388,-0.49932933243));
#2469 = CARTESIAN_POINT('',(-1.889861359359,-0.501253519592));
#2470 = CARTESIAN_POINT('',(-1.826775883807,-0.502959016909));
#2471 = CARTESIAN_POINT('',(-1.763296697123,-0.504329004276));
#2472 = CARTESIAN_POINT('',(-1.699523551064,-0.505275686635));
#2473 = CARTESIAN_POINT('',(-1.635586305599,-0.50575124558));
#2474 = CARTESIAN_POINT('',(-1.507456606272,-0.505762327891));
#2475 = CARTESIAN_POINT('',(-1.443246393833,-0.505293909357));
#2476 = CARTESIAN_POINT('',(-1.37919880339,-0.504349577722));
#2477 = CARTESIAN_POINT('',(-1.315446406222,-0.502977240882));
#2478 = CARTESIAN_POINT('',(-1.252090831216,-0.501265582843));
#2479 = CARTESIAN_POINT('',(-1.189210851614,-0.499332894788));
#2480 = CARTESIAN_POINT('',(-1.126867972802,-0.497313810827));
#2481 = CARTESIAN_POINT('',(-0.920794491277,-0.490740841578));
#2482 = CARTESIAN_POINT('',(-0.779834768587,-0.486412807556));
#2483 = CARTESIAN_POINT('',(-0.642069944489,-0.48407619357));
#2484 = CARTESIAN_POINT('',(-0.50731588511,-0.485552424227));
#2485 = CARTESIAN_POINT('',(-0.375575658157,-0.492180601831));
#2486 = CARTESIAN_POINT('',(-0.246945866538,-0.504821919612));
#2487 = CARTESIAN_POINT('',(-0.121638761871,-0.523848411296));
#2488 = CARTESIAN_POINT('',(0.,-0.549263550349));
#2489 = ( GEOMETRIC_REPRESENTATION_CONTEXT(2) 
PARAMETRIC_REPRESENTATION_CONTEXT() REPRESENTATION_CONTEXT('2D SPACE',''
  ) );
#2490 = ORIENTED_EDGE('',*,*,#2491,.T.);
#2491 = EDGE_CURVE('',#2383,#2492,#2494,.T.);
#2492 = VERTEX_POINT('',#2493);
#2493 = CARTESIAN_POINT('',(-0.713016893016,5.64662661894,
    16.668540823853));
#2494 = SURFACE_CURVE('',#2495,(#2508,#2524),.PCURVE_S1.);
#2495 = B_SPLINE_CURVE_WITH_KNOTS('',6,(#2496,#2497,#2498,#2499,#2500,
    #2501,#2502,#2503,#2504,#2505,#2506,#2507),.UNSPECIFIED.,.F.,.F.,(7,
    5,7),(0.,0.501313154366,1.),.UNSPECIFIED.);
#2496 = CARTESIAN_POINT('',(-0.720122963412,6.201898668017,
    16.001689170468));
#2497 = CARTESIAN_POINT('',(-0.719132676988,6.124517170052,
    16.016135612256));
#2498 = CARTESIAN_POINT('',(-0.718167850844,6.049125151684,
    16.041301472898));
#2499 = CARTESIAN_POINT('',(-0.717252748904,5.977618608506,
    16.076840491048));
#2500 = CARTESIAN_POINT('',(-0.716409873738,5.911755903235,
    16.121963142646));
#2501 = CARTESIAN_POINT('',(-0.715659129972,5.853092393581,
    16.17552577449));
#2502 = CARTESIAN_POINT('',(-0.714376850995,5.752894445118,
    16.296242188386));
#2503 = CARTESIAN_POINT('',(-0.71384395278,5.71125350052,16.363345466956
    ));
#2504 = CARTESIAN_POINT('',(-0.713433305482,5.679165306358,
    16.435896872442));
#2505 = CARTESIAN_POINT('',(-0.71315566749,5.657470528725,
    16.512188784096));
#2506 = CARTESIAN_POINT('',(-0.713016893016,5.64662661894,
    16.590372118699));
#2507 = CARTESIAN_POINT('',(-0.713016893016,5.64662661894,
    16.668540823853));
#2508 = PCURVE('',#2043,#2509);
#2509 = DEFINITIONAL_REPRESENTATION('',(#2510),#2523);
#2510 = B_SPLINE_CURVE_WITH_KNOTS('',6,(#2511,#2512,#2513,#2514,#2515,
    #2516,#2517,#2518,#2519,#2520,#2521,#2522),.UNSPECIFIED.,.F.,.F.,(7,
    5,7),(0.,0.501313154366,1.),.UNSPECIFIED.);
#2511 = CARTESIAN_POINT('',(-1.658616704159,8.039042141304));
#2512 = CARTESIAN_POINT('',(-1.659565615701,8.154765250368));
#2513 = CARTESIAN_POINT('',(-1.660518879016,8.270510877629));
#2514 = CARTESIAN_POINT('',(-1.661452111316,8.386240028852));
#2515 = CARTESIAN_POINT('',(-1.662337767217,8.501980849414));
#2516 = CARTESIAN_POINT('',(-1.663145976221,8.617761522466));
#2517 = CARTESIAN_POINT('',(-1.66455171989,8.848707153478));
#2518 = CARTESIAN_POINT('',(-1.665150583667,8.963913558988));
#2519 = CARTESIAN_POINT('',(-1.665621553291,9.079110427324));
#2520 = CARTESIAN_POINT('',(-1.665943256094,9.194318909186));
#2521 = CARTESIAN_POINT('',(-1.666104027138,9.309558955177));
#2522 = CARTESIAN_POINT('',(-1.666104027138,9.424777960769));
#2523 = ( GEOMETRIC_REPRESENTATION_CONTEXT(2) 
PARAMETRIC_REPRESENTATION_CONTEXT() REPRESENTATION_CONTEXT('2D SPACE',''
  ) );
#2524 = PCURVE('',#2525,#2530);
#2525 = PLANE('',#2526);
#2526 = AXIS2_PLACEMENT_3D('',#2527,#2528,#2529);
#2527 = CARTESIAN_POINT('',(-0.702739569002,4.843551157204,
    15.429808181183));
#2528 = DIRECTION('',(-0.999918122599,-1.279640958147E-02,0.));
#2529 = DIRECTION('',(-1.278171283312E-02,0.998769711014,
    4.791338204366E-02));
#2530 = DEFINITIONAL_REPRESENTATION('',(#2531),#2544);
#2531 = B_SPLINE_CURVE_WITH_KNOTS('',6,(#2532,#2533,#2534,#2535,#2536,
    #2537,#2538,#2539,#2540,#2541,#2542,#2543),.UNSPECIFIED.,.F.,.F.,(7,
    5,7),(0.,0.501313154366,1.),.UNSPECIFIED.);
#2532 = CARTESIAN_POINT('',(1.384299292709,-0.506135828255));
#2533 = CARTESIAN_POINT('',(1.307692516676,-0.524273591093));
#2534 = CARTESIAN_POINT('',(1.233586701644,-0.553023130971));
#2535 = CARTESIAN_POINT('',(1.163859230162,-0.591947733225));
#2536 = CARTESIAN_POINT('',(1.100228760508,-0.640174524567));
#2537 = CARTESIAN_POINT('',(1.044194194975,-0.696486636734));
#2538 = CARTESIAN_POINT('',(0.949887060881,-0.821865622846));
#2539 = CARTESIAN_POINT('',(0.911505680349,-0.890887154782));
#2540 = CARTESIAN_POINT('',(0.882927898372,-0.96489281437));
#2541 = CARTESIAN_POINT('',(0.864911666407,-1.042136659619));
#2542 = CARTESIAN_POINT('',(0.857825351968,-1.12074981116));
#2543 = CARTESIAN_POINT('',(0.861570679002,-1.198828739117));
#2544 = ( GEOMETRIC_REPRESENTATION_CONTEXT(2) 
PARAMETRIC_REPRESENTATION_CONTEXT() REPRESENTATION_CONTEXT('2D SPACE',''
  ) );
#2545 = ORIENTED_EDGE('',*,*,#2546,.T.);
#2546 = EDGE_CURVE('',#2492,#2547,#2549,.T.);
#2547 = VERTEX_POINT('',#2548);
#2548 = CARTESIAN_POINT('',(-5.701454958149,0.792282759648,
    16.668540823853));
#2549 = SURFACE_CURVE('',#2550,(#2555,#2562),.PCURVE_S1.);
#2550 = CIRCLE('',#2551,5.559162413465);
#2551 = AXIS2_PLACEMENT_3D('',#2552,#2553,#2554);
#2552 = CARTESIAN_POINT('',(-0.183987668382,0.112693585484,
    16.668540823853));
#2553 = DIRECTION('',(0.,0.,1.));
#2554 = DIRECTION('',(1.,0.,-0.));
#2555 = PCURVE('',#2043,#2556);
#2556 = DEFINITIONAL_REPRESENTATION('',(#2557),#2561);
#2557 = LINE('',#2558,#2559);
#2558 = CARTESIAN_POINT('',(-0.,9.424777960769));
#2559 = VECTOR('',#2560,1.);
#2560 = DIRECTION('',(-1.,0.));
#2561 = ( GEOMETRIC_REPRESENTATION_CONTEXT(2) 
PARAMETRIC_REPRESENTATION_CONTEXT() REPRESENTATION_CONTEXT('2D SPACE',''
  ) );
#2562 = PCURVE('',#2563,#2568);
#2563 = CONICAL_SURFACE('',#2564,5.559162413465,0.319430824369);
#2564 = AXIS2_PLACEMENT_3D('',#2565,#2566,#2567);
#2565 = CARTESIAN_POINT('',(-0.183987668382,0.112693585484,
    16.668540823853));
#2566 = DIRECTION('',(-0.,-0.,-1.));
#2567 = DIRECTION('',(1.,0.,-0.));
#2568 = DEFINITIONAL_REPRESENTATION('',(#2569),#2573);
#2569 = LINE('',#2570,#2571);
#2570 = CARTESIAN_POINT('',(-0.,-0.));
#2571 = VECTOR('',#2572,1.);
#2572 = DIRECTION('',(-1.,-0.));
#2573 = ( GEOMETRIC_REPRESENTATION_CONTEXT(2) 
PARAMETRIC_REPRESENTATION_CONTEXT() REPRESENTATION_CONTEXT('2D SPACE',''
  ) );
#2574 = ORIENTED_EDGE('',*,*,#2575,.F.);
#2575 = EDGE_CURVE('',#2576,#2547,#2578,.T.);
#2576 = VERTEX_POINT('',#2577);
#2577 = CARTESIAN_POINT('',(-6.036621796501,0.795782993747,
    16.084513797538));
#2578 = SURFACE_CURVE('',#2579,(#2600,#2624),.PCURVE_S1.);
#2579 = B_SPLINE_CURVE_WITH_KNOTS('',7,(#2580,#2581,#2582,#2583,#2584,
    #2585,#2586,#2587,#2588,#2589,#2590,#2591,#2592,#2593,#2594,#2595,
    #2596,#2597,#2598,#2599),.UNSPECIFIED.,.F.,.F.,(8,6,6,8),(0.,
    0.111334834688,0.455082568041,1.),.UNSPECIFIED.);
#2580 = CARTESIAN_POINT('',(-6.149003974376,0.796956629936,
    16.031539998237));
#2581 = CARTESIAN_POINT('',(-6.136593528109,0.796827024432,
    16.036064258661));
#2582 = CARTESIAN_POINT('',(-6.124284931959,0.796698482574,
    16.040867847033));
#2583 = CARTESIAN_POINT('',(-6.112087585833,0.79657110253,
    16.045947369718));
#2584 = CARTESIAN_POINT('',(-6.100005785748,0.796444929162,
    16.051300980745));
#2585 = CARTESIAN_POINT('',(-6.088050248526,0.796320074391,
    16.05692423664));
#2586 = CARTESIAN_POINT('',(-6.076226186385,0.796196592647,
    16.062814389894));
#2587 = CARTESIAN_POINT('',(-6.028465002941,0.795697810239,
    16.087965011887));
#2588 = CARTESIAN_POINT('',(-5.993715550739,0.79533491271,
    16.109469439285));
#2589 = CARTESIAN_POINT('',(-5.960505503718,0.794988091588,
    16.133370038646));
#2590 = CARTESIAN_POINT('',(-5.929034563578,0.794659432409,
    16.159534834979));
#2591 = CARTESIAN_POINT('',(-5.899487836481,0.794350868285,
    16.187811932056));
#2592 = CARTESIAN_POINT('',(-5.8720338662,0.794064159363,16.218030894711
    ));
#2593 = CARTESIAN_POINT('',(-5.806857249478,0.793383503075,
    16.300688898468));
#2594 = CARTESIAN_POINT('',(-5.772520834825,0.793024919004,
    16.355790716144));
#2595 = CARTESIAN_POINT('',(-5.744420452658,0.792731459435,
    16.414555773546));
#2596 = CARTESIAN_POINT('',(-5.72302046974,0.792507973871,
    16.476140202861));
#2597 = CARTESIAN_POINT('',(-5.708642371381,0.792357819666,
    16.539635706495));
#2598 = CARTESIAN_POINT('',(-5.701454958149,0.792282759648,
    16.604092679048));
#2599 = CARTESIAN_POINT('',(-5.701454958149,0.792282759648,
    16.668540823853));
#2600 = PCURVE('',#2043,#2601);
#2601 = DEFINITIONAL_REPRESENTATION('',(#2602),#2623);
#2602 = B_SPLINE_CURVE_WITH_KNOTS('',7,(#2603,#2604,#2605,#2606,#2607,
    #2608,#2609,#2610,#2611,#2612,#2613,#2614,#2615,#2616,#2617,#2618,
    #2619,#2620,#2621,#2622),.UNSPECIFIED.,.F.,.F.,(8,6,6,8),(0.,
    0.111334834688,0.455082568041,1.),.UNSPECIFIED.);
#2603 = CARTESIAN_POINT('',(-3.027379198623,8.205283269268));
#2604 = CARTESIAN_POINT('',(-3.027165079648,8.224662145392));
#2605 = CARTESIAN_POINT('',(-3.026951697135,8.244041050562));
#2606 = CARTESIAN_POINT('',(-3.026739208607,8.263421331095));
#2607 = CARTESIAN_POINT('',(-3.026527760865,8.282800670152));
#2608 = CARTESIAN_POINT('',(-3.026317519666,8.302181535296));
#2609 = CARTESIAN_POINT('',(-3.026108638594,8.321562426283));
#2610 = CARTESIAN_POINT('',(-3.025261057202,8.400784564325));
#2611 = CARTESIAN_POINT('',(-3.024635334453,8.460631364337));
#2612 = CARTESIAN_POINT('',(-3.024028837999,8.520483271837));
#2613 = CARTESIAN_POINT('',(-3.023446415171,8.580341364374));
#2614 = CARTESIAN_POINT('',(-3.02289289411,8.64020726447));
#2615 = CARTESIAN_POINT('',(-3.02237294362,8.700081550701));
#2616 = CARTESIAN_POINT('',(-3.021126837829,8.854886409606));
#2617 = CARTESIAN_POINT('',(-3.020457950819,8.949842590749));
#2618 = CARTESIAN_POINT('',(-3.019901775965,9.044807819855));
#2619 = CARTESIAN_POINT('',(-3.019473457207,9.139782642457));
#2620 = CARTESIAN_POINT('',(-3.019184067216,9.234774853274));
#2621 = CARTESIAN_POINT('',(-3.019039422112,9.329782768741));
#2622 = CARTESIAN_POINT('',(-3.019039422112,9.424777960769));
#2623 = ( GEOMETRIC_REPRESENTATION_CONTEXT(2) 
PARAMETRIC_REPRESENTATION_CONTEXT() REPRESENTATION_CONTEXT('2D SPACE',''
  ) );
#2624 = PCURVE('',#2625,#2630);
#2625 = PLANE('',#2626);
#2626 = AXIS2_PLACEMENT_3D('',#2627,#2628,#2629);
#2627 = CARTESIAN_POINT('',(-4.912897822629,0.784047653252,
    15.490007189045));
#2628 = DIRECTION('',(-1.044268955877E-02,-0.999945473631,0.));
#2629 = DIRECTION('',(-0.999945469846,1.044268951925E-02,
    8.70008310264E-05));
#2630 = DEFINITIONAL_REPRESENTATION('',(#2631),#2652);
#2631 = B_SPLINE_CURVE_WITH_KNOTS('',7,(#2632,#2633,#2634,#2635,#2636,
    #2637,#2638,#2639,#2640,#2641,#2642,#2643,#2644,#2645,#2646,#2647,
    #2648,#2649,#2650,#2651),.UNSPECIFIED.,.F.,.F.,(8,6,6,8),(0.,
    0.111334834688,0.455082568041,1.),.UNSPECIFIED.);
#2632 = CARTESIAN_POINT('',(1.236220664928,-0.541425259016));
#2633 = CARTESIAN_POINT('',(1.223809935589,-0.5459505992));
#2634 = CARTESIAN_POINT('',(1.211501086223,-0.550755258471));
#2635 = CARTESIAN_POINT('',(1.199303516952,-0.555835842374));
#2636 = CARTESIAN_POINT('',(1.187221523868,-0.561190504564));
#2637 = CARTESIAN_POINT('',(1.175265823992,-0.566814800636));
#2638 = CARTESIAN_POINT('',(1.163441629586,-0.572705982627));
#2639 = CARTESIAN_POINT('',(1.115680030062,-0.597860760015));
#2640 = CARTESIAN_POINT('',(1.080930554029,-0.619368210727));
#2641 = CARTESIAN_POINT('',(1.047720775584,-0.643271699457));
#2642 = CARTESIAN_POINT('',(1.016250395833,-0.669439233838));
#2643 = CARTESIAN_POINT('',(0.986704517815,-0.697718901538));
#2644 = CARTESIAN_POINT('',(0.959251679666,-0.727940252727));
#2645 = CARTESIAN_POINT('',(0.894078700468,-0.8106039269));
#2646 = CARTESIAN_POINT('',(0.859745207506,-0.865708731828));
#2647 = CARTESIAN_POINT('',(0.831648405759,-0.924476233897));
#2648 = CARTESIAN_POINT('',(0.810252613891,-0.986062524897));
#2649 = CARTESIAN_POINT('',(0.79587925572,-1.049559279265));
#2650 = CARTESIAN_POINT('',(0.788697058401,-1.114016876919));
#2651 = CARTESIAN_POINT('',(0.788702665443,-1.17846502148));
#2652 = ( GEOMETRIC_REPRESENTATION_CONTEXT(2) 
PARAMETRIC_REPRESENTATION_CONTEXT() REPRESENTATION_CONTEXT('2D SPACE',''
  ) );
#2653 = ORIENTED_EDGE('',*,*,#2654,.F.);
#2654 = EDGE_CURVE('',#2655,#2576,#2657,.T.);
#2655 = VERTEX_POINT('',#2656);
#2656 = CARTESIAN_POINT('',(-6.049611143103,-0.4480190237,
    16.084513797538));
#2657 = SURFACE_CURVE('',#2658,(#2715,#2775),.PCURVE_S1.);
#2658 = B_SPLINE_CURVE_WITH_KNOTS('',7,(#2659,#2660,#2661,#2662,#2663,
    #2664,#2665,#2666,#2667,#2668,#2669,#2670,#2671,#2672,#2673,#2674,
    #2675,#2676,#2677,#2678,#2679,#2680,#2681,#2682,#2683,#2684,#2685,
    #2686,#2687,#2688,#2689,#2690,#2691,#2692,#2693,#2694,#2695,#2696,
    #2697,#2698,#2699,#2700,#2701,#2702,#2703,#2704,#2705,#2706,#2707,
    #2708,#2709,#2710,#2711,#2712,#2713,#2714),.UNSPECIFIED.,.F.,.F.,(8,
    6,6,6,6,6,6,6,6,8),(0.,7.079417145807E-02,0.218942825956,
    0.342339893733,0.425093242307,0.611560678574,0.656775401739,
    0.782214242129,0.928742685351,1.),.UNSPECIFIED.);
#2659 = CARTESIAN_POINT('',(-6.049611143103,-0.4480190237,
    16.084513797538));
#2660 = CARTESIAN_POINT('',(-6.065611776264,-0.447851924944,
    16.075107671568));
#2661 = CARTESIAN_POINT('',(-6.081865878524,-0.447201987865,
    16.066261661804));
#2662 = CARTESIAN_POINT('',(-6.098343269219,-0.446041359774,
    16.057980733822));
#2663 = CARTESIAN_POINT('',(-6.115012209512,-0.444344845157,
    16.050267369344));
#2664 = CARTESIAN_POINT('',(-6.131839402395,-0.442089905672,
    16.043121566233));
#2665 = CARTESIAN_POINT('',(-6.148789992685,-0.439256660151,
    16.036540838497));
#2666 = CARTESIAN_POINT('',(-6.20148154338,-0.428652597793,
    16.017921056484));
#2667 = CARTESIAN_POINT('',(-6.237519466054,-0.418869210899,
    16.007773238172));
#2668 = CARTESIAN_POINT('',(-6.273605433759,-0.40632205028,
    16.000030794316));
#2669 = CARTESIAN_POINT('',(-6.309389802307,-0.390911181102,
    15.994587296764));
#2670 = CARTESIAN_POINT('',(-6.344520729917,-0.372590675693,
    15.991277362207));
#2671 = CARTESIAN_POINT('',(-6.378651622313,-0.351361668606,
    15.98988035628));
#2672 = CARTESIAN_POINT('',(-6.43875854403,-0.307185424439,
    15.990331145544));
#2673 = CARTESIAN_POINT('',(-6.465141639908,-0.285119807464,
    15.991675831763));
#2674 = CARTESIAN_POINT('',(-6.490407002643,-0.261078648237,
    15.994003797548));
#2675 = CARTESIAN_POINT('',(-6.514362951275,-0.235096082311,
    15.997137525608));
#2676 = CARTESIAN_POINT('',(-6.536814603916,-0.207224734086,
    16.000875194422));
#2677 = CARTESIAN_POINT('',(-6.557564535941,-0.177536797908,
    16.004993594587));
#2678 = CARTESIAN_POINT('',(-6.589052242664,-0.125061997784,
    16.012116662944));
#2679 = CARTESIAN_POINT('',(-6.60083463075,-0.103226088871,
    16.015040774882));
#2680 = CARTESIAN_POINT('',(-6.611698490801,-8.065018174278E-02,
    16.017959050143));
#2681 = CARTESIAN_POINT('',(-6.621579098307,-5.737565069269E-02,
    16.020796397108));
#2682 = CARTESIAN_POINT('',(-6.630411474603,-3.345605314645E-02,
    16.023477335447));
#2683 = CARTESIAN_POINT('',(-6.638133804825,-8.959300789482E-03,
    16.025930107998));
#2684 = CARTESIAN_POINT('',(-6.659465804796,7.233873570507E-02,
    16.032959445523));
#2685 = CARTESIAN_POINT('',(-6.668386664053,0.131383622889,
    16.036365390914));
#2686 = CARTESIAN_POINT('',(-6.670615685394,0.191776991502,
    16.037530772333));
#2687 = CARTESIAN_POINT('',(-6.665910443403,0.252018970434,
    16.035969300678));
#2688 = CARTESIAN_POINT('',(-6.654538000809,0.310730511182,
    16.032032657576));
#2689 = CARTESIAN_POINT('',(-6.63714342861,0.366728966303,
    16.026540840421));
#2690 = CARTESIAN_POINT('',(-6.609219611381,0.431811826955,
    16.018875690894));
#2691 = CARTESIAN_POINT('',(-6.60346601706,0.444312887448,
    16.017338445563));
#2692 = CARTESIAN_POINT('',(-6.597418953906,0.456604629278,
    16.015771959341));
#2693 = CARTESIAN_POINT('',(-6.591088923511,0.468679135573,
    16.014188248983));
#2694 = CARTESIAN_POINT('',(-6.584486371504,0.480529483769,
    16.012599261993));
#2695 = CARTESIAN_POINT('',(-6.577621687543,0.492149745617,
    16.011016876623));
#2696 = CARTESIAN_POINT('',(-6.550762006319,0.53512097066,
    16.005113979392));
#2697 = CARTESIAN_POINT('',(-6.529084839358,0.564890474337,
    16.000917174206));
#2698 = CARTESIAN_POINT('',(-6.505686139073,0.592748321407,
    15.997109946181));
#2699 = CARTESIAN_POINT('',(-6.480774722179,0.618622849818,
    15.993926934349));
#2700 = CARTESIAN_POINT('',(-6.454556301556,0.642463200774,
    15.991579916857));
#2701 = CARTESIAN_POINT('',(-6.427232798517,0.664238147169,
    15.990254648751));
#2702 = CARTESIAN_POINT('',(-6.366021500511,0.706946586963,
    15.989950956775));
#2703 = CARTESIAN_POINT('',(-6.331806582383,0.727120184995,
    15.991404529743));
#2704 = CARTESIAN_POINT('',(-6.296683409793,0.744430329126,
    15.994734794732));
#2705 = CARTESIAN_POINT('',(-6.260987158937,0.758883909961,
    16.000153931103));
#2706 = CARTESIAN_POINT('',(-6.225056974015,0.770532993287,
    16.00782124329));
#2707 = CARTESIAN_POINT('',(-6.189228761041,0.779481212889,
    16.01783966805));
#2708 = CARTESIAN_POINT('',(-6.136606941385,0.788999480074,
    16.036291647584));
#2709 = CARTESIAN_POINT('',(-6.119489168237,0.791512189069,
    16.042895868361));
#2710 = CARTESIAN_POINT('',(-6.102507588735,0.793441327579,16.0500724443
    ));
#2711 = CARTESIAN_POINT('',(-6.085697369334,0.79480790061,
    16.057823878824));
#2712 = CARTESIAN_POINT('',(-6.069092078694,0.795635710055,
    16.066150000518));
#2713 = CARTESIAN_POINT('',(-6.052723558871,0.795951148621,
    16.07504822179));
#2714 = CARTESIAN_POINT('',(-6.036621796501,0.795782993747,
    16.084513797538));
#2715 = PCURVE('',#2043,#2716);
#2716 = DEFINITIONAL_REPRESENTATION('',(#2717),#2774);
#2717 = B_SPLINE_CURVE_WITH_KNOTS('',7,(#2718,#2719,#2720,#2721,#2722,
    #2723,#2724,#2725,#2726,#2727,#2728,#2729,#2730,#2731,#2732,#2733,
    #2734,#2735,#2736,#2737,#2738,#2739,#2740,#2741,#2742,#2743,#2744,
    #2745,#2746,#2747,#2748,#2749,#2750,#2751,#2752,#2753,#2754,#2755,
    #2756,#2757,#2758,#2759,#2760,#2761,#2762,#2763,#2764,#2765,#2766,
    #2767,#2768,#2769,#2770,#2771,#2772,#2773),.UNSPECIFIED.,.F.,.F.,(8,
    6,6,6,6,6,6,6,6,8),(0.,7.079417145807E-02,0.218942825956,
    0.342339893733,0.425093242307,0.611560678574,0.656775401739,
    0.782214242129,0.928742685351,1.),.UNSPECIFIED.);
#2718 = CARTESIAN_POINT('',(-3.236896073618,8.387853224436));
#2719 = CARTESIAN_POINT('',(-3.236609440176,8.360607700462));
#2720 = CARTESIAN_POINT('',(-3.236238931313,8.333519922888));
#2721 = CARTESIAN_POINT('',(-3.235781362486,8.306600836063));
#2722 = CARTESIAN_POINT('',(-3.23523406109,8.279863053321));
#2723 = CARTESIAN_POINT('',(-3.234594866465,8.25332085698));
#2724 = CARTESIAN_POINT('',(-3.23386212989,8.226990198342));
#2725 = CARTESIAN_POINT('',(-3.231303209555,8.146266938281));
#2726 = CARTESIAN_POINT('',(-3.229156942102,8.092644619162));
#2727 = CARTESIAN_POINT('',(-3.226585496659,8.040190259347));
#2728 = CARTESIAN_POINT('',(-3.223587833534,7.989086130698));
#2729 = CARTESIAN_POINT('',(-3.220170247708,7.939534190257));
#2730 = CARTESIAN_POINT('',(-3.216344038986,7.891765274435));
#2731 = CARTESIAN_POINT('',(-3.208606985988,7.807975347427));
#2732 = CARTESIAN_POINT('',(-3.204817431471,7.771328626355));
#2733 = CARTESIAN_POINT('',(-3.200761153423,7.736256846648));
#2734 = CARTESIAN_POINT('',(-3.196446717972,7.702936941882));
#2735 = CARTESIAN_POINT('',(-3.191883961918,7.671582068772));
#2736 = CARTESIAN_POINT('',(-3.18708392981,7.642442880655));
#2737 = CARTESIAN_POINT('',(-3.178689349383,7.597941481696));
#2738 = CARTESIAN_POINT('',(-3.175219000458,7.581205671198));
#2739 = CARTESIAN_POINT('',(-3.171652312845,7.565684541753));
#2740 = CARTESIAN_POINT('',(-3.16799466052,7.551476998556));
#2741 = CARTESIAN_POINT('',(-3.164252866869,7.538687369293));
#2742 = CARTESIAN_POINT('',(-3.160435519627,7.527418564615));
#2743 = CARTESIAN_POINT('',(-3.147805480465,7.496013478954));
#2744 = CARTESIAN_POINT('',(-3.138691790023,7.482372947411));
#2745 = CARTESIAN_POINT('',(-3.129400966867,7.478206863339));
#2746 = CARTESIAN_POINT('',(-3.120123469248,7.484097725321));
#2747 = CARTESIAN_POINT('',(-3.111029609121,7.499534810271));
#2748 = CARTESIAN_POINT('',(-3.102272715154,7.523366908508));
#2749 = CARTESIAN_POINT('',(-3.091968525558,7.561620098616));
#2750 = CARTESIAN_POINT('',(-3.089982894931,7.56950183359));
#2751 = CARTESIAN_POINT('',(-3.088023740627,7.577783105593));
#2752 = CARTESIAN_POINT('',(-3.086092104609,7.586447667371));
#2753 = CARTESIAN_POINT('',(-3.084188913168,7.595479790387));
#2754 = CARTESIAN_POINT('',(-3.082314976923,7.60486426482));
#2755 = CARTESIAN_POINT('',(-3.075355235114,7.641558439279));
#2756 = CARTESIAN_POINT('',(-3.070471215133,7.671124152795));
#2757 = CARTESIAN_POINT('',(-3.065832094268,7.702982422833));
#2758 = CARTESIAN_POINT('',(-3.06144948308,7.736869707146));
#2759 = CARTESIAN_POINT('',(-3.057333708323,7.772562458453));
#2760 = CARTESIAN_POINT('',(-3.053493742301,7.809875733601));
#2761 = CARTESIAN_POINT('',(-3.045781825046,7.893960578626));
#2762 = CARTESIAN_POINT('',(-3.042013567288,7.941262018235));
#2763 = CARTESIAN_POINT('',(-3.038645179082,7.990300437983));
#2764 = CARTESIAN_POINT('',(-3.035687478993,8.040853175748));
#2765 = CARTESIAN_POINT('',(-3.033146469778,8.092725069058));
#2766 = CARTESIAN_POINT('',(-3.031021136393,8.145739787612));
#2767 = CARTESIAN_POINT('',(-3.028465259195,8.225991892878));
#2768 = CARTESIAN_POINT('',(-3.027724918286,8.252482255362));
#2769 = CARTESIAN_POINT('',(-3.027079344944,8.27918721902));
#2770 = CARTESIAN_POINT('',(-3.026526870237,8.306090492799));
#2771 = CARTESIAN_POINT('',(-3.026065301708,8.333177532322));
#2772 = CARTESIAN_POINT('',(-3.025691919893,8.360435499882));
#2773 = CARTESIAN_POINT('',(-3.025403474835,8.387853224436));
#2774 = ( GEOMETRIC_REPRESENTATION_CONTEXT(2) 
PARAMETRIC_REPRESENTATION_CONTEXT() REPRESENTATION_CONTEXT('2D SPACE',''
  ) );
#2775 = PCURVE('',#2776,#2781);
#2776 = CYLINDRICAL_SURFACE('',#2777,0.621934920576);
#2777 = AXIS2_PLACEMENT_3D('',#2778,#2779,#2780);
#2778 = CARTESIAN_POINT('',(-6.043168181045,0.173882525057,
    15.490104963796));
#2779 = DIRECTION('',(-8.699608718697E-05,9.085226697639E-07,
    -0.999999996215));
#2780 = DIRECTION('',(1.044268955877E-02,0.999945473631,0.));
#2781 = DEFINITIONAL_REPRESENTATION('',(#2782),#2839);
#2782 = B_SPLINE_CURVE_WITH_KNOTS('',7,(#2783,#2784,#2785,#2786,#2787,
    #2788,#2789,#2790,#2791,#2792,#2793,#2794,#2795,#2796,#2797,#2798,
    #2799,#2800,#2801,#2802,#2803,#2804,#2805,#2806,#2807,#2808,#2809,
    #2810,#2811,#2812,#2813,#2814,#2815,#2816,#2817,#2818,#2819,#2820,
    #2821,#2822,#2823,#2824,#2825,#2826,#2827,#2828,#2829,#2830,#2831,
    #2832,#2833,#2834,#2835,#2836,#2837,#2838),.UNSPECIFIED.,.F.,.F.,(8,
    6,6,6,6,6,6,6,6,8),(0.,7.079417145807E-02,0.218942825956,
    0.342339893733,0.425093242307,0.611560678574,0.656775401739,
    0.782214242129,0.928742685351,1.),.UNSPECIFIED.);
#2783 = CARTESIAN_POINT('',(-3.14159265359,-0.594408835992));
#2784 = CARTESIAN_POINT('',(-3.115865384169,-0.585001317913));
#2785 = CARTESIAN_POINT('',(-3.089722585629,-0.576153893549));
#2786 = CARTESIAN_POINT('',(-3.063184069739,-0.567871531075));
#2787 = CARTESIAN_POINT('',(-3.036268667693,-0.560156714952));
#2788 = CARTESIAN_POINT('',(-3.008994230118,-0.55300944592));
#2789 = CARTESIAN_POINT('',(-2.981377627068,-0.546427241));
#2790 = CARTESIAN_POINT('',(-2.894959596079,-0.527802865464));
#2791 = CARTESIAN_POINT('',(-2.835051445975,-0.517651903144));
#2792 = CARTESIAN_POINT('',(-2.773864260382,-0.50990630858));
#2793 = CARTESIAN_POINT('',(-2.71151783139,-0.504459683948));
#2794 = CARTESIAN_POINT('',(-2.648100139232,-0.501146676506));
#2795 = CARTESIAN_POINT('',(-2.58366562269,-0.499746682042));
#2796 = CARTESIAN_POINT('',(-2.463725708618,-0.500192202103));
#2797 = CARTESIAN_POINT('',(-2.408532379708,-0.501534573043));
#2798 = CARTESIAN_POINT('',(-2.352641489066,-0.50386031899));
#2799 = CARTESIAN_POINT('',(-2.296039285115,-0.506991939358));
#2800 = CARTESIAN_POINT('',(-2.238704165455,-0.510727629631));
#2801 = CARTESIAN_POINT('',(-2.180606025442,-0.514844197645));
#2802 = CARTESIAN_POINT('',(-2.082207650152,-0.521964478993));
#2803 = CARTESIAN_POINT('',(-2.042354085499,-0.52488754606));
#2804 = CARTESIAN_POINT('',(-2.002140071591,-0.527804855686));
#2805 = CARTESIAN_POINT('',(-1.961566586585,-0.530641321921));
#2806 = CARTESIAN_POINT('',(-1.920644030872,-0.533321470136));
#2807 = CARTESIAN_POINT('',(-1.879394496701,-0.535773548609));
#2808 = CARTESIAN_POINT('',(-1.744251265156,-0.542800956446));
#2809 = CARTESIAN_POINT('',(-1.648781912742,-0.5462060721));
#2810 = CARTESIAN_POINT('',(-1.552607166139,-0.547371204731));
#2811 = CARTESIAN_POINT('',(-1.456576527812,-0.545810087687));
#2812 = CARTESIAN_POINT('',(-1.361355129884,-0.541874380618));
#2813 = CARTESIAN_POINT('',(-1.267582696069,-0.536384025868));
#2814 = CARTESIAN_POINT('',(-1.153711327306,-0.528721246503));
#2815 = CARTESIAN_POINT('',(-1.131591752771,-0.52718449036));
#2816 = CARTESIAN_POINT('',(-1.109577473194,-0.525618519048));
#2817 = CARTESIAN_POINT('',(-1.087669689626,-0.524035348414));
#2818 = CARTESIAN_POINT('',(-1.06586889059,-0.52244692506));
#2819 = CARTESIAN_POINT('',(-1.04417485208,-0.520865126339));
#2820 = CARTESIAN_POINT('',(-0.962694628828,-0.514964526778));
#2821 = CARTESIAN_POINT('',(-0.903631053976,-0.51076958039));
#2822 = CARTESIAN_POINT('',(-0.845355903388,-0.506964362665));
#2823 = CARTESIAN_POINT('',(-0.78783753705,-0.503783494534));
#2824 = CARTESIAN_POINT('',(-0.731053432865,-0.501438736291));
#2825 = CARTESIAN_POINT('',(-0.674989480432,-0.500115825444));
#2826 = CARTESIAN_POINT('',(-0.554980075046,-0.499817419811));
#2827 = CARTESIAN_POINT('',(-0.491302371472,-0.50127395101));
#2828 = CARTESIAN_POINT('',(-0.428620568265,-0.504607255838));
#2829 = CARTESIAN_POINT('',(-0.36698801445,-0.510029484491));
#2830 = CARTESIAN_POINT('',(-0.306490117829,-0.517699911852));
#2831 = CARTESIAN_POINT('',(-0.247242725835,-0.527721445358));
#2832 = CARTESIAN_POINT('',(-0.161262428212,-0.546177994067));
#2833 = CARTESIAN_POINT('',(-0.13346031463,-0.552783701716));
#2834 = CARTESIAN_POINT('',(-0.106004400152,-0.559961753206));
#2835 = CARTESIAN_POINT('',(-7.891182010406E-02,-0.567714648882));
#2836 = CARTESIAN_POINT('',(-5.220060694631E-02,-0.576042214388));
#2837 = CARTESIAN_POINT('',(-2.588987413766E-02,-0.584941859337));
#2838 = CARTESIAN_POINT('',(0.,-0.594408835992));
#2839 = ( GEOMETRIC_REPRESENTATION_CONTEXT(2) 
PARAMETRIC_REPRESENTATION_CONTEXT() REPRESENTATION_CONTEXT('2D SPACE',''
  ) );
#2840 = ORIENTED_EDGE('',*,*,#2841,.T.);
#2841 = EDGE_CURVE('',#2655,#2842,#2844,.T.);
#2842 = VERTEX_POINT('',#2843);
#2843 = CARTESIAN_POINT('',(-5.714444304752,-0.451519257798,
    16.668540823853));
#2844 = SURFACE_CURVE('',#2845,(#2866,#2890),.PCURVE_S1.);
#2845 = B_SPLINE_CURVE_WITH_KNOTS('',7,(#2846,#2847,#2848,#2849,#2850,
    #2851,#2852,#2853,#2854,#2855,#2856,#2857,#2858,#2859,#2860,#2861,
    #2862,#2863,#2864,#2865),.UNSPECIFIED.,.F.,.F.,(8,6,6,8),(0.,
    0.111334834688,0.45508256804,1.),.UNSPECIFIED.);
#2846 = CARTESIAN_POINT('',(-6.161993320979,-0.44684538751,
    16.031539998237));
#2847 = CARTESIAN_POINT('',(-6.149582874712,-0.446974993015,
    16.036064258661));
#2848 = CARTESIAN_POINT('',(-6.137274278561,-0.447103534872,
    16.040867847033));
#2849 = CARTESIAN_POINT('',(-6.125076932437,-0.447230914917,
    16.045947369718));
#2850 = CARTESIAN_POINT('',(-6.11299513235,-0.447357088284,
    16.051300980745));
#2851 = CARTESIAN_POINT('',(-6.101039595129,-0.447481943056,
    16.05692423664));
#2852 = CARTESIAN_POINT('',(-6.089215532988,-0.447605424799,
    16.062814389894));
#2853 = CARTESIAN_POINT('',(-6.041454349544,-0.448104207207,
    16.087965011887));
#2854 = CARTESIAN_POINT('',(-6.006704897342,-0.448467104737,
    16.109469439285));
#2855 = CARTESIAN_POINT('',(-5.973494850321,-0.448813925859,
    16.133370038646));
#2856 = CARTESIAN_POINT('',(-5.942023910181,-0.449142585037,
    16.159534834979));
#2857 = CARTESIAN_POINT('',(-5.912477183084,-0.449451149161,
    16.187811932056));
#2858 = CARTESIAN_POINT('',(-5.885023212803,-0.449737858083,
    16.218030894711));
#2859 = CARTESIAN_POINT('',(-5.819846596081,-0.450418514371,
    16.300688898468));
#2860 = CARTESIAN_POINT('',(-5.785510181428,-0.450777098442,
    16.355790716144));
#2861 = CARTESIAN_POINT('',(-5.757409799261,-0.451070558011,
    16.414555773546));
#2862 = CARTESIAN_POINT('',(-5.736009816342,-0.451294043575,
    16.476140202861));
#2863 = CARTESIAN_POINT('',(-5.721631717983,-0.45144419778,
    16.539635706495));
#2864 = CARTESIAN_POINT('',(-5.714444304752,-0.451519257798,
    16.604092679048));
#2865 = CARTESIAN_POINT('',(-5.714444304752,-0.451519257798,
    16.668540823853));
#2866 = PCURVE('',#2043,#2867);
#2867 = DEFINITIONAL_REPRESENTATION('',(#2868),#2889);
#2868 = B_SPLINE_CURVE_WITH_KNOTS('',7,(#2869,#2870,#2871,#2872,#2873,
    #2874,#2875,#2876,#2877,#2878,#2879,#2880,#2881,#2882,#2883,#2884,
    #2885,#2886,#2887,#2888),.UNSPECIFIED.,.F.,.F.,(8,6,6,8),(0.,
    0.111334834688,0.45508256804,1.),.UNSPECIFIED.);
#2869 = CARTESIAN_POINT('',(-3.23492034983,8.205283269268));
#2870 = CARTESIAN_POINT('',(-3.235134468805,8.224662145391));
#2871 = CARTESIAN_POINT('',(-3.235347851317,8.244041050563));
#2872 = CARTESIAN_POINT('',(-3.235560339846,8.263421331093));
#2873 = CARTESIAN_POINT('',(-3.235771787587,8.282800670154));
#2874 = CARTESIAN_POINT('',(-3.235982028787,8.302181535295));
#2875 = CARTESIAN_POINT('',(-3.236190909858,8.321562426283));
#2876 = CARTESIAN_POINT('',(-3.23703849125,8.400784564325));
#2877 = CARTESIAN_POINT('',(-3.237664214,8.460631364337));
#2878 = CARTESIAN_POINT('',(-3.238270710454,8.520483271837));
#2879 = CARTESIAN_POINT('',(-3.238853133282,8.580341364374));
#2880 = CARTESIAN_POINT('',(-3.239406654342,8.64020726447));
#2881 = CARTESIAN_POINT('',(-3.239926604833,8.700081550701));
#2882 = CARTESIAN_POINT('',(-3.241172710624,8.854886409606));
#2883 = CARTESIAN_POINT('',(-3.241841597634,8.949842590749));
#2884 = CARTESIAN_POINT('',(-3.242397772487,9.044807819855));
#2885 = CARTESIAN_POINT('',(-3.242826091245,9.139782642457));
#2886 = CARTESIAN_POINT('',(-3.243115481236,9.234774853274));
#2887 = CARTESIAN_POINT('',(-3.24326012634,9.329782768741));
#2888 = CARTESIAN_POINT('',(-3.24326012634,9.424777960769));
#2889 = ( GEOMETRIC_REPRESENTATION_CONTEXT(2) 
PARAMETRIC_REPRESENTATION_CONTEXT() REPRESENTATION_CONTEXT('2D SPACE',''
  ) );
#2890 = PCURVE('',#2891,#2896);
#2891 = PLANE('',#2892);
#2892 = AXIS2_PLACEMENT_3D('',#2893,#2894,#2895);
#2893 = CARTESIAN_POINT('',(-4.925887169232,-0.459754364194,
    15.490007189045));
#2894 = DIRECTION('',(-1.044268955877E-02,-0.999945473631,0.));
#2895 = DIRECTION('',(-0.999945469846,1.044268951925E-02,
    8.70008310264E-05));
#2896 = DEFINITIONAL_REPRESENTATION('',(#2897),#2918);
#2897 = B_SPLINE_CURVE_WITH_KNOTS('',7,(#2898,#2899,#2900,#2901,#2902,
    #2903,#2904,#2905,#2906,#2907,#2908,#2909,#2910,#2911,#2912,#2913,
    #2914,#2915,#2916,#2917),.UNSPECIFIED.,.F.,.F.,(8,6,6,8),(0.,
    0.111334834688,0.45508256804,1.),.UNSPECIFIED.);
#2898 = CARTESIAN_POINT('',(1.236220664928,-0.541425259016));
#2899 = CARTESIAN_POINT('',(1.223809935589,-0.5459505992));
#2900 = CARTESIAN_POINT('',(1.211501086222,-0.550755258471));
#2901 = CARTESIAN_POINT('',(1.199303516953,-0.555835842374));
#2902 = CARTESIAN_POINT('',(1.187221523868,-0.561190504565));
#2903 = CARTESIAN_POINT('',(1.175265823992,-0.566814800636));
#2904 = CARTESIAN_POINT('',(1.163441629586,-0.572705982627));
#2905 = CARTESIAN_POINT('',(1.115680030062,-0.597860760015));
#2906 = CARTESIAN_POINT('',(1.080930554029,-0.619368210727));
#2907 = CARTESIAN_POINT('',(1.047720775584,-0.643271699457));
#2908 = CARTESIAN_POINT('',(1.016250395833,-0.669439233838));
#2909 = CARTESIAN_POINT('',(0.986704517815,-0.697718901538));
#2910 = CARTESIAN_POINT('',(0.959251679666,-0.727940252727));
#2911 = CARTESIAN_POINT('',(0.894078700468,-0.8106039269));
#2912 = CARTESIAN_POINT('',(0.859745207506,-0.865708731828));
#2913 = CARTESIAN_POINT('',(0.831648405759,-0.924476233897));
#2914 = CARTESIAN_POINT('',(0.810252613891,-0.986062524897));
#2915 = CARTESIAN_POINT('',(0.79587925572,-1.049559279265));
#2916 = CARTESIAN_POINT('',(0.788697058401,-1.114016876919));
#2917 = CARTESIAN_POINT('',(0.788702665443,-1.17846502148));
#2918 = ( GEOMETRIC_REPRESENTATION_CONTEXT(2) 
PARAMETRIC_REPRESENTATION_CONTEXT() REPRESENTATION_CONTEXT('2D SPACE',''
  ) );
#2919 = ORIENTED_EDGE('',*,*,#2920,.T.);
#2920 = EDGE_CURVE('',#2842,#2921,#2923,.T.);
#2921 = VERTEX_POINT('',#2922);
#2922 = CARTESIAN_POINT('',(-0.732784723665,-5.419314054731,
    16.668540823853));
#2923 = SURFACE_CURVE('',#2924,(#2929,#2936),.PCURVE_S1.);
#2924 = CIRCLE('',#2925,5.559162413465);
#2925 = AXIS2_PLACEMENT_3D('',#2926,#2927,#2928);
#2926 = CARTESIAN_POINT('',(-0.183987668382,0.112693585484,
    16.668540823853));
#2927 = DIRECTION('',(0.,0.,1.));
#2928 = DIRECTION('',(1.,0.,-0.));
#2929 = PCURVE('',#2043,#2930);
#2930 = DEFINITIONAL_REPRESENTATION('',(#2931),#2935);
#2931 = LINE('',#2932,#2933);
#2932 = CARTESIAN_POINT('',(-0.,9.424777960769));
#2933 = VECTOR('',#2934,1.);
#2934 = DIRECTION('',(-1.,0.));
#2935 = ( GEOMETRIC_REPRESENTATION_CONTEXT(2) 
PARAMETRIC_REPRESENTATION_CONTEXT() REPRESENTATION_CONTEXT('2D SPACE',''
  ) );
#2936 = PCURVE('',#2937,#2942);
#2937 = CONICAL_SURFACE('',#2938,5.559162413465,0.319430824369);
#2938 = AXIS2_PLACEMENT_3D('',#2939,#2940,#2941);
#2939 = CARTESIAN_POINT('',(-0.183987668382,0.112693585484,
    16.668540823853));
#2940 = DIRECTION('',(-0.,-0.,-1.));
#2941 = DIRECTION('',(1.,0.,-0.));
#2942 = DEFINITIONAL_REPRESENTATION('',(#2943),#2947);
#2943 = LINE('',#2944,#2945);
#2944 = CARTESIAN_POINT('',(-0.,-0.));
#2945 = VECTOR('',#2946,1.);
#2946 = DIRECTION('',(-1.,-0.));
#2947 = ( GEOMETRIC_REPRESENTATION_CONTEXT(2) 
PARAMETRIC_REPRESENTATION_CONTEXT() REPRESENTATION_CONTEXT('2D SPACE',''
  ) );
#2948 = ORIENTED_EDGE('',*,*,#2949,.F.);
#2949 = EDGE_CURVE('',#2950,#2921,#2952,.T.);
#2950 = VERTEX_POINT('',#2951);
#2951 = CARTESIAN_POINT('',(-0.736175094643,-5.918445561225,
    16.014759883701));
#2952 = SURFACE_CURVE('',#2953,(#2966,#2982),.PCURVE_S1.);
#2953 = B_SPLINE_CURVE_WITH_KNOTS('',6,(#2954,#2955,#2956,#2957,#2958,
    #2959,#2960,#2961,#2962,#2963,#2964,#2965),.UNSPECIFIED.,.F.,.F.,(7,
    5,7),(0.,0.538264868618,1.),.UNSPECIFIED.);
#2954 = CARTESIAN_POINT('',(-0.737067147674,-6.049773895548,
    15.991976736864));
#2955 = CARTESIAN_POINT('',(-0.736448448196,-5.958688759272,
    15.998733803482));
#2956 = CARTESIAN_POINT('',(-0.735836893457,-5.868655473703,
    16.020108695885));
#2957 = CARTESIAN_POINT('',(-0.735252971325,-5.782690269548,
    16.055892809371));
#2958 = CARTESIAN_POINT('',(-0.73471593289,-5.703627298348,
    16.105042359688));
#2959 = CARTESIAN_POINT('',(-0.734242855946,-5.63398075843,
    16.165869838307));
#2960 = CARTESIAN_POINT('',(-0.733507213953,-5.525679307421,
    16.296238110243));
#2961 = CARTESIAN_POINT('',(-0.733224122881,-5.484002548665,
    16.36333849511));
#2962 = CARTESIAN_POINT('',(-0.733005959643,-5.451884486636,
    16.435889159924));
#2963 = CARTESIAN_POINT('',(-0.7328584531,-5.430168525873,16.51218270516
    ));
#2964 = CARTESIAN_POINT('',(-0.732784723665,-5.419314054731,
    16.590369129856));
#2965 = CARTESIAN_POINT('',(-0.732784723665,-5.419314054731,
    16.668540823853));
#2966 = PCURVE('',#2043,#2967);
#2967 = DEFINITIONAL_REPRESENTATION('',(#2968),#2981);
#2968 = B_SPLINE_CURVE_WITH_KNOTS('',6,(#2969,#2970,#2971,#2972,#2973,
    #2974,#2975,#2976,#2977,#2978,#2979,#2980),.UNSPECIFIED.,.F.,.F.,(7,
    5,7),(0.,0.538264868618,1.),.UNSPECIFIED.);
#2969 = CARTESIAN_POINT('',(-4.62287911795,7.928281481989));
#2970 = CARTESIAN_POINT('',(-4.62166275711,8.062453248656));
#2971 = CARTESIAN_POINT('',(-4.620417627934,8.196665223194));
#2972 = CARTESIAN_POINT('',(-4.619182998591,8.330836185713));
#2973 = CARTESIAN_POINT('',(-4.618005172159,8.465023958797));
#2974 = CARTESIAN_POINT('',(-4.616937255574,8.59928850587));
#2975 = CARTESIAN_POINT('',(-4.615242034211,8.84869935178));
#2976 = CARTESIAN_POINT('',(-4.614573313631,8.96390200362));
#2977 = CARTESIAN_POINT('',(-4.614047368137,9.079098736314));
#2978 = CARTESIAN_POINT('',(-4.613688095781,9.194309950625));
#2979 = CARTESIAN_POINT('',(-4.613508549949,9.309554549686));
#2980 = CARTESIAN_POINT('',(-4.613508549949,9.424777960769));
#2981 = ( GEOMETRIC_REPRESENTATION_CONTEXT(2) 
PARAMETRIC_REPRESENTATION_CONTEXT() REPRESENTATION_CONTEXT('2D SPACE',''
  ) );
#2982 = PCURVE('',#2983,#2988);
#2983 = PLANE('',#2984);
#2984 = AXIS2_PLACEMENT_3D('',#2985,#2986,#2987);
#2985 = CARTESIAN_POINT('',(-0.727352730894,-4.61961433077,
    15.465758928407));
#2986 = DIRECTION('',(0.999976931495,-6.792383816809E-03,0.));
#2987 = DIRECTION('',(-6.791208628304E-03,-0.999803919865,
    1.86011103941E-02));
#2988 = DEFINITIONAL_REPRESENTATION('',(#2989),#3002);
#2989 = B_SPLINE_CURVE_WITH_KNOTS('',6,(#2990,#2991,#2992,#2993,#2994,
    #2995,#2996,#2997,#2998,#2999,#3000,#3001),.UNSPECIFIED.,.F.,.F.,(7,
    5,7),(0.,0.538264868618,1.),.UNSPECIFIED.);
#2990 = CARTESIAN_POINT('',(1.439733347075,-0.499523594915));
#2991 = CARTESIAN_POINT('',(1.34878755801,-0.507973816216));
#2992 = CARTESIAN_POINT('',(1.259165369717,-0.531019768146));
#2993 = CARTESIAN_POINT('',(1.173878680339,-0.568396775562));
#2994 = CARTESIAN_POINT('',(1.095741800888,-0.619008515222));
#2995 = CARTESIAN_POINT('',(1.027237163154,-0.6811210026));
#2996 = CARTESIAN_POINT('',(0.921376946627,-0.813481292508));
#2997 = CARTESIAN_POINT('',(0.880954578992,-0.881345319835));
#2998 = CARTESIAN_POINT('',(0.85019085601,-0.95448087765));
#2999 = CARTESIAN_POINT('',(0.829897296225,-1.031165173212));
#3000 = CARTESIAN_POINT('',(0.820498807035,-1.109539980309));
#3001 = CARTESIAN_POINT('',(0.821952887345,-1.187698149382));
#3002 = ( GEOMETRIC_REPRESENTATION_CONTEXT(2) 
PARAMETRIC_REPRESENTATION_CONTEXT() REPRESENTATION_CONTEXT('2D SPACE',''
  ) );
#3003 = ORIENTED_EDGE('',*,*,#3004,.F.);
#3004 = EDGE_CURVE('',#3005,#2950,#3007,.T.);
#3005 = VERTEX_POINT('',#3006);
#3006 = CARTESIAN_POINT('',(0.286219072079,-5.925390215021,
    16.014759883701));
#3007 = SURFACE_CURVE('',#3008,(#3059,#3113),.PCURVE_S1.);
#3008 = B_SPLINE_CURVE_WITH_KNOTS('',7,(#3009,#3010,#3011,#3012,#3013,
    #3014,#3015,#3016,#3017,#3018,#3019,#3020,#3021,#3022,#3023,#3024,
    #3025,#3026,#3027,#3028,#3029,#3030,#3031,#3032,#3033,#3034,#3035,
    #3036,#3037,#3038,#3039,#3040,#3041,#3042,#3043,#3044,#3045,#3046,
    #3047,#3048,#3049,#3050,#3051,#3052,#3053,#3054,#3055,#3056,#3057,
    #3058),.UNSPECIFIED.,.F.,.F.,(8,6,6,6,6,6,6,6,8),(0.,
    5.711014450453E-02,0.173801395503,0.37411554127,0.497156454216,
    0.623910037384,0.825174175248,0.943741469165,1.),.UNSPECIFIED.);
#3009 = CARTESIAN_POINT('',(0.286219072079,-5.925390215021,
    16.014759883701));
#3010 = CARTESIAN_POINT('',(0.286138905088,-5.937192425189,
    16.011499807963));
#3011 = CARTESIAN_POINT('',(0.285743885192,-5.949041607971,
    16.008499240372));
#3012 = CARTESIAN_POINT('',(0.285028868416,-5.960926307176,
    16.005757679314));
#3013 = CARTESIAN_POINT('',(0.283989315894,-5.972834801649,
    16.003273853361));
#3014 = CARTESIAN_POINT('',(0.282621293865,-5.984755105272,
    16.001045721263));
#3015 = CARTESIAN_POINT('',(0.280921473676,-5.996674966963,
    15.999070471956));
#3016 = CARTESIAN_POINT('',(0.274730428931,-6.032910849387,
    15.993817953869));
#3017 = CARTESIAN_POINT('',(0.269177114421,-6.057186289234,
    15.991332095172));
#3018 = CARTESIAN_POINT('',(0.262203961433,-6.081301264259,
    15.989856346098));
#3019 = CARTESIAN_POINT('',(0.253798798792,-6.105147573268,
    15.989345770969));
#3020 = CARTESIAN_POINT('',(0.243959372803,-6.128616708068,
    15.989741498892));
#3021 = CARTESIAN_POINT('',(0.232692209092,-6.15160082171,
    15.990971121851));
#3022 = CARTESIAN_POINT('',(0.198243514076,-6.212433679092,
    15.996344510701));
#3023 = CARTESIAN_POINT('',(0.17232525512,-6.249104153634,
    16.001942678016));
#3024 = CARTESIAN_POINT('',(0.142311457005,-6.283519586895,
    16.009310132842));
#3025 = CARTESIAN_POINT('',(0.108313467493,-6.31514732594,
    16.017911832553));
#3026 = CARTESIAN_POINT('',(7.053006030746E-02,-6.343426718902,
    16.027090365894));
#3027 = CARTESIAN_POINT('',(2.924644052553E-02,-6.367771820942,
    16.036036110826));
#3028 = CARTESIAN_POINT('',(-4.232816556327E-02,-6.399767495337,
    16.048812136129));
#3029 = CARTESIAN_POINT('',(-7.070735313762E-02,-6.410231408826,
    16.053282791739));
#3030 = CARTESIAN_POINT('',(-0.100090756804,-6.418834092006,
    16.057172995879));
#3031 = CARTESIAN_POINT('',(-0.130299496122,-6.425435333366,
    16.060293606044));
#3032 = CARTESIAN_POINT('',(-0.161108474896,-6.429917742651,
    16.062487263639));
#3033 = CARTESIAN_POINT('',(-0.192245701443,-6.432207107676,
    16.063658277174));
#3034 = CARTESIAN_POINT('',(-0.255490588087,-6.432396584714,
    16.063948275588));
#3035 = CARTESIAN_POINT('',(-0.287610657505,-6.430162209072,
    16.063004372613));
#3036 = CARTESIAN_POINT('',(-0.319411172711,-6.425591091837,
    16.06095818252));
#3037 = CARTESIAN_POINT('',(-0.350588619781,-6.418759749421,
    16.057901954239));
#3038 = CARTESIAN_POINT('',(-0.380891375096,-6.409795521772,
    16.054001841903));
#3039 = CARTESIAN_POINT('',(-0.410119880271,-6.398853205734,
    16.049463856873));
#3040 = CARTESIAN_POINT('',(-0.482576459206,-6.36585058269,
    16.036606154585));
#3041 = CARTESIAN_POINT('',(-0.523912762721,-6.34104543672,
    16.027635825835));
#3042 = CARTESIAN_POINT('',(-0.561675383434,-6.312289296742,
    16.018393561668));
#3043 = CARTESIAN_POINT('',(-0.595578717729,-6.280182626547,
    16.009705951393));
#3044 = CARTESIAN_POINT('',(-0.625426532413,-6.245298055591,
    16.002243530863));
#3045 = CARTESIAN_POINT('',(-0.651112350984,-6.208177786228,
    15.996551598801));
#3046 = CARTESIAN_POINT('',(-0.685237165404,-6.14641850822,
    15.991022269137));
#3047 = CARTESIAN_POINT('',(-0.696420850499,-6.122927858657,
    15.989741173853));
#3048 = CARTESIAN_POINT('',(-0.706123909086,-6.09895341263,
    15.989319033417));
#3049 = CARTESIAN_POINT('',(-0.714340851514,-6.074608387844,
    15.989832080212));
#3050 = CARTESIAN_POINT('',(-0.721075541488,-6.050006584096,
    15.991342121636));
#3051 = CARTESIAN_POINT('',(-0.726342413107,-6.025261319882,
    15.993896110384));
#3052 = CARTESIAN_POINT('',(-0.731982727546,-5.988728050621,
    15.999247911481));
#3053 = CARTESIAN_POINT('',(-0.73347320939,-5.976964465961,
    16.001212294581));
#3054 = CARTESIAN_POINT('',(-0.734641934263,-5.965205531197,
    16.003422242126));
#3055 = CARTESIAN_POINT('',(-0.735492269111,-5.953462903842,
    16.005880407785));
#3056 = CARTESIAN_POINT('',(-0.736028146991,-5.941747982732,
    16.008588720796));
#3057 = CARTESIAN_POINT('',(-0.736254067075,-5.93007190803,
    16.011548385973));
#3058 = CARTESIAN_POINT('',(-0.736175094643,-5.918445561225,
    16.014759883701));
#3059 = PCURVE('',#2043,#3060);
#3060 = DEFINITIONAL_REPRESENTATION('',(#3061),#3112);
#3061 = B_SPLINE_CURVE_WITH_KNOTS('',7,(#3062,#3063,#3064,#3065,#3066,
    #3067,#3068,#3069,#3070,#3071,#3072,#3073,#3074,#3075,#3076,#3077,
    #3078,#3079,#3080,#3081,#3082,#3083,#3084,#3085,#3086,#3087,#3088,
    #3089,#3090,#3091,#3092,#3093,#3094,#3095,#3096,#3097,#3098,#3099,
    #3100,#3101,#3102,#3103,#3104,#3105,#3106,#3107,#3108,#3109,#3110,
    #3111),.UNSPECIFIED.,.F.,.F.,(8,6,6,6,6,6,6,6,8),(0.,
    5.711014450453E-02,0.173801395503,0.37411554127,0.497156454216,
    0.623910037384,0.825174175248,0.943741469165,1.),.UNSPECIFIED.);
#3062 = CARTESIAN_POINT('',(-4.790105638621,8.124400176645));
#3063 = CARTESIAN_POINT('',(-4.789941145498,8.106411946367));
#3064 = CARTESIAN_POINT('',(-4.789724962387,8.088493875715));
#3065 = CARTESIAN_POINT('',(-4.78945682054,8.070652628954));
#3066 = CARTESIAN_POINT('',(-4.789136549313,8.052895196576));
#3067 = CARTESIAN_POINT('',(-4.788764076163,8.035228895307));
#3068 = CARTESIAN_POINT('',(-4.788339426654,8.017661368104));
#3069 = CARTESIAN_POINT('',(-4.786888694758,7.964523547434));
#3070 = CARTESIAN_POINT('',(-4.785697324386,7.929291541817));
#3071 = CARTESIAN_POINT('',(-4.784289627488,7.894573645696));
#3072 = CARTESIAN_POINT('',(-4.782668183082,7.860442196843));
#3073 = CARTESIAN_POINT('',(-4.780836789946,7.826974916283));
#3074 = CARTESIAN_POINT('',(-4.778800121512,7.794257032167));
#3075 = CARTESIAN_POINT('',(-4.772723754332,7.707668601858));
#3076 = CARTESIAN_POINT('',(-4.768297254026,7.655480419061));
#3077 = CARTESIAN_POINT('',(-4.76330694281,7.6062240587));
#3078 = CARTESIAN_POINT('',(-4.757780210923,7.560477526182));
#3079 = CARTESIAN_POINT('',(-4.75175169661,7.518991015946));
#3080 = CARTESIAN_POINT('',(-4.745261510308,7.482762500455));
#3081 = CARTESIAN_POINT('',(-4.734130140592,7.434529574137));
#3082 = CARTESIAN_POINT('',(-4.729742876497,7.418577754781));
#3083 = CARTESIAN_POINT('',(-4.725222688769,7.405299920894));
#3084 = CARTESIAN_POINT('',(-4.720592945997,7.39497025026));
#3085 = CARTESIAN_POINT('',(-4.715882669043,7.387825294821));
#3086 = CARTESIAN_POINT('',(-4.711127062012,7.384016079021));
#3087 = CARTESIAN_POINT('',(-4.701464493571,7.383073038919));
#3088 = CARTESIAN_POINT('',(-4.696555545503,7.386143890753));
#3089 = CARTESIAN_POINT('',(-4.691686822762,7.392781969757));
#3090 = CARTESIAN_POINT('',(-4.686897760013,7.402839952127));
#3091 = CARTESIAN_POINT('',(-4.682221009445,7.416067159851));
#3092 = CARTESIAN_POINT('',(-4.677682907857,7.432164364491));
#3093 = CARTESIAN_POINT('',(-4.666352416567,7.480472086484));
#3094 = CARTESIAN_POINT('',(-4.6598063528,7.516577588066));
#3095 = CARTESIAN_POINT('',(-4.653724436922,7.558038254577));
#3096 = CARTESIAN_POINT('',(-4.648147759773,7.603831593829));
#3097 = CARTESIAN_POINT('',(-4.643111634604,7.653190386957));
#3098 = CARTESIAN_POINT('',(-4.638643832264,7.70552441594));
#3099 = CARTESIAN_POINT('',(-4.632484300808,7.792763345088));
#3100 = CARTESIAN_POINT('',(-4.63040717663,7.825980351541));
#3101 = CARTESIAN_POINT('',(-4.628541855706,7.859973436939));
#3102 = CARTESIAN_POINT('',(-4.626893260553,7.894653056374));
#3103 = CARTESIAN_POINT('',(-4.625465384999,7.929937697751));
#3104 = CARTESIAN_POINT('',(-4.624260920734,7.965751580221));
#3105 = CARTESIAN_POINT('',(-4.622815870009,8.019232329313));
#3106 = CARTESIAN_POINT('',(-4.622401377574,8.036545317048));
#3107 = CARTESIAN_POINT('',(-4.622037519425,8.053953715636));
#3108 = CARTESIAN_POINT('',(-4.621724315942,8.071450232379));
#3109 = CARTESIAN_POINT('',(-4.621461695024,8.08902788205));
#3110 = CARTESIAN_POINT('',(-4.621249492084,8.106679986898));
#3111 = CARTESIAN_POINT('',(-4.621087450054,8.124400176645));
#3112 = ( GEOMETRIC_REPRESENTATION_CONTEXT(2) 
PARAMETRIC_REPRESENTATION_CONTEXT() REPRESENTATION_CONTEXT('2D SPACE',''
  ) );
#3113 = PCURVE('',#3114,#3119);
#3114 = CYLINDRICAL_SURFACE('',#3115,0.511208876185);
#3115 = AXIS2_PLACEMENT_3D('',#3116,#3117,#3118);
#3116 = CARTESIAN_POINT('',(-0.225044310741,-5.931678515819,
    15.490104963796));
#3117 = DIRECTION('',(-1.263458812155E-04,-1.860068129429E-02,
    -0.999826984379));
#3118 = DIRECTION('',(-0.999976931495,6.792383816809E-03,0.));
#3119 = DEFINITIONAL_REPRESENTATION('',(#3120),#3171);
#3120 = B_SPLINE_CURVE_WITH_KNOTS('',7,(#3121,#3122,#3123,#3124,#3125,
    #3126,#3127,#3128,#3129,#3130,#3131,#3132,#3133,#3134,#3135,#3136,
    #3137,#3138,#3139,#3140,#3141,#3142,#3143,#3144,#3145,#3146,#3147,
    #3148,#3149,#3150,#3151,#3152,#3153,#3154,#3155,#3156,#3157,#3158,
    #3159,#3160,#3161,#3162,#3163,#3164,#3165,#3166,#3167,#3168,#3169,
    #3170),.UNSPECIFIED.,.F.,.F.,(8,6,6,6,6,6,6,6,8),(0.,
    5.711014450453E-02,0.173801395503,0.37411554127,0.497156454216,
    0.623910037384,0.825174175248,0.943741469165,1.),.UNSPECIFIED.);
#3121 = CARTESIAN_POINT('',(-3.14159265359,-0.52474570911));
#3122 = CARTESIAN_POINT('',(-3.118627873559,-0.521266658138));
#3123 = CARTESIAN_POINT('',(-3.0955576406,-0.51804615691));
#3124 = CARTESIAN_POINT('',(-3.0723844335,-0.515083916344));
#3125 = CARTESIAN_POINT('',(-3.049110586015,-0.512378882677));
#3126 = CARTESIAN_POINT('',(-3.025738286875,-0.509929237469));
#3127 = CARTESIAN_POINT('',(-3.002269579782,-0.507732397597));
#3128 = CARTESIAN_POINT('',(-2.930560430328,-0.501805993964));
#3129 = CARTESIAN_POINT('',(-2.882019118125,-0.498868324001));
#3130 = CARTESIAN_POINT('',(-2.833099263542,-0.496943394261));
#3131 = CARTESIAN_POINT('',(-2.783811761925,-0.495988287918));
#3132 = CARTESIAN_POINT('',(-2.734160809446,-0.495946162306));
#3133 = CARTESIAN_POINT('',(-2.684143145316,-0.496746628789));
#3134 = CARTESIAN_POINT('',(-2.547236935945,-0.500983202916));
#3135 = CARTESIAN_POINT('',(-2.459672823759,-0.505895031185));
#3136 = CARTESIAN_POINT('',(-2.370891561474,-0.5126172687));
#3137 = CARTESIAN_POINT('',(-2.280747369344,-0.520624887183));
#3138 = CARTESIAN_POINT('',(-2.189100667223,-0.529271042741));
#3139 = CARTESIAN_POINT('',(-2.095779831937,-0.53775718842));
#3140 = CARTESIAN_POINT('',(-1.942228174497,-0.549926818771));
#3141 = CARTESIAN_POINT('',(-1.88313882249,-0.554198479376));
#3142 = CARTESIAN_POINT('',(-1.823435350004,-0.557924282209));
#3143 = CARTESIAN_POINT('',(-1.763194641738,-0.560917748123));
#3144 = CARTESIAN_POINT('',(-1.702530153361,-0.563023757727));
#3145 = CARTESIAN_POINT('',(-1.641607372199,-0.564148050849));
#3146 = CARTESIAN_POINT('',(-1.517890384109,-0.564426483956));
#3147 = CARTESIAN_POINT('',(-1.455073036994,-0.563520246961));
#3148 = CARTESIAN_POINT('',(-1.392490456156,-0.561555418922));
#3149 = CARTESIAN_POINT('',(-1.330331384658,-0.558622847898));
#3150 = CARTESIAN_POINT('',(-1.268726817468,-0.554886322455));
#3151 = CARTESIAN_POINT('',(-1.207767540759,-0.550548964199));
#3152 = CARTESIAN_POINT('',(-1.051834622652,-0.538298203177));
#3153 = CARTESIAN_POINT('',(-0.957976745115,-0.529785596377));
#3154 = CARTESIAN_POINT('',(-0.865815753852,-0.52107504391));
#3155 = CARTESIAN_POINT('',(-0.775178982391,-0.51298185912));
#3156 = CARTESIAN_POINT('',(-0.685925211571,-0.506165835344));
#3157 = CARTESIAN_POINT('',(-0.597904973966,-0.501162105077));
#3158 = CARTESIAN_POINT('',(-0.459721927287,-0.496778185191));
#3159 = CARTESIAN_POINT('',(-0.408885964174,-0.49593284063));
#3160 = CARTESIAN_POINT('',(-0.358428651097,-0.495955488319));
#3161 = CARTESIAN_POINT('',(-0.308346421313,-0.49692024222));
#3162 = CARTESIAN_POINT('',(-0.258643661157,-0.498886781794));
#3163 = CARTESIAN_POINT('',(-0.209331889411,-0.501899941987));
#3164 = CARTESIAN_POINT('',(-0.137225166229,-0.507929648206));
#3165 = CARTESIAN_POINT('',(-0.114113243802,-0.51011231381));
#3166 = CARTESIAN_POINT('',(-9.10949953281E-02,-0.512540455534));
#3167 = CARTESIAN_POINT('',(-6.817238216866E-02,-0.515216509324));
#3168 = CARTESIAN_POINT('',(-4.534750113958E-02,-0.518142191563));
#3169 = CARTESIAN_POINT('',(-2.262258450947E-02,-0.521318499072));
#3170 = CARTESIAN_POINT('',(0.,-0.52474570911));
#3171 = ( GEOMETRIC_REPRESENTATION_CONTEXT(2) 
PARAMETRIC_REPRESENTATION_CONTEXT() REPRESENTATION_CONTEXT('2D SPACE',''
  ) );
#3172 = ORIENTED_EDGE('',*,*,#3173,.T.);
#3173 = EDGE_CURVE('',#3005,#3174,#3176,.T.);
#3174 = VERTEX_POINT('',#3175);
#3175 = CARTESIAN_POINT('',(0.289609443057,-5.426258708526,
    16.668540823853));
#3176 = SURFACE_CURVE('',#3177,(#3190,#3206),.PCURVE_S1.);
#3177 = B_SPLINE_CURVE_WITH_KNOTS('',6,(#3178,#3179,#3180,#3181,#3182,
    #3183,#3184,#3185,#3186,#3187,#3188,#3189),.UNSPECIFIED.,.F.,.F.,(7,
    5,7),(0.,0.538264868644,1.),.UNSPECIFIED.);
#3178 = CARTESIAN_POINT('',(0.285327019047,-6.056718549343,
    15.991976736864));
#3179 = CARTESIAN_POINT('',(0.285945718526,-5.965633413063,
    15.998733803483));
#3180 = CARTESIAN_POINT('',(0.286557273265,-5.87560012749,
    16.020108695887));
#3181 = CARTESIAN_POINT('',(0.287141195397,-5.789634923331,
    16.055892809376));
#3182 = CARTESIAN_POINT('',(0.287678233832,-5.710571952128,
    16.105042359698));
#3183 = CARTESIAN_POINT('',(0.288151310775,-5.640925412208,
    16.165869838322));
#3184 = CARTESIAN_POINT('',(0.288886952769,-5.532623961204,
    16.296238110262));
#3185 = CARTESIAN_POINT('',(0.289170043841,-5.490947202453,
    16.363338495127));
#3186 = CARTESIAN_POINT('',(0.289388207078,-5.458829140427,
    16.435889159937));
#3187 = CARTESIAN_POINT('',(0.289535713622,-5.437113179667,
    16.512182705169));
#3188 = CARTESIAN_POINT('',(0.289609443057,-5.426258708526,
    16.59036912986));
#3189 = CARTESIAN_POINT('',(0.289609443057,-5.426258708526,
    16.668540823853));
#3190 = PCURVE('',#2043,#3191);
#3191 = DEFINITIONAL_REPRESENTATION('',(#3192),#3205);
#3192 = B_SPLINE_CURVE_WITH_KNOTS('',6,(#3193,#3194,#3195,#3196,#3197,
    #3198,#3199,#3200,#3201,#3202,#3203,#3204),.UNSPECIFIED.,.F.,.F.,(7,
    5,7),(0.,0.538264868644,1.),.UNSPECIFIED.);
#3193 = CARTESIAN_POINT('',(-4.788313970724,7.928281481989));
#3194 = CARTESIAN_POINT('',(-4.789530331564,8.062453248663));
#3195 = CARTESIAN_POINT('',(-4.790775460741,8.196665223207));
#3196 = CARTESIAN_POINT('',(-4.792010090083,8.330836185733));
#3197 = CARTESIAN_POINT('',(-4.793187916516,8.465023958823));
#3198 = CARTESIAN_POINT('',(-4.794255833101,8.599288505903));
#3199 = CARTESIAN_POINT('',(-4.795951054464,8.848699351813));
#3200 = CARTESIAN_POINT('',(-4.796619775044,8.963902003646));
#3201 = CARTESIAN_POINT('',(-4.797145720537,9.079098736334));
#3202 = CARTESIAN_POINT('',(-4.797504992893,9.194309950638));
#3203 = CARTESIAN_POINT('',(-4.797684538726,9.309554549692));
#3204 = CARTESIAN_POINT('',(-4.797684538726,9.424777960769));
#3205 = ( GEOMETRIC_REPRESENTATION_CONTEXT(2) 
PARAMETRIC_REPRESENTATION_CONTEXT() REPRESENTATION_CONTEXT('2D SPACE',''
  ) );
#3206 = PCURVE('',#3207,#3212);
#3207 = PLANE('',#3208);
#3208 = AXIS2_PLACEMENT_3D('',#3209,#3210,#3211);
#3209 = CARTESIAN_POINT('',(0.295041435828,-4.626558984565,
    15.465758928407));
#3210 = DIRECTION('',(0.999976931495,-6.792383816809E-03,0.));
#3211 = DIRECTION('',(-6.791208628304E-03,-0.999803919865,
    1.86011103941E-02));
#3212 = DEFINITIONAL_REPRESENTATION('',(#3213),#3226);
#3213 = B_SPLINE_CURVE_WITH_KNOTS('',6,(#3214,#3215,#3216,#3217,#3218,
    #3219,#3220,#3221,#3222,#3223,#3224,#3225),.UNSPECIFIED.,.F.,.F.,(7,
    5,7),(0.,0.538264868644,1.),.UNSPECIFIED.);
#3214 = CARTESIAN_POINT('',(1.439733347075,-0.499523594915));
#3215 = CARTESIAN_POINT('',(1.348787558006,-0.507973816216));
#3216 = CARTESIAN_POINT('',(1.259165369709,-0.531019768148));
#3217 = CARTESIAN_POINT('',(1.173878680327,-0.568396775568));
#3218 = CARTESIAN_POINT('',(1.095741800873,-0.619008515232));
#3219 = CARTESIAN_POINT('',(1.027237163137,-0.681121002616));
#3220 = CARTESIAN_POINT('',(0.921376946616,-0.813481292527));
#3221 = CARTESIAN_POINT('',(0.880954578985,-0.881345319852));
#3222 = CARTESIAN_POINT('',(0.850190856007,-0.954480877663));
#3223 = CARTESIAN_POINT('',(0.829897296224,-1.031165173222));
#3224 = CARTESIAN_POINT('',(0.820498807035,-1.109539980314));
#3225 = CARTESIAN_POINT('',(0.821952887345,-1.187698149382));
#3226 = ( GEOMETRIC_REPRESENTATION_CONTEXT(2) 
PARAMETRIC_REPRESENTATION_CONTEXT() REPRESENTATION_CONTEXT('2D SPACE',''
  ) );
#3227 = ORIENTED_EDGE('',*,*,#3228,.T.);
#3228 = EDGE_CURVE('',#3174,#3229,#3231,.T.);
#3229 = VERTEX_POINT('',#3230);
#3230 = CARTESIAN_POINT('',(5.340074556755,-0.511023715943,
    16.668540823853));
#3231 = SURFACE_CURVE('',#3232,(#3237,#3244),.PCURVE_S1.);
#3232 = CIRCLE('',#3233,5.559162413465);
#3233 = AXIS2_PLACEMENT_3D('',#3234,#3235,#3236);
#3234 = CARTESIAN_POINT('',(-0.183987668382,0.112693585484,
    16.668540823853));
#3235 = DIRECTION('',(0.,0.,1.));
#3236 = DIRECTION('',(1.,0.,-0.));
#3237 = PCURVE('',#2043,#3238);
#3238 = DEFINITIONAL_REPRESENTATION('',(#3239),#3243);
#3239 = LINE('',#3240,#3241);
#3240 = CARTESIAN_POINT('',(-0.,9.424777960769));
#3241 = VECTOR('',#3242,1.);
#3242 = DIRECTION('',(-1.,0.));
#3243 = ( GEOMETRIC_REPRESENTATION_CONTEXT(2) 
PARAMETRIC_REPRESENTATION_CONTEXT() REPRESENTATION_CONTEXT('2D SPACE',''
  ) );
#3244 = PCURVE('',#3245,#3250);
#3245 = CONICAL_SURFACE('',#3246,5.559162413465,0.319430824369);
#3246 = AXIS2_PLACEMENT_3D('',#3247,#3248,#3249);
#3247 = CARTESIAN_POINT('',(-0.183987668382,0.112693585484,
    16.668540823853));
#3248 = DIRECTION('',(-0.,-0.,-1.));
#3249 = DIRECTION('',(1.,0.,-0.));
#3250 = DEFINITIONAL_REPRESENTATION('',(#3251),#3255);
#3251 = LINE('',#3252,#3253);
#3252 = CARTESIAN_POINT('',(-0.,-0.));
#3253 = VECTOR('',#3254,1.);
#3254 = DIRECTION('',(-1.,-0.));
#3255 = ( GEOMETRIC_REPRESENTATION_CONTEXT(2) 
PARAMETRIC_REPRESENTATION_CONTEXT() REPRESENTATION_CONTEXT('2D SPACE',''
  ) );
#3256 = ORIENTED_EDGE('',*,*,#3257,.F.);
#3257 = EDGE_CURVE('',#2061,#3229,#3258,.T.);
#3258 = SURFACE_CURVE('',#3259,(#3277,#3298),.PCURVE_S1.);
#3259 = B_SPLINE_CURVE_WITH_KNOTS('',6,(#3260,#3261,#3262,#3263,#3264,
    #3265,#3266,#3267,#3268,#3269,#3270,#3271,#3272,#3273,#3274,#3275,
    #3276),.UNSPECIFIED.,.F.,.F.,(7,5,5,7),(0.,0.120485633557,
    0.58306039486,1.),.UNSPECIFIED.);
#3260 = CARTESIAN_POINT('',(6.079944205936,-0.522689748625,
    15.992629776855));
#3261 = CARTESIAN_POINT('',(6.057385326016,-0.522334047279,
    15.990684958614));
#3262 = CARTESIAN_POINT('',(6.034748215739,-0.52197711242,
    15.989637336719));
#3263 = CARTESIAN_POINT('',(6.012077833005,-0.521619652932,
    15.989490711958));
#3264 = CARTESIAN_POINT('',(5.989419110385,-0.521262377298,
    15.990245927807));
#3265 = CARTESIAN_POINT('',(5.966816955116,-0.520905993599,
    15.991900870434));
#3266 = CARTESIAN_POINT('',(5.857930358902,-0.519189103885,
    16.004239020037));
#3267 = CARTESIAN_POINT('',(5.773015628462,-0.517850195036,
    16.02721749058));
#3268 = CARTESIAN_POINT('',(5.692155414305,-0.516575216529,
    16.063105093869));
#3269 = CARTESIAN_POINT('',(5.617767048276,-0.515402284094,
    16.110946836753));
#3270 = CARTESIAN_POINT('',(5.551991606987,-0.514365157556,
    16.169260656759));
#3271 = CARTESIAN_POINT('',(5.44647621354,-0.51270142391,16.296235999767
    ));
#3272 = CARTESIAN_POINT('',(5.404786414057,-0.512044072222,
    16.363334886776));
#3273 = CARTESIAN_POINT('',(5.372657126897,-0.511537467694,
    16.435885167807));
#3274 = CARTESIAN_POINT('',(5.350933063852,-0.511194929478,
    16.512179558354));
#3275 = CARTESIAN_POINT('',(5.340074556755,-0.511023715943,
    16.590367582632));
#3276 = CARTESIAN_POINT('',(5.340074556755,-0.511023715943,
    16.668540823853));
#3277 = PCURVE('',#2043,#3278);
#3278 = DEFINITIONAL_REPRESENTATION('',(#3279),#3297);
#3279 = B_SPLINE_CURVE_WITH_KNOTS('',6,(#3280,#3281,#3282,#3283,#3284,
    #3285,#3286,#3287,#3288,#3289,#3290,#3291,#3292,#3293,#3294,#3295,
    #3296),.UNSPECIFIED.,.F.,.F.,(7,5,5,7),(0.,0.120485633557,
    0.58306039486,1.),.UNSPECIFIED.);
#3280 = CARTESIAN_POINT('',(-6.182095841532,7.767681746773));
#3281 = CARTESIAN_POINT('',(-6.181790461153,7.800939982725));
#3282 = CARTESIAN_POINT('',(-6.18148140728,7.834197632412));
#3283 = CARTESIAN_POINT('',(-6.181169208579,7.867454813828));
#3284 = CARTESIAN_POINT('',(-6.180854429639,7.90071166371));
#3285 = CARTESIAN_POINT('',(-6.180537670972,7.933968337538));
#3286 = CARTESIAN_POINT('',(-6.178998295303,8.094905768283));
#3287 = CARTESIAN_POINT('',(-6.177756872623,8.222619613574));
#3288 = CARTESIAN_POINT('',(-6.176531876598,8.350304271935));
#3289 = CARTESIAN_POINT('',(-6.175365728095,8.478007367472));
#3290 = CARTESIAN_POINT('',(-6.174306175857,8.605775566437));
#3291 = CARTESIAN_POINT('',(-6.172572520087,8.848695314331));
#3292 = CARTESIAN_POINT('',(-6.171870362389,8.963896022909));
#3293 = CARTESIAN_POINT('',(-6.171318098232,9.079092684835));
#3294 = CARTESIAN_POINT('',(-6.170940838148,9.194305313162));
#3295 = CARTESIAN_POINT('',(-6.170752303303,9.309552269111));
#3296 = CARTESIAN_POINT('',(-6.170752303303,9.424777960769));
#3297 = ( GEOMETRIC_REPRESENTATION_CONTEXT(2) 
PARAMETRIC_REPRESENTATION_CONTEXT() REPRESENTATION_CONTEXT('2D SPACE',''
  ) );
#3298 = PCURVE('',#3299,#3304);
#3299 = PLANE('',#3300);
#3300 = AXIS2_PLACEMENT_3D('',#3301,#3302,#3303);
#3301 = CARTESIAN_POINT('',(4.543339740672,-0.498461051135,
    15.445263240615));
#3302 = DIRECTION('',(1.576572678917E-02,0.999875713206,0.));
#3303 = DIRECTION('',(0.999371507025,-1.575777662417E-02,
    3.175347891459E-02));
#3304 = DEFINITIONAL_REPRESENTATION('',(#3305),#3323);
#3305 = B_SPLINE_CURVE_WITH_KNOTS('',6,(#3306,#3307,#3308,#3309,#3310,
    #3311,#3312,#3313,#3314,#3315,#3316,#3317,#3318,#3319,#3320,#3321,
    #3322),.UNSPECIFIED.,.F.,.F.,(7,5,5,7),(0.,0.120485633557,
    0.58306039486,1.),.UNSPECIFIED.);
#3306 = CARTESIAN_POINT('',(1.553401302321,-0.498291913834));
#3307 = CARTESIAN_POINT('',(1.530789240692,-0.497064488263));
#3308 = CARTESIAN_POINT('',(1.50812746754,-0.496736291004));
#3309 = CARTESIAN_POINT('',(1.485461044369,-0.497309693182));
#3310 = CARTESIAN_POINT('',(1.462834913458,-0.498784110905));
#3311 = CARTESIAN_POINT('',(1.440293897857,-0.501156005269));
#3312 = CARTESIAN_POINT('',(1.331840460912,-0.516945891142));
#3313 = CARTESIAN_POINT('',(1.247687646937,-0.542609447621));
#3314 = CARTESIAN_POINT('',(1.167997718284,-0.581046866172));
#3315 = CARTESIAN_POINT('',(1.095156763787,-0.631226866981));
#3316 = CARTESIAN_POINT('',(1.031257985747,-0.691600139849));
#3317 = CARTESIAN_POINT('',(0.929814600117,-0.82186235044));
#3318 = CARTESIAN_POINT('',(0.890271267073,-0.890251362289));
#3319 = CARTESIAN_POINT('',(0.860457913802,-0.963785401931));
#3320 = CARTESIAN_POINT('',(0.841164718859,-1.040731219916));
#3321 = CARTESIAN_POINT('',(0.832793080093,-1.119224654644));
#3322 = CARTESIAN_POINT('',(0.83527535246,-1.197358475534));
#3323 = ( GEOMETRIC_REPRESENTATION_CONTEXT(2) 
PARAMETRIC_REPRESENTATION_CONTEXT() REPRESENTATION_CONTEXT('2D SPACE',''
  ) );
#3324 = ADVANCED_FACE('',(#3325),#2110,.T.);
#3325 = FACE_BOUND('',#3326,.F.);
#3326 = EDGE_LOOP('',(#3327,#3328,#3351,#3380,#3401));
#3327 = ORIENTED_EDGE('',*,*,#2058,.T.);
#3328 = ORIENTED_EDGE('',*,*,#3329,.T.);
#3329 = EDGE_CURVE('',#2061,#3330,#3332,.T.);
#3330 = VERTEX_POINT('',#3331);
#3331 = CARTESIAN_POINT('',(5.54743157774,-0.514293256444,
    28.309137162965));
#3332 = SURFACE_CURVE('',#3333,(#3337,#3344),.PCURVE_S1.);
#3333 = LINE('',#3334,#3335);
#3334 = CARTESIAN_POINT('',(5.954635195685,-0.520713915435,
    15.490104963796));
#3335 = VECTOR('',#3336,1.);
#3336 = DIRECTION('',(-3.174953237649E-02,5.00616673173E-04,
    0.999495731145));
#3337 = PCURVE('',#2110,#3338);
#3338 = DEFINITIONAL_REPRESENTATION('',(#3339),#3343);
#3339 = LINE('',#3340,#3341);
#3340 = CARTESIAN_POINT('',(-0.,0.));
#3341 = VECTOR('',#3342,1.);
#3342 = DIRECTION('',(-0.,-1.));
#3343 = ( GEOMETRIC_REPRESENTATION_CONTEXT(2) 
PARAMETRIC_REPRESENTATION_CONTEXT() REPRESENTATION_CONTEXT('2D SPACE',''
  ) );
#3344 = PCURVE('',#3299,#3345);
#3345 = DEFINITIONAL_REPRESENTATION('',(#3346),#3350);
#3346 = LINE('',#3347,#3348);
#3347 = CARTESIAN_POINT('',(1.41218300211,1.075528555106E-15));
#3348 = VECTOR('',#3349,1.);
#3349 = DIRECTION('',(-3.282096816548E-15,-1.));
#3350 = ( GEOMETRIC_REPRESENTATION_CONTEXT(2) 
PARAMETRIC_REPRESENTATION_CONTEXT() REPRESENTATION_CONTEXT('2D SPACE',''
  ) );
#3351 = ORIENTED_EDGE('',*,*,#3352,.T.);
#3352 = EDGE_CURVE('',#3330,#3353,#3355,.T.);
#3353 = VERTEX_POINT('',#3354);
#3354 = CARTESIAN_POINT('',(5.564349745287,0.558671223254,
    28.309137162965));
#3355 = SURFACE_CURVE('',#3356,(#3361,#3368),.PCURVE_S1.);
#3356 = CIRCLE('',#3357,0.536548925795);
#3357 = AXIS2_PLACEMENT_3D('',#3358,#3359,#3360);
#3358 = CARTESIAN_POINT('',(5.555890661513,2.218898340502E-02,
    28.309137162965));
#3359 = DIRECTION('',(-3.174953237649E-02,5.00616673173E-04,
    0.999495731145));
#3360 = DIRECTION('',(-1.576572678917E-02,-0.999875713206,0.));
#3361 = PCURVE('',#2110,#3362);
#3362 = DEFINITIONAL_REPRESENTATION('',(#3363),#3367);
#3363 = LINE('',#3364,#3365);
#3364 = CARTESIAN_POINT('',(-0.,-12.82549969921));
#3365 = VECTOR('',#3366,1.);
#3366 = DIRECTION('',(-1.,0.));
#3367 = ( GEOMETRIC_REPRESENTATION_CONTEXT(2) 
PARAMETRIC_REPRESENTATION_CONTEXT() REPRESENTATION_CONTEXT('2D SPACE',''
  ) );
#3368 = PCURVE('',#3369,#3374);
#3369 = PLANE('',#3370);
#3370 = AXIS2_PLACEMENT_3D('',#3371,#3372,#3373);
#3371 = CARTESIAN_POINT('',(4.850242934007,3.331541555487E-02,
    28.286716301375));
#3372 = DIRECTION('',(-3.174953237649E-02,5.00616673173E-04,
    0.999495731145));
#3373 = DIRECTION('',(0.999371507025,-1.575777662417E-02,
    3.175347891459E-02));
#3374 = DEFINITIONAL_REPRESENTATION('',(#3375),#3379);
#3375 = CIRCLE('',#3376,0.536548925795);
#3376 = AXIS2_PLACEMENT_2D('',#3377,#3378);
#3377 = CARTESIAN_POINT('',(0.706091501055,0.));
#3378 = DIRECTION('',(0.,-1.));
#3379 = ( GEOMETRIC_REPRESENTATION_CONTEXT(2) 
PARAMETRIC_REPRESENTATION_CONTEXT() REPRESENTATION_CONTEXT('2D SPACE',''
  ) );
#3380 = ORIENTED_EDGE('',*,*,#3381,.F.);
#3381 = EDGE_CURVE('',#2164,#3353,#3382,.T.);
#3382 = SURFACE_CURVE('',#3383,(#3387,#3394),.PCURVE_S1.);
#3383 = LINE('',#3384,#3385);
#3384 = CARTESIAN_POINT('',(5.971553363232,0.552250564263,
    15.490104963796));
#3385 = VECTOR('',#3386,1.);
#3386 = DIRECTION('',(-3.174953237649E-02,5.00616673173E-04,
    0.999495731145));
#3387 = PCURVE('',#2110,#3388);
#3388 = DEFINITIONAL_REPRESENTATION('',(#3389),#3393);
#3389 = LINE('',#3390,#3391);
#3390 = CARTESIAN_POINT('',(-3.14159265359,0.));
#3391 = VECTOR('',#3392,1.);
#3392 = DIRECTION('',(-0.,-1.));
#3393 = ( GEOMETRIC_REPRESENTATION_CONTEXT(2) 
PARAMETRIC_REPRESENTATION_CONTEXT() REPRESENTATION_CONTEXT('2D SPACE',''
  ) );
#3394 = PCURVE('',#2272,#3395);
#3395 = DEFINITIONAL_REPRESENTATION('',(#3396),#3400);
#3396 = LINE('',#3397,#3398);
#3397 = CARTESIAN_POINT('',(1.41218300211,1.075528555106E-15));
#3398 = VECTOR('',#3399,1.);
#3399 = DIRECTION('',(-3.282096816548E-15,-1.));
#3400 = ( GEOMETRIC_REPRESENTATION_CONTEXT(2) 
PARAMETRIC_REPRESENTATION_CONTEXT() REPRESENTATION_CONTEXT('2D SPACE',''
  ) );
#3401 = ORIENTED_EDGE('',*,*,#2163,.F.);
#3402 = ADVANCED_FACE('',(#3403),#2272,.T.);
#3403 = FACE_BOUND('',#3404,.T.);
#3404 = EDGE_LOOP('',(#3405,#3441,#3462,#3463,#3464));
#3405 = ORIENTED_EDGE('',*,*,#3406,.F.);
#3406 = EDGE_CURVE('',#3407,#3409,#3411,.T.);
#3407 = VERTEX_POINT('',#3408);
#3408 = CARTESIAN_POINT('',(4.950963038394,0.568342912554,
    28.289647752144));
#3409 = VERTEX_POINT('',#3410);
#3410 = CARTESIAN_POINT('',(5.113900267348,0.565773769408,17.4));
#3411 = SURFACE_CURVE('',#3412,(#3418,#3427),.PCURVE_S1.);
#3412 = B_SPLINE_CURVE_WITH_KNOTS('',4,(#3413,#3414,#3415,#3416,#3417),
  .UNSPECIFIED.,.F.,.F.,(5,5),(0.,1.),.PIECEWISE_BEZIER_KNOTS.);
#3413 = CARTESIAN_POINT('',(4.94931160556,0.568368951829,28.399999999901
    ));
#3414 = CARTESIAN_POINT('',(4.990465711829,0.567720046783,
    25.650000055716));
#3415 = CARTESIAN_POINT('',(5.031615042341,0.56707121704,22.900000072951
    ));
#3416 = CARTESIAN_POINT('',(5.072759826745,0.566422458978,
    20.150000054304));
#3417 = CARTESIAN_POINT('',(5.113900267341,0.565773769408,17.40000000044
    ));
#3418 = PCURVE('',#2272,#3419);
#3419 = DEFINITIONAL_REPRESENTATION('',(#3420),#3426);
#3420 = B_SPLINE_CURVE_WITH_KNOTS('',4,(#3421,#3422,#3423,#3424,#3425),
  .UNSPECIFIED.,.F.,.F.,(5,5),(0.,1.),.PIECEWISE_BEZIER_KNOTS.);
#3421 = CARTESIAN_POINT('',(0.80026380607,-12.93584874503));
#3422 = CARTESIAN_POINT('',(0.754080207331,-10.18592859168));
#3423 = CARTESIAN_POINT('',(0.707891833423,-7.436008551449));
#3424 = CARTESIAN_POINT('',(0.661698913997,-4.68608861972));
#3425 = CARTESIAN_POINT('',(0.615501651295,-1.936168790739));
#3426 = ( GEOMETRIC_REPRESENTATION_CONTEXT(2) 
PARAMETRIC_REPRESENTATION_CONTEXT() REPRESENTATION_CONTEXT('2D SPACE',''
  ) );
#3427 = PCURVE('',#3428,#3433);
#3428 = CONICAL_SURFACE('',#3429,5.317226554569,1.488455096854E-02);
#3429 = AXIS2_PLACEMENT_3D('',#3430,#3431,#3432);
#3430 = CARTESIAN_POINT('',(-0.183987668382,0.112693585484,17.4));
#3431 = DIRECTION('',(-0.,-0.,-1.));
#3432 = DIRECTION('',(1.,0.,-0.));
#3433 = DEFINITIONAL_REPRESENTATION('',(#3434),#3440);
#3434 = B_SPLINE_CURVE_WITH_KNOTS('',4,(#3435,#3436,#3437,#3438,#3439),
  .UNSPECIFIED.,.F.,.F.,(5,5),(0.,1.),.PIECEWISE_BEZIER_KNOTS.);
#3435 = CARTESIAN_POINT('',(-8.853645282139E-02,-11.));
#3436 = CARTESIAN_POINT('',(-8.770492927232E-02,-8.250000055815));
#3437 = CARTESIAN_POINT('',(-8.689111533481E-02,-5.500000073378));
#3438 = CARTESIAN_POINT('',(-8.609416240997E-02,-2.750000053864));
#3439 = CARTESIAN_POINT('',(-8.531332265109E-02,0.));
#3440 = ( GEOMETRIC_REPRESENTATION_CONTEXT(2) 
PARAMETRIC_REPRESENTATION_CONTEXT() REPRESENTATION_CONTEXT('2D SPACE',''
  ) );
#3441 = ORIENTED_EDGE('',*,*,#3442,.T.);
#3442 = EDGE_CURVE('',#3407,#3353,#3443,.T.);
#3443 = SURFACE_CURVE('',#3444,(#3448,#3455),.PCURVE_S1.);
#3444 = LINE('',#3445,#3446);
#3445 = CARTESIAN_POINT('',(4.85870201778,0.569797655404,28.286716301375
    ));
#3446 = VECTOR('',#3447,1.);
#3447 = DIRECTION('',(0.999371507025,-1.575777662417E-02,
    3.175347891459E-02));
#3448 = PCURVE('',#2272,#3449);
#3449 = DEFINITIONAL_REPRESENTATION('',(#3450),#3454);
#3450 = LINE('',#3451,#3452);
#3451 = CARTESIAN_POINT('',(0.706091501055,-12.82549969921));
#3452 = VECTOR('',#3453,1.);
#3453 = DIRECTION('',(1.,0.));
#3454 = ( GEOMETRIC_REPRESENTATION_CONTEXT(2) 
PARAMETRIC_REPRESENTATION_CONTEXT() REPRESENTATION_CONTEXT('2D SPACE',''
  ) );
#3455 = PCURVE('',#3369,#3456);
#3456 = DEFINITIONAL_REPRESENTATION('',(#3457),#3461);
#3457 = LINE('',#3458,#3459);
#3458 = CARTESIAN_POINT('',(0.,0.536548925795));
#3459 = VECTOR('',#3460,1.);
#3460 = DIRECTION('',(1.,0.));
#3461 = ( GEOMETRIC_REPRESENTATION_CONTEXT(2) 
PARAMETRIC_REPRESENTATION_CONTEXT() REPRESENTATION_CONTEXT('2D SPACE',''
  ) );
#3462 = ORIENTED_EDGE('',*,*,#3381,.F.);
#3463 = ORIENTED_EDGE('',*,*,#2228,.T.);
#3464 = ORIENTED_EDGE('',*,*,#3465,.T.);
#3465 = EDGE_CURVE('',#2229,#3409,#3466,.T.);
#3466 = SURFACE_CURVE('',#3467,(#3472,#3479),.PCURVE_S1.);
#3467 = HYPERBOLA('',#3468,1.622180511046,0.536548925795);
#3468 = AXIS2_PLACEMENT_3D('',#3469,#3470,#3471);
#3469 = CARTESIAN_POINT('',(-0.175528584609,0.649175825333,
    33.475889587998));
#3470 = DIRECTION('',(1.576572678917E-02,0.999875713206,0.));
#3471 = DIRECTION('',(0.,0.,-1.));
#3472 = PCURVE('',#2272,#3473);
#3473 = DEFINITIONAL_REPRESENTATION('',(#3474),#3478);
#3474 = ( BOUNDED_CURVE() B_SPLINE_CURVE(2,(#3475,#3476,#3477),
.UNSPECIFIED.,.F.,.F.) B_SPLINE_CURVE_WITH_KNOTS((3,3),(-3.028855139906,
-2.984141185618),.PIECEWISE_BEZIER_KNOTS.) CURVE() 
GEOMETRIC_REPRESENTATION_ITEM() RATIONAL_B_SPLINE_CURVE((1.,
1.000249927623,1.)) REPRESENTATION_ITEM('') );
#3475 = CARTESIAN_POINT('',(0.83527535246,-1.197358475534));
#3476 = CARTESIAN_POINT('',(0.722946704634,-1.575060702047));
#3477 = CARTESIAN_POINT('',(0.615501651287,-1.936168790299));
#3478 = ( GEOMETRIC_REPRESENTATION_CONTEXT(2) 
PARAMETRIC_REPRESENTATION_CONTEXT() REPRESENTATION_CONTEXT('2D SPACE',''
  ) );
#3479 = PCURVE('',#2315,#3480);
#3480 = DEFINITIONAL_REPRESENTATION('',(#3481),#3488);
#3481 = B_SPLINE_CURVE_WITH_KNOTS('',5,(#3482,#3483,#3484,#3485,#3486,
    #3487),.UNSPECIFIED.,.F.,.F.,(6,6),(-3.028855139906,-2.984141185618)
  ,.PIECEWISE_BEZIER_KNOTS.);
#3482 = CARTESIAN_POINT('',(-8.090024391909E-02,2.648023968568E-16));
#3483 = CARTESIAN_POINT('',(-8.176336761857E-02,-0.149602895654));
#3484 = CARTESIAN_POINT('',(-8.263609469202E-02,-0.297525613005));
#3485 = CARTESIAN_POINT('',(-8.351856626661E-02,-0.443793077584));
#3486 = CARTESIAN_POINT('',(-8.441092649041E-02,-0.58842965517));
#3487 = CARTESIAN_POINT('',(-8.531332265109E-02,-0.731459176147));
#3488 = ( GEOMETRIC_REPRESENTATION_CONTEXT(2) 
PARAMETRIC_REPRESENTATION_CONTEXT() REPRESENTATION_CONTEXT('2D SPACE',''
  ) );
#3489 = ADVANCED_FACE('',(#3490),#2315,.T.);
#3490 = FACE_BOUND('',#3491,.T.);
#3491 = EDGE_LOOP('',(#3492,#3493,#3494,#3521));
#3492 = ORIENTED_EDGE('',*,*,#3465,.F.);
#3493 = ORIENTED_EDGE('',*,*,#2298,.T.);
#3494 = ORIENTED_EDGE('',*,*,#3495,.T.);
#3495 = EDGE_CURVE('',#2299,#3496,#3498,.T.);
#3496 = VERTEX_POINT('',#3497);
#3497 = CARTESIAN_POINT('',(0.206357912393,5.415572856237,17.4));
#3498 = SURFACE_CURVE('',#3499,(#3504,#3514),.PCURVE_S1.);
#3499 = HYPERBOLA('',#3500,1.385217148889,0.458171435403);
#3500 = AXIS2_PLACEMENT_3D('',#3501,#3502,#3503);
#3501 = CARTESIAN_POINT('',(0.274146253134,0.11855653483,33.475889587998
    ));
#3502 = DIRECTION('',(-0.999918122599,-1.279640958147E-02,0.));
#3503 = DIRECTION('',(-0.,0.,-1.));
#3504 = PCURVE('',#2315,#3505);
#3505 = DEFINITIONAL_REPRESENTATION('',(#3506),#3513);
#3506 = B_SPLINE_CURVE_WITH_KNOTS('',5,(#3507,#3508,#3509,#3510,#3511,
    #3512),.UNSPECIFIED.,.F.,.F.,(6,6),(-3.187403987318,-3.142749481809)
  ,.PIECEWISE_BEZIER_KNOTS.);
#3507 = CARTESIAN_POINT('',(-1.501082144128,3.731976594742E-15));
#3508 = CARTESIAN_POINT('',(-1.500346082925,-0.149594098617));
#3509 = CARTESIAN_POINT('',(-1.499601832564,-0.297512483673));
#3510 = CARTESIAN_POINT('',(-1.498849272398,-0.443780013004));
#3511 = CARTESIAN_POINT('',(-1.498088279167,-0.588420987661));
#3512 = CARTESIAN_POINT('',(-1.497318726895,-0.731459176147));
#3513 = ( GEOMETRIC_REPRESENTATION_CONTEXT(2) 
PARAMETRIC_REPRESENTATION_CONTEXT() REPRESENTATION_CONTEXT('2D SPACE',''
  ) );
#3514 = PCURVE('',#2361,#3515);
#3515 = DEFINITIONAL_REPRESENTATION('',(#3516),#3520);
#3516 = ( BOUNDED_CURVE() B_SPLINE_CURVE(2,(#3517,#3518,#3519),
.UNSPECIFIED.,.F.,.F.) B_SPLINE_CURVE_WITH_KNOTS((3,3),(-3.187403987318,
-3.142749481809),.PIECEWISE_BEZIER_KNOTS.) CURVE() 
GEOMETRIC_REPRESENTATION_ITEM() RATIONAL_B_SPLINE_CURVE((1.,
1.000249263462,1.)) REPRESENTATION_ITEM('') );
#3517 = CARTESIAN_POINT('',(0.861570679002,-1.198828739117));
#3518 = CARTESIAN_POINT('',(0.755528926395,-1.578268461051));
#3519 = CARTESIAN_POINT('',(0.654096677407,-1.941081177464));
#3520 = ( GEOMETRIC_REPRESENTATION_CONTEXT(2) 
PARAMETRIC_REPRESENTATION_CONTEXT() REPRESENTATION_CONTEXT('2D SPACE',''
  ) );
#3521 = ORIENTED_EDGE('',*,*,#3522,.F.);
#3522 = EDGE_CURVE('',#3409,#3496,#3523,.T.);
#3523 = SURFACE_CURVE('',#3524,(#3529,#3536),.PCURVE_S1.);
#3524 = CIRCLE('',#3525,5.317226554569);
#3525 = AXIS2_PLACEMENT_3D('',#3526,#3527,#3528);
#3526 = CARTESIAN_POINT('',(-0.183987668382,0.112693585484,17.4));
#3527 = DIRECTION('',(0.,0.,1.));
#3528 = DIRECTION('',(1.,0.,-0.));
#3529 = PCURVE('',#2315,#3530);
#3530 = DEFINITIONAL_REPRESENTATION('',(#3531),#3535);
#3531 = LINE('',#3532,#3533);
#3532 = CARTESIAN_POINT('',(-0.,-0.731459176147));
#3533 = VECTOR('',#3534,1.);
#3534 = DIRECTION('',(-1.,-0.));
#3535 = ( GEOMETRIC_REPRESENTATION_CONTEXT(2) 
PARAMETRIC_REPRESENTATION_CONTEXT() REPRESENTATION_CONTEXT('2D SPACE',''
  ) );
#3536 = PCURVE('',#3428,#3537);
#3537 = DEFINITIONAL_REPRESENTATION('',(#3538),#3542);
#3538 = LINE('',#3539,#3540);
#3539 = CARTESIAN_POINT('',(-0.,-0.));
#3540 = VECTOR('',#3541,1.);
#3541 = DIRECTION('',(-1.,-0.));
#3542 = ( GEOMETRIC_REPRESENTATION_CONTEXT(2) 
PARAMETRIC_REPRESENTATION_CONTEXT() REPRESENTATION_CONTEXT('2D SPACE',''
  ) );
#3543 = ADVANCED_FACE('',(#3544),#2361,.F.);
#3544 = FACE_BOUND('',#3545,.F.);
#3545 = EDGE_LOOP('',(#3546,#3575,#3603,#3624,#3625));
#3546 = ORIENTED_EDGE('',*,*,#3547,.F.);
#3547 = EDGE_CURVE('',#3548,#3496,#3550,.T.);
#3548 = VERTEX_POINT('',#3549);
#3549 = CARTESIAN_POINT('',(0.208422812033,5.254220520785,28.19876437807
    ));
#3550 = SURFACE_CURVE('',#3551,(#3557,#3566),.PCURVE_S1.);
#3551 = B_SPLINE_CURVE_WITH_KNOTS('',4,(#3552,#3553,#3554,#3555,#3556),
  .UNSPECIFIED.,.F.,.F.,(5,5),(0.,1.),.PIECEWISE_BEZIER_KNOTS.);
#3552 = CARTESIAN_POINT('',(0.208461296279,5.251213341745,
    28.399999999901));
#3553 = CARTESIAN_POINT('',(0.207935385816,5.292308259737,
    25.650000040333));
#3554 = CARTESIAN_POINT('',(0.207409519724,5.333399710614,
    22.900000053026));
#3555 = CARTESIAN_POINT('',(0.206883695874,5.374487860619,
    20.150000039095));
#3556 = CARTESIAN_POINT('',(0.206357912393,5.415572856237,17.4));
#3557 = PCURVE('',#2361,#3558);
#3558 = DEFINITIONAL_REPRESENTATION('',(#3559),#3565);
#3559 = B_SPLINE_CURVE_WITH_KNOTS('',4,(#3560,#3561,#3562,#3563,#3564),
  .UNSPECIFIED.,.F.,.F.,(5,5),(0.,1.),.PIECEWISE_BEZIER_KNOTS.);
#3560 = CARTESIAN_POINT('',(1.016959690242,-12.93632328057));
#3561 = CARTESIAN_POINT('',(0.926248972963,-10.18751255368));
#3562 = CARTESIAN_POINT('',(0.835534790937,-7.438701965222));
#3563 = CARTESIAN_POINT('',(0.744817310286,-4.689891508336));
#3564 = CARTESIAN_POINT('',(0.654096677407,-1.941081177464));
#3565 = ( GEOMETRIC_REPRESENTATION_CONTEXT(2) 
PARAMETRIC_REPRESENTATION_CONTEXT() REPRESENTATION_CONTEXT('2D SPACE',''
  ) );
#3566 = PCURVE('',#3428,#3567);
#3567 = DEFINITIONAL_REPRESENTATION('',(#3568),#3574);
#3568 = B_SPLINE_CURVE_WITH_KNOTS('',4,(#3569,#3570,#3571,#3572,#3573),
  .UNSPECIFIED.,.F.,.F.,(5,5),(0.,1.),.PIECEWISE_BEZIER_KNOTS.);
#3569 = CARTESIAN_POINT('',(-1.494570371853,-11.));
#3570 = CARTESIAN_POINT('',(-1.495279377602,-8.250000040432));
#3571 = CARTESIAN_POINT('',(-1.495973305554,-5.500000052902));
#3572 = CARTESIAN_POINT('',(-1.496652876771,-2.750000039095));
#3573 = CARTESIAN_POINT('',(-1.497318726895,0.));
#3574 = ( GEOMETRIC_REPRESENTATION_CONTEXT(2) 
PARAMETRIC_REPRESENTATION_CONTEXT() REPRESENTATION_CONTEXT('2D SPACE',''
  ) );
#3575 = ORIENTED_EDGE('',*,*,#3576,.T.);
#3576 = EDGE_CURVE('',#3548,#3577,#3579,.T.);
#3577 = VERTEX_POINT('',#3578);
#3578 = CARTESIAN_POINT('',(0.205251258528,5.502047366786,
    28.210653227144));
#3579 = SURFACE_CURVE('',#3580,(#3584,#3591),.PCURVE_S1.);
#3580 = LINE('',#3581,#3582);
#3581 = CARTESIAN_POINT('',(0.213293856725,4.873594546542,
    28.180504835837));
#3582 = VECTOR('',#3583,1.);
#3583 = DIRECTION('',(-1.278171283312E-02,0.998769711014,
    4.791338204366E-02));
#3584 = PCURVE('',#2361,#3585);
#3585 = DEFINITIONAL_REPRESENTATION('',(#3586),#3590);
#3586 = LINE('',#3587,#3588);
#3587 = CARTESIAN_POINT('',(0.629226951231,-12.73517468306));
#3588 = VECTOR('',#3589,1.);
#3589 = DIRECTION('',(1.,0.));
#3590 = ( GEOMETRIC_REPRESENTATION_CONTEXT(2) 
PARAMETRIC_REPRESENTATION_CONTEXT() REPRESENTATION_CONTEXT('2D SPACE',''
  ) );
#3591 = PCURVE('',#3592,#3597);
#3592 = PLANE('',#3593);
#3593 = AXIS2_PLACEMENT_3D('',#3594,#3595,#3596);
#3594 = CARTESIAN_POINT('',(-0.244840064792,4.867731597196,
    28.180504835837));
#3595 = DIRECTION('',(6.131192610639E-04,-4.790945902046E-02,
    0.998851494378));
#3596 = DIRECTION('',(-1.278171283312E-02,0.998769711014,
    4.791338204366E-02));
#3597 = DEFINITIONAL_REPRESENTATION('',(#3598),#3602);
#3598 = LINE('',#3599,#3600);
#3599 = CARTESIAN_POINT('',(0.,-0.458171435403));
#3600 = VECTOR('',#3601,1.);
#3601 = DIRECTION('',(1.,0.));
#3602 = ( GEOMETRIC_REPRESENTATION_CONTEXT(2) 
PARAMETRIC_REPRESENTATION_CONTEXT() REPRESENTATION_CONTEXT('2D SPACE',''
  ) );
#3603 = ORIENTED_EDGE('',*,*,#3604,.F.);
#3604 = EDGE_CURVE('',#2328,#3577,#3605,.T.);
#3605 = SURFACE_CURVE('',#3606,(#3610,#3617),.PCURVE_S1.);
#3606 = LINE('',#3607,#3608);
#3607 = CARTESIAN_POINT('',(0.197443077636,6.112182696383,
    15.490104963796));
#3608 = VECTOR('',#3609,1.);
#3609 = DIRECTION('',(6.131192610639E-04,-4.790945902046E-02,
    0.998851494378));
#3610 = PCURVE('',#2361,#3611);
#3611 = DEFINITIONAL_REPRESENTATION('',(#3612),#3616);
#3612 = LINE('',#3613,#3614);
#3613 = CARTESIAN_POINT('',(1.258453902463,-3.469446951954E-17));
#3614 = VECTOR('',#3615,1.);
#3615 = DIRECTION('',(-4.010680676458E-15,-1.));
#3616 = ( GEOMETRIC_REPRESENTATION_CONTEXT(2) 
PARAMETRIC_REPRESENTATION_CONTEXT() REPRESENTATION_CONTEXT('2D SPACE',''
  ) );
#3617 = PCURVE('',#2452,#3618);
#3618 = DEFINITIONAL_REPRESENTATION('',(#3619),#3623);
#3619 = LINE('',#3620,#3621);
#3620 = CARTESIAN_POINT('',(-0.,0.));
#3621 = VECTOR('',#3622,1.);
#3622 = DIRECTION('',(-0.,-1.));
#3623 = ( GEOMETRIC_REPRESENTATION_CONTEXT(2) 
PARAMETRIC_REPRESENTATION_CONTEXT() REPRESENTATION_CONTEXT('2D SPACE',''
  ) );
#3624 = ORIENTED_EDGE('',*,*,#2327,.T.);
#3625 = ORIENTED_EDGE('',*,*,#3495,.T.);
#3626 = ADVANCED_FACE('',(#3627),#2452,.T.);
#3627 = FACE_BOUND('',#3628,.F.);
#3628 = EDGE_LOOP('',(#3629,#3630,#3631,#3655));
#3629 = ORIENTED_EDGE('',*,*,#2382,.T.);
#3630 = ORIENTED_EDGE('',*,*,#3604,.T.);
#3631 = ORIENTED_EDGE('',*,*,#3632,.T.);
#3632 = EDGE_CURVE('',#3577,#3633,#3635,.T.);
#3633 = VERTEX_POINT('',#3634);
#3634 = CARTESIAN_POINT('',(-0.711016584506,5.490321468094,
    28.210653227144));
#3635 = SURFACE_CURVE('',#3636,(#3641,#3648),.PCURVE_S1.);
#3636 = CIRCLE('',#3637,0.458171435403);
#3637 = AXIS2_PLACEMENT_3D('',#3638,#3639,#3640);
#3638 = CARTESIAN_POINT('',(-0.252882662989,5.49618441744,
    28.210653227144));
#3639 = DIRECTION('',(6.131192610639E-04,-4.790945902046E-02,
    0.998851494378));
#3640 = DIRECTION('',(0.999918122599,1.279640958147E-02,0.));
#3641 = PCURVE('',#2452,#3642);
#3642 = DEFINITIONAL_REPRESENTATION('',(#3643),#3647);
#3643 = LINE('',#3644,#3645);
#3644 = CARTESIAN_POINT('',(-0.,-12.73517468306));
#3645 = VECTOR('',#3646,1.);
#3646 = DIRECTION('',(-1.,0.));
#3647 = ( GEOMETRIC_REPRESENTATION_CONTEXT(2) 
PARAMETRIC_REPRESENTATION_CONTEXT() REPRESENTATION_CONTEXT('2D SPACE',''
  ) );
#3648 = PCURVE('',#3592,#3649);
#3649 = DEFINITIONAL_REPRESENTATION('',(#3650),#3654);
#3650 = CIRCLE('',#3651,0.458171435403);
#3651 = AXIS2_PLACEMENT_2D('',#3652,#3653);
#3652 = CARTESIAN_POINT('',(0.629226951231,0.));
#3653 = DIRECTION('',(0.,-1.));
#3654 = ( GEOMETRIC_REPRESENTATION_CONTEXT(2) 
PARAMETRIC_REPRESENTATION_CONTEXT() REPRESENTATION_CONTEXT('2D SPACE',''
  ) );
#3655 = ORIENTED_EDGE('',*,*,#3656,.F.);
#3656 = EDGE_CURVE('',#2383,#3633,#3657,.T.);
#3657 = SURFACE_CURVE('',#3658,(#3662,#3669),.PCURVE_S1.);
#3658 = LINE('',#3659,#3660);
#3659 = CARTESIAN_POINT('',(-0.718824765397,6.100456797691,
    15.490104963796));
#3660 = VECTOR('',#3661,1.);
#3661 = DIRECTION('',(6.131192610639E-04,-4.790945902046E-02,
    0.998851494378));
#3662 = PCURVE('',#2452,#3663);
#3663 = DEFINITIONAL_REPRESENTATION('',(#3664),#3668);
#3664 = LINE('',#3665,#3666);
#3665 = CARTESIAN_POINT('',(-3.14159265359,0.));
#3666 = VECTOR('',#3667,1.);
#3667 = DIRECTION('',(-0.,-1.));
#3668 = ( GEOMETRIC_REPRESENTATION_CONTEXT(2) 
PARAMETRIC_REPRESENTATION_CONTEXT() REPRESENTATION_CONTEXT('2D SPACE',''
  ) );
#3669 = PCURVE('',#2525,#3670);
#3670 = DEFINITIONAL_REPRESENTATION('',(#3671),#3675);
#3671 = LINE('',#3672,#3673);
#3672 = CARTESIAN_POINT('',(1.258453902463,-3.469446951954E-17));
#3673 = VECTOR('',#3674,1.);
#3674 = DIRECTION('',(-4.010680676458E-15,-1.));
#3675 = ( GEOMETRIC_REPRESENTATION_CONTEXT(2) 
PARAMETRIC_REPRESENTATION_CONTEXT() REPRESENTATION_CONTEXT('2D SPACE',''
  ) );
#3676 = ADVANCED_FACE('',(#3677),#2525,.T.);
#3677 = FACE_BOUND('',#3678,.T.);
#3678 = EDGE_LOOP('',(#3679,#3710,#3731,#3732,#3733));
#3679 = ORIENTED_EDGE('',*,*,#3680,.F.);
#3680 = EDGE_CURVE('',#3681,#3683,#3685,.T.);
#3681 = VERTEX_POINT('',#3682);
#3682 = CARTESIAN_POINT('',(-0.707845031001,5.242494622093,
    28.19876437807));
#3683 = VERTEX_POINT('',#3684);
#3684 = CARTESIAN_POINT('',(-0.709909930641,5.403846957546,17.4));
#3685 = SURFACE_CURVE('',#3686,(#3692,#3701),.PCURVE_S1.);
#3686 = B_SPLINE_CURVE_WITH_KNOTS('',4,(#3687,#3688,#3689,#3690,#3691),
  .UNSPECIFIED.,.F.,.F.,(5,5),(0.,1.),.PIECEWISE_BEZIER_KNOTS.);
#3687 = CARTESIAN_POINT('',(-0.707806546755,5.239487443053,
    28.399999999901));
#3688 = CARTESIAN_POINT('',(-0.708332457218,5.280582361045,
    25.650000040333));
#3689 = CARTESIAN_POINT('',(-0.70885832331,5.321673811922,
    22.900000053026));
#3690 = CARTESIAN_POINT('',(-0.709384147159,5.362761961927,
    20.150000039095));
#3691 = CARTESIAN_POINT('',(-0.709909930641,5.403846957546,17.4));
#3692 = PCURVE('',#2525,#3693);
#3693 = DEFINITIONAL_REPRESENTATION('',(#3694),#3700);
#3694 = B_SPLINE_CURVE_WITH_KNOTS('',4,(#3695,#3696,#3697,#3698,#3699),
  .UNSPECIFIED.,.F.,.F.,(5,5),(0.,1.),.PIECEWISE_BEZIER_KNOTS.);
#3695 = CARTESIAN_POINT('',(1.016959690242,-12.93632328057));
#3696 = CARTESIAN_POINT('',(0.926248972963,-10.18751255368));
#3697 = CARTESIAN_POINT('',(0.835534790937,-7.438701965222));
#3698 = CARTESIAN_POINT('',(0.744817310286,-4.689891508336));
#3699 = CARTESIAN_POINT('',(0.654096677407,-1.941081177464));
#3700 = ( GEOMETRIC_REPRESENTATION_CONTEXT(2) 
PARAMETRIC_REPRESENTATION_CONTEXT() REPRESENTATION_CONTEXT('2D SPACE',''
  ) );
#3701 = PCURVE('',#3428,#3702);
#3702 = DEFINITIONAL_REPRESENTATION('',(#3703),#3709);
#3703 = B_SPLINE_CURVE_WITH_KNOTS('',4,(#3704,#3705,#3706,#3707,#3708),
  .UNSPECIFIED.,.F.,.F.,(5,5),(0.,1.),.PIECEWISE_BEZIER_KNOTS.);
#3704 = CARTESIAN_POINT('',(-1.672615799414,-11.));
#3705 = CARTESIAN_POINT('',(-1.671906793665,-8.250000040432));
#3706 = CARTESIAN_POINT('',(-1.671212865712,-5.500000052902));
#3707 = CARTESIAN_POINT('',(-1.670533294496,-2.750000039095));
#3708 = CARTESIAN_POINT('',(-1.669867444372,0.));
#3709 = ( GEOMETRIC_REPRESENTATION_CONTEXT(2) 
PARAMETRIC_REPRESENTATION_CONTEXT() REPRESENTATION_CONTEXT('2D SPACE',''
  ) );
#3710 = ORIENTED_EDGE('',*,*,#3711,.T.);
#3711 = EDGE_CURVE('',#3681,#3633,#3712,.T.);
#3712 = SURFACE_CURVE('',#3713,(#3717,#3724),.PCURVE_S1.);
#3713 = LINE('',#3714,#3715);
#3714 = CARTESIAN_POINT('',(-0.702973986309,4.86186864785,
    28.180504835837));
#3715 = VECTOR('',#3716,1.);
#3716 = DIRECTION('',(-1.278171283312E-02,0.998769711014,
    4.791338204366E-02));
#3717 = PCURVE('',#2525,#3718);
#3718 = DEFINITIONAL_REPRESENTATION('',(#3719),#3723);
#3719 = LINE('',#3720,#3721);
#3720 = CARTESIAN_POINT('',(0.629226951231,-12.73517468306));
#3721 = VECTOR('',#3722,1.);
#3722 = DIRECTION('',(1.,0.));
#3723 = ( GEOMETRIC_REPRESENTATION_CONTEXT(2) 
PARAMETRIC_REPRESENTATION_CONTEXT() REPRESENTATION_CONTEXT('2D SPACE',''
  ) );
#3724 = PCURVE('',#3592,#3725);
#3725 = DEFINITIONAL_REPRESENTATION('',(#3726),#3730);
#3726 = LINE('',#3727,#3728);
#3727 = CARTESIAN_POINT('',(0.,0.458171435403));
#3728 = VECTOR('',#3729,1.);
#3729 = DIRECTION('',(1.,0.));
#3730 = ( GEOMETRIC_REPRESENTATION_CONTEXT(2) 
PARAMETRIC_REPRESENTATION_CONTEXT() REPRESENTATION_CONTEXT('2D SPACE',''
  ) );
#3731 = ORIENTED_EDGE('',*,*,#3656,.F.);
#3732 = ORIENTED_EDGE('',*,*,#2491,.T.);
#3733 = ORIENTED_EDGE('',*,*,#3734,.T.);
#3734 = EDGE_CURVE('',#2492,#3683,#3735,.T.);
#3735 = SURFACE_CURVE('',#3736,(#3741,#3748),.PCURVE_S1.);
#3736 = HYPERBOLA('',#3737,1.385217148889,0.458171435403);
#3737 = AXIS2_PLACEMENT_3D('',#3738,#3739,#3740);
#3738 = CARTESIAN_POINT('',(-0.642121589899,0.106830636138,
    33.475889587998));
#3739 = DIRECTION('',(-0.999918122599,-1.279640958147E-02,0.));
#3740 = DIRECTION('',(-0.,0.,-1.));
#3741 = PCURVE('',#2525,#3742);
#3742 = DEFINITIONAL_REPRESENTATION('',(#3743),#3747);
#3743 = ( BOUNDED_CURVE() B_SPLINE_CURVE(2,(#3744,#3745,#3746),
.UNSPECIFIED.,.F.,.F.) B_SPLINE_CURVE_WITH_KNOTS((3,3),(-3.187403987318,
-3.142749481809),.PIECEWISE_BEZIER_KNOTS.) CURVE() 
GEOMETRIC_REPRESENTATION_ITEM() RATIONAL_B_SPLINE_CURVE((1.,
1.000249263462,1.)) REPRESENTATION_ITEM('') );
#3744 = CARTESIAN_POINT('',(0.861570679002,-1.198828739116));
#3745 = CARTESIAN_POINT('',(0.755528926395,-1.578268461051));
#3746 = CARTESIAN_POINT('',(0.654096677407,-1.941081177464));
#3747 = ( GEOMETRIC_REPRESENTATION_CONTEXT(2) 
PARAMETRIC_REPRESENTATION_CONTEXT() REPRESENTATION_CONTEXT('2D SPACE',''
  ) );
#3748 = PCURVE('',#2563,#3749);
#3749 = DEFINITIONAL_REPRESENTATION('',(#3750),#3757);
#3750 = B_SPLINE_CURVE_WITH_KNOTS('',5,(#3751,#3752,#3753,#3754,#3755,
    #3756),.UNSPECIFIED.,.F.,.F.,(6,6),(-3.187403987318,-3.142749481809)
  ,.PIECEWISE_BEZIER_KNOTS.);
#3751 = CARTESIAN_POINT('',(-1.666104027138,7.199150792626E-15));
#3752 = CARTESIAN_POINT('',(-1.666840088342,-0.149594098617));
#3753 = CARTESIAN_POINT('',(-1.667584338703,-0.297512483673));
#3754 = CARTESIAN_POINT('',(-1.668336898869,-0.443780013004));
#3755 = CARTESIAN_POINT('',(-1.6690978921,-0.588420987661));
#3756 = CARTESIAN_POINT('',(-1.669867444372,-0.731459176147));
#3757 = ( GEOMETRIC_REPRESENTATION_CONTEXT(2) 
PARAMETRIC_REPRESENTATION_CONTEXT() REPRESENTATION_CONTEXT('2D SPACE',''
  ) );
#3758 = ADVANCED_FACE('',(#3759),#2563,.T.);
#3759 = FACE_BOUND('',#3760,.T.);
#3760 = EDGE_LOOP('',(#3761,#3762,#3763,#3790));
#3761 = ORIENTED_EDGE('',*,*,#3734,.F.);
#3762 = ORIENTED_EDGE('',*,*,#2546,.T.);
#3763 = ORIENTED_EDGE('',*,*,#3764,.T.);
#3764 = EDGE_CURVE('',#2547,#3765,#3767,.T.);
#3765 = VERTEX_POINT('',#3766);
#3766 = CARTESIAN_POINT('',(-5.457933716749,0.789739604254,17.4));
#3767 = SURFACE_CURVE('',#3768,(#3773,#3783),.PCURVE_S1.);
#3768 = HYPERBOLA('',#3769,1.880333104391,0.621934920576);
#3769 = AXIS2_PLACEMENT_3D('',#3770,#3771,#3772);
#3770 = CARTESIAN_POINT('',(-0.177492995081,0.734594594207,
    33.475889587998));
#3771 = DIRECTION('',(-1.044268955877E-02,-0.999945473631,0.));
#3772 = DIRECTION('',(-0.,0.,-1.));
#3773 = PCURVE('',#2563,#3774);
#3774 = DEFINITIONAL_REPRESENTATION('',(#3775),#3782);
#3775 = B_SPLINE_CURVE_WITH_KNOTS('',5,(#3776,#3777,#3778,#3779,#3780,
    #3781),.UNSPECIFIED.,.F.,.F.,(6,6),(-2.880370623735,-2.835580899299)
  ,.PIECEWISE_BEZIER_KNOTS.);
#3776 = CARTESIAN_POINT('',(-3.019039422112,-3.731976594742E-15));
#3777 = CARTESIAN_POINT('',(-3.018037246186,-0.149614124828));
#3778 = CARTESIAN_POINT('',(-3.017023918912,-0.297542372227));
#3779 = CARTESIAN_POINT('',(-3.015999276943,-0.443809754153));
#3780 = CARTESIAN_POINT('',(-3.014963153485,-0.588440719003));
#3781 = CARTESIAN_POINT('',(-3.013915378168,-0.731459176147));
#3782 = ( GEOMETRIC_REPRESENTATION_CONTEXT(2) 
PARAMETRIC_REPRESENTATION_CONTEXT() REPRESENTATION_CONTEXT('2D SPACE',''
  ) );
#3783 = PCURVE('',#2625,#3784);
#3784 = DEFINITIONAL_REPRESENTATION('',(#3785),#3789);
#3785 = ( BOUNDED_CURVE() B_SPLINE_CURVE(2,(#3786,#3787,#3788),
.UNSPECIFIED.,.F.,.F.) B_SPLINE_CURVE_WITH_KNOTS((3,3),(-2.880370623735,
-2.835580899299),.PIECEWISE_BEZIER_KNOTS.) CURVE() 
GEOMETRIC_REPRESENTATION_ITEM() RATIONAL_B_SPLINE_CURVE((1.,
1.000250775408,1.)) REPRESENTATION_ITEM('') );
#3786 = CARTESIAN_POINT('',(0.788702665443,-1.17846502148));
#3787 = CARTESIAN_POINT('',(0.664259334319,-1.552448644223));
#3788 = CARTESIAN_POINT('',(0.545231783468,-1.909945382565));
#3789 = ( GEOMETRIC_REPRESENTATION_CONTEXT(2) 
PARAMETRIC_REPRESENTATION_CONTEXT() REPRESENTATION_CONTEXT('2D SPACE',''
  ) );
#3790 = ORIENTED_EDGE('',*,*,#3791,.F.);
#3791 = EDGE_CURVE('',#3683,#3765,#3792,.T.);
#3792 = SURFACE_CURVE('',#3793,(#3798,#3805),.PCURVE_S1.);
#3793 = CIRCLE('',#3794,5.317226554569);
#3794 = AXIS2_PLACEMENT_3D('',#3795,#3796,#3797);
#3795 = CARTESIAN_POINT('',(-0.183987668382,0.112693585484,17.4));
#3796 = DIRECTION('',(0.,0.,1.));
#3797 = DIRECTION('',(1.,0.,-0.));
#3798 = PCURVE('',#2563,#3799);
#3799 = DEFINITIONAL_REPRESENTATION('',(#3800),#3804);
#3800 = LINE('',#3801,#3802);
#3801 = CARTESIAN_POINT('',(-0.,-0.731459176147));
#3802 = VECTOR('',#3803,1.);
#3803 = DIRECTION('',(-1.,-0.));
#3804 = ( GEOMETRIC_REPRESENTATION_CONTEXT(2) 
PARAMETRIC_REPRESENTATION_CONTEXT() REPRESENTATION_CONTEXT('2D SPACE',''
  ) );
#3805 = PCURVE('',#3428,#3806);
#3806 = DEFINITIONAL_REPRESENTATION('',(#3807),#3811);
#3807 = LINE('',#3808,#3809);
#3808 = CARTESIAN_POINT('',(-0.,-0.));
#3809 = VECTOR('',#3810,1.);
#3810 = DIRECTION('',(-1.,-0.));
#3811 = ( GEOMETRIC_REPRESENTATION_CONTEXT(2) 
PARAMETRIC_REPRESENTATION_CONTEXT() REPRESENTATION_CONTEXT('2D SPACE',''
  ) );
#3812 = ADVANCED_FACE('',(#3813),#2625,.F.);
#3813 = FACE_BOUND('',#3814,.F.);
#3814 = EDGE_LOOP('',(#3815,#3844,#3872,#3893,#3894));
#3815 = ORIENTED_EDGE('',*,*,#3816,.F.);
#3816 = EDGE_CURVE('',#3817,#3765,#3819,.T.);
#3817 = VERTEX_POINT('',#3818);
#3818 = CARTESIAN_POINT('',(-5.295391993759,0.788042138944,
    28.242641439133));
#3819 = SURFACE_CURVE('',#3820,(#3826,#3835),.PCURVE_S1.);
#3820 = B_SPLINE_CURVE_WITH_KNOTS('',4,(#3821,#3822,#3823,#3824,#3825),
  .UNSPECIFIED.,.F.,.F.,(5,5),(0.,1.),.PIECEWISE_BEZIER_KNOTS.);
#3821 = CARTESIAN_POINT('',(-5.293032499694,0.788017498136,
    28.399999999901));
#3822 = CARTESIAN_POINT('',(-5.33426718215,0.788448122605,
    25.650000075418));
#3823 = CARTESIAN_POINT('',(-5.37549541102,0.788878679677,22.90000009877
    ));
#3824 = CARTESIAN_POINT('',(-5.416717497806,0.789309172605,
    20.150000073353));
#3825 = CARTESIAN_POINT('',(-5.457933716743,0.789739604254,
    17.40000000044));
#3826 = PCURVE('',#2625,#3827);
#3827 = DEFINITIONAL_REPRESENTATION('',(#3828),#3834);
#3828 = B_SPLINE_CURVE_WITH_KNOTS('',4,(#3829,#3830,#3831,#3832,#3833),
  .UNSPECIFIED.,.F.,.F.,(5,5),(0.,1.),.PIECEWISE_BEZIER_KNOTS.);
#3829 = CARTESIAN_POINT('',(0.381278584223,-12.90995968816));
#3830 = CARTESIAN_POINT('',(0.422276262744,-10.15995618643));
#3831 = CARTESIAN_POINT('',(0.463267487323,-7.409952633111));
#3832 = CARTESIAN_POINT('',(0.504252569479,-4.659949031551));
#3833 = CARTESIAN_POINT('',(0.545231783461,-1.909945383005));
#3834 = ( GEOMETRIC_REPRESENTATION_CONTEXT(2) 
PARAMETRIC_REPRESENTATION_CONTEXT() REPRESENTATION_CONTEXT('2D SPACE',''
  ) );
#3835 = PCURVE('',#3428,#3836);
#3836 = DEFINITIONAL_REPRESENTATION('',(#3837),#3843);
#3837 = B_SPLINE_CURVE_WITH_KNOTS('',4,(#3838,#3839,#3840,#3841,#3842),
  .UNSPECIFIED.,.F.,.F.,(5,5),(0.,1.),.PIECEWISE_BEZIER_KNOTS.);
#3838 = CARTESIAN_POINT('',(-3.010172485548,-11.));
#3839 = CARTESIAN_POINT('',(-3.011138156897,-8.250000075517));
#3840 = CARTESIAN_POINT('',(-3.012083222513,-5.500000099196));
#3841 = CARTESIAN_POINT('',(-3.013008672267,-2.750000072913));
#3842 = CARTESIAN_POINT('',(-3.013915378168,0.));
#3843 = ( GEOMETRIC_REPRESENTATION_CONTEXT(2) 
PARAMETRIC_REPRESENTATION_CONTEXT() REPRESENTATION_CONTEXT('2D SPACE',''
  ) );
#3844 = ORIENTED_EDGE('',*,*,#3845,.T.);
#3845 = EDGE_CURVE('',#3817,#3846,#3848,.T.);
#3846 = VERTEX_POINT('',#3847);
#3847 = CARTESIAN_POINT('',(-6.035564081362,0.795771947753,
    28.242705838232));
#3848 = SURFACE_CURVE('',#3849,(#3853,#3860),.PCURVE_S1.);
#3849 = LINE('',#3850,#3851);
#3850 = CARTESIAN_POINT('',(-5.473676238805,0.789904007489,
    28.242656950857));
#3851 = VECTOR('',#3852,1.);
#3852 = DIRECTION('',(-0.999945469846,1.044268951925E-02,
    8.70008310264E-05));
#3853 = PCURVE('',#2625,#3854);
#3854 = DEFINITIONAL_REPRESENTATION('',(#3855),#3859);
#3855 = LINE('',#3856,#3857);
#3856 = CARTESIAN_POINT('',(0.561918484058,-12.75260092269));
#3857 = VECTOR('',#3858,1.);
#3858 = DIRECTION('',(1.,0.));
#3859 = ( GEOMETRIC_REPRESENTATION_CONTEXT(2) 
PARAMETRIC_REPRESENTATION_CONTEXT() REPRESENTATION_CONTEXT('2D SPACE',''
  ) );
#3860 = PCURVE('',#3861,#3866);
#3861 = PLANE('',#3862);
#3862 = AXIS2_PLACEMENT_3D('',#3863,#3864,#3865);
#3863 = CARTESIAN_POINT('',(-5.480170912106,0.168002998766,
    28.242656950857));
#3864 = DIRECTION('',(8.699608718697E-05,-9.085226697639E-07,
    0.999999996215));
#3865 = DIRECTION('',(-0.999945469846,1.044268951925E-02,
    8.70008310264E-05));
#3866 = DEFINITIONAL_REPRESENTATION('',(#3867),#3871);
#3867 = LINE('',#3868,#3869);
#3868 = CARTESIAN_POINT('',(0.,-0.621934920576));
#3869 = VECTOR('',#3870,1.);
#3870 = DIRECTION('',(1.,0.));
#3871 = ( GEOMETRIC_REPRESENTATION_CONTEXT(2) 
PARAMETRIC_REPRESENTATION_CONTEXT() REPRESENTATION_CONTEXT('2D SPACE',''
  ) );
#3872 = ORIENTED_EDGE('',*,*,#3873,.F.);
#3873 = EDGE_CURVE('',#2576,#3846,#3874,.T.);
#3874 = SURFACE_CURVE('',#3875,(#3879,#3886),.PCURVE_S1.);
#3875 = LINE('',#3876,#3877);
#3876 = CARTESIAN_POINT('',(-6.036673507743,0.79578353378,
    15.490104963796));
#3877 = VECTOR('',#3878,1.);
#3878 = DIRECTION('',(8.699608719057E-05,-9.085226698016E-07,
    0.999999996215));
#3879 = PCURVE('',#2625,#3880);
#3880 = DEFINITIONAL_REPRESENTATION('',(#3881),#3885);
#3881 = LINE('',#3882,#3883);
#3882 = CARTESIAN_POINT('',(1.123836968117,1.397292654845E-15));
#3883 = VECTOR('',#3884,1.);
#3884 = DIRECTION('',(-3.603779601125E-15,-1.));
#3885 = ( GEOMETRIC_REPRESENTATION_CONTEXT(2) 
PARAMETRIC_REPRESENTATION_CONTEXT() REPRESENTATION_CONTEXT('2D SPACE',''
  ) );
#3886 = PCURVE('',#2776,#3887);
#3887 = DEFINITIONAL_REPRESENTATION('',(#3888),#3892);
#3888 = LINE('',#3889,#3890);
#3889 = CARTESIAN_POINT('',(-0.,0.));
#3890 = VECTOR('',#3891,1.);
#3891 = DIRECTION('',(-0.,-1.));
#3892 = ( GEOMETRIC_REPRESENTATION_CONTEXT(2) 
PARAMETRIC_REPRESENTATION_CONTEXT() REPRESENTATION_CONTEXT('2D SPACE',''
  ) );
#3893 = ORIENTED_EDGE('',*,*,#2575,.T.);
#3894 = ORIENTED_EDGE('',*,*,#3764,.T.);
#3895 = ADVANCED_FACE('',(#3896),#2776,.T.);
#3896 = FACE_BOUND('',#3897,.F.);
#3897 = EDGE_LOOP('',(#3898,#3899,#3900,#3924));
#3898 = ORIENTED_EDGE('',*,*,#2654,.T.);
#3899 = ORIENTED_EDGE('',*,*,#3873,.T.);
#3900 = ORIENTED_EDGE('',*,*,#3901,.T.);
#3901 = EDGE_CURVE('',#3846,#3902,#3904,.T.);
#3902 = VERTEX_POINT('',#3903);
#3903 = CARTESIAN_POINT('',(-6.048553427964,-0.448030069693,
    28.242705838232));
#3904 = SURFACE_CURVE('',#3905,(#3910,#3917),.PCURVE_S1.);
#3905 = CIRCLE('',#3906,0.621934920576);
#3906 = AXIS2_PLACEMENT_3D('',#3907,#3908,#3909);
#3907 = CARTESIAN_POINT('',(-6.042058754663,0.17387093903,
    28.242705838232));
#3908 = DIRECTION('',(8.699608718697E-05,-9.085226697639E-07,
    0.999999996215));
#3909 = DIRECTION('',(1.044268955877E-02,0.999945473631,0.));
#3910 = PCURVE('',#2776,#3911);
#3911 = DEFINITIONAL_REPRESENTATION('',(#3912),#3916);
#3912 = LINE('',#3913,#3914);
#3913 = CARTESIAN_POINT('',(-0.,-12.75260092269));
#3914 = VECTOR('',#3915,1.);
#3915 = DIRECTION('',(-1.,0.));
#3916 = ( GEOMETRIC_REPRESENTATION_CONTEXT(2) 
PARAMETRIC_REPRESENTATION_CONTEXT() REPRESENTATION_CONTEXT('2D SPACE',''
  ) );
#3917 = PCURVE('',#3861,#3918);
#3918 = DEFINITIONAL_REPRESENTATION('',(#3919),#3923);
#3919 = CIRCLE('',#3920,0.621934920576);
#3920 = AXIS2_PLACEMENT_2D('',#3921,#3922);
#3921 = CARTESIAN_POINT('',(0.561918484058,0.));
#3922 = DIRECTION('',(0.,-1.));
#3923 = ( GEOMETRIC_REPRESENTATION_CONTEXT(2) 
PARAMETRIC_REPRESENTATION_CONTEXT() REPRESENTATION_CONTEXT('2D SPACE',''
  ) );
#3924 = ORIENTED_EDGE('',*,*,#3925,.F.);
#3925 = EDGE_CURVE('',#2655,#3902,#3926,.T.);
#3926 = SURFACE_CURVE('',#3927,(#3931,#3938),.PCURVE_S1.);
#3927 = LINE('',#3928,#3929);
#3928 = CARTESIAN_POINT('',(-6.049662854346,-0.448018483666,
    15.490104963796));
#3929 = VECTOR('',#3930,1.);
#3930 = DIRECTION('',(8.699608719057E-05,-9.085226698016E-07,
    0.999999996215));
#3931 = PCURVE('',#2776,#3932);
#3932 = DEFINITIONAL_REPRESENTATION('',(#3933),#3937);
#3933 = LINE('',#3934,#3935);
#3934 = CARTESIAN_POINT('',(-3.14159265359,0.));
#3935 = VECTOR('',#3936,1.);
#3936 = DIRECTION('',(-0.,-1.));
#3937 = ( GEOMETRIC_REPRESENTATION_CONTEXT(2) 
PARAMETRIC_REPRESENTATION_CONTEXT() REPRESENTATION_CONTEXT('2D SPACE',''
  ) );
#3938 = PCURVE('',#2891,#3939);
#3939 = DEFINITIONAL_REPRESENTATION('',(#3940),#3944);
#3940 = LINE('',#3941,#3942);
#3941 = CARTESIAN_POINT('',(1.123836968117,1.397292654845E-15));
#3942 = VECTOR('',#3943,1.);
#3943 = DIRECTION('',(-3.603779601125E-15,-1.));
#3944 = ( GEOMETRIC_REPRESENTATION_CONTEXT(2) 
PARAMETRIC_REPRESENTATION_CONTEXT() REPRESENTATION_CONTEXT('2D SPACE',''
  ) );
#3945 = ADVANCED_FACE('',(#3946),#2891,.T.);
#3946 = FACE_BOUND('',#3947,.T.);
#3947 = EDGE_LOOP('',(#3948,#3979,#4000,#4001,#4002));
#3948 = ORIENTED_EDGE('',*,*,#3949,.F.);
#3949 = EDGE_CURVE('',#3950,#3952,#3954,.T.);
#3950 = VERTEX_POINT('',#3951);
#3951 = CARTESIAN_POINT('',(-5.308381340361,-0.455759878502,
    28.242641439133));
#3952 = VERTEX_POINT('',#3953);
#3953 = CARTESIAN_POINT('',(-5.470923063352,-0.454062413192,17.4));
#3954 = SURFACE_CURVE('',#3955,(#3961,#3970),.PCURVE_S1.);
#3955 = B_SPLINE_CURVE_WITH_KNOTS('',4,(#3956,#3957,#3958,#3959,#3960),
  .UNSPECIFIED.,.F.,.F.,(5,5),(0.,1.),.PIECEWISE_BEZIER_KNOTS.);
#3956 = CARTESIAN_POINT('',(-5.306021846296,-0.45578451931,
    28.399999999901));
#3957 = CARTESIAN_POINT('',(-5.347256528753,-0.455353894841,
    25.650000075418));
#3958 = CARTESIAN_POINT('',(-5.388484757623,-0.45492333777,
    22.90000009877));
#3959 = CARTESIAN_POINT('',(-5.429706844409,-0.454492844841,
    20.150000073353));
#3960 = CARTESIAN_POINT('',(-5.470923063345,-0.454062413192,
    17.40000000044));
#3961 = PCURVE('',#2891,#3962);
#3962 = DEFINITIONAL_REPRESENTATION('',(#3963),#3969);
#3963 = B_SPLINE_CURVE_WITH_KNOTS('',4,(#3964,#3965,#3966,#3967,#3968),
  .UNSPECIFIED.,.F.,.F.,(5,5),(0.,1.),.PIECEWISE_BEZIER_KNOTS.);
#3964 = CARTESIAN_POINT('',(0.381278584223,-12.90995968816));
#3965 = CARTESIAN_POINT('',(0.422276262744,-10.15995618643));
#3966 = CARTESIAN_POINT('',(0.463267487323,-7.409952633111));
#3967 = CARTESIAN_POINT('',(0.504252569479,-4.659949031551));
#3968 = CARTESIAN_POINT('',(0.545231783461,-1.909945383005));
#3969 = ( GEOMETRIC_REPRESENTATION_CONTEXT(2) 
PARAMETRIC_REPRESENTATION_CONTEXT() REPRESENTATION_CONTEXT('2D SPACE',''
  ) );
#3970 = PCURVE('',#3428,#3971);
#3971 = DEFINITIONAL_REPRESENTATION('',(#3972),#3978);
#3972 = B_SPLINE_CURVE_WITH_KNOTS('',4,(#3973,#3974,#3975,#3976,#3977),
  .UNSPECIFIED.,.F.,.F.,(5,5),(0.,1.),.PIECEWISE_BEZIER_KNOTS.);
#3973 = CARTESIAN_POINT('',(-3.252127062904,-11.));
#3974 = CARTESIAN_POINT('',(-3.251161391555,-8.250000075517));
#3975 = CARTESIAN_POINT('',(-3.25021632594,-5.500000099196));
#3976 = CARTESIAN_POINT('',(-3.249290876185,-2.750000072913));
#3977 = CARTESIAN_POINT('',(-3.248384170285,0.));
#3978 = ( GEOMETRIC_REPRESENTATION_CONTEXT(2) 
PARAMETRIC_REPRESENTATION_CONTEXT() REPRESENTATION_CONTEXT('2D SPACE',''
  ) );
#3979 = ORIENTED_EDGE('',*,*,#3980,.T.);
#3980 = EDGE_CURVE('',#3950,#3902,#3981,.T.);
#3981 = SURFACE_CURVE('',#3982,(#3986,#3993),.PCURVE_S1.);
#3982 = LINE('',#3983,#3984);
#3983 = CARTESIAN_POINT('',(-5.486665585407,-0.453898009957,
    28.242656950857));
#3984 = VECTOR('',#3985,1.);
#3985 = DIRECTION('',(-0.999945469846,1.044268951925E-02,
    8.70008310264E-05));
#3986 = PCURVE('',#2891,#3987);
#3987 = DEFINITIONAL_REPRESENTATION('',(#3988),#3992);
#3988 = LINE('',#3989,#3990);
#3989 = CARTESIAN_POINT('',(0.561918484058,-12.75260092269));
#3990 = VECTOR('',#3991,1.);
#3991 = DIRECTION('',(1.,0.));
#3992 = ( GEOMETRIC_REPRESENTATION_CONTEXT(2) 
PARAMETRIC_REPRESENTATION_CONTEXT() REPRESENTATION_CONTEXT('2D SPACE',''
  ) );
#3993 = PCURVE('',#3861,#3994);
#3994 = DEFINITIONAL_REPRESENTATION('',(#3995),#3999);
#3995 = LINE('',#3996,#3997);
#3996 = CARTESIAN_POINT('',(0.,0.621934920576));
#3997 = VECTOR('',#3998,1.);
#3998 = DIRECTION('',(1.,0.));
#3999 = ( GEOMETRIC_REPRESENTATION_CONTEXT(2) 
PARAMETRIC_REPRESENTATION_CONTEXT() REPRESENTATION_CONTEXT('2D SPACE',''
  ) );
#4000 = ORIENTED_EDGE('',*,*,#3925,.F.);
#4001 = ORIENTED_EDGE('',*,*,#2841,.T.);
#4002 = ORIENTED_EDGE('',*,*,#4003,.T.);
#4003 = EDGE_CURVE('',#2842,#3952,#4004,.T.);
#4004 = SURFACE_CURVE('',#4005,(#4010,#4017),.PCURVE_S1.);
#4005 = HYPERBOLA('',#4006,1.880333104391,0.621934920576);
#4006 = AXIS2_PLACEMENT_3D('',#4007,#4008,#4009);
#4007 = CARTESIAN_POINT('',(-0.190482341684,-0.509207423239,
    33.475889587998));
#4008 = DIRECTION('',(-1.044268955877E-02,-0.999945473631,0.));
#4009 = DIRECTION('',(-0.,0.,-1.));
#4010 = PCURVE('',#2891,#4011);
#4011 = DEFINITIONAL_REPRESENTATION('',(#4012),#4016);
#4012 = ( BOUNDED_CURVE() B_SPLINE_CURVE(2,(#4013,#4014,#4015),
.UNSPECIFIED.,.F.,.F.) B_SPLINE_CURVE_WITH_KNOTS((3,3),(-2.880370623735,
-2.835580899299),.PIECEWISE_BEZIER_KNOTS.) CURVE() 
GEOMETRIC_REPRESENTATION_ITEM() RATIONAL_B_SPLINE_CURVE((1.,
1.000250775408,1.)) REPRESENTATION_ITEM('') );
#4013 = CARTESIAN_POINT('',(0.788702665443,-1.17846502148));
#4014 = CARTESIAN_POINT('',(0.664259334319,-1.552448644222));
#4015 = CARTESIAN_POINT('',(0.545231783468,-1.909945382565));
#4016 = ( GEOMETRIC_REPRESENTATION_CONTEXT(2) 
PARAMETRIC_REPRESENTATION_CONTEXT() REPRESENTATION_CONTEXT('2D SPACE',''
  ) );
#4017 = PCURVE('',#2937,#4018);
#4018 = DEFINITIONAL_REPRESENTATION('',(#4019),#4026);
#4019 = B_SPLINE_CURVE_WITH_KNOTS('',5,(#4020,#4021,#4022,#4023,#4024,
    #4025),.UNSPECIFIED.,.F.,.F.,(6,6),(-2.880370623735,-2.835580899299)
  ,.PIECEWISE_BEZIER_KNOTS.);
#4020 = CARTESIAN_POINT('',(-3.24326012634,-2.648023968568E-16));
#4021 = CARTESIAN_POINT('',(-3.244262302267,-0.149614124828));
#4022 = CARTESIAN_POINT('',(-3.245275629541,-0.297542372227));
#4023 = CARTESIAN_POINT('',(-3.246300271509,-0.443809754153));
#4024 = CARTESIAN_POINT('',(-3.247336394967,-0.588440719003));
#4025 = CARTESIAN_POINT('',(-3.248384170285,-0.731459176147));
#4026 = ( GEOMETRIC_REPRESENTATION_CONTEXT(2) 
PARAMETRIC_REPRESENTATION_CONTEXT() REPRESENTATION_CONTEXT('2D SPACE',''
  ) );
#4027 = ADVANCED_FACE('',(#4028),#2937,.T.);
#4028 = FACE_BOUND('',#4029,.T.);
#4029 = EDGE_LOOP('',(#4030,#4031,#4058,#4080));
#4030 = ORIENTED_EDGE('',*,*,#2920,.T.);
#4031 = ORIENTED_EDGE('',*,*,#4032,.T.);
#4032 = EDGE_CURVE('',#2921,#4033,#4035,.T.);
#4033 = VERTEX_POINT('',#4034);
#4034 = CARTESIAN_POINT('',(-0.731134089579,-5.176307173297,17.4));
#4035 = SURFACE_CURVE('',#4036,(#4041,#4051),.PCURVE_S1.);
#4036 = HYPERBOLA('',#4037,1.545568420984,0.511208876185);
#4037 = AXIS2_PLACEMENT_3D('',#4038,#4039,#4040);
#4038 = CARTESIAN_POINT('',(-0.695184751743,0.116165912382,
    33.475889587998));
#4039 = DIRECTION('',(0.999976931495,-6.792383816809E-03,0.));
#4040 = DIRECTION('',(0.,-0.,-1.));
#4041 = PCURVE('',#2937,#4042);
#4042 = DEFINITIONAL_REPRESENTATION('',(#4043),#4050);
#4043 = B_SPLINE_CURVE_WITH_KNOTS('',5,(#4044,#4045,#4046,#4047,#4048,
    #4049),.UNSPECIFIED.,.F.,.F.,(6,6),(-3.07745084585,-3.032757163287),
  .PIECEWISE_BEZIER_KNOTS.);
#4044 = CARTESIAN_POINT('',(-4.613508549949,3.996778991598E-15));
#4045 = CARTESIAN_POINT('',(-4.612686562551,-0.149599894596));
#4046 = CARTESIAN_POINT('',(-4.611855429657,-0.29752113401));
#4047 = CARTESIAN_POINT('',(-4.611015016754,-0.443788620679));
#4048 = CARTESIAN_POINT('',(-4.610165186436,-0.5884266983));
#4049 = CARTESIAN_POINT('',(-4.609305798294,-0.731459176147));
#4050 = ( GEOMETRIC_REPRESENTATION_CONTEXT(2) 
PARAMETRIC_REPRESENTATION_CONTEXT() REPRESENTATION_CONTEXT('2D SPACE',''
  ) );
#4051 = PCURVE('',#2983,#4052);
#4052 = DEFINITIONAL_REPRESENTATION('',(#4053),#4057);
#4053 = ( BOUNDED_CURVE() B_SPLINE_CURVE(2,(#4054,#4055,#4056),
.UNSPECIFIED.,.F.,.F.) B_SPLINE_CURVE_WITH_KNOTS((3,3),(-3.07745084585,
-3.032757163287),.PIECEWISE_BEZIER_KNOTS.) CURVE() 
GEOMETRIC_REPRESENTATION_ITEM() RATIONAL_B_SPLINE_CURVE((1.,
1.000249701049,1.)) REPRESENTATION_ITEM('') );
#4054 = CARTESIAN_POINT('',(0.821952887345,-1.187698149382));
#4055 = CARTESIAN_POINT('',(0.704720985124,-1.563881371275));
#4056 = CARTESIAN_POINT('',(0.592588397817,-1.92355107377));
#4057 = ( GEOMETRIC_REPRESENTATION_CONTEXT(2) 
PARAMETRIC_REPRESENTATION_CONTEXT() REPRESENTATION_CONTEXT('2D SPACE',''
  ) );
#4058 = ORIENTED_EDGE('',*,*,#4059,.F.);
#4059 = EDGE_CURVE('',#3952,#4033,#4060,.T.);
#4060 = SURFACE_CURVE('',#4061,(#4066,#4073),.PCURVE_S1.);
#4061 = CIRCLE('',#4062,5.317226554569);
#4062 = AXIS2_PLACEMENT_3D('',#4063,#4064,#4065);
#4063 = CARTESIAN_POINT('',(-0.183987668382,0.112693585484,17.4));
#4064 = DIRECTION('',(0.,0.,1.));
#4065 = DIRECTION('',(1.,0.,-0.));
#4066 = PCURVE('',#2937,#4067);
#4067 = DEFINITIONAL_REPRESENTATION('',(#4068),#4072);
#4068 = LINE('',#4069,#4070);
#4069 = CARTESIAN_POINT('',(-0.,-0.731459176147));
#4070 = VECTOR('',#4071,1.);
#4071 = DIRECTION('',(-1.,-0.));
#4072 = ( GEOMETRIC_REPRESENTATION_CONTEXT(2) 
PARAMETRIC_REPRESENTATION_CONTEXT() REPRESENTATION_CONTEXT('2D SPACE',''
  ) );
#4073 = PCURVE('',#3428,#4074);
#4074 = DEFINITIONAL_REPRESENTATION('',(#4075),#4079);
#4075 = LINE('',#4076,#4077);
#4076 = CARTESIAN_POINT('',(-0.,-0.));
#4077 = VECTOR('',#4078,1.);
#4078 = DIRECTION('',(-1.,-0.));
#4079 = ( GEOMETRIC_REPRESENTATION_CONTEXT(2) 
PARAMETRIC_REPRESENTATION_CONTEXT() REPRESENTATION_CONTEXT('2D SPACE',''
  ) );
#4080 = ORIENTED_EDGE('',*,*,#4003,.F.);
#4081 = ADVANCED_FACE('',(#4082),#2983,.F.);
#4082 = FACE_BOUND('',#4083,.F.);
#4083 = EDGE_LOOP('',(#4084,#4113,#4141,#4162,#4163));
#4084 = ORIENTED_EDGE('',*,*,#4085,.F.);
#4085 = EDGE_CURVE('',#4086,#4033,#4088,.T.);
#4086 = VERTEX_POINT('',#4087);
#4087 = CARTESIAN_POINT('',(-0.730041118142,-5.015399566615,
    28.158193973233));
#4088 = SURFACE_CURVE('',#4089,(#4095,#4104),.PCURVE_S1.);
#4089 = B_SPLINE_CURVE_WITH_KNOTS('',4,(#4090,#4091,#4092,#4093,#4094),
  .UNSPECIFIED.,.F.,.F.,(5,5),(0.,1.),.PIECEWISE_BEZIER_KNOTS.);
#4090 = CARTESIAN_POINT('',(-0.730016548267,-5.011782381645,
    28.399999999901));
#4091 = CARTESIAN_POINT('',(-0.730295976333,-5.052919871555,
    25.650000050477));
#4092 = CARTESIAN_POINT('',(-0.730575374994,-5.094053032279,
    22.900000066084));
#4093 = CARTESIAN_POINT('',(-0.730854745661,-5.135182071781,
    20.150000049237));
#4094 = CARTESIAN_POINT('',(-0.731134089579,-5.176307173291,
    17.40000000044));
#4095 = PCURVE('',#2983,#4096);
#4096 = DEFINITIONAL_REPRESENTATION('',(#4097),#4103);
#4097 = B_SPLINE_CURVE_WITH_KNOTS('',4,(#4098,#4099,#4100,#4101,#4102),
  .UNSPECIFIED.,.F.,.F.,(5,5),(0.,1.),.PIECEWISE_BEZIER_KNOTS.);
#4098 = CARTESIAN_POINT('',(0.632700491085,-12.92470831625));
#4099 = CARTESIAN_POINT('',(0.622678759762,-10.17441893913));
#4100 = CARTESIAN_POINT('',(0.612652699251,-7.42412960758));
#4101 = CARTESIAN_POINT('',(0.602622517533,-4.673840320241));
#4102 = CARTESIAN_POINT('',(0.592588397818,-1.92355107421));
#4103 = ( GEOMETRIC_REPRESENTATION_CONTEXT(2) 
PARAMETRIC_REPRESENTATION_CONTEXT() REPRESENTATION_CONTEXT('2D SPACE',''
  ) );
#4104 = PCURVE('',#3428,#4105);
#4105 = DEFINITIONAL_REPRESENTATION('',(#4106),#4112);
#4106 = B_SPLINE_CURVE_WITH_KNOTS('',4,(#4107,#4108,#4109,#4110,#4111),
  .UNSPECIFIED.,.F.,.F.,(5,5),(0.,1.),.PIECEWISE_BEZIER_KNOTS.);
#4107 = CARTESIAN_POINT('',(-4.606236392524,-11.));
#4108 = CARTESIAN_POINT('',(-4.607028244969,-8.250000050576));
#4109 = CARTESIAN_POINT('',(-4.607803241266,-5.50000006651));
#4110 = CARTESIAN_POINT('',(-4.608562188575,-2.750000048797));
#4111 = CARTESIAN_POINT('',(-4.609305798294,0.));
#4112 = ( GEOMETRIC_REPRESENTATION_CONTEXT(2) 
PARAMETRIC_REPRESENTATION_CONTEXT() REPRESENTATION_CONTEXT('2D SPACE',''
  ) );
#4113 = ORIENTED_EDGE('',*,*,#4114,.T.);
#4114 = EDGE_CURVE('',#4086,#4115,#4117,.T.);
#4115 = VERTEX_POINT('',#4116);
#4116 = CARTESIAN_POINT('',(-0.734638964852,-5.692296038915,
    28.170787468574));
#4117 = SURFACE_CURVE('',#4118,(#4122,#4129),.PCURVE_S1.);
#4118 = LINE('',#4119,#4120);
#4119 = CARTESIAN_POINT('',(-0.730194633247,-5.038000109839,
    28.158614450879));
#4120 = VECTOR('',#4121,1.);
#4121 = DIRECTION('',(-6.791208628304E-03,-0.999803919865,
    1.86011103941E-02));
#4122 = PCURVE('',#2983,#4123);
#4123 = DEFINITIONAL_REPRESENTATION('',(#4124),#4128);
#4124 = LINE('',#4125,#4126);
#4125 = CARTESIAN_POINT('',(0.65442424867,-12.68287684059));
#4126 = VECTOR('',#4127,1.);
#4127 = DIRECTION('',(1.,0.));
#4128 = ( GEOMETRIC_REPRESENTATION_CONTEXT(2) 
PARAMETRIC_REPRESENTATION_CONTEXT() REPRESENTATION_CONTEXT('2D SPACE',''
  ) );
#4129 = PCURVE('',#4130,#4135);
#4130 = PLANE('',#4131);
#4131 = AXIS2_PLACEMENT_3D('',#4132,#4133,#4134);
#4132 = CARTESIAN_POINT('',(-0.218997549886,-5.041472436737,
    28.158614450879));
#4133 = DIRECTION('',(1.263458812155E-04,1.860068129429E-02,
    0.999826984379));
#4134 = DIRECTION('',(-6.791208628304E-03,-0.999803919865,
    1.86011103941E-02));
#4135 = DEFINITIONAL_REPRESENTATION('',(#4136),#4140);
#4136 = LINE('',#4137,#4138);
#4137 = CARTESIAN_POINT('',(0.,-0.511208876185));
#4138 = VECTOR('',#4139,1.);
#4139 = DIRECTION('',(1.,0.));
#4140 = ( GEOMETRIC_REPRESENTATION_CONTEXT(2) 
PARAMETRIC_REPRESENTATION_CONTEXT() REPRESENTATION_CONTEXT('2D SPACE',''
  ) );
#4141 = ORIENTED_EDGE('',*,*,#4142,.F.);
#4142 = EDGE_CURVE('',#2950,#4115,#4143,.T.);
#4143 = SURFACE_CURVE('',#4144,(#4148,#4155),.PCURVE_S1.);
#4144 = LINE('',#4145,#4146);
#4145 = CARTESIAN_POINT('',(-0.736241394102,-5.928206188921,
    15.490104963796));
#4146 = VECTOR('',#4147,1.);
#4147 = DIRECTION('',(1.263458812156E-04,1.860068129429E-02,
    0.999826984379));
#4148 = PCURVE('',#2983,#4149);
#4149 = DEFINITIONAL_REPRESENTATION('',(#4150),#4154);
#4150 = LINE('',#4151,#4152);
#4151 = CARTESIAN_POINT('',(1.308848497341,-3.608224830032E-16));
#4152 = VECTOR('',#4153,1.);
#4153 = DIRECTION('',(-3.719247132494E-15,-1.));
#4154 = ( GEOMETRIC_REPRESENTATION_CONTEXT(2) 
PARAMETRIC_REPRESENTATION_CONTEXT() REPRESENTATION_CONTEXT('2D SPACE',''
  ) );
#4155 = PCURVE('',#3114,#4156);
#4156 = DEFINITIONAL_REPRESENTATION('',(#4157),#4161);
#4157 = LINE('',#4158,#4159);
#4158 = CARTESIAN_POINT('',(-0.,0.));
#4159 = VECTOR('',#4160,1.);
#4160 = DIRECTION('',(-0.,-1.));
#4161 = ( GEOMETRIC_REPRESENTATION_CONTEXT(2) 
PARAMETRIC_REPRESENTATION_CONTEXT() REPRESENTATION_CONTEXT('2D SPACE',''
  ) );
#4162 = ORIENTED_EDGE('',*,*,#2949,.T.);
#4163 = ORIENTED_EDGE('',*,*,#4032,.T.);
#4164 = ADVANCED_FACE('',(#4165),#3114,.T.);
#4165 = FACE_BOUND('',#4166,.F.);
#4166 = EDGE_LOOP('',(#4167,#4168,#4169,#4193));
#4167 = ORIENTED_EDGE('',*,*,#3004,.T.);
#4168 = ORIENTED_EDGE('',*,*,#4142,.T.);
#4169 = ORIENTED_EDGE('',*,*,#4170,.T.);
#4170 = EDGE_CURVE('',#4115,#4171,#4173,.T.);
#4171 = VERTEX_POINT('',#4172);
#4172 = CARTESIAN_POINT('',(0.28775520187,-5.69924069271,28.170787468574
    ));
#4173 = SURFACE_CURVE('',#4174,(#4179,#4186),.PCURVE_S1.);
#4174 = CIRCLE('',#4175,0.511208876185);
#4175 = AXIS2_PLACEMENT_3D('',#4176,#4177,#4178);
#4176 = CARTESIAN_POINT('',(-0.223441881491,-5.695768365812,
    28.170787468574));
#4177 = DIRECTION('',(1.263458812155E-04,1.860068129429E-02,
    0.999826984379));
#4178 = DIRECTION('',(-0.999976931495,6.792383816809E-03,0.));
#4179 = PCURVE('',#3114,#4180);
#4180 = DEFINITIONAL_REPRESENTATION('',(#4181),#4185);
#4181 = LINE('',#4182,#4183);
#4182 = CARTESIAN_POINT('',(-0.,-12.68287684059));
#4183 = VECTOR('',#4184,1.);
#4184 = DIRECTION('',(-1.,0.));
#4185 = ( GEOMETRIC_REPRESENTATION_CONTEXT(2) 
PARAMETRIC_REPRESENTATION_CONTEXT() REPRESENTATION_CONTEXT('2D SPACE',''
  ) );
#4186 = PCURVE('',#4130,#4187);
#4187 = DEFINITIONAL_REPRESENTATION('',(#4188),#4192);
#4188 = CIRCLE('',#4189,0.511208876185);
#4189 = AXIS2_PLACEMENT_2D('',#4190,#4191);
#4190 = CARTESIAN_POINT('',(0.654424248671,0.));
#4191 = DIRECTION('',(0.,-1.));
#4192 = ( GEOMETRIC_REPRESENTATION_CONTEXT(2) 
PARAMETRIC_REPRESENTATION_CONTEXT() REPRESENTATION_CONTEXT('2D SPACE',''
  ) );
#4193 = ORIENTED_EDGE('',*,*,#4194,.F.);
#4194 = EDGE_CURVE('',#3005,#4171,#4195,.T.);
#4195 = SURFACE_CURVE('',#4196,(#4200,#4207),.PCURVE_S1.);
#4196 = LINE('',#4197,#4198);
#4197 = CARTESIAN_POINT('',(0.28615277262,-5.935150842716,
    15.490104963796));
#4198 = VECTOR('',#4199,1.);
#4199 = DIRECTION('',(1.263458812156E-04,1.860068129429E-02,
    0.999826984379));
#4200 = PCURVE('',#3114,#4201);
#4201 = DEFINITIONAL_REPRESENTATION('',(#4202),#4206);
#4202 = LINE('',#4203,#4204);
#4203 = CARTESIAN_POINT('',(-3.14159265359,0.));
#4204 = VECTOR('',#4205,1.);
#4205 = DIRECTION('',(-0.,-1.));
#4206 = ( GEOMETRIC_REPRESENTATION_CONTEXT(2) 
PARAMETRIC_REPRESENTATION_CONTEXT() REPRESENTATION_CONTEXT('2D SPACE',''
  ) );
#4207 = PCURVE('',#3207,#4208);
#4208 = DEFINITIONAL_REPRESENTATION('',(#4209),#4213);
#4209 = LINE('',#4210,#4211);
#4210 = CARTESIAN_POINT('',(1.308848497341,-3.608224830032E-16));
#4211 = VECTOR('',#4212,1.);
#4212 = DIRECTION('',(-3.719247132494E-15,-1.));
#4213 = ( GEOMETRIC_REPRESENTATION_CONTEXT(2) 
PARAMETRIC_REPRESENTATION_CONTEXT() REPRESENTATION_CONTEXT('2D SPACE',''
  ) );
#4214 = ADVANCED_FACE('',(#4215),#3207,.T.);
#4215 = FACE_BOUND('',#4216,.T.);
#4216 = EDGE_LOOP('',(#4217,#4248,#4269,#4270,#4271));
#4217 = ORIENTED_EDGE('',*,*,#4218,.F.);
#4218 = EDGE_CURVE('',#4219,#4221,#4223,.T.);
#4219 = VERTEX_POINT('',#4220);
#4220 = CARTESIAN_POINT('',(0.29235304858,-5.02234422041,28.158193973233
    ));
#4221 = VERTEX_POINT('',#4222);
#4222 = CARTESIAN_POINT('',(0.291260077143,-5.183251827092,17.4));
#4223 = SURFACE_CURVE('',#4224,(#4230,#4239),.PCURVE_S1.);
#4224 = B_SPLINE_CURVE_WITH_KNOTS('',4,(#4225,#4226,#4227,#4228,#4229),
  .UNSPECIFIED.,.F.,.F.,(5,5),(0.,1.),.PIECEWISE_BEZIER_KNOTS.);
#4225 = CARTESIAN_POINT('',(0.292377618455,-5.01872703544,
    28.399999999901));
#4226 = CARTESIAN_POINT('',(0.292098190389,-5.059864525351,
    25.650000050477));
#4227 = CARTESIAN_POINT('',(0.291818791728,-5.100997686074,
    22.900000066084));
#4228 = CARTESIAN_POINT('',(0.291539421061,-5.142126725576,
    20.150000049237));
#4229 = CARTESIAN_POINT('',(0.291260077143,-5.183251827086,
    17.40000000044));
#4230 = PCURVE('',#3207,#4231);
#4231 = DEFINITIONAL_REPRESENTATION('',(#4232),#4238);
#4232 = B_SPLINE_CURVE_WITH_KNOTS('',4,(#4233,#4234,#4235,#4236,#4237),
  .UNSPECIFIED.,.F.,.F.,(5,5),(0.,1.),.PIECEWISE_BEZIER_KNOTS.);
#4233 = CARTESIAN_POINT('',(0.632700491085,-12.92470831625));
#4234 = CARTESIAN_POINT('',(0.622678759762,-10.17441893913));
#4235 = CARTESIAN_POINT('',(0.612652699251,-7.42412960758));
#4236 = CARTESIAN_POINT('',(0.602622517533,-4.673840320241));
#4237 = CARTESIAN_POINT('',(0.592588397818,-1.92355107421));
#4238 = ( GEOMETRIC_REPRESENTATION_CONTEXT(2) 
PARAMETRIC_REPRESENTATION_CONTEXT() REPRESENTATION_CONTEXT('2D SPACE',''
  ) );
#4239 = PCURVE('',#3428,#4240);
#4240 = DEFINITIONAL_REPRESENTATION('',(#4241),#4247);
#4241 = B_SPLINE_CURVE_WITH_KNOTS('',4,(#4242,#4243,#4244,#4245,#4246),
  .UNSPECIFIED.,.F.,.F.,(5,5),(0.,1.),.PIECEWISE_BEZIER_KNOTS.);
#4242 = CARTESIAN_POINT('',(-4.80495669615,-11.));
#4243 = CARTESIAN_POINT('',(-4.804164843706,-8.250000050576));
#4244 = CARTESIAN_POINT('',(-4.803389847408,-5.500000066511));
#4245 = CARTESIAN_POINT('',(-4.8026309001,-2.750000048797));
#4246 = CARTESIAN_POINT('',(-4.801887290381,0.));
#4247 = ( GEOMETRIC_REPRESENTATION_CONTEXT(2) 
PARAMETRIC_REPRESENTATION_CONTEXT() REPRESENTATION_CONTEXT('2D SPACE',''
  ) );
#4248 = ORIENTED_EDGE('',*,*,#4249,.T.);
#4249 = EDGE_CURVE('',#4219,#4171,#4250,.T.);
#4250 = SURFACE_CURVE('',#4251,(#4255,#4262),.PCURVE_S1.);
#4251 = LINE('',#4252,#4253);
#4252 = CARTESIAN_POINT('',(0.292199533474,-5.044944763634,
    28.158614450879));
#4253 = VECTOR('',#4254,1.);
#4254 = DIRECTION('',(-6.791208628304E-03,-0.999803919865,
    1.86011103941E-02));
#4255 = PCURVE('',#3207,#4256);
#4256 = DEFINITIONAL_REPRESENTATION('',(#4257),#4261);
#4257 = LINE('',#4258,#4259);
#4258 = CARTESIAN_POINT('',(0.65442424867,-12.68287684059));
#4259 = VECTOR('',#4260,1.);
#4260 = DIRECTION('',(1.,0.));
#4261 = ( GEOMETRIC_REPRESENTATION_CONTEXT(2) 
PARAMETRIC_REPRESENTATION_CONTEXT() REPRESENTATION_CONTEXT('2D SPACE',''
  ) );
#4262 = PCURVE('',#4130,#4263);
#4263 = DEFINITIONAL_REPRESENTATION('',(#4264),#4268);
#4264 = LINE('',#4265,#4266);
#4265 = CARTESIAN_POINT('',(0.,0.511208876185));
#4266 = VECTOR('',#4267,1.);
#4267 = DIRECTION('',(1.,0.));
#4268 = ( GEOMETRIC_REPRESENTATION_CONTEXT(2) 
PARAMETRIC_REPRESENTATION_CONTEXT() REPRESENTATION_CONTEXT('2D SPACE',''
  ) );
#4269 = ORIENTED_EDGE('',*,*,#4194,.F.);
#4270 = ORIENTED_EDGE('',*,*,#3173,.T.);
#4271 = ORIENTED_EDGE('',*,*,#4272,.T.);
#4272 = EDGE_CURVE('',#3174,#4221,#4273,.T.);
#4273 = SURFACE_CURVE('',#4274,(#4279,#4286),.PCURVE_S1.);
#4274 = HYPERBOLA('',#4275,1.545568420984,0.511208876185);
#4275 = AXIS2_PLACEMENT_3D('',#4276,#4277,#4278);
#4276 = CARTESIAN_POINT('',(0.327209414979,0.109221258586,
    33.475889587998));
#4277 = DIRECTION('',(0.999976931495,-6.792383816809E-03,0.));
#4278 = DIRECTION('',(0.,-0.,-1.));
#4279 = PCURVE('',#3207,#4280);
#4280 = DEFINITIONAL_REPRESENTATION('',(#4281),#4285);
#4281 = ( BOUNDED_CURVE() B_SPLINE_CURVE(2,(#4282,#4283,#4284),
.UNSPECIFIED.,.F.,.F.) B_SPLINE_CURVE_WITH_KNOTS((3,3),(-3.07745084585,
-3.032757163287),.PIECEWISE_BEZIER_KNOTS.) CURVE() 
GEOMETRIC_REPRESENTATION_ITEM() RATIONAL_B_SPLINE_CURVE((1.,
1.000249701049,1.)) REPRESENTATION_ITEM('') );
#4282 = CARTESIAN_POINT('',(0.821952887345,-1.187698149382));
#4283 = CARTESIAN_POINT('',(0.704720985124,-1.563881371275));
#4284 = CARTESIAN_POINT('',(0.592588397817,-1.92355107377));
#4285 = ( GEOMETRIC_REPRESENTATION_CONTEXT(2) 
PARAMETRIC_REPRESENTATION_CONTEXT() REPRESENTATION_CONTEXT('2D SPACE',''
  ) );
#4286 = PCURVE('',#3245,#4287);
#4287 = DEFINITIONAL_REPRESENTATION('',(#4288),#4295);
#4288 = B_SPLINE_CURVE_WITH_KNOTS('',5,(#4289,#4290,#4291,#4292,#4293,
    #4294),.UNSPECIFIED.,.F.,.F.,(6,6),(-3.07745084585,-3.032757163287),
  .PIECEWISE_BEZIER_KNOTS.);
#4289 = CARTESIAN_POINT('',(-4.797684538726,2.648023968568E-16));
#4290 = CARTESIAN_POINT('',(-4.798506526124,-0.149599894596));
#4291 = CARTESIAN_POINT('',(-4.799337659017,-0.29752113401));
#4292 = CARTESIAN_POINT('',(-4.800178071921,-0.443788620679));
#4293 = CARTESIAN_POINT('',(-4.801027902239,-0.5884266983));
#4294 = CARTESIAN_POINT('',(-4.801887290381,-0.731459176147));
#4295 = ( GEOMETRIC_REPRESENTATION_CONTEXT(2) 
PARAMETRIC_REPRESENTATION_CONTEXT() REPRESENTATION_CONTEXT('2D SPACE',''
  ) );
#4296 = ADVANCED_FACE('',(#4297),#3245,.T.);
#4297 = FACE_BOUND('',#4298,.T.);
#4298 = EDGE_LOOP('',(#4299,#4300,#4327,#4349));
#4299 = ORIENTED_EDGE('',*,*,#3228,.T.);
#4300 = ORIENTED_EDGE('',*,*,#4301,.T.);
#4301 = EDGE_CURVE('',#3229,#4302,#4304,.T.);
#4302 = VERTEX_POINT('',#4303);
#4303 = CARTESIAN_POINT('',(5.096982099801,-0.50719071029,17.4));
#4304 = SURFACE_CURVE('',#4305,(#4310,#4320),.PCURVE_S1.);
#4305 = HYPERBOLA('',#4306,1.622180511046,0.536548925795);
#4306 = AXIS2_PLACEMENT_3D('',#4307,#4308,#4309);
#4307 = CARTESIAN_POINT('',(-0.192446752155,-0.423788654365,
    33.475889587998));
#4308 = DIRECTION('',(1.576572678917E-02,0.999875713206,0.));
#4309 = DIRECTION('',(0.,0.,-1.));
#4310 = PCURVE('',#3245,#4311);
#4311 = DEFINITIONAL_REPRESENTATION('',(#4312),#4319);
#4312 = B_SPLINE_CURVE_WITH_KNOTS('',5,(#4313,#4314,#4315,#4316,#4317,
    #4318),.UNSPECIFIED.,.F.,.F.,(6,6),(-3.028855139906,-2.984141185618)
  ,.PIECEWISE_BEZIER_KNOTS.);
#4313 = CARTESIAN_POINT('',(-6.170752303303,-3.467174197885E-15));
#4314 = CARTESIAN_POINT('',(-6.169889179603,-0.149602895654));
#4315 = CARTESIAN_POINT('',(-6.16901645253,-0.297525613005));
#4316 = CARTESIAN_POINT('',(-6.168133980955,-0.443793077584));
#4317 = CARTESIAN_POINT('',(-6.167241620731,-0.58842965517));
#4318 = CARTESIAN_POINT('',(-6.166339224571,-0.731459176147));
#4319 = ( GEOMETRIC_REPRESENTATION_CONTEXT(2) 
PARAMETRIC_REPRESENTATION_CONTEXT() REPRESENTATION_CONTEXT('2D SPACE',''
  ) );
#4320 = PCURVE('',#3299,#4321);
#4321 = DEFINITIONAL_REPRESENTATION('',(#4322),#4326);
#4322 = ( BOUNDED_CURVE() B_SPLINE_CURVE(2,(#4323,#4324,#4325),
.UNSPECIFIED.,.F.,.F.) B_SPLINE_CURVE_WITH_KNOTS((3,3),(-3.028855139906,
-2.984141185618),.PIECEWISE_BEZIER_KNOTS.) CURVE() 
GEOMETRIC_REPRESENTATION_ITEM() RATIONAL_B_SPLINE_CURVE((1.,
1.000249927623,1.)) REPRESENTATION_ITEM('') );
#4323 = CARTESIAN_POINT('',(0.83527535246,-1.197358475534));
#4324 = CARTESIAN_POINT('',(0.722946704634,-1.575060702047));
#4325 = CARTESIAN_POINT('',(0.615501651287,-1.936168790299));
#4326 = ( GEOMETRIC_REPRESENTATION_CONTEXT(2) 
PARAMETRIC_REPRESENTATION_CONTEXT() REPRESENTATION_CONTEXT('2D SPACE',''
  ) );
#4327 = ORIENTED_EDGE('',*,*,#4328,.F.);
#4328 = EDGE_CURVE('',#4221,#4302,#4329,.T.);
#4329 = SURFACE_CURVE('',#4330,(#4335,#4342),.PCURVE_S1.);
#4330 = CIRCLE('',#4331,5.317226554569);
#4331 = AXIS2_PLACEMENT_3D('',#4332,#4333,#4334);
#4332 = CARTESIAN_POINT('',(-0.183987668382,0.112693585484,17.4));
#4333 = DIRECTION('',(0.,0.,1.));
#4334 = DIRECTION('',(1.,0.,-0.));
#4335 = PCURVE('',#3245,#4336);
#4336 = DEFINITIONAL_REPRESENTATION('',(#4337),#4341);
#4337 = LINE('',#4338,#4339);
#4338 = CARTESIAN_POINT('',(-0.,-0.731459176147));
#4339 = VECTOR('',#4340,1.);
#4340 = DIRECTION('',(-1.,-0.));
#4341 = ( GEOMETRIC_REPRESENTATION_CONTEXT(2) 
PARAMETRIC_REPRESENTATION_CONTEXT() REPRESENTATION_CONTEXT('2D SPACE',''
  ) );
#4342 = PCURVE('',#3428,#4343);
#4343 = DEFINITIONAL_REPRESENTATION('',(#4344),#4348);
#4344 = LINE('',#4345,#4346);
#4345 = CARTESIAN_POINT('',(-0.,-0.));
#4346 = VECTOR('',#4347,1.);
#4347 = DIRECTION('',(-1.,-0.));
#4348 = ( GEOMETRIC_REPRESENTATION_CONTEXT(2) 
PARAMETRIC_REPRESENTATION_CONTEXT() REPRESENTATION_CONTEXT('2D SPACE',''
  ) );
#4349 = ORIENTED_EDGE('',*,*,#4272,.F.);
#4350 = ADVANCED_FACE('',(#4351),#3299,.F.);
#4351 = FACE_BOUND('',#4352,.F.);
#4352 = EDGE_LOOP('',(#4353,#4382,#4403,#4404,#4405));
#4353 = ORIENTED_EDGE('',*,*,#4354,.F.);
#4354 = EDGE_CURVE('',#4355,#4302,#4357,.T.);
#4355 = VERTEX_POINT('',#4356);
#4356 = CARTESIAN_POINT('',(4.934044870848,-0.504621567144,
    28.289647752144));
#4357 = SURFACE_CURVE('',#4358,(#4364,#4373),.PCURVE_S1.);
#4358 = B_SPLINE_CURVE_WITH_KNOTS('',4,(#4359,#4360,#4361,#4362,#4363),
  .UNSPECIFIED.,.F.,.F.,(5,5),(0.,1.),.PIECEWISE_BEZIER_KNOTS.);
#4359 = CARTESIAN_POINT('',(4.932393438014,-0.504595527869,
    28.399999999901));
#4360 = CARTESIAN_POINT('',(4.973547544283,-0.505244432915,
    25.650000055716));
#4361 = CARTESIAN_POINT('',(5.014696874794,-0.505893262658,
    22.900000072951));
#4362 = CARTESIAN_POINT('',(5.055841659199,-0.50654202072,
    20.150000054304));
#4363 = CARTESIAN_POINT('',(5.096982099795,-0.50719071029,17.40000000044
    ));
#4364 = PCURVE('',#3299,#4365);
#4365 = DEFINITIONAL_REPRESENTATION('',(#4366),#4372);
#4366 = B_SPLINE_CURVE_WITH_KNOTS('',4,(#4367,#4368,#4369,#4370,#4371),
  .UNSPECIFIED.,.F.,.F.,(5,5),(0.,1.),.PIECEWISE_BEZIER_KNOTS.);
#4367 = CARTESIAN_POINT('',(0.80026380607,-12.93584874503));
#4368 = CARTESIAN_POINT('',(0.754080207331,-10.18592859168));
#4369 = CARTESIAN_POINT('',(0.707891833423,-7.436008551449));
#4370 = CARTESIAN_POINT('',(0.661698913997,-4.68608861972));
#4371 = CARTESIAN_POINT('',(0.615501651295,-1.936168790739));
#4372 = ( GEOMETRIC_REPRESENTATION_CONTEXT(2) 
PARAMETRIC_REPRESENTATION_CONTEXT() REPRESENTATION_CONTEXT('2D SPACE',''
  ) );
#4373 = PCURVE('',#3428,#4374);
#4374 = DEFINITIONAL_REPRESENTATION('',(#4375),#4381);
#4375 = B_SPLINE_CURVE_WITH_KNOTS('',4,(#4376,#4377,#4378,#4379,#4380),
  .UNSPECIFIED.,.F.,.F.,(5,5),(0.,1.),.PIECEWISE_BEZIER_KNOTS.);
#4376 = CARTESIAN_POINT('',(-6.1631160944,-11.));
#4377 = CARTESIAN_POINT('',(-6.16394761795,-8.250000055815));
#4378 = CARTESIAN_POINT('',(-6.164761431887,-5.500000073378));
#4379 = CARTESIAN_POINT('',(-6.165558384812,-2.750000053864));
#4380 = CARTESIAN_POINT('',(-6.166339224571,0.));
#4381 = ( GEOMETRIC_REPRESENTATION_CONTEXT(2) 
PARAMETRIC_REPRESENTATION_CONTEXT() REPRESENTATION_CONTEXT('2D SPACE',''
  ) );
#4382 = ORIENTED_EDGE('',*,*,#4383,.T.);
#4383 = EDGE_CURVE('',#4355,#3330,#4384,.T.);
#4384 = SURFACE_CURVE('',#4385,(#4389,#4396),.PCURVE_S1.);
#4385 = LINE('',#4386,#4387);
#4386 = CARTESIAN_POINT('',(4.841783850234,-0.503166824294,
    28.286716301375));
#4387 = VECTOR('',#4388,1.);
#4388 = DIRECTION('',(0.999371507025,-1.575777662417E-02,
    3.175347891459E-02));
#4389 = PCURVE('',#3299,#4390);
#4390 = DEFINITIONAL_REPRESENTATION('',(#4391),#4395);
#4391 = LINE('',#4392,#4393);
#4392 = CARTESIAN_POINT('',(0.706091501055,-12.82549969921));
#4393 = VECTOR('',#4394,1.);
#4394 = DIRECTION('',(1.,0.));
#4395 = ( GEOMETRIC_REPRESENTATION_CONTEXT(2) 
PARAMETRIC_REPRESENTATION_CONTEXT() REPRESENTATION_CONTEXT('2D SPACE',''
  ) );
#4396 = PCURVE('',#3369,#4397);
#4397 = DEFINITIONAL_REPRESENTATION('',(#4398),#4402);
#4398 = LINE('',#4399,#4400);
#4399 = CARTESIAN_POINT('',(0.,-0.536548925795));
#4400 = VECTOR('',#4401,1.);
#4401 = DIRECTION('',(1.,0.));
#4402 = ( GEOMETRIC_REPRESENTATION_CONTEXT(2) 
PARAMETRIC_REPRESENTATION_CONTEXT() REPRESENTATION_CONTEXT('2D SPACE',''
  ) );
#4403 = ORIENTED_EDGE('',*,*,#3329,.F.);
#4404 = ORIENTED_EDGE('',*,*,#3257,.T.);
#4405 = ORIENTED_EDGE('',*,*,#4301,.T.);
#4406 = ADVANCED_FACE('',(#4407),#3369,.T.);
#4407 = FACE_BOUND('',#4408,.T.);
#4408 = EDGE_LOOP('',(#4409,#4436,#4437,#4438,#4439));
#4409 = ORIENTED_EDGE('',*,*,#4410,.F.);
#4410 = EDGE_CURVE('',#4355,#4411,#4413,.T.);
#4411 = VERTEX_POINT('',#4412);
#4412 = CARTESIAN_POINT('',(4.971126466466,0.112693585484,
    28.290516475276));
#4413 = SURFACE_CURVE('',#4414,(#4419,#4426),.PCURVE_S1.);
#4414 = ELLIPSE('',#4415,5.160154994006,5.157552311829);
#4415 = AXIS2_PLACEMENT_3D('',#4416,#4417,#4418);
#4416 = CARTESIAN_POINT('',(-0.186426421803,0.112732038983,
    28.126683947975));
#4417 = DIRECTION('',(-3.174953237649E-02,5.00616673173E-04,
    0.999495731145));
#4418 = DIRECTION('',(-0.999371507025,1.575777662417E-02,
    -3.175347891459E-02));
#4419 = PCURVE('',#3369,#4420);
#4420 = DEFINITIONAL_REPRESENTATION('',(#4421),#4425);
#4421 = ELLIPSE('',#4422,5.160154994006,5.157552311829);
#4422 = AXIS2_PLACEMENT_2D('',#4423,#4424);
#4423 = CARTESIAN_POINT('',(-5.039836857872,-2.775557561563E-17));
#4424 = DIRECTION('',(-1.,0.));
#4425 = ( GEOMETRIC_REPRESENTATION_CONTEXT(2) 
PARAMETRIC_REPRESENTATION_CONTEXT() REPRESENTATION_CONTEXT('2D SPACE',''
  ) );
#4426 = PCURVE('',#3428,#4427);
#4427 = DEFINITIONAL_REPRESENTATION('',(#4428),#4435);
#4428 = B_SPLINE_CURVE_WITH_KNOTS('',5,(#4429,#4430,#4431,#4432,#4433,
    #4434),.UNSPECIFIED.,.F.,.F.,(6,6),(3.016428063201,3.157351579566),
  .PIECEWISE_BEZIER_KNOTS.);
#4429 = CARTESIAN_POINT('',(-6.142195285841,-10.88925502162));
#4430 = CARTESIAN_POINT('',(-6.170393216718,-10.88983154173));
#4431 = CARTESIAN_POINT('',(-6.198591206272,-10.89024663338));
#4432 = CARTESIAN_POINT('',(-6.226789232597,-10.89049934219));
#4433 = CARTESIAN_POINT('',(-6.254987273592,-10.89058924926));
#4434 = CARTESIAN_POINT('',(-6.28318530718,-10.89051647527));
#4435 = ( GEOMETRIC_REPRESENTATION_CONTEXT(2) 
PARAMETRIC_REPRESENTATION_CONTEXT() REPRESENTATION_CONTEXT('2D SPACE',''
  ) );
#4436 = ORIENTED_EDGE('',*,*,#4383,.T.);
#4437 = ORIENTED_EDGE('',*,*,#3352,.T.);
#4438 = ORIENTED_EDGE('',*,*,#3442,.F.);
#4439 = ORIENTED_EDGE('',*,*,#4440,.F.);
#4440 = EDGE_CURVE('',#4411,#3407,#4441,.T.);
#4441 = SURFACE_CURVE('',#4442,(#4447,#4454),.PCURVE_S1.);
#4442 = ELLIPSE('',#4443,5.160154994006,5.157552311829);
#4443 = AXIS2_PLACEMENT_3D('',#4444,#4445,#4446);
#4444 = CARTESIAN_POINT('',(-0.186426421803,0.112732038983,
    28.126683947975));
#4445 = DIRECTION('',(-3.174953237649E-02,5.00616673173E-04,
    0.999495731145));
#4446 = DIRECTION('',(-0.999371507025,1.575777662417E-02,
    -3.175347891459E-02));
#4447 = PCURVE('',#3369,#4448);
#4448 = DEFINITIONAL_REPRESENTATION('',(#4449),#4453);
#4449 = ELLIPSE('',#4450,5.160154994006,5.157552311829);
#4450 = AXIS2_PLACEMENT_2D('',#4451,#4452);
#4451 = CARTESIAN_POINT('',(-5.039836857872,-2.775557561563E-17));
#4452 = DIRECTION('',(-1.,0.));
#4453 = ( GEOMETRIC_REPRESENTATION_CONTEXT(2) 
PARAMETRIC_REPRESENTATION_CONTEXT() REPRESENTATION_CONTEXT('2D SPACE',''
  ) );
#4454 = PCURVE('',#3428,#4455);
#4455 = DEFINITIONAL_REPRESENTATION('',(#4456),#4463);
#4456 = B_SPLINE_CURVE_WITH_KNOTS('',5,(#4457,#4458,#4459,#4460,#4461,
    #4462),.UNSPECIFIED.,.F.,.F.,(6,6),(3.157351579566,3.266757243979),
  .PIECEWISE_BEZIER_KNOTS.);
#4457 = CARTESIAN_POINT('',(0.,-10.89051647527));
#4458 = CARTESIAN_POINT('',(-2.189148184343E-02,-10.89045997735));
#4459 = CARTESIAN_POINT('',(-4.378295922262E-02,-10.89030542894));
#4460 = CARTESIAN_POINT('',(-6.567442180751E-02,-10.89005288636));
#4461 = CARTESIAN_POINT('',(-8.756585927697E-02,-10.88970260175));
#4462 = CARTESIAN_POINT('',(-0.109457261381,-10.88925502162));
#4463 = ( GEOMETRIC_REPRESENTATION_CONTEXT(2) 
PARAMETRIC_REPRESENTATION_CONTEXT() REPRESENTATION_CONTEXT('2D SPACE',''
  ) );
#4464 = ADVANCED_FACE('',(#4465),#3428,.T.);
#4465 = FACE_BOUND('',#4466,.T.);
#4466 = EDGE_LOOP('',(#4467,#4468,#4469,#4470,#4495,#4496,#4497,#4498,
    #4523,#4524,#4525,#4526,#4551,#4552,#4553,#4554,#4555,#4578,#4605,
    #4606));
#4467 = ORIENTED_EDGE('',*,*,#3406,.T.);
#4468 = ORIENTED_EDGE('',*,*,#3522,.T.);
#4469 = ORIENTED_EDGE('',*,*,#3547,.F.);
#4470 = ORIENTED_EDGE('',*,*,#4471,.T.);
#4471 = EDGE_CURVE('',#3548,#3681,#4472,.T.);
#4472 = SURFACE_CURVE('',#4473,(#4478,#4488),.PCURVE_S1.);
#4473 = ELLIPSE('',#4474,5.166083210727,5.160148619649);
#4474 = AXIS2_PLACEMENT_3D('',#4475,#4476,#4477);
#4475 = CARTESIAN_POINT('',(-0.1839405192,0.109009323745,27.952217498112
    ));
#4476 = DIRECTION('',(6.131192610639E-04,-4.790945902046E-02,
    0.998851494378));
#4477 = DIRECTION('',(1.278171283312E-02,-0.998769711014,
    -4.791338204366E-02));
#4478 = PCURVE('',#3428,#4479);
#4479 = DEFINITIONAL_REPRESENTATION('',(#4480),#4487);
#4480 = B_SPLINE_CURVE_WITH_KNOTS('',5,(#4481,#4482,#4483,#4484,#4485,
    #4486),.UNSPECIFIED.,.F.,.F.,(6,6),(3.0348415892,3.248343717979),
  .PIECEWISE_BEZIER_KNOTS.);
#4481 = CARTESIAN_POINT('',(-1.476765914172,-10.79833298681));
#4482 = CARTESIAN_POINT('',(-1.519496666905,-10.79945914001));
#4483 = CARTESIAN_POINT('',(-1.562227593283,-10.80002435785));
#4484 = CARTESIAN_POINT('',(-1.604958577984,-10.80002435785));
#4485 = CARTESIAN_POINT('',(-1.647689504362,-10.79945914001));
#4486 = CARTESIAN_POINT('',(-1.690420257095,-10.79833298681));
#4487 = ( GEOMETRIC_REPRESENTATION_CONTEXT(2) 
PARAMETRIC_REPRESENTATION_CONTEXT() REPRESENTATION_CONTEXT('2D SPACE',''
  ) );
#4488 = PCURVE('',#3592,#4489);
#4489 = DEFINITIONAL_REPRESENTATION('',(#4490),#4494);
#4490 = ELLIPSE('',#4491,5.166083210727,5.160148619649);
#4491 = AXIS2_PLACEMENT_2D('',#4492,#4493);
#4492 = CARTESIAN_POINT('',(-4.76458408878,2.775557561563E-17));
#4493 = DIRECTION('',(-1.,0.));
#4494 = ( GEOMETRIC_REPRESENTATION_CONTEXT(2) 
PARAMETRIC_REPRESENTATION_CONTEXT() REPRESENTATION_CONTEXT('2D SPACE',''
  ) );
#4495 = ORIENTED_EDGE('',*,*,#3680,.T.);
#4496 = ORIENTED_EDGE('',*,*,#3791,.T.);
#4497 = ORIENTED_EDGE('',*,*,#3816,.F.);
#4498 = ORIENTED_EDGE('',*,*,#4499,.T.);
#4499 = EDGE_CURVE('',#3817,#3950,#4500,.T.);
#4500 = SURFACE_CURVE('',#4501,(#4506,#4516),.PCURVE_S1.);
#4501 = ELLIPSE('',#4502,5.155833433783,5.155833414266);
#4502 = AXIS2_PLACEMENT_3D('',#4503,#4504,#4505);
#4503 = CARTESIAN_POINT('',(-0.183980991612,0.112693515757,
    28.242196152805));
#4504 = DIRECTION('',(8.699608718697E-05,-9.085226697639E-07,
    0.999999996215));
#4505 = DIRECTION('',(0.999945469846,-1.044268951925E-02,
    -8.70008310264E-05));
#4506 = PCURVE('',#3428,#4507);
#4507 = DEFINITIONAL_REPRESENTATION('',(#4508),#4515);
#4508 = B_SPLINE_CURVE_WITH_KNOTS('',5,(#4509,#4510,#4511,#4512,#4513,
    #4514),.UNSPECIFIED.,.F.,.F.,(6,6),(2.9963294029,3.286855904279),
  .PIECEWISE_BEZIER_KNOTS.);
#4509 = CARTESIAN_POINT('',(-2.985886336073,-10.84263999027));
#4510 = CARTESIAN_POINT('',(-3.043991710806,-10.84264376308));
#4511 = CARTESIAN_POINT('',(-3.10209708633,-10.84264566278));
#4512 = CARTESIAN_POINT('',(-3.160202462122,-10.84264566278));
#4513 = CARTESIAN_POINT('',(-3.218307837647,-10.84264376308));
#4514 = CARTESIAN_POINT('',(-3.27641321238,-10.84263999027));
#4515 = ( GEOMETRIC_REPRESENTATION_CONTEXT(2) 
PARAMETRIC_REPRESENTATION_CONTEXT() REPRESENTATION_CONTEXT('2D SPACE',''
  ) );
#4516 = PCURVE('',#3861,#4517);
#4517 = DEFINITIONAL_REPRESENTATION('',(#4518),#4522);
#4518 = ELLIPSE('',#4519,5.155833433783,5.155833414266);
#4519 = AXIS2_PLACEMENT_2D('',#4520,#4521);
#4520 = CARTESIAN_POINT('',(-5.296478738292,6.938893903907E-18));
#4521 = DIRECTION('',(-1.,0.));
#4522 = ( GEOMETRIC_REPRESENTATION_CONTEXT(2) 
PARAMETRIC_REPRESENTATION_CONTEXT() REPRESENTATION_CONTEXT('2D SPACE',''
  ) );
#4523 = ORIENTED_EDGE('',*,*,#3949,.T.);
#4524 = ORIENTED_EDGE('',*,*,#4059,.T.);
#4525 = ORIENTED_EDGE('',*,*,#4085,.F.);
#4526 = ORIENTED_EDGE('',*,*,#4527,.T.);
#4527 = EDGE_CURVE('',#4086,#4219,#4528,.T.);
#4528 = SURFACE_CURVE('',#4529,(#4534,#4544),.PCURVE_S1.);
#4529 = ELLIPSE('',#4530,5.159398049324,5.158505195051);
#4530 = AXIS2_PLACEMENT_3D('',#4531,#4532,#4533);
#4531 = CARTESIAN_POINT('',(-0.183977964893,0.114122136316,
    28.062695859349));
#4532 = DIRECTION('',(1.263458812155E-04,1.860068129429E-02,
    0.999826984379));
#4533 = DIRECTION('',(6.791208628304E-03,0.999803919865,
    -1.86011103941E-02));
#4534 = PCURVE('',#3428,#4535);
#4535 = DEFINITIONAL_REPRESENTATION('',(#4536),#4543);
#4536 = B_SPLINE_CURVE_WITH_KNOTS('',5,(#4537,#4538,#4539,#4540,#4541,
    #4542),.UNSPECIFIED.,.F.,.F.,(6,6),(3.022390323948,3.260794983231),
  .PIECEWISE_BEZIER_KNOTS.);
#4537 = CARTESIAN_POINT('',(-4.58636127669,-10.75798536698));
#4538 = CARTESIAN_POINT('',(-4.634055321261,-10.75852954174));
#4539 = CARTESIAN_POINT('',(-4.681749459475,-10.7588029196));
#4540 = CARTESIAN_POINT('',(-4.7294436292,-10.7588029196));
#4541 = CARTESIAN_POINT('',(-4.777137767414,-10.75852954174));
#4542 = CARTESIAN_POINT('',(-4.824831811985,-10.75798536698));
#4543 = ( GEOMETRIC_REPRESENTATION_CONTEXT(2) 
PARAMETRIC_REPRESENTATION_CONTEXT() REPRESENTATION_CONTEXT('2D SPACE',''
  ) );
#4544 = PCURVE('',#4130,#4545);
#4545 = DEFINITIONAL_REPRESENTATION('',(#4546),#4550);
#4546 = ELLIPSE('',#4547,5.159398049324,5.158505195051);
#4547 = AXIS2_PLACEMENT_2D('',#4548,#4549);
#4548 = CARTESIAN_POINT('',(-5.156605680991,6.938893903907E-18));
#4549 = DIRECTION('',(-1.,-8.673617379884E-19));
#4550 = ( GEOMETRIC_REPRESENTATION_CONTEXT(2) 
PARAMETRIC_REPRESENTATION_CONTEXT() REPRESENTATION_CONTEXT('2D SPACE',''
  ) );
#4551 = ORIENTED_EDGE('',*,*,#4218,.T.);
#4552 = ORIENTED_EDGE('',*,*,#4328,.T.);
#4553 = ORIENTED_EDGE('',*,*,#4354,.F.);
#4554 = ORIENTED_EDGE('',*,*,#4410,.T.);
#4555 = ORIENTED_EDGE('',*,*,#4556,.T.);
#4556 = EDGE_CURVE('',#4411,#4557,#4559,.T.);
#4557 = VERTEX_POINT('',#4558);
#4558 = CARTESIAN_POINT('',(4.969496733004,0.112693585484,28.4));
#4559 = SEAM_CURVE('',#4560,(#4564,#4571),.PCURVE_S1.);
#4560 = LINE('',#4561,#4562);
#4561 = CARTESIAN_POINT('',(5.133238886187,0.112693585484,17.4));
#4562 = VECTOR('',#4563,1.);
#4563 = DIRECTION('',(-1.488400136294E-02,0.,0.999889227116));
#4564 = PCURVE('',#3428,#4565);
#4565 = DEFINITIONAL_REPRESENTATION('',(#4566),#4570);
#4566 = LINE('',#4567,#4568);
#4567 = CARTESIAN_POINT('',(-0.,-0.));
#4568 = VECTOR('',#4569,1.);
#4569 = DIRECTION('',(-0.,-1.));
#4570 = ( GEOMETRIC_REPRESENTATION_CONTEXT(2) 
PARAMETRIC_REPRESENTATION_CONTEXT() REPRESENTATION_CONTEXT('2D SPACE',''
  ) );
#4571 = PCURVE('',#3428,#4572);
#4572 = DEFINITIONAL_REPRESENTATION('',(#4573),#4577);
#4573 = LINE('',#4574,#4575);
#4574 = CARTESIAN_POINT('',(-6.28318530718,-0.));
#4575 = VECTOR('',#4576,1.);
#4576 = DIRECTION('',(-0.,-1.));
#4577 = ( GEOMETRIC_REPRESENTATION_CONTEXT(2) 
PARAMETRIC_REPRESENTATION_CONTEXT() REPRESENTATION_CONTEXT('2D SPACE',''
  ) );
#4578 = ORIENTED_EDGE('',*,*,#4579,.F.);
#4579 = EDGE_CURVE('',#4557,#4557,#4580,.T.);
#4580 = SURFACE_CURVE('',#4581,(#4586,#4593),.PCURVE_S1.);
#4581 = CIRCLE('',#4582,5.153484401386);
#4582 = AXIS2_PLACEMENT_3D('',#4583,#4584,#4585);
#4583 = CARTESIAN_POINT('',(-0.183987668382,0.112693585484,28.4));
#4584 = DIRECTION('',(0.,0.,1.));
#4585 = DIRECTION('',(1.,0.,-0.));
#4586 = PCURVE('',#3428,#4587);
#4587 = DEFINITIONAL_REPRESENTATION('',(#4588),#4592);
#4588 = LINE('',#4589,#4590);
#4589 = CARTESIAN_POINT('',(-0.,-11.));
#4590 = VECTOR('',#4591,1.);
#4591 = DIRECTION('',(-1.,-0.));
#4592 = ( GEOMETRIC_REPRESENTATION_CONTEXT(2) 
PARAMETRIC_REPRESENTATION_CONTEXT() REPRESENTATION_CONTEXT('2D SPACE',''
  ) );
#4593 = PCURVE('',#4594,#4599);
#4594 = CONICAL_SURFACE('',#4595,5.153484401386,0.33505650274);
#4595 = AXIS2_PLACEMENT_3D('',#4596,#4597,#4598);
#4596 = CARTESIAN_POINT('',(-0.183987668382,0.112693585484,28.4));
#4597 = DIRECTION('',(-0.,-0.,-1.));
#4598 = DIRECTION('',(1.,0.,-0.));
#4599 = DEFINITIONAL_REPRESENTATION('',(#4600),#4604);
#4600 = LINE('',#4601,#4602);
#4601 = CARTESIAN_POINT('',(-0.,-0.));
#4602 = VECTOR('',#4603,1.);
#4603 = DIRECTION('',(-1.,-0.));
#4604 = ( GEOMETRIC_REPRESENTATION_CONTEXT(2) 
PARAMETRIC_REPRESENTATION_CONTEXT() REPRESENTATION_CONTEXT('2D SPACE',''
  ) );
#4605 = ORIENTED_EDGE('',*,*,#4556,.F.);
#4606 = ORIENTED_EDGE('',*,*,#4440,.T.);
#4607 = ADVANCED_FACE('',(#4608),#3592,.T.);
#4608 = FACE_BOUND('',#4609,.T.);
#4609 = EDGE_LOOP('',(#4610,#4611,#4612,#4613));
#4610 = ORIENTED_EDGE('',*,*,#4471,.F.);
#4611 = ORIENTED_EDGE('',*,*,#3576,.T.);
#4612 = ORIENTED_EDGE('',*,*,#3632,.T.);
#4613 = ORIENTED_EDGE('',*,*,#3711,.F.);
#4614 = ADVANCED_FACE('',(#4615),#3861,.T.);
#4615 = FACE_BOUND('',#4616,.T.);
#4616 = EDGE_LOOP('',(#4617,#4618,#4619,#4620));
#4617 = ORIENTED_EDGE('',*,*,#4499,.F.);
#4618 = ORIENTED_EDGE('',*,*,#3845,.T.);
#4619 = ORIENTED_EDGE('',*,*,#3901,.T.);
#4620 = ORIENTED_EDGE('',*,*,#3980,.F.);
#4621 = ADVANCED_FACE('',(#4622),#4130,.T.);
#4622 = FACE_BOUND('',#4623,.T.);
#4623 = EDGE_LOOP('',(#4624,#4625,#4626,#4627));
#4624 = ORIENTED_EDGE('',*,*,#4527,.F.);
#4625 = ORIENTED_EDGE('',*,*,#4114,.T.);
#4626 = ORIENTED_EDGE('',*,*,#4170,.T.);
#4627 = ORIENTED_EDGE('',*,*,#4249,.F.);
#4628 = ADVANCED_FACE('',(#4629),#4594,.T.);
#4629 = FACE_BOUND('',#4630,.T.);
#4630 = EDGE_LOOP('',(#4631,#4654,#4655,#4656,#4690,#4818,#4847));
#4631 = ORIENTED_EDGE('',*,*,#4632,.F.);
#4632 = EDGE_CURVE('',#4557,#4633,#4635,.T.);
#4633 = VERTEX_POINT('',#4634);
#4634 = CARTESIAN_POINT('',(4.677612565175,0.112693585484,
    29.238303244589));
#4635 = SEAM_CURVE('',#4636,(#4640,#4647),.PCURVE_S1.);
#4636 = LINE('',#4637,#4638);
#4637 = CARTESIAN_POINT('',(4.969496733004,0.112693585484,28.4));
#4638 = VECTOR('',#4639,1.);
#4639 = DIRECTION('',(-0.328822531119,0.,0.944391731766));
#4640 = PCURVE('',#4594,#4641);
#4641 = DEFINITIONAL_REPRESENTATION('',(#4642),#4646);
#4642 = LINE('',#4643,#4644);
#4643 = CARTESIAN_POINT('',(-0.,-0.));
#4644 = VECTOR('',#4645,1.);
#4645 = DIRECTION('',(-0.,-1.));
#4646 = ( GEOMETRIC_REPRESENTATION_CONTEXT(2) 
PARAMETRIC_REPRESENTATION_CONTEXT() REPRESENTATION_CONTEXT('2D SPACE',''
  ) );
#4647 = PCURVE('',#4594,#4648);
#4648 = DEFINITIONAL_REPRESENTATION('',(#4649),#4653);
#4649 = LINE('',#4650,#4651);
#4650 = CARTESIAN_POINT('',(-6.28318530718,-0.));
#4651 = VECTOR('',#4652,1.);
#4652 = DIRECTION('',(-0.,-1.));
#4653 = ( GEOMETRIC_REPRESENTATION_CONTEXT(2) 
PARAMETRIC_REPRESENTATION_CONTEXT() REPRESENTATION_CONTEXT('2D SPACE',''
  ) );
#4654 = ORIENTED_EDGE('',*,*,#4579,.T.);
#4655 = ORIENTED_EDGE('',*,*,#4632,.T.);
#4656 = ORIENTED_EDGE('',*,*,#4657,.F.);
#4657 = EDGE_CURVE('',#4658,#4633,#4660,.T.);
#4658 = VERTEX_POINT('',#4659);
#4659 = CARTESIAN_POINT('',(4.677947932228,5.633528314301E-02,
    29.236401949182));
#4660 = SURFACE_CURVE('',#4661,(#4667,#4676),.PCURVE_S1.);
#4661 = B_SPLINE_CURVE_WITH_KNOTS('',4,(#4662,#4663,#4664,#4665,#4666),
  .UNSPECIFIED.,.F.,.F.,(5,5),(0.,1.),.PIECEWISE_BEZIER_KNOTS.);
#4662 = CARTESIAN_POINT('',(4.677947932228,5.6335283143E-02,
    29.236401949182));
#4663 = CARTESIAN_POINT('',(4.677947932228,7.042519133292E-02,
    29.236870998271));
#4664 = CARTESIAN_POINT('',(4.67789203706,8.451509952399E-02,
    29.2373442374));
#4665 = CARTESIAN_POINT('',(4.677780246723,9.860467510396E-02,
    29.237821656341));
#4666 = CARTESIAN_POINT('',(4.677612565175,0.112693585484,
    29.238303244589));
#4667 = PCURVE('',#4594,#4668);
#4668 = DEFINITIONAL_REPRESENTATION('',(#4669),#4675);
#4669 = B_SPLINE_CURVE_WITH_KNOTS('',4,(#4670,#4671,#4672,#4673,#4674),
  .UNSPECIFIED.,.F.,.F.,(5,5),(0.,1.),.PIECEWISE_BEZIER_KNOTS.);
#4670 = CARTESIAN_POINT('',(-6.271594084483,-0.836401949182));
#4671 = CARTESIAN_POINT('',(-6.274491699005,-0.836870998271));
#4672 = CARTESIAN_POINT('',(-6.277389439818,-0.8373442374));
#4673 = CARTESIAN_POINT('',(-6.280287308639,-0.837821656341));
#4674 = CARTESIAN_POINT('',(-6.28318530718,-0.838303244589));
#4675 = ( GEOMETRIC_REPRESENTATION_CONTEXT(2) 
PARAMETRIC_REPRESENTATION_CONTEXT() REPRESENTATION_CONTEXT('2D SPACE',''
  ) );
#4676 = PCURVE('',#4677,#4682);
#4677 = CYLINDRICAL_SURFACE('',#4678,4.735663041807);
#4678 = AXIS2_PLACEMENT_3D('',#4679,#4680,#4681);
#4679 = CARTESIAN_POINT('',(-5.771510957849E-02,5.633528314301E-02,28.4)
  );
#4680 = DIRECTION('',(0.,0.,1.));
#4681 = DIRECTION('',(1.,0.,-0.));
#4682 = DEFINITIONAL_REPRESENTATION('',(#4683),#4689);
#4683 = B_SPLINE_CURVE_WITH_KNOTS('',4,(#4684,#4685,#4686,#4687,#4688),
  .UNSPECIFIED.,.F.,.F.,(5,5),(0.,1.),.PIECEWISE_BEZIER_KNOTS.);
#4684 = CARTESIAN_POINT('',(0.,0.836401949182));
#4685 = CARTESIAN_POINT('',(2.97527675967E-03,0.836870998271));
#4686 = CARTESIAN_POINT('',(5.950553519418E-03,0.8373442374));
#4687 = CARTESIAN_POINT('',(8.92583027917E-03,0.837821656341));
#4688 = CARTESIAN_POINT('',(1.190110703884E-02,0.838303244589));
#4689 = ( GEOMETRIC_REPRESENTATION_CONTEXT(2) 
PARAMETRIC_REPRESENTATION_CONTEXT() REPRESENTATION_CONTEXT('2D SPACE',''
  ) );
#4690 = ORIENTED_EDGE('',*,*,#4691,.F.);
#4691 = EDGE_CURVE('',#4692,#4658,#4694,.T.);
#4692 = VERTEX_POINT('',#4693);
#4693 = CARTESIAN_POINT('',(-2.050760728311,-4.239508476491,29.6));
#4694 = SURFACE_CURVE('',#4695,(#4734,#4776),.PCURVE_S1.);
#4695 = B_SPLINE_CURVE_WITH_KNOTS('',5,(#4696,#4697,#4698,#4699,#4700,
    #4701,#4702,#4703,#4704,#4705,#4706,#4707,#4708,#4709,#4710,#4711,
    #4712,#4713,#4714,#4715,#4716,#4717,#4718,#4719,#4720,#4721,#4722,
    #4723,#4724,#4725,#4726,#4727,#4728,#4729,#4730,#4731,#4732,#4733),
  .UNSPECIFIED.,.F.,.F.,(6,4,4,4,4,4,4,4,4,6),(0.,0.124915813264,
    0.249143353928,0.385165245802,0.520804991357,0.605030573012,
    0.661124328104,0.79124109466,0.936378674947,1.),.UNSPECIFIED.);
#4696 = CARTESIAN_POINT('',(-2.050760728311,-4.239508476491,29.6));
#4697 = CARTESIAN_POINT('',(-1.837007761284,-4.338678613549,
    29.58024106695));
#4698 = CARTESIAN_POINT('',(-1.617065283234,-4.424563762546,
    29.56049810401));
#4699 = CARTESIAN_POINT('',(-1.392017614291,-4.4966547012,
    29.540871403322));
#4700 = CARTESIAN_POINT('',(-1.162996765563,-4.554574315195,
    29.521459014106));
#4701 = CARTESIAN_POINT('',(-0.700645384534,-4.641341182768,
    29.483359722656));
#4702 = CARTESIAN_POINT('',(-0.467341689011,-4.670347781916,
    29.464669097579));
#4703 = CARTESIAN_POINT('',(-0.232431982089,-4.684857881118,
    29.446379122746));
#4704 = CARTESIAN_POINT('',(2.901998614434E-03,-4.684768212999,
    29.428579780381));
#4705 = CARTESIAN_POINT('',(0.494288684392,-4.65408021349,29.39249843655
    ));
#4706 = CARTESIAN_POINT('',(0.750193229583,-4.620585689698,
    29.374330611103));
#4707 = CARTESIAN_POINT('',(1.003596579677,-4.56969084933,
    29.356965827172));
#4708 = CARTESIAN_POINT('',(1.252937735321,-4.501655348145,
    29.340507315355));
#4709 = CARTESIAN_POINT('',(1.739742011747,-4.332498703585,
    29.309633397085));
#4710 = CARTESIAN_POINT('',(1.977243821663,-4.231468501482,
    29.295211919732));
#4711 = CARTESIAN_POINT('',(2.207664696483,-4.114344074184,
    29.281877038433));
#4712 = CARTESIAN_POINT('',(2.429556485249,-3.981802800751,
    29.269708933789));
#4713 = CARTESIAN_POINT('',(2.773203538762,-3.743411275691,
    29.251985036275));
#4714 = CARTESIAN_POINT('',(2.901036166751,-3.646486103647,
    29.245671052641));
#4715 = CARTESIAN_POINT('',(3.024733453755,-3.544170377634,
    29.239848706811));
#4716 = CARTESIAN_POINT('',(3.143990872491,-3.436703992931,
    29.234531699749));
#4717 = CARTESIAN_POINT('',(3.334801895452,-3.249530686734,
    29.226534508014));
#4718 = CARTESIAN_POINT('',(3.408984724076,-3.172540723204,
    29.223566765038));
#4719 = CARTESIAN_POINT('',(3.480988257092,-3.093463790363,
    29.22083158337));
#4720 = CARTESIAN_POINT('',(3.550733367815,-3.012383753976,
    29.218331841469));
#4721 = CARTESIAN_POINT('',(3.774517460942,-2.736873020462,
    29.210823138815));
#4722 = CARTESIAN_POINT('',(3.918340070106,-2.534052460027,
    29.206855970798));
#4723 = CARTESIAN_POINT('',(4.048680373123,-2.322043109893,
    29.204198440364));
#4724 = CARTESIAN_POINT('',(4.164770329766,-2.102071370259,
    29.202865674496));
#4725 = CARTESIAN_POINT('',(4.378944625893,-1.622710801805,
    29.202848946129));
#4726 = CARTESIAN_POINT('',(4.473408039473,-1.361692090728,
    29.204488538995));
#4727 = CARTESIAN_POINT('',(4.548576215135,-1.094269035689,
    29.207776517027));
#4728 = CARTESIAN_POINT('',(4.603923823638,-0.822379683571,
    29.212689609407));
#4729 = CARTESIAN_POINT('',(4.65469915876,-0.427770467771,
    29.222027361539));
#4730 = CARTESIAN_POINT('',(4.6663217074,-0.307035502989,29.225176548225
    ));
#4731 = CARTESIAN_POINT('',(4.674073788622,-0.185994351492,
    29.228625279854));
#4732 = CARTESIAN_POINT('',(4.677947932228,-6.481480839566E-02,
    29.232368896645));
#4733 = CARTESIAN_POINT('',(4.677947932228,5.6335283143E-02,
    29.236401949182));
#4734 = PCURVE('',#4594,#4735);
#4735 = DEFINITIONAL_REPRESENTATION('',(#4736),#4775);
#4736 = B_SPLINE_CURVE_WITH_KNOTS('',5,(#4737,#4738,#4739,#4740,#4741,
    #4742,#4743,#4744,#4745,#4746,#4747,#4748,#4749,#4750,#4751,#4752,
    #4753,#4754,#4755,#4756,#4757,#4758,#4759,#4760,#4761,#4762,#4763,
    #4764,#4765,#4766,#4767,#4768,#4769,#4770,#4771,#4772,#4773,#4774),
  .UNSPECIFIED.,.F.,.F.,(6,4,4,4,4,4,4,4,4,6),(0.,0.124915813264,
    0.249143353928,0.385165245802,0.520804991357,0.605030573012,
    0.661124328104,0.79124109466,0.936378674947,1.),.UNSPECIFIED.);
#4737 = CARTESIAN_POINT('',(-4.307197595778,-1.2));
#4738 = CARTESIAN_POINT('',(-4.356934470589,-1.18024106695));
#4739 = CARTESIAN_POINT('',(-4.406585706629,-1.16049810401));
#4740 = CARTESIAN_POINT('',(-4.456157052477,-1.140871403322));
#4741 = CARTESIAN_POINT('',(-4.505654704739,-1.121459014106));
#4742 = CARTESIAN_POINT('',(-4.604243554088,-1.083359722656));
#4743 = CARTESIAN_POINT('',(-4.653336003474,-1.064669097579));
#4744 = CARTESIAN_POINT('',(-4.702367876889,-1.046379122746));
#4745 = CARTESIAN_POINT('',(-4.751347287331,-1.028579780381));
#4746 = CARTESIAN_POINT('',(-4.853856820217,-0.99249843655));
#4747 = CARTESIAN_POINT('',(-4.907378771202,-0.974330611103));
#4748 = CARTESIAN_POINT('',(-4.960850893097,-0.956965827172));
#4749 = CARTESIAN_POINT('',(-5.014283508086,-0.940507315355));
#4750 = CARTESIAN_POINT('',(-5.120928530347,-0.909633397085));
#4751 = CARTESIAN_POINT('',(-5.174142739558,-0.895211919732));
#4752 = CARTESIAN_POINT('',(-5.227327520354,-0.881877038434));
#4753 = CARTESIAN_POINT('',(-5.280491573143,-0.869708933789));
#4754 = CARTESIAN_POINT('',(-5.366637580655,-0.851985036275));
#4755 = CARTESIAN_POINT('',(-5.39963136773,-0.845671052641));
#4756 = CARTESIAN_POINT('',(-5.432619324489,-0.839848706811));
#4757 = CARTESIAN_POINT('',(-5.465602356734,-0.834531699749));
#4758 = CARTESIAN_POINT('',(-5.520545001669,-0.826534508014));
#4759 = CARTESIAN_POINT('',(-5.542506934586,-0.823566765038));
#4760 = CARTESIAN_POINT('',(-5.564467279057,-0.82083158337));
#4761 = CARTESIAN_POINT('',(-5.58642624746,-0.818331841469));
#4762 = CARTESIAN_POINT('',(-5.6593179741,-0.810823138815));
#4763 = CARTESIAN_POINT('',(-5.710246431315,-0.806855970798));
#4764 = CARTESIAN_POINT('',(-5.761169385171,-0.804198440364));
#4765 = CARTESIAN_POINT('',(-5.812091989011,-0.802865674496));
#4766 = CARTESIAN_POINT('',(-5.919813966816,-0.802848946129));
#4767 = CARTESIAN_POINT('',(-5.97661560036,-0.804488538995));
#4768 = CARTESIAN_POINT('',(-6.033417184621,-0.807776517027));
#4769 = CARTESIAN_POINT('',(-6.090226906778,-0.812689609407));
#4770 = CARTESIAN_POINT('',(-6.171950021329,-0.822027361539));
#4771 = CARTESIAN_POINT('',(-6.196857668675,-0.825176548225));
#4772 = CARTESIAN_POINT('',(-6.221767336595,-0.828625279854));
#4773 = CARTESIAN_POINT('',(-6.246679354029,-0.832368896645));
#4774 = CARTESIAN_POINT('',(-6.271594084483,-0.836401949182));
#4775 = ( GEOMETRIC_REPRESENTATION_CONTEXT(2) 
PARAMETRIC_REPRESENTATION_CONTEXT() REPRESENTATION_CONTEXT('2D SPACE',''
  ) );
#4776 = PCURVE('',#4677,#4777);
#4777 = DEFINITIONAL_REPRESENTATION('',(#4778),#4817);
#4778 = B_SPLINE_CURVE_WITH_KNOTS('',5,(#4779,#4780,#4781,#4782,#4783,
    #4784,#4785,#4786,#4787,#4788,#4789,#4790,#4791,#4792,#4793,#4794,
    #4795,#4796,#4797,#4798,#4799,#4800,#4801,#4802,#4803,#4804,#4805,
    #4806,#4807,#4808,#4809,#4810,#4811,#4812,#4813,#4814,#4815,#4816),
  .UNSPECIFIED.,.F.,.F.,(6,4,4,4,4,4,4,4,4,6),(0.,0.124915813264,
    0.249143353928,0.385165245802,0.520804991357,0.605030573012,
    0.661124328104,0.79124109466,0.936378674947,1.),.UNSPECIFIED.);
#4779 = CARTESIAN_POINT('',(4.27799710612,1.2));
#4780 = CARTESIAN_POINT('',(4.327755193003,1.18024106695));
#4781 = CARTESIAN_POINT('',(4.37751792845,1.16049810401));
#4782 = CARTESIAN_POINT('',(4.427290313591,1.140871403322));
#4783 = CARTESIAN_POINT('',(4.47707699702,1.121459014106));
#4784 = CARTESIAN_POINT('',(4.576413130883,1.083359722656));
#4785 = CARTESIAN_POINT('',(4.625962902097,1.064669097579));
#4786 = CARTESIAN_POINT('',(4.67553450675,1.046379122746));
#4787 = CARTESIAN_POINT('',(4.725133046288,1.028579780381));
#4788 = CARTESIAN_POINT('',(4.829098216488,0.99249843655));
#4789 = CARTESIAN_POINT('',(4.88347175171,0.974330611103));
#4790 = CARTESIAN_POINT('',(4.937881374495,0.956965827172));
#4791 = CARTESIAN_POINT('',(4.992331689229,0.940507315355));
#4792 = CARTESIAN_POINT('',(5.10115627108,0.909633397085));
#4793 = CARTESIAN_POINT('',(5.155531959806,0.895211919732));
#4794 = CARTESIAN_POINT('',(5.209944905517,0.881877038434));
#4795 = CARTESIAN_POINT('',(5.264396616035,0.869708933789));
#4796 = CARTESIAN_POINT('',(5.352713488054,0.851985036275));
#4797 = CARTESIAN_POINT('',(5.386558789671,0.845671052641));
#4798 = CARTESIAN_POINT('',(5.420416282876,0.839848706811));
#4799 = CARTESIAN_POINT('',(5.454284918462,0.834531699749));
#4800 = CARTESIAN_POINT('',(5.510726362322,0.826534508014));
#4801 = CARTESIAN_POINT('',(5.533293679936,0.823566765038));
#4802 = CARTESIAN_POINT('',(5.555865038867,0.82083158337));
#4803 = CARTESIAN_POINT('',(5.578440042849,0.818331841469));
#4804 = CARTESIAN_POINT('',(5.65339139328,0.810823138815));
#4805 = CARTESIAN_POINT('',(5.705782749196,0.806855970798));
#4806 = CARTESIAN_POINT('',(5.758184528055,0.804198440364));
#4807 = CARTESIAN_POINT('',(5.810594007909,0.802865674496));
#4808 = CARTESIAN_POINT('',(5.921461408233,0.802848946129));
#4809 = CARTESIAN_POINT('',(5.979921662755,0.804488538995));
#4810 = CARTESIAN_POINT('',(6.038370773564,0.807776517027));
#4811 = CARTESIAN_POINT('',(6.096806026921,0.812689609407));
#4812 = CARTESIAN_POINT('',(6.180820133322,0.822027361539));
#4813 = CARTESIAN_POINT('',(6.206419700104,0.825176548225));
#4814 = CARTESIAN_POINT('',(6.232014108176,0.828625279854));
#4815 = CARTESIAN_POINT('',(6.257602808917,0.832368896645));
#4816 = CARTESIAN_POINT('',(6.28318530718,0.836401949182));
#4817 = ( GEOMETRIC_REPRESENTATION_CONTEXT(2) 
PARAMETRIC_REPRESENTATION_CONTEXT() REPRESENTATION_CONTEXT('2D SPACE',''
  ) );
#4818 = ORIENTED_EDGE('',*,*,#4819,.F.);
#4819 = EDGE_CURVE('',#4820,#4692,#4822,.T.);
#4820 = VERTEX_POINT('',#4821);
#4821 = CARTESIAN_POINT('',(1.809057950351,4.408537345118,29.6));
#4822 = SURFACE_CURVE('',#4823,(#4828,#4835),.PCURVE_S1.);
#4823 = CIRCLE('',#4824,4.735663041807);
#4824 = AXIS2_PLACEMENT_3D('',#4825,#4826,#4827);
#4825 = CARTESIAN_POINT('',(-0.183987668382,0.112693585484,29.6));
#4826 = DIRECTION('',(0.,0.,1.));
#4827 = DIRECTION('',(1.,0.,-0.));
#4828 = PCURVE('',#4594,#4829);
#4829 = DEFINITIONAL_REPRESENTATION('',(#4830),#4834);
#4830 = LINE('',#4831,#4832);
#4831 = CARTESIAN_POINT('',(-0.,-1.2));
#4832 = VECTOR('',#4833,1.);
#4833 = DIRECTION('',(-1.,-0.));
#4834 = ( GEOMETRIC_REPRESENTATION_CONTEXT(2) 
PARAMETRIC_REPRESENTATION_CONTEXT() REPRESENTATION_CONTEXT('2D SPACE',''
  ) );
#4835 = PCURVE('',#4836,#4841);
#4836 = PLANE('',#4837);
#4837 = AXIS2_PLACEMENT_3D('',#4838,#4839,#4840);
#4838 = CARTESIAN_POINT('',(-0.183987668382,0.112693585484,29.6));
#4839 = DIRECTION('',(0.,0.,1.));
#4840 = DIRECTION('',(1.,0.,-0.));
#4841 = DEFINITIONAL_REPRESENTATION('',(#4842),#4846);
#4842 = CIRCLE('',#4843,4.735663041807);
#4843 = AXIS2_PLACEMENT_2D('',#4844,#4845);
#4844 = CARTESIAN_POINT('',(0.,0.));
#4845 = DIRECTION('',(1.,0.));
#4846 = ( GEOMETRIC_REPRESENTATION_CONTEXT(2) 
PARAMETRIC_REPRESENTATION_CONTEXT() REPRESENTATION_CONTEXT('2D SPACE',''
  ) );
#4847 = ORIENTED_EDGE('',*,*,#4848,.F.);
#4848 = EDGE_CURVE('',#4633,#4820,#4849,.T.);
#4849 = SURFACE_CURVE('',#4850,(#4868,#4889),.PCURVE_S1.);
#4850 = B_SPLINE_CURVE_WITH_KNOTS('',6,(#4851,#4852,#4853,#4854,#4855,
    #4856,#4857,#4858,#4859,#4860,#4861,#4862,#4863,#4864,#4865,#4866,
    #4867),.UNSPECIFIED.,.F.,.F.,(7,5,5,7),(0.,0.413901689171,
    0.616145657612,1.),.UNSPECIFIED.);
#4851 = CARTESIAN_POINT('',(4.677612565175,0.112693585484,
    29.238303244589));
#4852 = CARTESIAN_POINT('',(4.673103158601,0.491582176211,
    29.251254444344));
#4853 = CARTESIAN_POINT('',(4.632217234014,0.869789350171,
    29.266910945361));
#4854 = CARTESIAN_POINT('',(4.555099475796,1.242795759409,
    29.285122776521));
#4855 = CARTESIAN_POINT('',(4.442681470284,1.606319562292,
    29.305692002249));
#4856 = CARTESIAN_POINT('',(4.296469792268,1.956284452001,
    29.328385291432));
#4857 = CARTESIAN_POINT('',(4.031803520001,2.451392680833,
    29.364912665925));
#4858 = CARTESIAN_POINT('',(3.937382478041,2.609772313493,
    29.377343708141));
#4859 = CARTESIAN_POINT('',(3.835665644103,2.76358100869,29.390184229017
    ));
#4860 = CARTESIAN_POINT('',(3.726934279705,2.912407537596,
    29.403400872326));
#4861 = CARTESIAN_POINT('',(3.611498607811,3.055865138388,
    29.416958740792));
#4862 = CARTESIAN_POINT('',(3.258519135862,3.454992122405,
    29.457132439012));
#4863 = CARTESIAN_POINT('',(3.004391238501,3.695765543808,
    29.484543383137));
#4864 = CARTESIAN_POINT('',(2.729641565983,3.913403082679,
    29.512802875714));
#4865 = CARTESIAN_POINT('',(2.436894410023,4.105826136599,
    29.541648522128));
#4866 = CARTESIAN_POINT('',(2.128997404383,4.271306962637,
    29.570808355292));
#4867 = CARTESIAN_POINT('',(1.809057950351,4.408537345118,29.6));
#4868 = PCURVE('',#4594,#4869);
#4869 = DEFINITIONAL_REPRESENTATION('',(#4870),#4888);
#4870 = B_SPLINE_CURVE_WITH_KNOTS('',6,(#4871,#4872,#4873,#4874,#4875,
    #4876,#4877,#4878,#4879,#4880,#4881,#4882,#4883,#4884,#4885,#4886,
    #4887),.UNSPECIFIED.,.F.,.F.,(7,5,5,7),(0.,0.413901689171,
    0.616145657612,1.),.UNSPECIFIED.);
#4871 = CARTESIAN_POINT('',(0.,-0.838303244589));
#4872 = CARTESIAN_POINT('',(-7.79349540325E-02,-0.851254444344));
#4873 = CARTESIAN_POINT('',(-0.155903107504,-0.866910945361));
#4874 = CARTESIAN_POINT('',(-0.233895916426,-0.885122776521));
#4875 = CARTESIAN_POINT('',(-0.311940206992,-0.905692002249));
#4876 = CARTESIAN_POINT('',(-0.390062020177,-0.928385291432));
#4877 = CARTESIAN_POINT('',(-0.50646623625,-0.964912665925));
#4878 = CARTESIAN_POINT('',(-0.544695370097,-0.977343708141));
#4879 = CARTESIAN_POINT('',(-0.582946837455,-0.990184229017));
#4880 = CARTESIAN_POINT('',(-0.621223315833,-1.003400872326));
#4881 = CARTESIAN_POINT('',(-0.659527591673,-1.016958740792));
#4882 = CARTESIAN_POINT('',(-0.77061915168,-1.057132439012));
#4883 = CARTESIAN_POINT('',(-0.843489530756,-1.084543383137));
#4884 = CARTESIAN_POINT('',(-0.916480762812,-1.112802875714));
#4885 = CARTESIAN_POINT('',(-0.989617661574,-1.141648522128));
#4886 = CARTESIAN_POINT('',(-1.062923704622,-1.170808355292));
#4887 = CARTESIAN_POINT('',(-1.13640445253,-1.2));
#4888 = ( GEOMETRIC_REPRESENTATION_CONTEXT(2) 
PARAMETRIC_REPRESENTATION_CONTEXT() REPRESENTATION_CONTEXT('2D SPACE',''
  ) );
#4889 = PCURVE('',#4677,#4890);
#4890 = DEFINITIONAL_REPRESENTATION('',(#4891),#4909);
#4891 = B_SPLINE_CURVE_WITH_KNOTS('',6,(#4892,#4893,#4894,#4895,#4896,
    #4897,#4898,#4899,#4900,#4901,#4902,#4903,#4904,#4905,#4906,#4907,
    #4908),.UNSPECIFIED.,.F.,.F.,(7,5,5,7),(0.,0.413901689171,
    0.616145657612,1.),.UNSPECIFIED.);
#4892 = CARTESIAN_POINT('',(1.190110703884E-02,0.838303244589));
#4893 = CARTESIAN_POINT('',(9.191427967454E-02,0.851254444344));
#4894 = CARTESIAN_POINT('',(0.171874854941,0.866910945361));
#4895 = CARTESIAN_POINT('',(0.251751186749,0.885122776521));
#4896 = CARTESIAN_POINT('',(0.331549576453,0.905692002249));
#4897 = CARTESIAN_POINT('',(0.411277187825,0.928385291432));
#4898 = CARTESIAN_POINT('',(0.529826435891,0.964912665925));
#4899 = CARTESIAN_POINT('',(0.568720350567,0.977343708141));
#4900 = CARTESIAN_POINT('',(0.607595395143,0.990184229017));
#4901 = CARTESIAN_POINT('',(0.646452512077,1.003400872326));
#4902 = CARTESIAN_POINT('',(0.685292915607,1.016958740792));
#4903 = CARTESIAN_POINT('',(0.797805085092,1.057132439012));
#4904 = CARTESIAN_POINT('',(0.871440515995,1.084543383137));
#4905 = CARTESIAN_POINT('',(0.945021693191,1.112802875714));
#4906 = CARTESIAN_POINT('',(1.018566296047,1.141648522128));
#4907 = CARTESIAN_POINT('',(1.092092855783,1.170808355292));
#4908 = CARTESIAN_POINT('',(1.165604942188,1.2));
#4909 = ( GEOMETRIC_REPRESENTATION_CONTEXT(2) 
PARAMETRIC_REPRESENTATION_CONTEXT() REPRESENTATION_CONTEXT('2D SPACE',''
  ) );
#4910 = ADVANCED_FACE('',(#4911),#4677,.T.);
#4911 = FACE_BOUND('',#4912,.T.);
#4912 = EDGE_LOOP('',(#4913,#4914,#4937,#4964,#4965,#4966,#4967));
#4913 = ORIENTED_EDGE('',*,*,#4691,.T.);
#4914 = ORIENTED_EDGE('',*,*,#4915,.T.);
#4915 = EDGE_CURVE('',#4658,#4916,#4918,.T.);
#4916 = VERTEX_POINT('',#4917);
#4917 = CARTESIAN_POINT('',(4.677947932228,5.633528314301E-02,
    32.306779463635));
#4918 = SEAM_CURVE('',#4919,(#4923,#4930),.PCURVE_S1.);
#4919 = LINE('',#4920,#4921);
#4920 = CARTESIAN_POINT('',(4.677947932228,5.633528314301E-02,28.4));
#4921 = VECTOR('',#4922,1.);
#4922 = DIRECTION('',(0.,0.,1.));
#4923 = PCURVE('',#4677,#4924);
#4924 = DEFINITIONAL_REPRESENTATION('',(#4925),#4929);
#4925 = LINE('',#4926,#4927);
#4926 = CARTESIAN_POINT('',(0.,0.));
#4927 = VECTOR('',#4928,1.);
#4928 = DIRECTION('',(0.,1.));
#4929 = ( GEOMETRIC_REPRESENTATION_CONTEXT(2) 
PARAMETRIC_REPRESENTATION_CONTEXT() REPRESENTATION_CONTEXT('2D SPACE',''
  ) );
#4930 = PCURVE('',#4677,#4931);
#4931 = DEFINITIONAL_REPRESENTATION('',(#4932),#4936);
#4932 = LINE('',#4933,#4934);
#4933 = CARTESIAN_POINT('',(6.28318530718,0.));
#4934 = VECTOR('',#4935,1.);
#4935 = DIRECTION('',(0.,1.));
#4936 = ( GEOMETRIC_REPRESENTATION_CONTEXT(2) 
PARAMETRIC_REPRESENTATION_CONTEXT() REPRESENTATION_CONTEXT('2D SPACE',''
  ) );
#4937 = ORIENTED_EDGE('',*,*,#4938,.F.);
#4938 = EDGE_CURVE('',#4916,#4916,#4939,.T.);
#4939 = SURFACE_CURVE('',#4940,(#4945,#4952),.PCURVE_S1.);
#4940 = CIRCLE('',#4941,4.735663041807);
#4941 = AXIS2_PLACEMENT_3D('',#4942,#4943,#4944);
#4942 = CARTESIAN_POINT('',(-5.771510957849E-02,5.633528314301E-02,
    32.306779463635));
#4943 = DIRECTION('',(0.,0.,1.));
#4944 = DIRECTION('',(1.,0.,-0.));
#4945 = PCURVE('',#4677,#4946);
#4946 = DEFINITIONAL_REPRESENTATION('',(#4947),#4951);
#4947 = LINE('',#4948,#4949);
#4948 = CARTESIAN_POINT('',(0.,3.906779463635));
#4949 = VECTOR('',#4950,1.);
#4950 = DIRECTION('',(1.,0.));
#4951 = ( GEOMETRIC_REPRESENTATION_CONTEXT(2) 
PARAMETRIC_REPRESENTATION_CONTEXT() REPRESENTATION_CONTEXT('2D SPACE',''
  ) );
#4952 = PCURVE('',#4953,#4958);
#4953 = PLANE('',#4954);
#4954 = AXIS2_PLACEMENT_3D('',#4955,#4956,#4957);
#4955 = CARTESIAN_POINT('',(-5.771510957849E-02,5.633528314301E-02,
    32.306779463635));
#4956 = DIRECTION('',(0.,0.,1.));
#4957 = DIRECTION('',(1.,0.,-0.));
#4958 = DEFINITIONAL_REPRESENTATION('',(#4959),#4963);
#4959 = CIRCLE('',#4960,4.735663041807);
#4960 = AXIS2_PLACEMENT_2D('',#4961,#4962);
#4961 = CARTESIAN_POINT('',(0.,0.));
#4962 = DIRECTION('',(1.,-0.));
#4963 = ( GEOMETRIC_REPRESENTATION_CONTEXT(2) 
PARAMETRIC_REPRESENTATION_CONTEXT() REPRESENTATION_CONTEXT('2D SPACE',''
  ) );
#4964 = ORIENTED_EDGE('',*,*,#4915,.F.);
#4965 = ORIENTED_EDGE('',*,*,#4657,.T.);
#4966 = ORIENTED_EDGE('',*,*,#4848,.T.);
#4967 = ORIENTED_EDGE('',*,*,#4968,.T.);
#4968 = EDGE_CURVE('',#4820,#4692,#4969,.T.);
#4969 = SURFACE_CURVE('',#4970,(#4975,#4982),.PCURVE_S1.);
#4970 = CIRCLE('',#4971,4.735663041807);
#4971 = AXIS2_PLACEMENT_3D('',#4972,#4973,#4974);
#4972 = CARTESIAN_POINT('',(-5.771510957849E-02,5.633528314301E-02,29.6)
  );
#4973 = DIRECTION('',(0.,0.,1.));
#4974 = DIRECTION('',(1.,0.,-0.));
#4975 = PCURVE('',#4677,#4976);
#4976 = DEFINITIONAL_REPRESENTATION('',(#4977),#4981);
#4977 = LINE('',#4978,#4979);
#4978 = CARTESIAN_POINT('',(0.,1.2));
#4979 = VECTOR('',#4980,1.);
#4980 = DIRECTION('',(1.,0.));
#4981 = ( GEOMETRIC_REPRESENTATION_CONTEXT(2) 
PARAMETRIC_REPRESENTATION_CONTEXT() REPRESENTATION_CONTEXT('2D SPACE',''
  ) );
#4982 = PCURVE('',#4836,#4983);
#4983 = DEFINITIONAL_REPRESENTATION('',(#4984),#4988);
#4984 = CIRCLE('',#4985,4.735663041807);
#4985 = AXIS2_PLACEMENT_2D('',#4986,#4987);
#4986 = CARTESIAN_POINT('',(0.126272558804,-5.635830234107E-02));
#4987 = DIRECTION('',(1.,0.));
#4988 = ( GEOMETRIC_REPRESENTATION_CONTEXT(2) 
PARAMETRIC_REPRESENTATION_CONTEXT() REPRESENTATION_CONTEXT('2D SPACE',''
  ) );
#4989 = ADVANCED_FACE('',(#4990),#4836,.T.);
#4990 = FACE_BOUND('',#4991,.T.);
#4991 = EDGE_LOOP('',(#4992,#4993));
#4992 = ORIENTED_EDGE('',*,*,#4968,.F.);
#4993 = ORIENTED_EDGE('',*,*,#4819,.T.);
#4994 = ADVANCED_FACE('',(#4995,#5247),#4953,.F.);
#4995 = FACE_BOUND('',#4996,.T.);
#4996 = EDGE_LOOP('',(#4997,#5032,#5058,#5203));
#4997 = ORIENTED_EDGE('',*,*,#4998,.T.);
#4998 = EDGE_CURVE('',#4999,#5001,#5003,.T.);
#4999 = VERTEX_POINT('',#5000);
#5000 = CARTESIAN_POINT('',(-3.813138668995,3.816166510545,
    32.306779463632));
#5001 = VERTEX_POINT('',#5002);
#5002 = CARTESIAN_POINT('',(-1.398011071983,-5.085954487346,
    32.306779463635));
#5003 = SURFACE_CURVE('',#5004,(#5009,#5020),.PCURVE_S1.);
#5004 = CIRCLE('',#5005,5.314088571949);
#5005 = AXIS2_PLACEMENT_3D('',#5006,#5007,#5008);
#5006 = CARTESIAN_POINT('',(-5.771510957849E-02,5.633528314301E-02,
    32.306779463635));
#5007 = DIRECTION('',(0.,-6.519900203249E-13,-1.));
#5008 = DIRECTION('',(-0.70669194424,0.707521374904,-4.612968756042E-13)
  );
#5009 = PCURVE('',#4953,#5010);
#5010 = DEFINITIONAL_REPRESENTATION('',(#5011),#5019);
#5011 = ( BOUNDED_CURVE() B_SPLINE_CURVE(2,(#5012,#5013,#5014,#5015,
#5016,#5017,#5018),.UNSPECIFIED.,.T.,.F.) B_SPLINE_CURVE_WITH_KNOTS((1,2
    ,2,2,2,1),(-2.094395102393,0.,2.094395102393,4.188790204786,
6.28318530718,8.377580409573),.UNSPECIFIED.) CURVE() 
GEOMETRIC_REPRESENTATION_ITEM() RATIONAL_B_SPLINE_CURVE((1.,0.5,1.,0.5,
1.,0.5,1.)) REPRESENTATION_ITEM('') );
#5012 = CARTESIAN_POINT('',(-3.755423584773,3.759831252789));
#5013 = CARTESIAN_POINT('',(2.756795172943,10.264415705559));
#5014 = CARTESIAN_POINT('',(5.133821171245,1.37237659999));
#5015 = CARTESIAN_POINT('',(7.510847169546,-7.519662505578));
#5016 = CARTESIAN_POINT('',(-1.378397586471,-5.132207852779));
#5017 = CARTESIAN_POINT('',(-10.26764234248,-2.744753199981));
#5018 = CARTESIAN_POINT('',(-3.755423584773,3.759831252789));
#5019 = ( GEOMETRIC_REPRESENTATION_CONTEXT(2) 
PARAMETRIC_REPRESENTATION_CONTEXT() REPRESENTATION_CONTEXT('2D SPACE',''
  ) );
#5020 = PCURVE('',#5021,#5026);
#5021 = TOROIDAL_SURFACE('',#5022,5.314088571949,0.638076031584);
#5022 = AXIS2_PLACEMENT_3D('',#5023,#5024,#5025);
#5023 = CARTESIAN_POINT('',(-5.771510957849E-02,5.633528314301E-02,
    32.944855495218));
#5024 = DIRECTION('',(0.,0.,1.));
#5025 = DIRECTION('',(1.,0.,-0.));
#5026 = DEFINITIONAL_REPRESENTATION('',(#5027),#5031);
#5027 = LINE('',#5028,#5029);
#5028 = CARTESIAN_POINT('',(8.638793301291,4.712388980385));
#5029 = VECTOR('',#5030,1.);
#5030 = DIRECTION('',(-1.,-0.));
#5031 = ( GEOMETRIC_REPRESENTATION_CONTEXT(2) 
PARAMETRIC_REPRESENTATION_CONTEXT() REPRESENTATION_CONTEXT('2D SPACE',''
  ) );
#5032 = ORIENTED_EDGE('',*,*,#5033,.T.);
#5033 = EDGE_CURVE('',#5001,#5034,#5036,.T.);
#5034 = VERTEX_POINT('',#5035);
#5035 = CARTESIAN_POINT('',(-1.25716738722,-4.545582019222,
    32.306779463635));
#5036 = SURFACE_CURVE('',#5037,(#5041,#5047),.PCURVE_S1.);
#5037 = LINE('',#5038,#5039);
#5038 = CARTESIAN_POINT('',(-0.806397308859,-2.81612045189,
    32.306779463635));
#5039 = VECTOR('',#5040,1.);
#5040 = DIRECTION('',(0.252215586554,0.967671069062,-0.));
#5041 = PCURVE('',#4953,#5042);
#5042 = DEFINITIONAL_REPRESENTATION('',(#5043),#5046);
#5043 = B_SPLINE_CURVE_WITH_KNOTS('',1,(#5044,#5045),.UNSPECIFIED.,.F.,
  .F.,(2,2),(-2.523205369035,-1.787241155285),.PIECEWISE_BEZIER_KNOTS.);
#5044 = CARTESIAN_POINT('',(-1.385073921429,-5.314088571949));
#5045 = CARTESIAN_POINT('',(-1.199452275575,-4.601917294438));
#5046 = ( GEOMETRIC_REPRESENTATION_CONTEXT(2) 
PARAMETRIC_REPRESENTATION_CONTEXT() REPRESENTATION_CONTEXT('2D SPACE',''
  ) );
#5047 = PCURVE('',#5048,#5053);
#5048 = PLANE('',#5049);
#5049 = AXIS2_PLACEMENT_3D('',#5050,#5051,#5052);
#5050 = CARTESIAN_POINT('',(-1.555079511911,-5.688576185939,
    32.784281806576));
#5051 = DIRECTION('',(-0.967671069062,0.252215586554,1.111043561835E-14)
  );
#5052 = DIRECTION('',(-0.252215586554,-0.967671069062,0.));
#5053 = DEFINITIONAL_REPRESENTATION('',(#5054),#5057);
#5054 = B_SPLINE_CURVE_WITH_KNOTS('',1,(#5055,#5056),.UNSPECIFIED.,.F.,
  .F.,(2,2),(-2.523205369035,-1.787241155285),.PIECEWISE_BEZIER_KNOTS.);
#5055 = CARTESIAN_POINT('',(-0.445216262951,-0.477502342941));
#5056 = CARTESIAN_POINT('',(-1.181180476701,-0.477502342941));
#5057 = ( GEOMETRIC_REPRESENTATION_CONTEXT(2) 
PARAMETRIC_REPRESENTATION_CONTEXT() REPRESENTATION_CONTEXT('2D SPACE',''
  ) );
#5058 = ORIENTED_EDGE('',*,*,#5059,.T.);
#5059 = EDGE_CURVE('',#5034,#5060,#5062,.T.);
#5060 = VERTEX_POINT('',#5061);
#5061 = CARTESIAN_POINT('',(-3.418503830925,3.421068468563,
    32.306779463635));
#5062 = SURFACE_CURVE('',#5063,(#5102,#5144),.PCURVE_S1.);
#5063 = B_SPLINE_CURVE_WITH_KNOTS('',7,(#5064,#5065,#5066,#5067,#5068,
    #5069,#5070,#5071,#5072,#5073,#5074,#5075,#5076,#5077,#5078,#5079,
    #5080,#5081,#5082,#5083,#5084,#5085,#5086,#5087,#5088,#5089,#5090,
    #5091,#5092,#5093,#5094,#5095,#5096,#5097,#5098,#5099,#5100,#5101),
  .UNSPECIFIED.,.F.,.F.,(8,6,6,6,6,6,8),(0.,6.421822407433E-02,
    9.377912038226E-02,0.417884694924,0.603400672305,0.924450212478,1.),
  .UNSPECIFIED.);
#5064 = CARTESIAN_POINT('',(-1.25716738722,-4.545582019222,
    32.306779463635));
#5065 = CARTESIAN_POINT('',(-1.345894322864,-4.522456143383,
    32.306779463635));
#5066 = CARTESIAN_POINT('',(-1.434101121002,-4.497334417784,
    32.306779463635));
#5067 = CARTESIAN_POINT('',(-1.521733822371,-4.470230962314,
    32.306779463635));
#5068 = CARTESIAN_POINT('',(-1.608739060166,-4.441161665896,
    32.306779463635));
#5069 = CARTESIAN_POINT('',(-1.695064060039,-4.410144186484,
    32.306779463635));
#5070 = CARTESIAN_POINT('',(-1.780656640104,-4.377197951059,
    32.306779463635));
#5071 = CARTESIAN_POINT('',(-1.904504243925,-4.326300276389,
    32.306779463635));
#5072 = CARTESIAN_POINT('',(-1.943377163314,-4.309852191909,
    32.306779463635));
#5073 = CARTESIAN_POINT('',(-1.982078944862,-4.293001966972,
    32.306779463635));
#5074 = CARTESIAN_POINT('',(-2.020604598596,-4.275751743,32.306779463635
    ));
#5075 = CARTESIAN_POINT('',(-2.058949168808,-4.258103738064,
    32.306779463635));
#5076 = CARTESIAN_POINT('',(-2.097107734056,-4.240060246884,
    32.306779463635));
#5077 = CARTESIAN_POINT('',(-2.551352856205,-4.019484749714,
    32.306779463635));
#5078 = CARTESIAN_POINT('',(-2.94485322144,-3.770006577077,
    32.306779463635));
#5079 = CARTESIAN_POINT('',(-3.308797548634,-3.476398332404,
    32.306779463635));
#5080 = CARTESIAN_POINT('',(-3.63740636089,-3.142967857026,
    32.306779463635));
#5081 = CARTESIAN_POINT('',(-3.925683116548,-2.774786581988,
    32.306779463635));
#5082 = CARTESIAN_POINT('',(-4.169403110378,-2.37769460827,
    32.306779463635));
#5083 = CARTESIAN_POINT('',(-4.47767727852,-1.718582857034,
    32.306779463635));
#5084 = CARTESIAN_POINT('',(-4.574311741588,-1.47134593385,
    32.306779463635));
#5085 = CARTESIAN_POINT('',(-4.654781352984,-1.218040005206,
    32.306779463635));
#5086 = CARTESIAN_POINT('',(-4.718642694848,-0.959934700707,
    32.306779463635));
#5087 = CARTESIAN_POINT('',(-4.7655739767,-0.698330594142,
    32.306779463635));
#5088 = CARTESIAN_POINT('',(-4.795375430601,-0.434557600183,
    32.306779463635));
#5089 = CARTESIAN_POINT('',(-4.829804819154,0.287899968776,
    32.306779463635));
#5090 = CARTESIAN_POINT('',(-4.800144967609,0.748410834144,
    32.306779463635));
#5091 = CARTESIAN_POINT('',(-4.718586719351,1.204283920391,
    32.306779463635));
#5092 = CARTESIAN_POINT('',(-4.586100814874,1.648581764878,
    32.306779463635));
#5093 = CARTESIAN_POINT('',(-4.404663729551,2.074671942276,
    32.306779463635));
#5094 = CARTESIAN_POINT('',(-4.177264460241,2.476218828493,
    32.306779463635));
#5095 = CARTESIAN_POINT('',(-3.844926592462,2.934705842533,
    32.306779463635));
#5096 = CARTESIAN_POINT('',(-3.77930698505,3.020369704115,
    32.306779463635));
#5097 = CARTESIAN_POINT('',(-3.711429513369,3.104284848991,
    32.306779463635));
#5098 = CARTESIAN_POINT('',(-3.641350277641,3.186380043682,
    32.306779463635));
#5099 = CARTESIAN_POINT('',(-3.569128100924,3.266586379822,
    32.306779463635));
#5100 = CARTESIAN_POINT('',(-3.49482452911,3.344837274161,
    32.306779463635));
#5101 = CARTESIAN_POINT('',(-3.418503830925,3.421068468563,
    32.306779463635));
#5102 = PCURVE('',#4953,#5103);
#5103 = DEFINITIONAL_REPRESENTATION('',(#5104),#5143);
#5104 = B_SPLINE_CURVE_WITH_KNOTS('',7,(#5105,#5106,#5107,#5108,#5109,
    #5110,#5111,#5112,#5113,#5114,#5115,#5116,#5117,#5118,#5119,#5120,
    #5121,#5122,#5123,#5124,#5125,#5126,#5127,#5128,#5129,#5130,#5131,
    #5132,#5133,#5134,#5135,#5136,#5137,#5138,#5139,#5140,#5141,#5142),
  .UNSPECIFIED.,.F.,.F.,(8,6,6,6,6,6,8),(0.,6.421822407433E-02,
    9.377912038226E-02,0.417884694924,0.603400672305,0.924450212478,1.),
  .UNSPECIFIED.);
#5105 = CARTESIAN_POINT('',(-1.199452277641,-4.601917302365));
#5106 = CARTESIAN_POINT('',(-1.288179213285,-4.578791426526));
#5107 = CARTESIAN_POINT('',(-1.376386011424,-4.553669700927));
#5108 = CARTESIAN_POINT('',(-1.464018712793,-4.526566245457));
#5109 = CARTESIAN_POINT('',(-1.551023950587,-4.497496949039));
#5110 = CARTESIAN_POINT('',(-1.63734895046,-4.466479469627));
#5111 = CARTESIAN_POINT('',(-1.722941530526,-4.433533234202));
#5112 = CARTESIAN_POINT('',(-1.846789134347,-4.382635559532));
#5113 = CARTESIAN_POINT('',(-1.885662053736,-4.366187475052));
#5114 = CARTESIAN_POINT('',(-1.924363835283,-4.349337250115));
#5115 = CARTESIAN_POINT('',(-1.962889489017,-4.332087026143));
#5116 = CARTESIAN_POINT('',(-2.001234059229,-4.314439021207));
#5117 = CARTESIAN_POINT('',(-2.039392624478,-4.296395530027));
#5118 = CARTESIAN_POINT('',(-2.493637746626,-4.075820032857));
#5119 = CARTESIAN_POINT('',(-2.887138111861,-3.82634186022));
#5120 = CARTESIAN_POINT('',(-3.251082439055,-3.532733615547));
#5121 = CARTESIAN_POINT('',(-3.579691251312,-3.199303140169));
#5122 = CARTESIAN_POINT('',(-3.86796800697,-2.831121865131));
#5123 = CARTESIAN_POINT('',(-4.1116880008,-2.434029891413));
#5124 = CARTESIAN_POINT('',(-4.419962168941,-1.774918140177));
#5125 = CARTESIAN_POINT('',(-4.516596632009,-1.527681216993));
#5126 = CARTESIAN_POINT('',(-4.597066243406,-1.274375288349));
#5127 = CARTESIAN_POINT('',(-4.660927585269,-1.01626998385));
#5128 = CARTESIAN_POINT('',(-4.707858867122,-0.754665877285));
#5129 = CARTESIAN_POINT('',(-4.737660321023,-0.490892883326));
#5130 = CARTESIAN_POINT('',(-4.772089709576,0.231564685633));
#5131 = CARTESIAN_POINT('',(-4.74242985803,0.692075551001));
#5132 = CARTESIAN_POINT('',(-4.660871609772,1.147948637248));
#5133 = CARTESIAN_POINT('',(-4.528385705296,1.592246481735));
#5134 = CARTESIAN_POINT('',(-4.346948619973,2.018336659133));
#5135 = CARTESIAN_POINT('',(-4.119549350662,2.41988354535));
#5136 = CARTESIAN_POINT('',(-3.787211482883,2.87837055939));
#5137 = CARTESIAN_POINT('',(-3.721591875471,2.964034420972));
#5138 = CARTESIAN_POINT('',(-3.653714403791,3.047949565848));
#5139 = CARTESIAN_POINT('',(-3.583635168063,3.130044760539));
#5140 = CARTESIAN_POINT('',(-3.511412991346,3.210251096679));
#5141 = CARTESIAN_POINT('',(-3.437109419531,3.288501991018));
#5142 = CARTESIAN_POINT('',(-3.360788721347,3.36473318542));
#5143 = ( GEOMETRIC_REPRESENTATION_CONTEXT(2) 
PARAMETRIC_REPRESENTATION_CONTEXT() REPRESENTATION_CONTEXT('2D SPACE',''
  ) );
#5144 = PCURVE('',#5145,#5162);
#5145 = B_SPLINE_SURFACE_WITH_KNOTS('',1,7,(
    (#5146,#5147,#5148,#5149,#5150,#5151,#5152,#5153)
    ,(#5154,#5155,#5156,#5157,#5158,#5159,#5160,#5161
  )),.UNSPECIFIED.,.F.,.F.,.F.,(2,2),(8,8),(0.,1.559125152099),(0.,
    2.389779642708),.PIECEWISE_BEZIER_KNOTS.);
#5146 = CARTESIAN_POINT('',(-3.279676178444,3.554234343711,
    32.286779463635));
#5147 = CARTESIAN_POINT('',(-4.350165025601,2.568191239123,
    32.438083011135));
#5148 = CARTESIAN_POINT('',(-5.068597137073,1.199941489876,
    32.589386805483));
#5149 = CARTESIAN_POINT('',(-5.271529571359,-0.399735884049,
    32.740689946461));
#5150 = CARTESIAN_POINT('',(-4.873930550835,-1.992078559031,
    32.891994123477));
#5151 = CARTESIAN_POINT('',(-3.942825695664,-3.308574997766,
    33.04329726445));
#5152 = CARTESIAN_POINT('',(-2.665528874637,-4.178505328659,
    33.194601058802));
#5153 = CARTESIAN_POINT('',(-1.257167385154,-4.545582011295,
    33.345904606301));
#5154 = CARTESIAN_POINT('',(-3.279676178444,3.554234343711,
    30.727654311535));
#5155 = CARTESIAN_POINT('',(-4.350165067292,2.568191281608,
    30.878957859036));
#5156 = CARTESIAN_POINT('',(-5.068597017243,1.199941322879,
    31.030261653384));
#5157 = CARTESIAN_POINT('',(-5.271529744644,-0.399735788435,
    31.181564794362));
#5158 = CARTESIAN_POINT('',(-4.873930455285,-1.992078398471,
    31.332868971377));
#5159 = CARTESIAN_POINT('',(-3.942825732966,-3.308575210192,
    31.484172112351));
#5160 = CARTESIAN_POINT('',(-2.665528864552,-4.178505282507,
    31.635475906703));
#5161 = CARTESIAN_POINT('',(-1.257167388254,-4.545582023189,
    31.786779454202));
#5162 = DEFINITIONAL_REPRESENTATION('',(#5163),#5202);
#5163 = B_SPLINE_CURVE_WITH_KNOTS('',7,(#5164,#5165,#5166,#5167,#5168,
    #5169,#5170,#5171,#5172,#5173,#5174,#5175,#5176,#5177,#5178,#5179,
    #5180,#5181,#5182,#5183,#5184,#5185,#5186,#5187,#5188,#5189,#5190,
    #5191,#5192,#5193,#5194,#5195,#5196,#5197,#5198,#5199,#5200,#5201),
  .UNSPECIFIED.,.F.,.F.,(8,6,6,6,6,6,8),(0.,6.421822407433E-02,
    9.377912038226E-02,0.417884694924,0.603400672305,0.924450212478,1.),
  .UNSPECIFIED.);
#5164 = CARTESIAN_POINT('',(1.039125142666,2.389779642708));
#5165 = CARTESIAN_POINT('',(1.029593001729,2.368271586562));
#5166 = CARTESIAN_POINT('',(1.020060858095,2.346763526534));
#5167 = CARTESIAN_POINT('',(1.010528718525,2.32525547739));
#5168 = CARTESIAN_POINT('',(1.00099658773,2.303747449335));
#5169 = CARTESIAN_POINT('',(0.991464468362,2.282239448009));
#5170 = CARTESIAN_POINT('',(0.981932361021,2.260731474488));
#5171 = CARTESIAN_POINT('',(0.968012454898,2.229322998364));
#5172 = CARTESIAN_POINT('',(0.963624647418,2.219422475766));
#5173 = CARTESIAN_POINT('',(0.959236841691,2.209521957201));
#5174 = CARTESIAN_POINT('',(0.954849037575,2.199621442328));
#5175 = CARTESIAN_POINT('',(0.950461234903,2.189720930752));
#5176 = CARTESIAN_POINT('',(0.946073433482,2.179820422027));
#5177 = CARTESIAN_POINT('',(0.893577803411,2.061370794762));
#5178 = CARTESIAN_POINT('',(0.845450429412,1.952777576305));
#5179 = CARTESIAN_POINT('',(0.797338969393,1.84422025076));
#5180 = CARTESIAN_POINT('',(0.749232245991,1.735673608224));
#5181 = CARTESIAN_POINT('',(0.701120217411,1.627114998351));
#5182 = CARTESIAN_POINT('',(0.652992153998,1.518520212932));
#5183 = CARTESIAN_POINT('',(0.577346943133,1.347836528988));
#5184 = CARTESIAN_POINT('',(0.549808875444,1.285700424173));
#5185 = CARTESIAN_POINT('',(0.522271720992,1.223566380922));
#5186 = CARTESIAN_POINT('',(0.494735142152,1.161433636813));
#5187 = CARTESIAN_POINT('',(0.467197993216,1.099299605971));
#5188 = CARTESIAN_POINT('',(0.439659935775,1.037163524212));
#5189 = CARTESIAN_POINT('',(0.364468381407,0.867503457559));
#5190 = CARTESIAN_POINT('',(0.316794862898,0.759934294115));
#5191 = CARTESIAN_POINT('',(0.269136615481,0.652399583077));
#5192 = CARTESIAN_POINT('',(0.221483486851,0.544876418999));
#5193 = CARTESIAN_POINT('',(0.173825763915,0.43734289299));
#5194 = CARTESIAN_POINT('',(0.126152870917,0.329775152113));
#5195 = CARTESIAN_POINT('',(6.728457921368E-02,0.196946434774));
#5196 = CARTESIAN_POINT('',(5.607051390849E-02,0.171643340821));
#5197 = CARTESIAN_POINT('',(4.485643553672E-02,0.14634021712));
#5198 = CARTESIAN_POINT('',(3.364234288415E-02,0.12103706064));
#5199 = CARTESIAN_POINT('',(2.242823692995E-02,9.573387318863E-02));
#5200 = CARTESIAN_POINT('',(1.121412084661E-02,7.043066140764E-02));
#5201 = CARTESIAN_POINT('',(0.,4.512743677624E-02));
#5202 = ( GEOMETRIC_REPRESENTATION_CONTEXT(2) 
PARAMETRIC_REPRESENTATION_CONTEXT() REPRESENTATION_CONTEXT('2D SPACE',''
  ) );
#5203 = ORIENTED_EDGE('',*,*,#5204,.T.);
#5204 = EDGE_CURVE('',#5060,#4999,#5205,.T.);
#5205 = SURFACE_CURVE('',#5206,(#5212,#5221),.PCURVE_S1.);
#5206 = B_SPLINE_CURVE_WITH_KNOTS('',4,(#5207,#5208,#5209,#5210,#5211),
  .UNSPECIFIED.,.F.,.F.,(5,5),(0.,1.),.PIECEWISE_BEZIER_KNOTS.);
#5207 = CARTESIAN_POINT('',(-3.418503830925,3.421068468563,
    32.306779463635));
#5208 = CARTESIAN_POINT('',(-3.517162534522,3.519842972294,
    32.306779463635));
#5209 = CARTESIAN_POINT('',(-3.615821237846,3.618617476297,
    32.306779463635));
#5210 = CARTESIAN_POINT('',(-3.714479940897,3.717391980573,
    32.306779463635));
#5211 = CARTESIAN_POINT('',(-3.813138643676,3.816166485121,
    32.306779463635));
#5212 = PCURVE('',#4953,#5213);
#5213 = DEFINITIONAL_REPRESENTATION('',(#5214),#5220);
#5214 = B_SPLINE_CURVE_WITH_KNOTS('',4,(#5215,#5216,#5217,#5218,#5219),
  .UNSPECIFIED.,.F.,.F.,(5,5),(0.,1.),.PIECEWISE_BEZIER_KNOTS.);
#5215 = CARTESIAN_POINT('',(-3.360788721347,3.36473318542));
#5216 = CARTESIAN_POINT('',(-3.459447424943,3.463507689151));
#5217 = CARTESIAN_POINT('',(-3.558106128267,3.562282193154));
#5218 = CARTESIAN_POINT('',(-3.656764831319,3.66105669743));
#5219 = CARTESIAN_POINT('',(-3.755423534097,3.759831201978));
#5220 = ( GEOMETRIC_REPRESENTATION_CONTEXT(2) 
PARAMETRIC_REPRESENTATION_CONTEXT() REPRESENTATION_CONTEXT('2D SPACE',''
  ) );
#5221 = PCURVE('',#5222,#5239);
#5222 = B_SPLINE_SURFACE_WITH_KNOTS('',1,7,(
    (#5223,#5224,#5225,#5226,#5227,#5228,#5229,#5230)
    ,(#5231,#5232,#5233,#5234,#5235,#5236,#5237,#5238
  )),.UNSPECIFIED.,.F.,.F.,.F.,(2,2),(8,8),(0.,0.558425530142),(0.,
    2.389779642708),.PIECEWISE_BEZIER_KNOTS.);
#5223 = CARTESIAN_POINT('',(-3.658009399735,3.96496910774,
    32.286779463635));
#5224 = CARTESIAN_POINT('',(-4.854198641201,2.863141708125,
    32.438083032443));
#5225 = CARTESIAN_POINT('',(-5.656991164209,1.334226951968,
    32.589386732893));
#5226 = CARTESIAN_POINT('',(-5.88375308565,-0.453288822694,
    32.740690084909));
#5227 = CARTESIAN_POINT('',(-5.439465947935,-2.232609769714,
    32.89199398943));
#5228 = CARTESIAN_POINT('',(-4.399028374645,-3.703694261017,
    33.043297341444));
#5229 = CARTESIAN_POINT('',(-2.971746866086,-4.675774075447,
    33.194601041895));
#5230 = CARTESIAN_POINT('',(-1.398011007785,-5.085954241039,
    33.345904610703));
#5231 = CARTESIAN_POINT('',(-3.279676178444,3.554234343711,
    32.286779463635));
#5232 = CARTESIAN_POINT('',(-4.350165025601,2.568191239123,
    32.438083011135));
#5233 = CARTESIAN_POINT('',(-5.068597137073,1.199941489876,
    32.589386805483));
#5234 = CARTESIAN_POINT('',(-5.271529571359,-0.399735884049,
    32.740689946461));
#5235 = CARTESIAN_POINT('',(-4.873930550835,-1.99207855903,
    32.891994123476));
#5236 = CARTESIAN_POINT('',(-3.942825695664,-3.308574997766,
    33.04329726445));
#5237 = CARTESIAN_POINT('',(-2.665528874637,-4.178505328659,
    33.194601058802));
#5238 = CARTESIAN_POINT('',(-1.257167385154,-4.545582011295,
    33.345904606301));
#5239 = DEFINITIONAL_REPRESENTATION('',(#5240),#5246);
#5240 = B_SPLINE_CURVE_WITH_KNOTS('',4,(#5241,#5242,#5243,#5244,#5245),
  .UNSPECIFIED.,.F.,.F.,(5,5),(0.,1.),.PIECEWISE_BEZIER_KNOTS.);
#5241 = CARTESIAN_POINT('',(0.558425530142,4.51274367762E-02));
#5242 = CARTESIAN_POINT('',(0.418819147607,4.512743562109E-02));
#5243 = CARTESIAN_POINT('',(0.279212765071,4.512743446601E-02));
#5244 = CARTESIAN_POINT('',(0.139606382536,4.512743331091E-02));
#5245 = CARTESIAN_POINT('',(0.,4.512743215581E-02));
#5246 = ( GEOMETRIC_REPRESENTATION_CONTEXT(2) 
PARAMETRIC_REPRESENTATION_CONTEXT() REPRESENTATION_CONTEXT('2D SPACE',''
  ) );
#5247 = FACE_BOUND('',#5248,.T.);
#5248 = EDGE_LOOP('',(#5249));
#5249 = ORIENTED_EDGE('',*,*,#4938,.T.);
#5250 = ADVANCED_FACE('',(#5251),#5021,.T.);
#5251 = FACE_BOUND('',#5252,.T.);
#5252 = EDGE_LOOP('',(#5253,#5283,#5306,#5585,#5586));
#5253 = ORIENTED_EDGE('',*,*,#5254,.F.);
#5254 = EDGE_CURVE('',#5255,#5257,#5259,.T.);
#5255 = VERTEX_POINT('',#5256);
#5256 = CARTESIAN_POINT('',(5.894449493954,5.633528314301E-02,
    32.944855495218));
#5257 = VERTEX_POINT('',#5258);
#5258 = CARTESIAN_POINT('',(-4.264061841124,4.267618963155,
    32.944855495218));
#5259 = SURFACE_CURVE('',#5260,(#5265,#5271),.PCURVE_S1.);
#5260 = CIRCLE('',#5261,5.952164603533);
#5261 = AXIS2_PLACEMENT_3D('',#5262,#5263,#5264);
#5262 = CARTESIAN_POINT('',(-5.771510957849E-02,5.633528314301E-02,
    32.944855495218));
#5263 = DIRECTION('',(0.,0.,1.));
#5264 = DIRECTION('',(1.,0.,-0.));
#5265 = PCURVE('',#5021,#5266);
#5266 = DEFINITIONAL_REPRESENTATION('',(#5267),#5270);
#5267 = B_SPLINE_CURVE_WITH_KNOTS('',1,(#5268,#5269),.UNSPECIFIED.,.F.,
  .F.,(2,2),(0.,2.355607989282),.PIECEWISE_BEZIER_KNOTS.);
#5268 = CARTESIAN_POINT('',(6.28318530718,6.28318530718));
#5269 = CARTESIAN_POINT('',(8.638793296461,6.28318530718));
#5270 = ( GEOMETRIC_REPRESENTATION_CONTEXT(2) 
PARAMETRIC_REPRESENTATION_CONTEXT() REPRESENTATION_CONTEXT('2D SPACE',''
  ) );
#5271 = PCURVE('',#5272,#5277);
#5272 = TOROIDAL_SURFACE('',#5273,4.815095535409,1.137069068123);
#5273 = AXIS2_PLACEMENT_3D('',#5274,#5275,#5276);
#5274 = CARTESIAN_POINT('',(-5.771510957849E-02,5.633528314301E-02,
    32.944855495218));
#5275 = DIRECTION('',(0.,0.,1.));
#5276 = DIRECTION('',(1.,0.,-0.));
#5277 = DEFINITIONAL_REPRESENTATION('',(#5278),#5282);
#5278 = LINE('',#5279,#5280);
#5279 = CARTESIAN_POINT('',(0.,-6.217248937901E-15));
#5280 = VECTOR('',#5281,1.);
#5281 = DIRECTION('',(1.,0.));
#5282 = ( GEOMETRIC_REPRESENTATION_CONTEXT(2) 
PARAMETRIC_REPRESENTATION_CONTEXT() REPRESENTATION_CONTEXT('2D SPACE',''
  ) );
#5283 = ORIENTED_EDGE('',*,*,#5284,.F.);
#5284 = EDGE_CURVE('',#5285,#5255,#5287,.T.);
#5285 = VERTEX_POINT('',#5286);
#5286 = CARTESIAN_POINT('',(-1.558943792555,-5.703402202972,
    32.944855495218));
#5287 = SURFACE_CURVE('',#5288,(#5293,#5299),.PCURVE_S1.);
#5288 = CIRCLE('',#5289,5.952164603533);
#5289 = AXIS2_PLACEMENT_3D('',#5290,#5291,#5292);
#5290 = CARTESIAN_POINT('',(-5.771510957849E-02,5.633528314301E-02,
    32.944855495218));
#5291 = DIRECTION('',(0.,0.,1.));
#5292 = DIRECTION('',(1.,0.,-0.));
#5293 = PCURVE('',#5021,#5294);
#5294 = DEFINITIONAL_REPRESENTATION('',(#5295),#5298);
#5295 = B_SPLINE_CURVE_WITH_KNOTS('',1,(#5296,#5297),.UNSPECIFIED.,.F.,
  .F.,(2,2),(4.457419799569,6.28318530718),.PIECEWISE_BEZIER_KNOTS.);
#5296 = CARTESIAN_POINT('',(4.457419799569,6.28318530718));
#5297 = CARTESIAN_POINT('',(6.28318530718,6.28318530718));
#5298 = ( GEOMETRIC_REPRESENTATION_CONTEXT(2) 
PARAMETRIC_REPRESENTATION_CONTEXT() REPRESENTATION_CONTEXT('2D SPACE',''
  ) );
#5299 = PCURVE('',#5272,#5300);
#5300 = DEFINITIONAL_REPRESENTATION('',(#5301),#5305);
#5301 = LINE('',#5302,#5303);
#5302 = CARTESIAN_POINT('',(0.,-6.217248937901E-15));
#5303 = VECTOR('',#5304,1.);
#5304 = DIRECTION('',(1.,0.));
#5305 = ( GEOMETRIC_REPRESENTATION_CONTEXT(2) 
PARAMETRIC_REPRESENTATION_CONTEXT() REPRESENTATION_CONTEXT('2D SPACE',''
  ) );
#5306 = ORIENTED_EDGE('',*,*,#5307,.F.);
#5307 = EDGE_CURVE('',#5001,#5285,#5308,.T.);
#5308 = SURFACE_CURVE('',#5309,(#5399,#5492),.PCURVE_S1.);
#5309 = B_SPLINE_CURVE_WITH_KNOTS('',4,(#5310,#5311,#5312,#5313,#5314,
    #5315,#5316,#5317,#5318,#5319,#5320,#5321,#5322,#5323,#5324,#5325,
    #5326,#5327,#5328,#5329,#5330,#5331,#5332,#5333,#5334,#5335,#5336,
    #5337,#5338,#5339,#5340,#5341,#5342,#5343,#5344,#5345,#5346,#5347,
    #5348,#5349,#5350,#5351,#5352,#5353,#5354,#5355,#5356,#5357,#5358,
    #5359,#5360,#5361,#5362,#5363,#5364,#5365,#5366,#5367,#5368,#5369,
    #5370,#5371,#5372,#5373,#5374,#5375,#5376,#5377,#5378,#5379,#5380,
    #5381,#5382,#5383,#5384,#5385,#5386,#5387,#5388,#5389,#5390,#5391,
    #5392,#5393,#5394,#5395,#5396,#5397,#5398),.UNSPECIFIED.,.F.,.F.,(5,
    3,3,3,3,3,3,3,3,3,3,3,3,3,3,3,3,3,3,3,3,3,3,3,3,3,3,3,3,5),(0.,
    3.476116590652E-02,6.836116611966E-02,9.956116633004E-02,
    0.134361166543,0.161961166741,0.196761166954,0.231561167166,
    0.263961167379,0.298761167591,0.333561167804,0.364761168014,
    0.399561168227,0.431961168439,0.466761168652,0.499161168864,
    0.532761169077,0.55916116927,0.589161169477,0.617961169681,
    0.650361169893,0.683961170106,0.718761170319,0.751161170531,
    0.779961170734,0.835161170544,0.868761170757,0.898761170964,
    0.95276117083,1.),.UNSPECIFIED.);
#5310 = CARTESIAN_POINT('',(-1.398011071983,-5.085954487345,
    32.306779474675));
#5311 = CARTESIAN_POINT('',(-1.400207912955,-5.094383068151,
    32.306779474675));
#5312 = CARTESIAN_POINT('',(-1.40240475355,-5.102811647512,
    32.306937982805));
#5313 = CARTESIAN_POINT('',(-1.404600502929,-5.111236040224,
    32.307255062633));
#5314 = CARTESIAN_POINT('',(-1.408914362077,-5.127786947129,
    32.308189908875));
#5315 = CARTESIAN_POINT('',(-1.411032615811,-5.135914013675,
    32.308797290292));
#5316 = CARTESIAN_POINT('',(-1.413147846113,-5.14402948027,
    32.309552356137));
#5317 = CARTESIAN_POINT('',(-1.417219497062,-5.159651111275,
    32.311292566403));
#5318 = CARTESIAN_POINT('',(-1.419176469346,-5.167159392139,
    32.312257424298));
#5319 = CARTESIAN_POINT('',(-1.42112920441,-5.174651416136,
    32.313348925563));
#5320 = CARTESIAN_POINT('',(-1.425249377013,-5.190459209309,
    32.315924738629));
#5321 = CARTESIAN_POINT('',(-1.427415590069,-5.198770280532,
    32.317439842969));
#5322 = CARTESIAN_POINT('',(-1.429574479279,-5.207053252487,
    32.319111219049));
#5323 = CARTESIAN_POINT('',(-1.433430537571,-5.221847722966,
    32.322386748922));
#5324 = CARTESIAN_POINT('',(-1.435130821206,-5.228371171042,
    32.323933265591));
#5325 = CARTESIAN_POINT('',(-1.436825289841,-5.234872308812,
    32.325577052927));
#5326 = CARTESIAN_POINT('',(-1.440641919616,-5.2495155046,32.32951212504
    ));
#5327 = CARTESIAN_POINT('',(-1.442760339249,-5.257643207645,
    32.331860457747));
#5328 = CARTESIAN_POINT('',(-1.444867613088,-5.265728147818,
    32.334361470421));
#5329 = CARTESIAN_POINT('',(-1.449057781745,-5.281804493611,
    32.339666213071));
#5330 = CARTESIAN_POINT('',(-1.451140676682,-5.289795899688,
    32.342469943198));
#5331 = CARTESIAN_POINT('',(-1.453210338517,-5.297736534554,
    32.345423710766));
#5332 = CARTESIAN_POINT('',(-1.457179396031,-5.312964547145,
    32.35141428097));
#5333 = CARTESIAN_POINT('',(-1.459080690482,-5.320259209853,
    32.354431308353));
#5334 = CARTESIAN_POINT('',(-1.460968800317,-5.327503287382,
    32.357575805264));
#5335 = CARTESIAN_POINT('',(-1.464855855631,-5.342416683586,
    32.364359176922));
#5336 = CARTESIAN_POINT('',(-1.466852651261,-5.350077753976,
    32.368017418675));
#5337 = CARTESIAN_POINT('',(-1.468832300374,-5.357673038627,
    32.371819334704));
#5338 = CARTESIAN_POINT('',(-1.472755351202,-5.372724538183,
    32.379706586147));
#5339 = CARTESIAN_POINT('',(-1.47469875303,-5.380180753517,
    32.383791921784));
#5340 = CARTESIAN_POINT('',(-1.476623054094,-5.387563685293,
    32.388017002709));
#5341 = CARTESIAN_POINT('',(-1.480234565851,-5.401419908419,
    32.396290999552));
#5342 = CARTESIAN_POINT('',(-1.481925710213,-5.407908292007,
    32.40031292471));
#5343 = CARTESIAN_POINT('',(-1.483600055231,-5.414332221849,
    32.404443864912));
#5344 = CARTESIAN_POINT('',(-1.487104998431,-5.42777957528,
    32.413409411136));
#5345 = CARTESIAN_POINT('',(-1.488931334339,-5.434786645876,
    32.418270211877));
#5346 = CARTESIAN_POINT('',(-1.490735024545,-5.441706832111,
    32.423262170325));
#5347 = CARTESIAN_POINT('',(-1.494172570401,-5.45489560335,
    32.433150158396));
#5348 = CARTESIAN_POINT('',(-1.495809560071,-5.461176212591,
    32.438029061061));
#5349 = CARTESIAN_POINT('',(-1.497425435553,-5.467375813401,
    32.443017384932));
#5350 = CARTESIAN_POINT('',(-1.500731660936,-5.48006074971,
    32.453585922246));
#5351 = CARTESIAN_POINT('',(-1.502418661292,-5.486533234063,
    32.459182608867));
#5352 = CARTESIAN_POINT('',(-1.504079656629,-5.492905945423,
    32.464900263058));
#5353 = CARTESIAN_POINT('',(-1.507235307247,-5.505013174198,
    32.476169229158));
#5354 = CARTESIAN_POINT('',(-1.508733534232,-5.510761395108,
    32.481704818656));
#5355 = CARTESIAN_POINT('',(-1.51020785681,-5.516417902404,
    32.487340399991));
#5356 = CARTESIAN_POINT('',(-1.513161137079,-5.527748700449,
    32.499018932072));
#5357 = CARTESIAN_POINT('',(-1.514638244121,-5.533415890846,
    32.505069240288));
#5358 = CARTESIAN_POINT('',(-1.516088271853,-5.538979186535,
    32.511221661141));
#5359 = CARTESIAN_POINT('',(-1.518628071694,-5.548723591553,
    32.522385286602));
#5360 = CARTESIAN_POINT('',(-1.519728458562,-5.552945426342,
    32.527358528569));
#5361 = CARTESIAN_POINT('',(-1.52081140002,-5.557100328633,
    32.532391609202));
#5362 = CARTESIAN_POINT('',(-1.523087034685,-5.565831215805,
    32.543268818701));
#5363 = CARTESIAN_POINT('',(-1.524274556731,-5.570387360581,
    32.549129954863));
#5364 = CARTESIAN_POINT('',(-1.525438708753,-5.574853842005,
    32.555064335596));
#5365 = CARTESIAN_POINT('',(-1.527673814046,-5.583429230853,
    32.566834923803));
#5366 = CARTESIAN_POINT('',(-1.528746632654,-5.587545294985,
    32.57266556336));
#5367 = CARTESIAN_POINT('',(-1.529797150934,-5.591575799842,
    32.57855968953));
#5368 = CARTESIAN_POINT('',(-1.531981368896,-5.59995595017,
    32.591215299046));
#5369 = CARTESIAN_POINT('',(-1.533109051948,-5.604282511742,
    32.597993106563));
#5370 = CARTESIAN_POINT('',(-1.534207568045,-5.608497168973,
    32.604845799875));
#5371 = CARTESIAN_POINT('',(-1.536384931635,-5.616851021255,
    32.618951444139));
#5372 = CARTESIAN_POINT('',(-1.537461543833,-5.620981640185,
    32.626209819656));
#5373 = CARTESIAN_POINT('',(-1.538505777448,-5.624988032782,
    32.633542180546));
#5374 = CARTESIAN_POINT('',(-1.540564669038,-5.632887345641,
    32.648612386874));
#5375 = CARTESIAN_POINT('',(-1.541576938866,-5.636771103342,
    32.656355361816));
#5376 = CARTESIAN_POINT('',(-1.54255345044,-5.640517667985,
    32.664170194095));
#5377 = CARTESIAN_POINT('',(-1.54436917299,-5.647484018497,
    32.679392080593));
#5378 = CARTESIAN_POINT('',(-1.545213208488,-5.650722314527,
    32.68679008855));
#5379 = CARTESIAN_POINT('',(-1.546025463806,-5.653838680103,
    32.694243811494));
#5380 = CARTESIAN_POINT('',(-1.547499058301,-5.659492393975,
    32.708422183001));
#5381 = CARTESIAN_POINT('',(-1.548167138117,-5.662055603962,
    32.715135818773));
#5382 = CARTESIAN_POINT('',(-1.548809604936,-5.664520545013,
    32.721888639173));
#5383 = CARTESIAN_POINT('',(-1.550608148295,-5.67142098443,
    32.74169189753));
#5384 = CARTESIAN_POINT('',(-1.551695183395,-5.675591592727,
    32.754840909478));
#5385 = CARTESIAN_POINT('',(-1.552685871655,-5.67939254881,
    32.768109044378));
#5386 = CARTESIAN_POINT('',(-1.554122792753,-5.684905558509,
    32.789618095563));
#5387 = CARTESIAN_POINT('',(-1.554630380158,-5.686853010105,
    32.797794580689));
#5388 = CARTESIAN_POINT('',(-1.5551016026,-5.688660940893,
    32.806005211444));
#5389 = CARTESIAN_POINT('',(-1.555924343598,-5.691817536692,
    32.821604151196));
#5390 = CARTESIAN_POINT('',(-1.556283278144,-5.6931946545,
    32.828986311684));
#5391 = CARTESIAN_POINT('',(-1.556612918194,-5.694459378637,
    32.836389918321));
#5392 = CARTESIAN_POINT('',(-1.557453574531,-5.697684709899,
    32.857172372453));
#5393 = CARTESIAN_POINT('',(-1.557898722268,-5.699392600328,
    32.87059310707));
#5394 = CARTESIAN_POINT('',(-1.558247947367,-5.700732466076,
    32.884058394497));
#5395 = CARTESIAN_POINT('',(-1.558722267725,-5.702552282583,
    32.909356191902));
#5396 = CARTESIAN_POINT('',(-1.55886995443,-5.703118909546,
    32.921182050243));
#5397 = CARTESIAN_POINT('',(-1.558943789771,-5.703402192288,
    32.933018772164));
#5398 = CARTESIAN_POINT('',(-1.558943789771,-5.703402192288,
    32.944855495216));
#5399 = PCURVE('',#5021,#5400);
#5400 = DEFINITIONAL_REPRESENTATION('',(#5401),#5491);
#5401 = B_SPLINE_CURVE_WITH_KNOTS('',4,(#5402,#5403,#5404,#5405,#5406,
    #5407,#5408,#5409,#5410,#5411,#5412,#5413,#5414,#5415,#5416,#5417,
    #5418,#5419,#5420,#5421,#5422,#5423,#5424,#5425,#5426,#5427,#5428,
    #5429,#5430,#5431,#5432,#5433,#5434,#5435,#5436,#5437,#5438,#5439,
    #5440,#5441,#5442,#5443,#5444,#5445,#5446,#5447,#5448,#5449,#5450,
    #5451,#5452,#5453,#5454,#5455,#5456,#5457,#5458,#5459,#5460,#5461,
    #5462,#5463,#5464,#5465,#5466,#5467,#5468,#5469,#5470,#5471,#5472,
    #5473,#5474,#5475,#5476,#5477,#5478,#5479,#5480,#5481,#5482,#5483,
    #5484,#5485,#5486,#5487,#5488,#5489,#5490),.UNSPECIFIED.,.F.,.F.,(5,
    3,3,3,3,3,3,3,3,3,3,3,3,3,3,3,3,3,3,3,3,3,3,3,3,3,3,3,3,5),(0.,
    3.476116590652E-02,6.836116611966E-02,9.956116633004E-02,
    0.134361166543,0.161961166741,0.196761166954,0.231561167166,
    0.263961167379,0.298761167591,0.333561167804,0.364761168014,
    0.399561168227,0.431961168439,0.466761168652,0.499161168864,
    0.532761169077,0.55916116927,0.589161169477,0.617961169681,
    0.650361169893,0.683961170106,0.718761170319,0.751161170531,
    0.779961170734,0.835161170544,0.868761170757,0.898761170964,
    0.95276117083,1.),.UNSPECIFIED.);
#5402 = CARTESIAN_POINT('',(4.457419799648,4.712388980385));
#5403 = CARTESIAN_POINT('',(4.457419799647,4.726039659775));
#5404 = CARTESIAN_POINT('',(4.457419799646,4.73969033648));
#5405 = CARTESIAN_POINT('',(4.457419799644,4.753341017463));
#5406 = CARTESIAN_POINT('',(4.457419799642,4.780186384409));
#5407 = CARTESIAN_POINT('',(4.457419799641,4.793381073575));
#5408 = CARTESIAN_POINT('',(4.45741979964,4.806575762741));
#5409 = CARTESIAN_POINT('',(4.457419799638,4.8320226632));
#5410 = CARTESIAN_POINT('',(4.457419799637,4.844274874563));
#5411 = CARTESIAN_POINT('',(4.457419799636,4.856527085926));
#5412 = CARTESIAN_POINT('',(4.457419799633,4.88244522528));
#5413 = CARTESIAN_POINT('',(4.457419799632,4.896111153348));
#5414 = CARTESIAN_POINT('',(4.457419799631,4.909777081415));
#5415 = CARTESIAN_POINT('',(4.457419799629,4.934281504081));
#5416 = CARTESIAN_POINT('',(4.457419799628,4.945119998744));
#5417 = CARTESIAN_POINT('',(4.457419799627,4.955958493406));
#5418 = CARTESIAN_POINT('',(4.457419799625,4.980462916072));
#5419 = CARTESIAN_POINT('',(4.457419799624,4.99412884414));
#5420 = CARTESIAN_POINT('',(4.457419799623,5.007794772207));
#5421 = CARTESIAN_POINT('',(4.457419799621,5.035126628244));
#5422 = CARTESIAN_POINT('',(4.45741979962,5.048792556312));
#5423 = CARTESIAN_POINT('',(4.457419799619,5.06245848438));
#5424 = CARTESIAN_POINT('',(4.457419799617,5.088847862628));
#5425 = CARTESIAN_POINT('',(4.457419799616,5.101571312892));
#5426 = CARTESIAN_POINT('',(4.457419799615,5.114294763157));
#5427 = CARTESIAN_POINT('',(4.457419799613,5.140684141405));
#5428 = CARTESIAN_POINT('',(4.457419799612,5.154350069473));
#5429 = CARTESIAN_POINT('',(4.457419799611,5.16801599754));
#5430 = CARTESIAN_POINT('',(4.457419799609,5.195347853577));
#5431 = CARTESIAN_POINT('',(4.457419799608,5.209013781645));
#5432 = CARTESIAN_POINT('',(4.457419799607,5.222679709713));
#5433 = CARTESIAN_POINT('',(4.457419799606,5.248597849066));
#5434 = CARTESIAN_POINT('',(4.457419799605,5.260850060429));
#5435 = CARTESIAN_POINT('',(4.457419799604,5.273102271793));
#5436 = CARTESIAN_POINT('',(4.457419799602,5.299020411146));
#5437 = CARTESIAN_POINT('',(4.457419799601,5.312686339214));
#5438 = CARTESIAN_POINT('',(4.457419799601,5.326352267281));
#5439 = CARTESIAN_POINT('',(4.457419799599,5.35274164553));
#5440 = CARTESIAN_POINT('',(4.457419799598,5.365465095794));
#5441 = CARTESIAN_POINT('',(4.457419799597,5.378188546058));
#5442 = CARTESIAN_POINT('',(4.457419799596,5.404577924307));
#5443 = CARTESIAN_POINT('',(4.457419799595,5.418243852374));
#5444 = CARTESIAN_POINT('',(4.457419799594,5.431909780442));
#5445 = CARTESIAN_POINT('',(4.457419799593,5.45829915869));
#5446 = CARTESIAN_POINT('',(4.457419799592,5.471022608955));
#5447 = CARTESIAN_POINT('',(4.457419799591,5.483746059219));
#5448 = CARTESIAN_POINT('',(4.45741979959,5.509664198573));
#5449 = CARTESIAN_POINT('',(4.457419799589,5.522858887739));
#5450 = CARTESIAN_POINT('',(4.457419799589,5.536053576904));
#5451 = CARTESIAN_POINT('',(4.457419799587,5.55961552178));
#5452 = CARTESIAN_POINT('',(4.457419799587,5.569982777543));
#5453 = CARTESIAN_POINT('',(4.457419799586,5.580350033306));
#5454 = CARTESIAN_POINT('',(4.457419799585,5.602498261496));
#5455 = CARTESIAN_POINT('',(4.457419799585,5.614279233958));
#5456 = CARTESIAN_POINT('',(4.457419799584,5.626060206421));
#5457 = CARTESIAN_POINT('',(4.457419799583,5.649150912404));
#5458 = CARTESIAN_POINT('',(4.457419799583,5.660460645966));
#5459 = CARTESIAN_POINT('',(4.457419799582,5.671770379529));
#5460 = CARTESIAN_POINT('',(4.457419799581,5.695803563302));
#5461 = CARTESIAN_POINT('',(4.457419799581,5.708527013566));
#5462 = CARTESIAN_POINT('',(4.45741979958,5.72125046383));
#5463 = CARTESIAN_POINT('',(4.457419799579,5.747168603185));
#5464 = CARTESIAN_POINT('',(4.457419799579,5.76036329235));
#5465 = CARTESIAN_POINT('',(4.457419799578,5.773557981516));
#5466 = CARTESIAN_POINT('',(4.457419799577,5.800418598659));
#5467 = CARTESIAN_POINT('',(4.457419799577,5.814084526727));
#5468 = CARTESIAN_POINT('',(4.457419799577,5.827750454794));
#5469 = CARTESIAN_POINT('',(4.457419799576,5.854139833043));
#5470 = CARTESIAN_POINT('',(4.457419799575,5.866863283307));
#5471 = CARTESIAN_POINT('',(4.457419799575,5.879586733571));
#5472 = CARTESIAN_POINT('',(4.457419799574,5.903619917344));
#5473 = CARTESIAN_POINT('',(4.457419799574,5.914929650907));
#5474 = CARTESIAN_POINT('',(4.457419799574,5.926239384469));
#5475 = CARTESIAN_POINT('',(4.457419799573,5.959226107077));
#5476 = CARTESIAN_POINT('',(4.457419799573,5.980903096632));
#5477 = CARTESIAN_POINT('',(4.457419799572,6.002580086188));
#5478 = CARTESIAN_POINT('',(4.457419799571,6.037451764376));
#5479 = CARTESIAN_POINT('',(4.457419799571,6.050646453542));
#5480 = CARTESIAN_POINT('',(4.457419799571,6.063841142708));
#5481 = CARTESIAN_POINT('',(4.457419799571,6.088816804271));
#5482 = CARTESIAN_POINT('',(4.457419799571,6.100597776734));
#5483 = CARTESIAN_POINT('',(4.45741979957,6.112378749197));
#5484 = CARTESIAN_POINT('',(4.45741979957,6.145365471827));
#5485 = CARTESIAN_POINT('',(4.45741979957,6.16657122246));
#5486 = CARTESIAN_POINT('',(4.45741979957,6.187776973092));
#5487 = CARTESIAN_POINT('',(4.457419799569,6.227533367972));
#5488 = CARTESIAN_POINT('',(4.457419799569,6.246084017039));
#5489 = CARTESIAN_POINT('',(4.457419799569,6.264634660444));
#5490 = CARTESIAN_POINT('',(4.457419799569,6.28318530718));
#5491 = ( GEOMETRIC_REPRESENTATION_CONTEXT(2) 
PARAMETRIC_REPRESENTATION_CONTEXT() REPRESENTATION_CONTEXT('2D SPACE',''
  ) );
#5492 = PCURVE('',#5048,#5493);
#5493 = DEFINITIONAL_REPRESENTATION('',(#5494),#5584);
#5494 = B_SPLINE_CURVE_WITH_KNOTS('',4,(#5495,#5496,#5497,#5498,#5499,
    #5500,#5501,#5502,#5503,#5504,#5505,#5506,#5507,#5508,#5509,#5510,
    #5511,#5512,#5513,#5514,#5515,#5516,#5517,#5518,#5519,#5520,#5521,
    #5522,#5523,#5524,#5525,#5526,#5527,#5528,#5529,#5530,#5531,#5532,
    #5533,#5534,#5535,#5536,#5537,#5538,#5539,#5540,#5541,#5542,#5543,
    #5544,#5545,#5546,#5547,#5548,#5549,#5550,#5551,#5552,#5553,#5554,
    #5555,#5556,#5557,#5558,#5559,#5560,#5561,#5562,#5563,#5564,#5565,
    #5566,#5567,#5568,#5569,#5570,#5571,#5572,#5573,#5574,#5575,#5576,
    #5577,#5578,#5579,#5580,#5581,#5582,#5583),.UNSPECIFIED.,.F.,.F.,(5,
    3,3,3,3,3,3,3,3,3,3,3,3,3,3,3,3,3,3,3,3,3,3,3,3,3,3,3,3,5),(0.,
    3.476116590652E-02,6.836116611966E-02,9.956116633004E-02,
    0.134361166543,0.161961166741,0.196761166954,0.231561167166,
    0.263961167379,0.298761167591,0.333561167804,0.364761168014,
    0.399561168227,0.431961168439,0.466761168652,0.499161168864,
    0.532761169077,0.55916116927,0.589161169477,0.617961169681,
    0.650361169893,0.683961170106,0.718761170319,0.751161170531,
    0.779961170734,0.835161170544,0.868761170757,0.898761170964,
    0.95276117083,1.),.UNSPECIFIED.);
#5495 = CARTESIAN_POINT('',(-0.622754692024,-0.477502331901));
#5496 = CARTESIAN_POINT('',(-0.61404452069,-0.477502331901));
#5497 = CARTESIAN_POINT('',(-0.60533435085,-0.477343823771));
#5498 = CARTESIAN_POINT('',(-0.596628507531,-0.477026743943));
#5499 = CARTESIAN_POINT('',(-0.579524651237,-0.476091897701));
#5500 = CARTESIAN_POINT('',(-0.571126067456,-0.475484516284));
#5501 = CARTESIAN_POINT('',(-0.562739471169,-0.474729450439));
#5502 = CARTESIAN_POINT('',(-0.546595936961,-0.472989240173));
#5503 = CARTESIAN_POINT('',(-0.538836811878,-0.472024382278));
#5504 = CARTESIAN_POINT('',(-0.531094486788,-0.470932881013));
#5505 = CARTESIAN_POINT('',(-0.514758570919,-0.468357067947));
#5506 = CARTESIAN_POINT('',(-0.506169835048,-0.466841963607));
#5507 = CARTESIAN_POINT('',(-0.497610137213,-0.465170587527));
#5508 = CARTESIAN_POINT('',(-0.482321398144,-0.461895057654));
#5509 = CARTESIAN_POINT('',(-0.475580008135,-0.460348540984));
#5510 = CARTESIAN_POINT('',(-0.468861673799,-0.458704753649));
#5511 = CARTESIAN_POINT('',(-0.453729263359,-0.454769681536));
#5512 = CARTESIAN_POINT('',(-0.445330021814,-0.452421348829));
#5513 = CARTESIAN_POINT('',(-0.436974971807,-0.449920336155));
#5514 = CARTESIAN_POINT('',(-0.420361531241,-0.444615593505));
#5515 = CARTESIAN_POINT('',(-0.412103140211,-0.441811863378));
#5516 = CARTESIAN_POINT('',(-0.403897216607,-0.43885809581));
#5517 = CARTESIAN_POINT('',(-0.388160451214,-0.432867525606));
#5518 = CARTESIAN_POINT('',(-0.380622081059,-0.429850498223));
#5519 = CARTESIAN_POINT('',(-0.373135986082,-0.426706001312));
#5520 = CARTESIAN_POINT('',(-0.357724348097,-0.419922629654));
#5521 = CARTESIAN_POINT('',(-0.349807328942,-0.416264387901));
#5522 = CARTESIAN_POINT('',(-0.341958293362,-0.412462471872));
#5523 = CARTESIAN_POINT('',(-0.32640393813,-0.404575220429));
#5524 = CARTESIAN_POINT('',(-0.318698618035,-0.400489884792));
#5525 = CARTESIAN_POINT('',(-0.311069029828,-0.396264803867));
#5526 = CARTESIAN_POINT('',(-0.296749884027,-0.387990807024));
#5527 = CARTESIAN_POINT('',(-0.290044729977,-0.383968881866));
#5528 = CARTESIAN_POINT('',(-0.283406183008,-0.379837941664));
#5529 = CARTESIAN_POINT('',(-0.269509566832,-0.37087239544));
#5530 = CARTESIAN_POINT('',(-0.262268396955,-0.366011594699));
#5531 = CARTESIAN_POINT('',(-0.255117014161,-0.361019636251));
#5532 = CARTESIAN_POINT('',(-0.241487619151,-0.35113164818));
#5533 = CARTESIAN_POINT('',(-0.234997180983,-0.346252745515));
#5534 = CARTESIAN_POINT('',(-0.228590457657,-0.341264421644));
#5535 = CARTESIAN_POINT('',(-0.215481730203,-0.33069588433));
#5536 = CARTESIAN_POINT('',(-0.208793006566,-0.325099197709));
#5537 = CARTESIAN_POINT('',(-0.202207389239,-0.319381543518));
#5538 = CARTESIAN_POINT('',(-0.189695669954,-0.308112577418));
#5539 = CARTESIAN_POINT('',(-0.183755406683,-0.302576987919));
#5540 = CARTESIAN_POINT('',(-0.177909921088,-0.296941406585));
#5541 = CARTESIAN_POINT('',(-0.166200572314,-0.285262874504));
#5542 = CARTESIAN_POINT('',(-0.160344046706,-0.279212566288));
#5543 = CARTESIAN_POINT('',(-0.154594886823,-0.273060145435));
#5544 = CARTESIAN_POINT('',(-0.144524930896,-0.261896519974));
#5545 = CARTESIAN_POINT('',(-0.140162048792,-0.256923278007));
#5546 = CARTESIAN_POINT('',(-0.135868335336,-0.251890197374));
#5547 = CARTESIAN_POINT('',(-0.126845757881,-0.241012987875));
#5548 = CARTESIAN_POINT('',(-0.122137396825,-0.235151851713));
#5549 = CARTESIAN_POINT('',(-0.117521694685,-0.22921747098));
#5550 = CARTESIAN_POINT('',(-0.108659810599,-0.217446882773));
#5551 = CARTESIAN_POINT('',(-0.104406232845,-0.211616243216));
#5552 = CARTESIAN_POINT('',(-0.100241072818,-0.205722117046));
#5553 = CARTESIAN_POINT('',(-9.158094997587E-02,-0.19306650753));
#5554 = CARTESIAN_POINT('',(-8.710984227208E-02,-0.186288700013));
#5555 = CARTESIAN_POINT('',(-8.275437752143E-02,-0.179436006701));
#5556 = CARTESIAN_POINT('',(-7.412143131843E-02,-0.165330362437));
#5557 = CARTESIAN_POINT('',(-6.985281250556E-02,-0.15807198692));
#5558 = CARTESIAN_POINT('',(-6.571257030423E-02,-0.15073962603));
#5559 = CARTESIAN_POINT('',(-5.754934923481E-02,-0.135669419701));
#5560 = CARTESIAN_POINT('',(-5.353583904055E-02,-0.12792644476));
#5561 = CARTESIAN_POINT('',(-4.966410538699E-02,-0.120111612481));
#5562 = CARTESIAN_POINT('',(-4.246501601204E-02,-0.104889725982));
#5563 = CARTESIAN_POINT('',(-3.911853172272E-02,-9.749171802541E-02));
#5564 = CARTESIAN_POINT('',(-3.589805146231E-02,-9.003799508163E-02));
#5565 = CARTESIAN_POINT('',(-3.005545261584E-02,-7.585962357482E-02));
#5566 = CARTESIAN_POINT('',(-2.74066083252E-02,-6.91459878028E-02));
#5567 = CARTESIAN_POINT('',(-2.485931603723E-02,-6.239316740275E-02));
#5568 = CARTESIAN_POINT('',(-1.772833978157E-02,-4.258990904561E-02));
#5569 = CARTESIAN_POINT('',(-1.341839559703E-02,-2.94408970977E-02));
#5570 = CARTESIAN_POINT('',(-9.490453340114E-03,-1.617276219837E-02));
#5571 = CARTESIAN_POINT('',(-3.793259452782E-03,5.33628898698E-03));
#5572 = CARTESIAN_POINT('',(-1.780745430646E-03,1.351277411334E-02));
#5573 = CARTESIAN_POINT('',(8.758653300833E-05,2.172340486771E-02));
#5574 = CARTESIAN_POINT('',(3.349641067898E-03,3.732234462004E-02));
#5575 = CARTESIAN_POINT('',(4.772767016199E-03,4.470450510833E-02));
#5576 = CARTESIAN_POINT('',(6.079744332771E-03,5.210811174523E-02));
#5577 = CARTESIAN_POINT('',(9.412830713508E-03,7.289056587669E-02));
#5578 = CARTESIAN_POINT('',(1.117778006869E-02,8.631130049366E-02));
#5579 = CARTESIAN_POINT('',(1.25624094032E-02,9.977658792066E-02));
#5580 = CARTESIAN_POINT('',(1.44430241749E-02,0.125074385326));
#5581 = CARTESIAN_POINT('',(1.502858158318E-02,0.136900243667));
#5582 = CARTESIAN_POINT('',(1.532132852072E-02,0.148736965588));
#5583 = CARTESIAN_POINT('',(1.532132852072E-02,0.16057368864));
#5584 = ( GEOMETRIC_REPRESENTATION_CONTEXT(2) 
PARAMETRIC_REPRESENTATION_CONTEXT() REPRESENTATION_CONTEXT('2D SPACE',''
  ) );
#5585 = ORIENTED_EDGE('',*,*,#4998,.F.);
#5586 = ORIENTED_EDGE('',*,*,#5587,.T.);
#5587 = EDGE_CURVE('',#4999,#5257,#5588,.T.);
#5588 = SURFACE_CURVE('',#5589,(#5737,#5888),.PCURVE_S1.);
#5589 = B_SPLINE_CURVE_WITH_KNOTS('',6,(#5590,#5591,#5592,#5593,#5594,
    #5595,#5596,#5597,#5598,#5599,#5600,#5601,#5602,#5603,#5604,#5605,
    #5606,#5607,#5608,#5609,#5610,#5611,#5612,#5613,#5614,#5615,#5616,
    #5617,#5618,#5619,#5620,#5621,#5622,#5623,#5624,#5625,#5626,#5627,
    #5628,#5629,#5630,#5631,#5632,#5633,#5634,#5635,#5636,#5637,#5638,
    #5639,#5640,#5641,#5642,#5643,#5644,#5645,#5646,#5647,#5648,#5649,
    #5650,#5651,#5652,#5653,#5654,#5655,#5656,#5657,#5658,#5659,#5660,
    #5661,#5662,#5663,#5664,#5665,#5666,#5667,#5668,#5669,#5670,#5671,
    #5672,#5673,#5674,#5675,#5676,#5677,#5678,#5679,#5680,#5681,#5682,
    #5683,#5684,#5685,#5686,#5687,#5688,#5689,#5690,#5691,#5692,#5693,
    #5694,#5695,#5696,#5697,#5698,#5699,#5700,#5701,#5702,#5703,#5704,
    #5705,#5706,#5707,#5708,#5709,#5710,#5711,#5712,#5713,#5714,#5715,
    #5716,#5717,#5718,#5719,#5720,#5721,#5722,#5723,#5724,#5725,#5726,
    #5727,#5728,#5729,#5730,#5731,#5732,#5733,#5734,#5735,#5736),
  .UNSPECIFIED.,.F.,.F.,(7,5,5,5,5,5,5,5,5,5,5,5,5,5,5,5,5,5,5,5,5,5,5,5
    ,5,5,5,5,5,7),(0.,0.110634265675,0.145148925403,0.176092163917,
    0.197514913693,0.229648622798,0.260592681266,0.295106505454,
    0.328430679627,0.354613662859,0.38793783423,0.417691410411,
    0.448635459806,0.48195962958,0.515282972454,0.549797614935,
    0.571223659757,0.600977233713,0.635491875007,0.670005689638,
    0.704520330969,0.735463552027,0.768787720399,0.883041725591,
    0.940167750686,0.968731314942,0.98300995652,0.993716312164,
    0.996502344008,1.),.UNSPECIFIED.);
#5590 = CARTESIAN_POINT('',(-3.813138643676,3.816166485121,
    32.306779463635));
#5591 = CARTESIAN_POINT('',(-3.826203869889,3.829247078417,
    32.306779461556));
#5592 = CARTESIAN_POINT('',(-3.839269129524,3.842327705278,
    32.307422272917));
#5593 = CARTESIAN_POINT('',(-3.852314614591,3.855388534559,
    32.308707894341));
#5594 = CARTESIAN_POINT('',(-3.865320617416,3.868409835555,
    32.310634709409));
#5595 = CARTESIAN_POINT('',(-3.878267530643,3.881371977998,
    32.31319948866));
#5596 = CARTESIAN_POINT('',(-3.895150386173,3.898274693453,
    32.317395041286));
#5597 = CARTESIAN_POINT('',(-3.899157277781,3.902286298585,
    32.318454312385));
#5598 = CARTESIAN_POINT('',(-3.903155931408,3.906289656119,
    32.31957505611));
#5599 = CARTESIAN_POINT('',(-3.907145758577,3.910284176893,
    32.320757110658));
#5600 = CARTESIAN_POINT('',(-3.911126172981,3.914269273914,
    32.322000299194));
#5601 = CARTESIAN_POINT('',(-3.918656167101,3.921808126598,
    32.324473614968));
#5602 = CARTESIAN_POINT('',(-3.922207708732,3.925363846467,
    32.325691782718));
#5603 = CARTESIAN_POINT('',(-3.925750794479,3.928911100581,
    32.32695879486));
#5604 = CARTESIAN_POINT('',(-3.929285005195,3.932449469304,
    32.328274503551));
#5605 = CARTESIAN_POINT('',(-3.932809923485,3.935978534755,
    32.329638751353));
#5606 = CARTESIAN_POINT('',(-3.938758798459,3.941934408889,
    32.332029362031));
#5607 = CARTESIAN_POINT('',(-3.941187810035,3.944366278366,
    32.333030538184));
#5608 = CARTESIAN_POINT('',(-3.943612030522,3.946793351162,
    32.334054844277));
#5609 = CARTESIAN_POINT('',(-3.946031322477,3.949215489673,
    32.33510222271));
#5610 = CARTESIAN_POINT('',(-3.948445548921,3.951632556761,
    32.336172613705));
#5611 = CARTESIAN_POINT('',(-3.954468063243,3.957662157456,
    32.338905946497));
#5612 = CARTESIAN_POINT('',(-3.958069848948,3.961268181302,
    32.340597575241));
#5613 = CARTESIAN_POINT('',(-3.961659469681,3.964862025978,
    32.342340632407));
#5614 = CARTESIAN_POINT('',(-3.965236467348,3.968443232855,
    32.344134897987));
#5615 = CARTESIAN_POINT('',(-3.968800386537,3.972011345991,
    32.345980141095));
#5616 = CARTESIAN_POINT('',(-3.975769720432,3.978988881514,
    32.349701906115));
#5617 = CARTESIAN_POINT('',(-3.979176118566,3.982399288478,
    32.351574740938));
#5618 = CARTESIAN_POINT('',(-3.982569564648,3.985796728276,
    32.35349440854));
#5619 = CARTESIAN_POINT('',(-3.985949657033,3.989180798796,
    32.355460683842));
#5620 = CARTESIAN_POINT('',(-3.98931599671,3.992551100562,
    32.357473332587));
#5621 = CARTESIAN_POINT('',(-3.996407092997,3.99965054318,
    32.361828394733));
#5622 = CARTESIAN_POINT('',(-4.000128396873,4.003376227272,
    32.364182065402));
#5623 = CARTESIAN_POINT('',(-4.003831548899,4.007083738339,
    32.366592785531));
#5624 = CARTESIAN_POINT('',(-4.00751600363,4.010772530301,
    32.369060203413));
#5625 = CARTESIAN_POINT('',(-4.011181220204,4.014442061668,
    32.37158395345));
#5626 = CARTESIAN_POINT('',(-4.018346450469,4.021615727467,
    32.376654439591));
#5627 = CARTESIAN_POINT('',(-4.02184780397,4.025121203271,
    32.379197385003));
#5628 = CARTESIAN_POINT('',(-4.025330240139,4.028607739685,
    32.381792150791));
#5629 = CARTESIAN_POINT('',(-4.028793280707,4.032074857884,
    32.384438383608));
#5630 = CARTESIAN_POINT('',(-4.032236451831,4.035522083476,
    32.387135718346));
#5631 = CARTESIAN_POINT('',(-4.038348621866,4.041641451261,
    32.392042943531));
#5632 = CARTESIAN_POINT('',(-4.041025403827,4.044321385578,
    32.394233423204));
#5633 = CARTESIAN_POINT('',(-4.043689402328,4.046988521536,
    32.396455034383));
#5634 = CARTESIAN_POINT('',(-4.046340391548,4.049642633052,
    32.398707589923));
#5635 = CARTESIAN_POINT('',(-4.048978147496,4.052283495878,
    32.400990898318));
#5636 = CARTESIAN_POINT('',(-4.054942504408,4.058254878291,
    32.406249716365));
#5637 = CARTESIAN_POINT('',(-4.058260764809,4.0615770476,32.409244167468
    ));
#5638 = CARTESIAN_POINT('',(-4.061556771167,4.064876936943,
    32.412287713131));
#5639 = CARTESIAN_POINT('',(-4.064830070613,4.06815409293,
    32.415379938361));
#5640 = CARTESIAN_POINT('',(-4.068080215466,4.071408067363,
    32.41852041704));
#5641 = CARTESIAN_POINT('',(-4.074187595097,4.077522643827,
    32.424555389609));
#5642 = CARTESIAN_POINT('',(-4.077049615755,4.080388037311,
    32.427440185759));
#5643 = CARTESIAN_POINT('',(-4.079892510273,4.083234282393,
    32.430362789179));
#5644 = CARTESIAN_POINT('',(-4.082715967255,4.08606106732,32.43332288184
    ));
#5645 = CARTESIAN_POINT('',(-4.085519678848,4.088868083886,
    32.436320138887));
#5646 = CARTESIAN_POINT('',(-4.091198379988,4.094553479634,
    32.442509715642));
#5647 = CARTESIAN_POINT('',(-4.094071733072,4.097430220449,
    32.445705041809));
#5648 = CARTESIAN_POINT('',(-4.096923057659,4.100284907153,
    32.448939834014));
#5649 = CARTESIAN_POINT('',(-4.099752015828,4.103117201435,
    32.452213711434));
#5650 = CARTESIAN_POINT('',(-4.102558274062,4.105926769401,
    32.455526285547));
#5651 = CARTESIAN_POINT('',(-4.108338809801,4.111714123607,
    32.462485773603));
#5652 = CARTESIAN_POINT('',(-4.111309408488,4.114688226755,
    32.466138806134));
#5653 = CARTESIAN_POINT('',(-4.114252888255,4.117635179486,
    32.469835762838));
#5654 = CARTESIAN_POINT('',(-4.117168844331,4.12055457657,
    32.473576138904));
#5655 = CARTESIAN_POINT('',(-4.120056878235,4.123446019075,
    32.477359419606));
#5656 = CARTESIAN_POINT('',(-4.125776246349,4.129172138613,
    32.485010646052));
#5657 = CARTESIAN_POINT('',(-4.128607582041,4.13200681713,
    32.488878589797));
#5658 = CARTESIAN_POINT('',(-4.131410212687,4.134812757315,
    32.492788386914));
#5659 = CARTESIAN_POINT('',(-4.134183752771,4.137589573219,
    32.496739503348));
#5660 = CARTESIAN_POINT('',(-4.136927823419,4.14033688555,
    32.500731395603));
#5661 = CARTESIAN_POINT('',(-4.142453314275,4.14586890532,
    32.508939772806));
#5662 = CARTESIAN_POINT('',(-4.145232562764,4.148651438529,
    32.513159185197));
#5663 = CARTESIAN_POINT('',(-4.147979384281,4.151401507241,
    32.517421133517));
#5664 = CARTESIAN_POINT('',(-4.150693373273,4.154118705462,
    32.521724993096));
#5665 = CARTESIAN_POINT('',(-4.153374132236,4.156802635252,
    32.526070128988));
#5666 = CARTESIAN_POINT('',(-4.157664566409,4.161098145722,
    32.533178498138));
#5667 = CARTESIAN_POINT('',(-4.159294905204,4.162730413848,
    32.535916758313));
#5668 = CARTESIAN_POINT('',(-4.160912194944,4.164349617858,
    32.538670522176));
#5669 = CARTESIAN_POINT('',(-4.162516343715,4.16595566574,32.54143963395
    ));
#5670 = CARTESIAN_POINT('',(-4.164107260847,4.167548466729,
    32.544223936407));
#5671 = CARTESIAN_POINT('',(-4.167875607538,4.171321276655,
    32.550910605456));
#5672 = CARTESIAN_POINT('',(-4.170040670011,4.173488904258,
    32.554826927619));
#5673 = CARTESIAN_POINT('',(-4.172179804823,4.175630574347,
    32.558771812395));
#5674 = CARTESIAN_POINT('',(-4.174292777231,4.177746051938,
    32.562744829699));
#5675 = CARTESIAN_POINT('',(-4.176379357254,4.179835106815,
    32.566745544316));
#5676 = CARTESIAN_POINT('',(-4.180828910392,4.18428993968,
    32.575446030046));
#5677 = CARTESIAN_POINT('',(-4.183182683497,4.186646507096,
    32.580155222342));
#5678 = CARTESIAN_POINT('',(-4.185500287414,4.188966863857,
    32.584900405398));
#5679 = CARTESIAN_POINT('',(-4.187781379512,4.191250666997,
    32.589680883159));
#5680 = CARTESIAN_POINT('',(-4.190025626102,4.193497582511,
    32.594495950919));
#5681 = CARTESIAN_POINT('',(-4.194439725915,4.197916935286,
    32.604193723595));
#5682 = CARTESIAN_POINT('',(-4.196609580987,4.2000893744,32.609076427038
    ));
#5683 = CARTESIAN_POINT('',(-4.198741942942,4.20222427769,
    32.613992292348));
#5684 = CARTESIAN_POINT('',(-4.200836496321,4.204321329429,
    32.618940598266));
#5685 = CARTESIAN_POINT('',(-4.202892934928,4.206380223174,
    32.623920615584));
#5686 = CARTESIAN_POINT('',(-4.206929037055,4.210421148749,
    32.633942718729));
#5687 = CARTESIAN_POINT('',(-4.208908698797,4.2124031788,32.638984806196
    ));
#5688 = CARTESIAN_POINT('',(-4.210849650095,4.214346454741,
    32.644057132329));
#5689 = CARTESIAN_POINT('',(-4.212751603539,4.216250688975,
    32.649158952682));
#5690 = CARTESIAN_POINT('',(-4.214614281265,4.218115603487,
    32.65428951558));
#5691 = CARTESIAN_POINT('',(-4.218071898951,4.221577379609,
    32.664072825405));
#5692 = CARTESIAN_POINT('',(-4.219674599223,4.223182010193,
    32.668720080825));
#5693 = CARTESIAN_POINT('',(-4.221245322439,4.224754628174,
    32.673389281555));
#5694 = CARTESIAN_POINT('',(-4.222783881593,4.226295046493,
    32.678079876553));
#5695 = CARTESIAN_POINT('',(-4.224290095996,4.227803084446,
    32.682791310561));
#5696 = CARTESIAN_POINT('',(-4.227350881065,4.230867582988,
    32.692618822588));
#5697 = CARTESIAN_POINT('',(-4.228900254821,4.232418840986,
    32.697738141645));
#5698 = CARTESIAN_POINT('',(-4.230411694762,4.2339321239,32.702880282437
    ));
#5699 = CARTESIAN_POINT('',(-4.231884991776,4.23540722271,
    32.708044541065));
#5700 = CARTESIAN_POINT('',(-4.233319945433,4.236843937154,
    32.713230208576));
#5701 = CARTESIAN_POINT('',(-4.239504072723,4.243035681672,
    32.736286911535));
#5702 = CARTESIAN_POINT('',(-4.243838798538,4.247375842836,
    32.754380555876));
#5703 = CARTESIAN_POINT('',(-4.247712816562,4.25125480015,
    32.772688640472));
#5704 = CARTESIAN_POINT('',(-4.25111962077,4.254666082583,
    32.791181803283));
#5705 = CARTESIAN_POINT('',(-4.254053923975,4.257604507142,
    32.809830183741));
#5706 = CARTESIAN_POINT('',(-4.257740503735,4.261296993673,
    32.837989881644));
#5707 = CARTESIAN_POINT('',(-4.258850193174,4.26240864594,
    32.847407562893));
#5708 = CARTESIAN_POINT('',(-4.259840252975,4.263400617182,
    32.856852682495));
#5709 = CARTESIAN_POINT('',(-4.260710227575,4.264272532452,
    32.866321437425));
#5710 = CARTESIAN_POINT('',(-4.26145967902,4.265024160345,
    32.875810005639));
#5711 = CARTESIAN_POINT('',(-4.262402447012,4.26597104542,
    32.890066908082));
#5712 = CARTESIAN_POINT('',(-4.262686435749,4.266256617146,
    32.894823261921));
#5713 = CARTESIAN_POINT('',(-4.262940156868,4.266512061088,
    32.899583130487));
#5714 = CARTESIAN_POINT('',(-4.263163510062,4.266737424171,
    32.904346030811));
#5715 = CARTESIAN_POINT('',(-4.263356291031,4.266932867336,
    32.909111474063));
#5716 = CARTESIAN_POINT('',(-4.263599123905,4.267181546414,
    32.916262187103));
#5717 = CARTESIAN_POINT('',(-4.263672308818,4.267257092493,
    32.918646649822));
#5718 = CARTESIAN_POINT('',(-4.263737763543,4.267325233178,
    32.921031491942));
#5719 = CARTESIAN_POINT('',(-4.26379535406,4.267386078441,
    32.923416336342));
#5720 = CARTESIAN_POINT('',(-4.263844795004,4.267439918815,
    32.925801290536));
#5721 = CARTESIAN_POINT('',(-4.263916283141,4.26752269664,
    32.929975750116));
#5722 = CARTESIAN_POINT('',(-4.263941801786,4.267554766751,
    32.931764653748));
#5723 = CARTESIAN_POINT('',(-4.263963363844,4.267582279037,
    32.933553715046));
#5724 = CARTESIAN_POINT('',(-4.263976385352,4.267609810601,
    32.935342669234));
#5725 = CARTESIAN_POINT('',(-4.263986750549,4.267631483864,
    32.937131793951));
#5726 = CARTESIAN_POINT('',(-4.263977663617,4.267670192453,
    32.939385683686));
#5727 = CARTESIAN_POINT('',(-4.263974371558,4.2676789866,32.939847782729
    ));
#5728 = CARTESIAN_POINT('',(-4.263969902336,4.267688384551,
    32.940309999363));
#5729 = CARTESIAN_POINT('',(-4.263963569886,4.267699088955,
    32.940773650825));
#5730 = CARTESIAN_POINT('',(-4.263953763541,4.267712702551,
    32.941237949226));
#5731 = CARTESIAN_POINT('',(-4.263918092831,4.26775561341,
    32.942280073929));
#5732 = CARTESIAN_POINT('',(-4.264172516219,4.26750464671,
    32.942839979855));
#5733 = CARTESIAN_POINT('',(-4.263981193621,4.267697894764,
    32.943414511506));
#5734 = CARTESIAN_POINT('',(-4.263327342918,4.268352163696,
    32.943990575232));
#5735 = CARTESIAN_POINT('',(-4.262897424449,4.268781999054,
    32.944507191566));
#5736 = CARTESIAN_POINT('',(-4.264081141008,4.267599685811,
    32.944855495221));
#5737 = PCURVE('',#5021,#5738);
#5738 = DEFINITIONAL_REPRESENTATION('',(#5739),#5887);
#5739 = B_SPLINE_CURVE_WITH_KNOTS('',6,(#5740,#5741,#5742,#5743,#5744,
    #5745,#5746,#5747,#5748,#5749,#5750,#5751,#5752,#5753,#5754,#5755,
    #5756,#5757,#5758,#5759,#5760,#5761,#5762,#5763,#5764,#5765,#5766,
    #5767,#5768,#5769,#5770,#5771,#5772,#5773,#5774,#5775,#5776,#5777,
    #5778,#5779,#5780,#5781,#5782,#5783,#5784,#5785,#5786,#5787,#5788,
    #5789,#5790,#5791,#5792,#5793,#5794,#5795,#5796,#5797,#5798,#5799,
    #5800,#5801,#5802,#5803,#5804,#5805,#5806,#5807,#5808,#5809,#5810,
    #5811,#5812,#5813,#5814,#5815,#5816,#5817,#5818,#5819,#5820,#5821,
    #5822,#5823,#5824,#5825,#5826,#5827,#5828,#5829,#5830,#5831,#5832,
    #5833,#5834,#5835,#5836,#5837,#5838,#5839,#5840,#5841,#5842,#5843,
    #5844,#5845,#5846,#5847,#5848,#5849,#5850,#5851,#5852,#5853,#5854,
    #5855,#5856,#5857,#5858,#5859,#5860,#5861,#5862,#5863,#5864,#5865,
    #5866,#5867,#5868,#5869,#5870,#5871,#5872,#5873,#5874,#5875,#5876,
    #5877,#5878,#5879,#5880,#5881,#5882,#5883,#5884,#5885,#5886),
  .UNSPECIFIED.,.F.,.F.,(7,5,5,5,5,5,5,5,5,5,5,5,5,5,5,5,5,5,5,5,5,5,5,5
    ,5,5,5,5,5,7),(0.,0.110634265675,0.145148925403,0.176092163917,
    0.197514913693,0.229648622798,0.260592681266,0.295106505454,
    0.328430679627,0.354613662859,0.38793783423,0.417691410411,
    0.448635459806,0.48195962958,0.515282972454,0.549797614935,
    0.571223659757,0.600977233713,0.635491875007,0.670005689638,
    0.704520330969,0.735463552027,0.768787720399,0.883041725591,
    0.940167750686,0.968731314942,0.98300995652,0.993716312164,
    0.996502344008,0.999990822339),.UNSPECIFIED.);
#5740 = CARTESIAN_POINT('',(8.638793301301,4.712388867973));
#5741 = CARTESIAN_POINT('',(8.638793296955,4.741363298219));
#5742 = CARTESIAN_POINT('',(8.638793292632,4.770337758491));
#5743 = CARTESIAN_POINT('',(8.638793288318,4.799312237704));
#5744 = CARTESIAN_POINT('',(8.638793284001,4.828286727089));
#5745 = CARTESIAN_POINT('',(8.638793279666,4.857261220198));
#5746 = CARTESIAN_POINT('',(8.638793273938,4.895274908404));
#5747 = CARTESIAN_POINT('',(8.638793272573,4.904314104222));
#5748 = CARTESIAN_POINT('',(8.638793271205,4.91335330027));
#5749 = CARTESIAN_POINT('',(8.638793269832,4.922392496471));
#5750 = CARTESIAN_POINT('',(8.638793268455,4.931431692762));
#5751 = CARTESIAN_POINT('',(8.638793265835,4.948574750178));
#5752 = CARTESIAN_POINT('',(8.638793264592,4.956678611311));
#5753 = CARTESIAN_POINT('',(8.638793263345,4.964782472452));
#5754 = CARTESIAN_POINT('',(8.638793262094,4.972886333568));
#5755 = CARTESIAN_POINT('',(8.638793260837,4.980990194634));
#5756 = CARTESIAN_POINT('',(8.638793258702,4.994704553905));
#5757 = CARTESIAN_POINT('',(8.638793257826,5.00031505215));
#5758 = CARTESIAN_POINT('',(8.638793256947,5.005925550359));
#5759 = CARTESIAN_POINT('',(8.638793256065,5.011536048526));
#5760 = CARTESIAN_POINT('',(8.638793255181,5.017146546647));
#5761 = CARTESIAN_POINT('',(8.638793252962,5.031172682993));
#5762 = CARTESIAN_POINT('',(8.638793251623,5.039588321164));
#5763 = CARTESIAN_POINT('',(8.638793250278,5.04800395922));
#5764 = CARTESIAN_POINT('',(8.638793248924,5.056419597149));
#5765 = CARTESIAN_POINT('',(8.638793247563,5.064835234942));
#5766 = CARTESIAN_POINT('',(8.638793244872,5.081354947441));
#5767 = CARTESIAN_POINT('',(8.638793243544,5.08945902217));
#5768 = CARTESIAN_POINT('',(8.638793242208,5.09756309678));
#5769 = CARTESIAN_POINT('',(8.638793240862,5.105667171267));
#5770 = CARTESIAN_POINT('',(8.638793239507,5.113771245633));
#5771 = CARTESIAN_POINT('',(8.638793236619,5.130914295612));
#5772 = CARTESIAN_POINT('',(8.638793235084,5.139953271216));
#5773 = CARTESIAN_POINT('',(8.638793233536,5.148992246687));
#5774 = CARTESIAN_POINT('',(8.638793231974,5.158031222028));
#5775 = CARTESIAN_POINT('',(8.638793230397,5.167070197239));
#5776 = CARTESIAN_POINT('',(8.638793227267,5.18483658481));
#5777 = CARTESIAN_POINT('',(8.638793225714,5.193563997197));
#5778 = CARTESIAN_POINT('',(8.638793224147,5.202291409489));
#5779 = CARTESIAN_POINT('',(8.638793222564,5.211018821689));
#5780 = CARTESIAN_POINT('',(8.638793220963,5.219746233801));
#5781 = CARTESIAN_POINT('',(8.638793218074,5.235330820489));
#5782 = CARTESIAN_POINT('',(8.638793216792,5.242187995106));
#5783 = CARTESIAN_POINT('',(8.638793215499,5.249045169681));
#5784 = CARTESIAN_POINT('',(8.638793214193,5.255902344216));
#5785 = CARTESIAN_POINT('',(8.638793212876,5.262759518713));
#5786 = CARTESIAN_POINT('',(8.638793209852,5.278344104211));
#5787 = CARTESIAN_POINT('',(8.638793208138,5.287071515204));
#5788 = CARTESIAN_POINT('',(8.638793206403,5.295798926153));
#5789 = CARTESIAN_POINT('',(8.638793204644,5.304526337061));
#5790 = CARTESIAN_POINT('',(8.638793202862,5.313253747927));
#5791 = CARTESIAN_POINT('',(8.638793199441,5.329773451016));
#5792 = CARTESIAN_POINT('',(8.638793197807,5.33756574326));
#5793 = CARTESIAN_POINT('',(8.638793196153,5.345358035484));
#5794 = CARTESIAN_POINT('',(8.638793194476,5.353150327687));
#5795 = CARTESIAN_POINT('',(8.638793192777,5.36094261987));
#5796 = CARTESIAN_POINT('',(8.638793189261,5.376838982347));
#5797 = CARTESIAN_POINT('',(8.638793187443,5.384943052651));
#5798 = CARTESIAN_POINT('',(8.638793185598,5.393047122942));
#5799 = CARTESIAN_POINT('',(8.638793183724,5.401151193218));
#5800 = CARTESIAN_POINT('',(8.638793181821,5.409255263478));
#5801 = CARTESIAN_POINT('',(8.638793177804,5.426086743924));
#5802 = CARTESIAN_POINT('',(8.638793175685,5.434814154125));
#5803 = CARTESIAN_POINT('',(8.638793173528,5.443541564315));
#5804 = CARTESIAN_POINT('',(8.638793171331,5.45226897449));
#5805 = CARTESIAN_POINT('',(8.638793169092,5.460996384645));
#5806 = CARTESIAN_POINT('',(8.638793164525,5.478450988346));
#5807 = CARTESIAN_POINT('',(8.638793162197,5.487178181909));
#5808 = CARTESIAN_POINT('',(8.638793159823,5.495905375461));
#5809 = CARTESIAN_POINT('',(8.638793157399,5.504632568996));
#5810 = CARTESIAN_POINT('',(8.638793154924,5.513359762508));
#5811 = CARTESIAN_POINT('',(8.638793149772,5.531126144049));
#5812 = CARTESIAN_POINT('',(8.638793147092,5.540165332097));
#5813 = CARTESIAN_POINT('',(8.63879314435,5.549204520129));
#5814 = CARTESIAN_POINT('',(8.638793141542,5.558243708139));
#5815 = CARTESIAN_POINT('',(8.638793138663,5.567282896121));
#5816 = CARTESIAN_POINT('',(8.638793133877,5.581933442965));
#5817 = CARTESIAN_POINT('',(8.638793132015,5.587544801853));
#5818 = CARTESIAN_POINT('',(8.638793130124,5.593156160733));
#5819 = CARTESIAN_POINT('',(8.638793128201,5.598767519604));
#5820 = CARTESIAN_POINT('',(8.638793126246,5.604378878466));
#5821 = CARTESIAN_POINT('',(8.638793121497,5.617782528522));
#5822 = CARTESIAN_POINT('',(8.638793118672,5.625574819714));
#5823 = CARTESIAN_POINT('',(8.638793115779,5.633367110893));
#5824 = CARTESIAN_POINT('',(8.638793112813,5.641159402057));
#5825 = CARTESIAN_POINT('',(8.638793109772,5.648951693203));
#5826 = CARTESIAN_POINT('',(8.638793103029,5.66578317181));
#5827 = CARTESIAN_POINT('',(8.638793099299,5.674822359281));
#5828 = CARTESIAN_POINT('',(8.638793095454,5.683861546743));
#5829 = CARTESIAN_POINT('',(8.638793091485,5.692900734191));
#5830 = CARTESIAN_POINT('',(8.638793087383,5.701939921625));
#5831 = CARTESIAN_POINT('',(8.638793078892,5.720018079959));
#5832 = CARTESIAN_POINT('',(8.638793074504,5.729057050882));
#5833 = CARTESIAN_POINT('',(8.638793069962,5.738096021808));
#5834 = CARTESIAN_POINT('',(8.638793065255,5.747134992735));
#5835 = CARTESIAN_POINT('',(8.638793060369,5.756173963662));
#5836 = CARTESIAN_POINT('',(8.63879305021,5.77425212202));
#5837 = CARTESIAN_POINT('',(8.638793044936,5.783291309472));
#5838 = CARTESIAN_POINT('',(8.638793039453,5.792330496943));
#5839 = CARTESIAN_POINT('',(8.638793033743,5.801369684429));
#5840 = CARTESIAN_POINT('',(8.638793027786,5.810408871928));
#5841 = CARTESIAN_POINT('',(8.638793015974,5.827551912364));
#5842 = CARTESIAN_POINT('',(8.638793010173,5.835655765314));
#5843 = CARTESIAN_POINT('',(8.638793004136,5.843759618284));
#5844 = CARTESIAN_POINT('',(8.638792997844,5.851863471269));
#5845 = CARTESIAN_POINT('',(8.638792991275,5.859967324264));
#5846 = CARTESIAN_POINT('',(8.638792976999,5.876798586774));
#5847 = CARTESIAN_POINT('',(8.638792969243,5.885525996305));
#5848 = CARTESIAN_POINT('',(8.638792961101,5.894253405847));
#5849 = CARTESIAN_POINT('',(8.638792952533,5.902980815385));
#5850 = CARTESIAN_POINT('',(8.638792943492,5.911708224902));
#5851 = CARTESIAN_POINT('',(8.638792901109,5.950358106141));
#5852 = CARTESIAN_POINT('',(8.638792860015,5.980280581107));
#5853 = CARTESIAN_POINT('',(8.638792813624,6.010203058323));
#5854 = CARTESIAN_POINT('',(8.638792756873,6.040125533375));
#5855 = CARTESIAN_POINT('',(8.638792676655,6.070047998383));
#5856 = CARTESIAN_POINT('',(8.638792489397,6.114931407815));
#5857 = CARTESIAN_POINT('',(8.638792411095,6.129892367945));
#5858 = CARTESIAN_POINT('',(8.638792322225,6.144853323701));
#5859 = CARTESIAN_POINT('',(8.638792213152,6.159814271448));
#5860 = CARTESIAN_POINT('',(8.638792059291,6.174775202612));
#5861 = CARTESIAN_POINT('',(8.638791702015,6.197216698701));
#5862 = CARTESIAN_POINT('',(8.638791553698,6.204697283586));
#5863 = CARTESIAN_POINT('',(8.638791384561,6.212177860984));
#5864 = CARTESIAN_POINT('',(8.638791177109,6.219658425156));
#5865 = CARTESIAN_POINT('',(8.638790887949,6.22713896197));
#5866 = CARTESIAN_POINT('',(8.63879022776,6.238358869896));
#5867 = CARTESIAN_POINT('',(8.638789957648,6.242099422389));
#5868 = CARTESIAN_POINT('',(8.638789647897,6.245839848655));
#5869 = CARTESIAN_POINT('',(8.638789269518,6.249579651218));
#5870 = CARTESIAN_POINT('',(8.638788754098,6.253319092862));
#5871 = CARTESIAN_POINT('',(8.6387874237,6.259863586726));
#5872 = CARTESIAN_POINT('',(8.63878664943,6.262667887292));
#5873 = CARTESIAN_POINT('',(8.638785945994,6.265472228102));
#5874 = CARTESIAN_POINT('',(8.638784225071,6.268276233887));
#5875 = CARTESIAN_POINT('',(8.638782883946,6.271080379469));
#5876 = CARTESIAN_POINT('',(8.638777208012,6.27461285387));
#5877 = CARTESIAN_POINT('',(8.638775772581,6.27533708619));
#5878 = CARTESIAN_POINT('',(8.638774125534,6.276061497591));
#5879 = CARTESIAN_POINT('',(8.638772101896,6.276788153241));
#5880 = CARTESIAN_POINT('',(8.638769319919,6.277515819023));
#5881 = CARTESIAN_POINT('',(8.638759998718,6.279146683211));
#5882 = CARTESIAN_POINT('',(8.638819710151,6.280021960349));
#5883 = CARTESIAN_POINT('',(8.638774696062,6.280919893236));
#5884 = CARTESIAN_POINT('',(8.638620562873,6.281820319279));
#5885 = CARTESIAN_POINT('',(8.638518142748,6.282628813007));
#5886 = CARTESIAN_POINT('',(8.638793493592,6.28317668607));
#5887 = ( GEOMETRIC_REPRESENTATION_CONTEXT(2) 
PARAMETRIC_REPRESENTATION_CONTEXT() REPRESENTATION_CONTEXT('2D SPACE',''
  ) );
#5888 = PCURVE('',#5889,#5946);
#5889 = ( BOUNDED_SURFACE() B_SPLINE_SURFACE(6,7,(
    (#5890,#5891,#5892,#5893,#5894,#5895,#5896,#5897)
    ,(#5898,#5899,#5900,#5901,#5902,#5903,#5904,#5905)
    ,(#5906,#5907,#5908,#5909,#5910,#5911,#5912,#5913)
    ,(#5914,#5915,#5916,#5917,#5918,#5919,#5920,#5921)
    ,(#5922,#5923,#5924,#5925,#5926,#5927,#5928,#5929)
    ,(#5930,#5931,#5932,#5933,#5934,#5935,#5936,#5937)
    ,(#5938,#5939,#5940,#5941,#5942,#5943,#5944,#5945
)),.UNSPECIFIED.,.F.,.F.,.F.) B_SPLINE_SURFACE_WITH_KNOTS((7,7),(8,8),(
    0.,1.570796326795),(0.,2.389779642708),.PIECEWISE_BEZIER_KNOTS.) 
GEOMETRIC_REPRESENTATION_ITEM() RATIONAL_B_SPLINE_SURFACE((
    (1.031393471788,1.031393471788,1.031393471788,1.031393471787
      ,1.031393471788,1.031393471788,1.031393471788,1.031393471788)
    ,(1.010025407661,1.010025407661,1.010025407661,1.010025407661
      ,1.010025407661,1.010025407661,1.010025407661,1.010025407661)
    ,(0.997924642725,0.997924642725,0.997924642725,0.997924642725
      ,0.997924642725,0.997924642725,0.997924642725,0.997924642725)
    ,(0.993958444137,0.993958444137,0.993958444137,0.993958444137
      ,0.993958444137,0.993958444137,0.993958444137,0.993958444137)
    ,(0.997924642725,0.997924642725,0.997924642725,0.997924642725
      ,0.997924642725,0.997924642725,0.997924642725,0.997924642725)
    ,(1.010025407661,1.010025407661,1.010025407661,1.010025407661
      ,1.010025407661,1.010025407661,1.010025407661,1.010025407661)
    ,(1.031393471788,1.031393471788,1.031393471788,1.031393471787
      ,1.031393471788,1.031393471788,1.031393471788,1.031393471788
))) REPRESENTATION_ITEM('') SURFACE() );
#5890 = CARTESIAN_POINT('',(-4.090305825,4.434288639386,32.924855495218)
  );
#5891 = CARTESIAN_POINT('',(-5.430124601494,3.200162143092,
    33.076159088375));
#5892 = CARTESIAN_POINT('',(-6.329310270272,1.487666163269,
    33.227462681532));
#5893 = CARTESIAN_POINT('',(-6.583300455449,-0.514480273616,
    33.37876627469));
#5894 = CARTESIAN_POINT('',(-6.08566599478,-2.507448989617,
    33.530069867846));
#5895 = CARTESIAN_POINT('',(-4.920301079355,-4.155170902649,
    33.681373461003));
#5896 = CARTESIAN_POINT('',(-3.321641977504,-5.243970302163,
    33.83267705416));
#5897 = CARTESIAN_POINT('',(-1.558943727089,-5.703401951797,
    33.983980647317));
#5898 = CARTESIAN_POINT('',(-4.090305825,4.434288639386,32.754274301528)
  );
#5899 = CARTESIAN_POINT('',(-5.430124606055,3.20016214774,
    32.905577894685));
#5900 = CARTESIAN_POINT('',(-6.329310257162,1.487666144998,
    33.056881487842));
#5901 = CARTESIAN_POINT('',(-6.583300474407,-0.514480263154,
    33.208185080999));
#5902 = CARTESIAN_POINT('',(-6.085665984327,-2.507448972051,
    33.359488674156));
#5903 = CARTESIAN_POINT('',(-4.920301083436,-4.15517092589,
    33.510792267313));
#5904 = CARTESIAN_POINT('',(-3.321641976401,-5.243970297114,
    33.66209586047));
#5905 = CARTESIAN_POINT('',(-1.558943727428,-5.703401953098,
    33.813399453627));
#5906 = CARTESIAN_POINT('',(-4.053558748089,4.394394437359,
    32.588137303392));
#5907 = CARTESIAN_POINT('',(-5.38116839678,3.171513947564,32.73944089448
    ));
#5908 = CARTESIAN_POINT('',(-6.272160199533,1.474623132494,
    32.890744496757));
#5909 = CARTESIAN_POINT('',(-6.523835916936,-0.509278716742,
    33.042048069416));
#5910 = CARTESIAN_POINT('',(-6.030736162108,-2.484086431111,
    33.193351689041));
#5911 = CARTESIAN_POINT('',(-4.875990638346,-4.116793462387,
    33.344655261699));
#5912 = CARTESIAN_POINT('',(-3.291899368941,-5.195671142517,
    33.495958863977));
#5913 = CARTESIAN_POINT('',(-1.54526374635,-5.650916212248,
    33.647262455064));
#5914 = CARTESIAN_POINT('',(-3.983061517379,4.317859621512,
    32.445073676164));
#5915 = CARTESIAN_POINT('',(-5.287248617502,3.116553958285,
    32.596377263281));
#5916 = CARTESIAN_POINT('',(-6.162520994448,1.449600854601,
    32.747680883054));
#5917 = CARTESIAN_POINT('',(-6.409756439142,-0.499299848968,
    32.89898441639));
#5918 = CARTESIAN_POINT('',(-5.925356352888,-2.439266709046,
    33.05028808679));
#5919 = CARTESIAN_POINT('',(-4.790983500708,-4.043168401417,
    33.201591620124));
#5920 = CARTESIAN_POINT('',(-3.234839825856,-5.103011896126,
    33.352895239898));
#5921 = CARTESIAN_POINT('',(-1.519019460382,-5.550225225592,
    33.504198827015));
#5922 = CARTESIAN_POINT('',(-3.886135929244,4.21263304787,
    32.341018702354));
#5923 = CARTESIAN_POINT('',(-5.158119715174,3.04099028849,
    32.492322284012));
#5924 = CARTESIAN_POINT('',(-6.011779698279,1.415198108885,
    32.643625927842));
#5925 = CARTESIAN_POINT('',(-6.252910261016,-0.485580058591,
    32.794929407111));
#5926 = CARTESIAN_POINT('',(-5.780471234947,-2.377644753049,
    32.946233147322));
#5927 = CARTESIAN_POINT('',(-4.674108456332,-3.941942393613,
    33.097536626589));
#5928 = CARTESIAN_POINT('',(-3.156389514059,-4.975616086832,
    33.24884027042));
#5929 = CARTESIAN_POINT('',(-1.482936583932,-5.411786693282,
    33.400143852078));
#5930 = CARTESIAN_POINT('',(-3.773578135434,4.090435481602,
    32.286779463635));
#5931 = CARTESIAN_POINT('',(-5.008164839322,2.953239671714,
    32.438083038953));
#5932 = CARTESIAN_POINT('',(-5.836726778166,1.375246878855,
    32.589386710719));
#5933 = CARTESIAN_POINT('',(-6.070767848114,-0.469647537879,
    32.740690127201));
#5934 = CARTESIAN_POINT('',(-5.612218979278,-2.306084385081,
    32.891993948483));
#5935 = CARTESIAN_POINT('',(-4.538383746748,-3.824390597301,
    33.043297364963));
#5936 = CARTESIAN_POINT('',(-3.06528669851,-4.827673821848,
    33.194601036731));
#5937 = CARTESIAN_POINT('',(-1.441034243607,-5.2510207271,
    33.345904612048));
#5938 = CARTESIAN_POINT('',(-3.658009399735,3.96496910774,
    32.286779463635));
#5939 = CARTESIAN_POINT('',(-4.854198641202,2.863141708125,
    32.438083032444));
#5940 = CARTESIAN_POINT('',(-5.656991164209,1.334226951968,
    32.589386732893));
#5941 = CARTESIAN_POINT('',(-5.883753085651,-0.453288822694,
    32.74069008491));
#5942 = CARTESIAN_POINT('',(-5.439465947934,-2.232609769714,
    32.891993989429));
#5943 = CARTESIAN_POINT('',(-4.399028374645,-3.703694261017,
    33.043297341444));
#5944 = CARTESIAN_POINT('',(-2.971746866086,-4.675774075447,
    33.194601041895));
#5945 = CARTESIAN_POINT('',(-1.398011007785,-5.085954241039,
    33.345904610703));
#5946 = DEFINITIONAL_REPRESENTATION('',(#5947),#6095);
#5947 = B_SPLINE_CURVE_WITH_KNOTS('',6,(#5948,#5949,#5950,#5951,#5952,
    #5953,#5954,#5955,#5956,#5957,#5958,#5959,#5960,#5961,#5962,#5963,
    #5964,#5965,#5966,#5967,#5968,#5969,#5970,#5971,#5972,#5973,#5974,
    #5975,#5976,#5977,#5978,#5979,#5980,#5981,#5982,#5983,#5984,#5985,
    #5986,#5987,#5988,#5989,#5990,#5991,#5992,#5993,#5994,#5995,#5996,
    #5997,#5998,#5999,#6000,#6001,#6002,#6003,#6004,#6005,#6006,#6007,
    #6008,#6009,#6010,#6011,#6012,#6013,#6014,#6015,#6016,#6017,#6018,
    #6019,#6020,#6021,#6022,#6023,#6024,#6025,#6026,#6027,#6028,#6029,
    #6030,#6031,#6032,#6033,#6034,#6035,#6036,#6037,#6038,#6039,#6040,
    #6041,#6042,#6043,#6044,#6045,#6046,#6047,#6048,#6049,#6050,#6051,
    #6052,#6053,#6054,#6055,#6056,#6057,#6058,#6059,#6060,#6061,#6062,
    #6063,#6064,#6065,#6066,#6067,#6068,#6069,#6070,#6071,#6072,#6073,
    #6074,#6075,#6076,#6077,#6078,#6079,#6080,#6081,#6082,#6083,#6084,
    #6085,#6086,#6087,#6088,#6089,#6090,#6091,#6092,#6093,#6094),
  .UNSPECIFIED.,.F.,.F.,(7,5,5,5,5,5,5,5,5,5,5,5,5,5,5,5,5,5,5,5,5,5,5,5
    ,5,5,5,5,5,7),(0.,0.110634265675,0.145148925403,0.176092163917,
    0.197514913693,0.229648622798,0.260592681266,0.295106505454,
    0.328430679627,0.354613662859,0.38793783423,0.417691410411,
    0.448635459806,0.48195962958,0.515282972454,0.549797614935,
    0.571223659757,0.600977233713,0.635491875007,0.670005689638,
    0.704520330969,0.735463552027,0.768787720399,0.883041725591,
    0.940167750686,0.968731314942,0.98300995652,0.993716312164,
    0.996502344008,1.),.UNSPECIFIED.);
#5948 = CARTESIAN_POINT('',(1.570796326795,4.51274321558E-02));
#5949 = CARTESIAN_POINT('',(1.541821764159,4.512742731125E-02));
#5950 = CARTESIAN_POINT('',(1.512847234878,4.512742249173E-02));
#5951 = CARTESIAN_POINT('',(1.483872727758,4.512741768297E-02));
#5952 = CARTESIAN_POINT('',(1.454898234914,4.512741287021E-02));
#5953 = CARTESIAN_POINT('',(1.425923751767,4.512740803825E-02));
#5954 = CARTESIAN_POINT('',(1.387910087152,4.512740165308E-02));
#5955 = CARTESIAN_POINT('',(1.378870897682,4.512740013135E-02));
#5956 = CARTESIAN_POINT('',(1.369831708521,4.512739860574E-02));
#5957 = CARTESIAN_POINT('',(1.360792519577,4.512739707572E-02));
#5958 = CARTESIAN_POINT('',(1.351753330772,4.51273955408E-02));
#5959 = CARTESIAN_POINT('',(1.334610287771,4.512739261947E-02));
#5960 = CARTESIAN_POINT('',(1.326506433544,4.512739123414E-02));
#5961 = CARTESIAN_POINT('',(1.31840257932,4.512738984405E-02));
#5962 = CARTESIAN_POINT('',(1.310298725062,4.512738844883E-02));
#5963 = CARTESIAN_POINT('',(1.30219487074,4.512738704806E-02));
#5964 = CARTESIAN_POINT('',(1.288480522622,4.512738466746E-02));
#5965 = CARTESIAN_POINT('',(1.282870028865,4.512738369072E-02));
#5966 = CARTESIAN_POINT('',(1.277259535056,4.512738271099E-02));
#5967 = CARTESIAN_POINT('',(1.271649041187,4.512738172811E-02));
#5968 = CARTESIAN_POINT('',(1.266038547255,4.512738074195E-02));
#5969 = CARTESIAN_POINT('',(1.252012421088,4.512737826806E-02));
#5970 = CARTESIAN_POINT('',(1.243596788758,4.512737677605E-02));
#5971 = CARTESIAN_POINT('',(1.235181156254,4.512737527584E-02));
#5972 = CARTESIAN_POINT('',(1.226765523572,4.512737376692E-02));
#5973 = CARTESIAN_POINT('',(1.21834989071,4.512737224875E-02));
#5974 = CARTESIAN_POINT('',(1.20183018727,4.512736924939E-02));
#5975 = CARTESIAN_POINT('',(1.193726116691,4.512736776891E-02));
#5976 = CARTESIAN_POINT('',(1.185622045937,4.512736627884E-02));
#5977 = CARTESIAN_POINT('',(1.177517975011,4.512736477867E-02));
#5978 = CARTESIAN_POINT('',(1.16941390392,4.512736326786E-02));
#5979 = CARTESIAN_POINT('',(1.152270860283,4.512736004823E-02));
#5980 = CARTESIAN_POINT('',(1.143231887678,4.512735833667E-02));
#5981 = CARTESIAN_POINT('',(1.134192914874,4.512735661039E-02));
#5982 = CARTESIAN_POINT('',(1.125153941886,4.512735486856E-02));
#5983 = CARTESIAN_POINT('',(1.11611496873,4.512735311029E-02));
#5984 = CARTESIAN_POINT('',(1.098348584657,4.512734962029E-02));
#5985 = CARTESIAN_POINT('',(1.089621173731,4.512734788973E-02));
#5986 = CARTESIAN_POINT('',(1.08089376266,4.512734614216E-02));
#5987 = CARTESIAN_POINT('',(1.072166351461,4.512734437672E-02));
#5988 = CARTESIAN_POINT('',(1.063438940148,4.512734259248E-02));
#5989 = CARTESIAN_POINT('',(1.04785435456,4.512733937108E-02));
#5990 = CARTESIAN_POINT('',(1.040997180314,4.51273379415E-02));
#5991 = CARTESIAN_POINT('',(1.034140006005,4.512733649923E-02));
#5992 = CARTESIAN_POINT('',(1.02728283164,4.512733504377E-02));
#5993 = CARTESIAN_POINT('',(1.020425657225,4.51273335746E-02));
#5994 = CARTESIAN_POINT('',(1.004841071731,4.512733020321E-02));
#5995 = CARTESIAN_POINT('',(0.996113660609,4.512732829215E-02));
#5996 = CARTESIAN_POINT('',(0.987386249417,4.512732635689E-02));
#5997 = CARTESIAN_POINT('',(0.978658838164,4.51273243962E-02));
#5998 = CARTESIAN_POINT('',(0.969931426865,4.512732240883E-02));
#5999 = CARTESIAN_POINT('',(0.953411722807,4.512731859395E-02));
#6000 = CARTESIAN_POINT('',(0.945619430043,4.512731677212E-02));
#6001 = CARTESIAN_POINT('',(0.937827137244,4.512731492694E-02));
#6002 = CARTESIAN_POINT('',(0.930034844416,4.512731305739E-02));
#6003 = CARTESIAN_POINT('',(0.922242551566,4.512731116234E-02));
#6004 = CARTESIAN_POINT('',(0.906346187645,4.512730724202E-02));
#6005 = CARTESIAN_POINT('',(0.898242116561,4.512730521457E-02));
#6006 = CARTESIAN_POINT('',(0.890138045451,4.512730315695E-02));
#6007 = CARTESIAN_POINT('',(0.882033974321,4.512730106776E-02));
#6008 = CARTESIAN_POINT('',(0.873929903174,4.512729894547E-02));
#6009 = CARTESIAN_POINT('',(0.857098420818,4.512729446551E-02));
#6010 = CARTESIAN_POINT('',(0.848371009589,4.512729210229E-02));
#6011 = CARTESIAN_POINT('',(0.839643598335,4.512728969676E-02));
#6012 = CARTESIAN_POINT('',(0.83091618706,4.512728724669E-02));
#6013 = CARTESIAN_POINT('',(0.822188775768,4.512728474971E-02));
#6014 = CARTESIAN_POINT('',(0.804734169718,4.512727965683E-02));
#6015 = CARTESIAN_POINT('',(0.796006974941,4.512727706093E-02));
#6016 = CARTESIAN_POINT('',(0.787279780137,4.512727441294E-02));
#6017 = CARTESIAN_POINT('',(0.778552585309,4.512727171003E-02));
#6018 = CARTESIAN_POINT('',(0.769825390459,4.512726894912E-02));
#6019 = CARTESIAN_POINT('',(0.752059006103,4.512726320376E-02));
#6020 = CARTESIAN_POINT('',(0.743019816573,4.512726021482E-02));
#6021 = CARTESIAN_POINT('',(0.733980627008,4.512725715636E-02));
#6022 = CARTESIAN_POINT('',(0.724941437412,4.512725402424E-02));
#6023 = CARTESIAN_POINT('',(0.715902247789,4.512725081395E-02));
#6024 = CARTESIAN_POINT('',(0.701251698197,4.512724547605E-02));
#6025 = CARTESIAN_POINT('',(0.695640338234,4.512724339951E-02));
#6026 = CARTESIAN_POINT('',(0.690028978259,4.512724128974E-02));
#6027 = CARTESIAN_POINT('',(0.684417618271,4.512723914546E-02));
#6028 = CARTESIAN_POINT('',(0.678806258272,4.512723696531E-02));
#6029 = CARTESIAN_POINT('',(0.665402605448,4.512723166852E-02));
#6030 = CARTESIAN_POINT('',(0.657610312607,4.512722851722E-02));
#6031 = CARTESIAN_POINT('',(0.64981801974,4.51272252901E-02));
#6032 = CARTESIAN_POINT('',(0.642025726851,4.512722198289E-02));
#6033 = CARTESIAN_POINT('',(0.634233433945,4.51272185909E-02));
#6034 = CARTESIAN_POINT('',(0.617401951468,4.512721106991E-02));
#6035 = CARTESIAN_POINT('',(0.608362761876,4.512720690975E-02));
#6036 = CARTESIAN_POINT('',(0.599323572256,4.512720262062E-02));
#6037 = CARTESIAN_POINT('',(0.590284382619,4.512719819344E-02));
#6038 = CARTESIAN_POINT('',(0.581245192973,4.512719361797E-02));
#6039 = CARTESIAN_POINT('',(0.563167030184,4.51271841477E-02));
#6040 = CARTESIAN_POINT('',(0.554128057018,4.512717925279E-02));
#6041 = CARTESIAN_POINT('',(0.545089083844,4.512717418673E-02));
#6042 = CARTESIAN_POINT('',(0.536050110672,4.512716893636E-02));
#6043 = CARTESIAN_POINT('',(0.527011137512,4.512716348666E-02));
#6044 = CARTESIAN_POINT('',(0.508932974732,4.512715215464E-02));
#6045 = CARTESIAN_POINT('',(0.499893785089,4.512714627207E-02));
#6046 = CARTESIAN_POINT('',(0.490854595459,4.512714015626E-02));
#6047 = CARTESIAN_POINT('',(0.48181540585,4.512713378736E-02));
#6048 = CARTESIAN_POINT('',(0.472776216273,4.512712714234E-02));
#6049 = CARTESIAN_POINT('',(0.455633171984,4.512711396669E-02));
#6050 = CARTESIAN_POINT('',(0.447529317249,4.512710749502E-02));
#6051 = CARTESIAN_POINT('',(0.439425462533,4.512710076136E-02));
#6052 = CARTESIAN_POINT('',(0.43132160784,4.512709374343E-02));
#6053 = CARTESIAN_POINT('',(0.423217753169,4.512708641544E-02));
#6054 = CARTESIAN_POINT('',(0.406386487224,4.512707049068E-02));
#6055 = CARTESIAN_POINT('',(0.397659075937,4.512706183885E-02));
#6056 = CARTESIAN_POINT('',(0.388931664654,4.512705275677E-02));
#6057 = CARTESIAN_POINT('',(0.380204253366,4.51270431998E-02));
#6058 = CARTESIAN_POINT('',(0.37147684206,4.512703311452E-02));
#6059 = CARTESIAN_POINT('',(0.332826952524,4.5126985836E-02));
#6060 = CARTESIAN_POINT('',(0.302904468269,4.512693999561E-02));
#6061 = CARTESIAN_POINT('',(0.272981981948,4.512688824584E-02));
#6062 = CARTESIAN_POINT('',(0.243059492627,4.512682493954E-02));
#6063 = CARTESIAN_POINT('',(0.213136994442,4.512673545412E-02));
#6064 = CARTESIAN_POINT('',(0.168253473675,4.512652656139E-02));
#6065 = CARTESIAN_POINT('',(0.153292462417,4.512643921367E-02));
#6066 = CARTESIAN_POINT('',(0.138331444841,4.512634007642E-02));
#6067 = CARTESIAN_POINT('',(0.123370416007,4.512621840135E-02));
#6068 = CARTESIAN_POINT('',(0.108409364027,4.512604676376E-02));
#6069 = CARTESIAN_POINT('',(8.596757857828E-02,4.512564820942E-02));
#6070 = CARTESIAN_POINT('',(7.84868729033E-02,4.512548275621E-02));
#6071 = CARTESIAN_POINT('',(7.100615667021E-02,4.512529407752E-02));
#6072 = CARTESIAN_POINT('',(6.352542181688E-02,4.512506265736E-02));
#6073 = CARTESIAN_POINT('',(5.604464857871E-02,4.512474008915E-02));
#6074 = CARTESIAN_POINT('',(4.482420645872E-02,4.512400362304E-02));
#6075 = CARTESIAN_POINT('',(4.10834364365E-02,4.512370230321E-02));
#6076 = CARTESIAN_POINT('',(3.734276120794E-02,4.512335676388E-02));
#6077 = CARTESIAN_POINT('',(3.360265574821E-02,4.512293466876E-02));
#6078 = CARTESIAN_POINT('',(2.986280422174E-02,4.512235969758E-02));
#6079 = CARTESIAN_POINT('',(2.331725963877E-02,4.512087558857E-02));
#6080 = CARTESIAN_POINT('',(2.051235015005E-02,4.512001186202E-02));
#6081 = CARTESIAN_POINT('',(1.77074548051E-02,4.511922715201E-02));
#6082 = CARTESIAN_POINT('',(1.490210559986E-02,4.511730739783E-02));
#6083 = CARTESIAN_POINT('',(1.209691034118E-02,4.511581132208E-02));
#6084 = CARTESIAN_POINT('',(8.560024114685E-03,4.510947960417E-02));
#6085 = CARTESIAN_POINT('',(7.834676685343E-03,4.510787832662E-02));
#6086 = CARTESIAN_POINT('',(7.108986172118E-03,4.510604098364E-02));
#6087 = CARTESIAN_POINT('',(6.380759570838E-03,4.510378353889E-02));
#6088 = CARTESIAN_POINT('',(5.65093521594E-03,4.510068013865E-02));
#6089 = CARTESIAN_POINT('',(4.010445836471E-03,4.509026677775E-02));
#6090 = CARTESIAN_POINT('',(3.179465380023E-03,4.515724332731E-02));
#6091 = CARTESIAN_POINT('',(2.24364759168E-03,4.510627867597E-02));
#6092 = CARTESIAN_POINT('',(1.220419911817E-03,4.493292157988E-02));
#6093 = CARTESIAN_POINT('',(3.316310406371E-04,4.481898363596E-02));
#6094 = CARTESIAN_POINT('',(3.55093816539E-06,4.513253928185E-02));
#6095 = ( GEOMETRIC_REPRESENTATION_CONTEXT(2) 
PARAMETRIC_REPRESENTATION_CONTEXT() REPRESENTATION_CONTEXT('2D SPACE',''
  ) );
#6096 = ADVANCED_FACE('',(#6097),#5048,.T.);
#6097 = FACE_BOUND('',#6098,.T.);
#6098 = EDGE_LOOP('',(#6099,#6120,#6121,#6122,#6259,#6290));
#6099 = ORIENTED_EDGE('',*,*,#6100,.T.);
#6100 = EDGE_CURVE('',#6101,#5034,#6103,.T.);
#6101 = VERTEX_POINT('',#6102);
#6102 = CARTESIAN_POINT('',(-1.257167385154,-4.545582011295,
    33.345904606301));
#6103 = SURFACE_CURVE('',#6104,(#6107,#6113),.PCURVE_S1.);
#6104 = B_SPLINE_CURVE_WITH_KNOTS('',1,(#6105,#6106),.UNSPECIFIED.,.F.,
  .F.,(2,2),(0.,1.559125152099),.PIECEWISE_BEZIER_KNOTS.);
#6105 = CARTESIAN_POINT('',(-1.257167385154,-4.545582011295,
    33.345904606301));
#6106 = CARTESIAN_POINT('',(-1.257167388254,-4.545582023189,
    31.786779454202));
#6107 = PCURVE('',#5048,#6108);
#6108 = DEFINITIONAL_REPRESENTATION('',(#6109),#6112);
#6109 = B_SPLINE_CURVE_WITH_KNOTS('',1,(#6110,#6111),.UNSPECIFIED.,.F.,
  .F.,(2,2),(0.,1.559125152099),.PIECEWISE_BEZIER_KNOTS.);
#6110 = CARTESIAN_POINT('',(-1.181180476701,0.561622799725));
#6111 = CARTESIAN_POINT('',(-1.18118046441,-0.997502352374));
#6112 = ( GEOMETRIC_REPRESENTATION_CONTEXT(2) 
PARAMETRIC_REPRESENTATION_CONTEXT() REPRESENTATION_CONTEXT('2D SPACE',''
  ) );
#6113 = PCURVE('',#5145,#6114);
#6114 = DEFINITIONAL_REPRESENTATION('',(#6115),#6119);
#6115 = LINE('',#6116,#6117);
#6116 = CARTESIAN_POINT('',(0.,2.389779642708));
#6117 = VECTOR('',#6118,1.);
#6118 = DIRECTION('',(1.,0.));
#6119 = ( GEOMETRIC_REPRESENTATION_CONTEXT(2) 
PARAMETRIC_REPRESENTATION_CONTEXT() REPRESENTATION_CONTEXT('2D SPACE',''
  ) );
#6120 = ORIENTED_EDGE('',*,*,#5033,.F.);
#6121 = ORIENTED_EDGE('',*,*,#5307,.T.);
#6122 = ORIENTED_EDGE('',*,*,#6123,.T.);
#6123 = EDGE_CURVE('',#5285,#6124,#6126,.T.);
#6124 = VERTEX_POINT('',#6125);
#6125 = CARTESIAN_POINT('',(-1.515371073792,-5.536227525451,
    33.547378304167));
#6126 = SURFACE_CURVE('',#6127,(#6169,#6214),.PCURVE_S1.);
#6127 = B_SPLINE_CURVE_WITH_KNOTS('',4,(#6128,#6129,#6130,#6131,#6132,
    #6133,#6134,#6135,#6136,#6137,#6138,#6139,#6140,#6141,#6142,#6143,
    #6144,#6145,#6146,#6147,#6148,#6149,#6150,#6151,#6152,#6153,#6154,
    #6155,#6156,#6157,#6158,#6159,#6160,#6161,#6162,#6163,#6164,#6165,
    #6166,#6167,#6168),.UNSPECIFIED.,.F.,.F.,(5,3,3,3,3,3,3,3,3,3,3,3,3,
    5),(0.,0.261574965964,0.326374969507,0.369574971894,0.419974974673,
    0.511174979462,0.573574982879,0.628774985916,0.681574988825,
    0.751174992612,0.806374995649,0.868774999067,0.928775002359,1.),
  .UNSPECIFIED.);
#6128 = CARTESIAN_POINT('',(-1.558943792116,-5.703402201285,
    32.944855495218));
#6129 = CARTESIAN_POINT('',(-1.558943792116,-5.703402201285,
    32.987382997394));
#6130 = CARTESIAN_POINT('',(-1.558408903366,-5.701350003102,
    33.029910573906));
#6131 = CARTESIAN_POINT('',(-1.557339127235,-5.697245611987,
    33.072279219945));
#6132 = CARTESIAN_POINT('',(-1.555344396258,-5.689592463015,
    33.124749362991));
#6133 = CARTESIAN_POINT('',(-1.554915893509,-5.687948434117,
    33.135147630522));
#6134 = CARTESIAN_POINT('',(-1.554455021851,-5.686180215997,
    33.145524114285));
#6135 = CARTESIAN_POINT('',(-1.55363314241,-5.68302692572,
    33.162777997204));
#6136 = CARTESIAN_POINT('',(-1.55329005463,-5.681710606915,
    33.169668815297));
#6137 = CARTESIAN_POINT('',(-1.552932664295,-5.680339413756,
    33.176548196074));
#6138 = CARTESIAN_POINT('',(-1.55212741164,-5.677249915171,
    33.191427226288));
#6139 = CARTESIAN_POINT('',(-1.551674398162,-5.675511846392,
    33.19942249329));
#6140 = CARTESIAN_POINT('',(-1.551202028842,-5.673699515397,
    33.207400132183));
#6141 = CARTESIAN_POINT('',(-1.549820706602,-5.668399820851,
    33.229760875064));
#6142 = CARTESIAN_POINT('',(-1.548867886053,-5.664744151141,
    33.244101379524));
#6143 = CARTESIAN_POINT('',(-1.547852313666,-5.660847722574,
    33.258374021653));
#6144 = CARTESIAN_POINT('',(-1.546037012035,-5.653882986992,
    33.282287014818));
#6145 = CARTESIAN_POINT('',(-1.545270397697,-5.650941731354,
    33.291966884286));
#6146 = CARTESIAN_POINT('',(-1.544474791882,-5.647889244628,
    33.301609907223));
#6147 = CARTESIAN_POINT('',(-1.542921073005,-5.641928118962,
    33.319710012241));
#6148 = CARTESIAN_POINT('',(-1.542169226236,-5.639043521793,
    33.328175550283));
#6149 = CARTESIAN_POINT('',(-1.541394950476,-5.636072871714,
    33.336609247212));
#6150 = CARTESIAN_POINT('',(-1.539836439239,-5.630093359283,
    33.353044930194));
#6151 = CARTESIAN_POINT('',(-1.539054100447,-5.62709177391,
    33.361049743618));
#6152 = CARTESIAN_POINT('',(-1.538251477507,-5.624012364707,
    33.3690229263));
#6153 = CARTESIAN_POINT('',(-1.536344119182,-5.61669443684,
    33.387430089663));
#6154 = CARTESIAN_POINT('',(-1.535224514377,-5.612398868936,
    33.397839849284));
#6155 = CARTESIAN_POINT('',(-1.534070167549,-5.607970006929,
    33.408189785449));
#6156 = CARTESIAN_POINT('',(-1.531938571267,-5.599791749268,
    33.426636149625));
#6157 = CARTESIAN_POINT('',(-1.530974094149,-5.596091357007,
    33.434755779527));
#6158 = CARTESIAN_POINT('',(-1.529988117982,-5.592308479729,
    33.442834715053));
#6159 = CARTESIAN_POINT('',(-1.527842114271,-5.584074945341,
    33.459956818976));
#6160 = CARTESIAN_POINT('',(-1.526676159004,-5.579601545441,
    33.468988308158));
#6161 = CARTESIAN_POINT('',(-1.525483186073,-5.575024487349,
    33.47796415965));
#6162 = CARTESIAN_POINT('',(-1.523090635559,-5.565845031212,
    33.495457788041));
#6163 = CARTESIAN_POINT('',(-1.521893076741,-5.561250378529,
    33.503979905396));
#6164 = CARTESIAN_POINT('',(-1.520671008199,-5.55656168982,
    33.512447148825));
#6165 = CARTESIAN_POINT('',(-1.51794517283,-5.546103525591,
    33.53084209033));
#6166 = CARTESIAN_POINT('',(-1.516431477931,-5.540295959212,
    33.54074666198));
#6167 = CARTESIAN_POINT('',(-1.514883997495,-5.534358768459,
    33.550568815287));
#6168 = CARTESIAN_POINT('',(-1.513303170837,-5.52829363885,
    33.560305862831));
#6169 = PCURVE('',#5048,#6170);
#6170 = DEFINITIONAL_REPRESENTATION('',(#6171),#6213);
#6171 = B_SPLINE_CURVE_WITH_KNOTS('',4,(#6172,#6173,#6174,#6175,#6176,
    #6177,#6178,#6179,#6180,#6181,#6182,#6183,#6184,#6185,#6186,#6187,
    #6188,#6189,#6190,#6191,#6192,#6193,#6194,#6195,#6196,#6197,#6198,
    #6199,#6200,#6201,#6202,#6203,#6204,#6205,#6206,#6207,#6208,#6209,
    #6210,#6211,#6212),.UNSPECIFIED.,.F.,.F.,(5,3,3,3,3,3,3,3,3,3,3,3,3,
    5),(0.,0.261574965964,0.326374969507,0.369574971894,0.419974974673,
    0.511174979462,0.573574982879,0.628774985916,0.681574988825,
    0.751174992612,0.806374995649,0.868774999067,0.928775002359,1.),
  .UNSPECIFIED.);
#6172 = CARTESIAN_POINT('',(1.532133781791E-02,0.160573688642));
#6173 = CARTESIAN_POINT('',(1.532133781791E-02,0.203101190818));
#6174 = CARTESIAN_POINT('',(1.320057772819E-02,0.24562876733));
#6175 = CARTESIAN_POINT('',(8.959062975829E-03,0.287997413369));
#6176 = CARTESIAN_POINT('',(1.050229884882E-03,0.340467556415));
#6177 = CARTESIAN_POINT('',(-6.487243876912E-04,0.350865823947));
#6178 = CARTESIAN_POINT('',(-2.476016922504E-03,0.361242307709));
#6179 = CARTESIAN_POINT('',(-5.734655501154E-03,0.378496190628));
#6180 = CARTESIAN_POINT('',(-7.094951212388E-03,0.385387008721));
#6181 = CARTESIAN_POINT('',(-8.511954575021E-03,0.392266389499));
#6182 = CARTESIAN_POINT('',(-1.170467024459E-02,0.407145419713));
#6183 = CARTESIAN_POINT('',(-1.350080617804E-02,0.415140686714));
#6184 = CARTESIAN_POINT('',(-1.537368535469E-02,0.423118325607));
#6185 = CARTESIAN_POINT('',(-2.085043744032E-02,0.445479068488));
#6186 = CARTESIAN_POINT('',(-2.462823945021E-02,0.459819572948));
#6187 = CARTESIAN_POINT('',(-2.865484383251E-02,0.474092215077));
#6188 = CARTESIAN_POINT('',(-3.585226432467E-02,0.498005208242));
#6189 = CARTESIAN_POINT('',(-3.889178439733E-02,0.50768507771));
#6190 = CARTESIAN_POINT('',(-4.204625167802E-02,0.517328100647));
#6191 = CARTESIAN_POINT('',(-4.820653264146E-02,0.535428205665));
#6192 = CARTESIAN_POINT('',(-5.118750134194E-02,0.543893743707));
#6193 = CARTESIAN_POINT('',(-5.425739789425E-02,0.552327440636));
#6194 = CARTESIAN_POINT('',(-6.043667990742E-02,0.568763123618));
#6195 = CARTESIAN_POINT('',(-6.353854527128E-02,0.576767937042));
#6196 = CARTESIAN_POINT('',(-6.672083448235E-02,0.584741119724));
#6197 = CARTESIAN_POINT('',(-7.428324706313E-02,0.603148283087));
#6198 = CARTESIAN_POINT('',(-7.87223256323E-02,0.613558042708));
#6199 = CARTESIAN_POINT('',(-8.329915152713E-02,0.623907978873));
#6200 = CARTESIAN_POINT('',(-9.175063666803E-02,0.642354343049));
#6201 = CARTESIAN_POINT('',(-9.557465536498E-02,0.650473972951));
#6202 = CARTESIAN_POINT('',(-9.948391482158E-02,0.658552908477));
#6203 = CARTESIAN_POINT('',(-0.10799252343,0.6756750124));
#6204 = CARTESIAN_POINT('',(-0.112615375185,0.684706501582));
#6205 = CARTESIAN_POINT('',(-0.117345348249,0.693682353074));
#6206 = CARTESIAN_POINT('',(-0.126831480914,0.711175981465));
#6207 = CARTESIAN_POINT('',(-0.131579636387,0.71969809882));
#6208 = CARTESIAN_POINT('',(-0.136424969538,0.728165342249));
#6209 = CARTESIAN_POINT('',(-0.147232530664,0.746560283754));
#6210 = CARTESIAN_POINT('',(-0.153234122077,0.756464855404));
#6211 = CARTESIAN_POINT('',(-0.159369668487,0.766287008711));
#6212 = CARTESIAN_POINT('',(-0.165637428061,0.776024056255));
#6213 = ( GEOMETRIC_REPRESENTATION_CONTEXT(2) 
PARAMETRIC_REPRESENTATION_CONTEXT() REPRESENTATION_CONTEXT('2D SPACE',''
  ) );
#6214 = PCURVE('',#5272,#6215);
#6215 = DEFINITIONAL_REPRESENTATION('',(#6216),#6258);
#6216 = B_SPLINE_CURVE_WITH_KNOTS('',4,(#6217,#6218,#6219,#6220,#6221,
    #6222,#6223,#6224,#6225,#6226,#6227,#6228,#6229,#6230,#6231,#6232,
    #6233,#6234,#6235,#6236,#6237,#6238,#6239,#6240,#6241,#6242,#6243,
    #6244,#6245,#6246,#6247,#6248,#6249,#6250,#6251,#6252,#6253,#6254,
    #6255,#6256,#6257),.UNSPECIFIED.,.F.,.F.,(5,3,3,3,3,3,3,3,3,3,3,3,3,
    5),(0.,0.261574965964,0.326374969507,0.369574971894,0.419974974673,
    0.511174979462,0.573574982879,0.628774985916,0.681574988825,
    0.751174992612,0.806374995649,0.868774999067,0.928775002359,1.),
  .UNSPECIFIED.);
#6217 = CARTESIAN_POINT('',(4.457419799569,-6.217248937901E-15));
#6218 = CARTESIAN_POINT('',(4.457419799569,3.740098413351E-02));
#6219 = CARTESIAN_POINT('',(4.45741979957,7.480198164915E-02));
#6220 = CARTESIAN_POINT('',(4.45741979957,0.112202981154));
#6221 = CARTESIAN_POINT('',(4.457419799571,0.1588693155));
#6222 = CARTESIAN_POINT('',(4.457419799571,0.168134666455));
#6223 = CARTESIAN_POINT('',(4.457419799571,0.17740001741));
#6224 = CARTESIAN_POINT('',(4.457419799572,0.192842268982));
#6225 = CARTESIAN_POINT('',(4.457419799572,0.199019169615));
#6226 = CARTESIAN_POINT('',(4.457419799572,0.205196070248));
#6227 = CARTESIAN_POINT('',(4.457419799572,0.218579354948));
#6228 = CARTESIAN_POINT('',(4.457419799573,0.22578573902));
#6229 = CARTESIAN_POINT('',(4.457419799573,0.232992123093));
#6230 = CARTESIAN_POINT('',(4.457419799573,0.253238630681));
#6231 = CARTESIAN_POINT('',(4.457419799574,0.266278754275));
#6232 = CARTESIAN_POINT('',(4.457419799574,0.279318877869));
#6233 = CARTESIAN_POINT('',(4.457419799575,0.301281191184));
#6234 = CARTESIAN_POINT('',(4.457419799575,0.310203380992));
#6235 = CARTESIAN_POINT('',(4.457419799576,0.319125570799));
#6236 = CARTESIAN_POINT('',(4.457419799576,0.335940466955));
#6237 = CARTESIAN_POINT('',(4.457419799577,0.343833173322));
#6238 = CARTESIAN_POINT('',(4.457419799577,0.351725879688));
#6239 = CARTESIAN_POINT('',(4.457419799578,0.367168131263));
#6240 = CARTESIAN_POINT('',(4.457419799578,0.374717676482));
#6241 = CARTESIAN_POINT('',(4.457419799578,0.382267221701));
#6242 = CARTESIAN_POINT('',(4.457419799579,0.399768440147));
#6243 = CARTESIAN_POINT('',(4.45741979958,0.409720113397));
#6244 = CARTESIAN_POINT('',(4.45741979958,0.419671786647));
#6245 = CARTESIAN_POINT('',(4.457419799581,0.437516166238));
#6246 = CARTESIAN_POINT('',(4.457419799582,0.445408872604));
#6247 = CARTESIAN_POINT('',(4.457419799582,0.45330157897));
#6248 = CARTESIAN_POINT('',(4.457419799583,0.470116475127));
#6249 = CARTESIAN_POINT('',(4.457419799584,0.479038664934));
#6250 = CARTESIAN_POINT('',(4.457419799584,0.487960854742));
#6251 = CARTESIAN_POINT('',(4.457419799585,0.505462073189));
#6252 = CARTESIAN_POINT('',(4.457419799586,0.514041101849));
#6253 = CARTESIAN_POINT('',(4.457419799586,0.522620130509));
#6254 = CARTESIAN_POINT('',(4.457419799588,0.541383180192));
#6255 = CARTESIAN_POINT('',(4.457419799588,0.551567201583));
#6256 = CARTESIAN_POINT('',(4.457419799589,0.56175122255));
#6257 = CARTESIAN_POINT('',(4.45741979959,0.571935243708));
#6258 = ( GEOMETRIC_REPRESENTATION_CONTEXT(2) 
PARAMETRIC_REPRESENTATION_CONTEXT() REPRESENTATION_CONTEXT('2D SPACE',''
  ) );
#6259 = ORIENTED_EDGE('',*,*,#6260,.T.);
#6260 = EDGE_CURVE('',#6124,#6261,#6263,.T.);
#6261 = VERTEX_POINT('',#6262);
#6262 = CARTESIAN_POINT('',(-1.398011007785,-5.085954241039,
    33.345904610703));
#6263 = SURFACE_CURVE('',#6264,(#6272,#6283),.PCURVE_S1.);
#6264 = ( BOUNDED_CURVE() B_SPLINE_CURVE(6,(#6265,#6266,#6267,#6268,
#6269,#6270,#6271),.UNSPECIFIED.,.F.,.F.) B_SPLINE_CURVE_WITH_KNOTS((7,7
),(0.,1.570796326795),.PIECEWISE_BEZIER_KNOTS.) CURVE() 
GEOMETRIC_REPRESENTATION_ITEM() RATIONAL_B_SPLINE_CURVE((1.031393471788,
    1.010025407661,0.997924642725,0.993958444137,0.997924642725,
1.010025407661,1.031393471788)) REPRESENTATION_ITEM('') );
#6265 = CARTESIAN_POINT('',(-1.558943727089,-5.703401951797,
    33.983980647317));
#6266 = CARTESIAN_POINT('',(-1.558943727428,-5.703401953098,
    33.813399453627));
#6267 = CARTESIAN_POINT('',(-1.54526374635,-5.650916212248,
    33.647262455064));
#6268 = CARTESIAN_POINT('',(-1.519019460382,-5.550225225592,
    33.504198827015));
#6269 = CARTESIAN_POINT('',(-1.482936583932,-5.411786693282,
    33.400143852078));
#6270 = CARTESIAN_POINT('',(-1.441034243607,-5.2510207271,
    33.345904612048));
#6271 = CARTESIAN_POINT('',(-1.398011007785,-5.085954241039,
    33.345904610703));
#6272 = PCURVE('',#5048,#6273);
#6273 = DEFINITIONAL_REPRESENTATION('',(#6274),#6282);
#6274 = ( BOUNDED_CURVE() B_SPLINE_CURVE(6,(#6275,#6276,#6277,#6278,
#6279,#6280,#6281),.UNSPECIFIED.,.F.,.F.) B_SPLINE_CURVE_WITH_KNOTS((7,7
),(0.,1.570796326795),.PIECEWISE_BEZIER_KNOTS.) CURVE() 
GEOMETRIC_REPRESENTATION_ITEM() RATIONAL_B_SPLINE_CURVE((1.031393471788,
    1.010025407661,0.997924642725,0.993958444137,0.997924642725,
1.010025407661,1.031393471788)) REPRESENTATION_ITEM('') );
#6275 = CARTESIAN_POINT('',(1.532107999456E-02,1.199698840742));
#6276 = CARTESIAN_POINT('',(1.532108133936E-02,1.029117647051));
#6277 = CARTESIAN_POINT('',(-3.891815607058E-02,0.862980648488));
#6278 = CARTESIAN_POINT('',(-0.142973128752,0.719917020439));
#6279 = CARTESIAN_POINT('',(-0.28603675516,0.615862045502));
#6280 = CARTESIAN_POINT('',(-0.452173752868,0.561622805472));
#6281 = CARTESIAN_POINT('',(-0.622754946559,0.561622804128));
#6282 = ( GEOMETRIC_REPRESENTATION_CONTEXT(2) 
PARAMETRIC_REPRESENTATION_CONTEXT() REPRESENTATION_CONTEXT('2D SPACE',''
  ) );
#6283 = PCURVE('',#5889,#6284);
#6284 = DEFINITIONAL_REPRESENTATION('',(#6285),#6289);
#6285 = LINE('',#6286,#6287);
#6286 = CARTESIAN_POINT('',(0.,2.389779642708));
#6287 = VECTOR('',#6288,1.);
#6288 = DIRECTION('',(1.,0.));
#6289 = ( GEOMETRIC_REPRESENTATION_CONTEXT(2) 
PARAMETRIC_REPRESENTATION_CONTEXT() REPRESENTATION_CONTEXT('2D SPACE',''
  ) );
#6290 = ORIENTED_EDGE('',*,*,#6291,.T.);
#6291 = EDGE_CURVE('',#6261,#6101,#6292,.T.);
#6292 = SURFACE_CURVE('',#6293,(#6296,#6302),.PCURVE_S1.);
#6293 = B_SPLINE_CURVE_WITH_KNOTS('',1,(#6294,#6295),.UNSPECIFIED.,.F.,
  .F.,(2,2),(0.,0.558425530142),.PIECEWISE_BEZIER_KNOTS.);
#6294 = CARTESIAN_POINT('',(-1.398011007785,-5.085954241039,
    33.345904610703));
#6295 = CARTESIAN_POINT('',(-1.257167385154,-4.545582011295,
    33.345904606301));
#6296 = PCURVE('',#5048,#6297);
#6297 = DEFINITIONAL_REPRESENTATION('',(#6298),#6301);
#6298 = B_SPLINE_CURVE_WITH_KNOTS('',1,(#6299,#6300),.UNSPECIFIED.,.F.,
  .F.,(2,2),(0.,0.558425530142),.PIECEWISE_BEZIER_KNOTS.);
#6299 = CARTESIAN_POINT('',(-0.622754946559,0.561622804128));
#6300 = CARTESIAN_POINT('',(-1.181180476701,0.561622799725));
#6301 = ( GEOMETRIC_REPRESENTATION_CONTEXT(2) 
PARAMETRIC_REPRESENTATION_CONTEXT() REPRESENTATION_CONTEXT('2D SPACE',''
  ) );
#6302 = PCURVE('',#5222,#6303);
#6303 = DEFINITIONAL_REPRESENTATION('',(#6304),#6308);
#6304 = LINE('',#6305,#6306);
#6305 = CARTESIAN_POINT('',(0.,2.389779642708));
#6306 = VECTOR('',#6307,1.);
#6307 = DIRECTION('',(1.,0.));
#6308 = ( GEOMETRIC_REPRESENTATION_CONTEXT(2) 
PARAMETRIC_REPRESENTATION_CONTEXT() REPRESENTATION_CONTEXT('2D SPACE',''
  ) );
#6309 = ADVANCED_FACE('',(#6310),#5145,.T.);
#6310 = FACE_BOUND('',#6311,.T.);
#6311 = EDGE_LOOP('',(#6312,#6337,#6338));
#6312 = ORIENTED_EDGE('',*,*,#6313,.F.);
#6313 = EDGE_CURVE('',#5060,#6101,#6314,.T.);
#6314 = SURFACE_CURVE('',#6315,(#6324,#6330),.PCURVE_S1.);
#6315 = B_SPLINE_CURVE_WITH_KNOTS('',7,(#6316,#6317,#6318,#6319,#6320,
    #6321,#6322,#6323),.UNSPECIFIED.,.F.,.F.,(8,8),(0.,2.389779642708),
  .PIECEWISE_BEZIER_KNOTS.);
#6316 = CARTESIAN_POINT('',(-3.279676178444,3.554234343711,
    32.286779463635));
#6317 = CARTESIAN_POINT('',(-4.350165025601,2.568191239123,
    32.438083011135));
#6318 = CARTESIAN_POINT('',(-5.068597137073,1.199941489876,
    32.589386805483));
#6319 = CARTESIAN_POINT('',(-5.271529571359,-0.399735884049,
    32.740689946461));
#6320 = CARTESIAN_POINT('',(-4.873930550835,-1.99207855903,
    32.891994123476));
#6321 = CARTESIAN_POINT('',(-3.942825695664,-3.308574997766,
    33.04329726445));
#6322 = CARTESIAN_POINT('',(-2.665528874637,-4.178505328659,
    33.194601058802));
#6323 = CARTESIAN_POINT('',(-1.257167385154,-4.545582011295,
    33.345904606301));
#6324 = PCURVE('',#5145,#6325);
#6325 = DEFINITIONAL_REPRESENTATION('',(#6326),#6329);
#6326 = B_SPLINE_CURVE_WITH_KNOTS('',1,(#6327,#6328),.UNSPECIFIED.,.F.,
  .F.,(2,2),(0.,2.389779642708),.PIECEWISE_BEZIER_KNOTS.);
#6327 = CARTESIAN_POINT('',(0.,0.));
#6328 = CARTESIAN_POINT('',(0.,2.389779642708));
#6329 = ( GEOMETRIC_REPRESENTATION_CONTEXT(2) 
PARAMETRIC_REPRESENTATION_CONTEXT() REPRESENTATION_CONTEXT('2D SPACE',''
  ) );
#6330 = PCURVE('',#5222,#6331);
#6331 = DEFINITIONAL_REPRESENTATION('',(#6332),#6336);
#6332 = LINE('',#6333,#6334);
#6333 = CARTESIAN_POINT('',(0.558425530142,0.));
#6334 = VECTOR('',#6335,1.);
#6335 = DIRECTION('',(0.,1.));
#6336 = ( GEOMETRIC_REPRESENTATION_CONTEXT(2) 
PARAMETRIC_REPRESENTATION_CONTEXT() REPRESENTATION_CONTEXT('2D SPACE',''
  ) );
#6337 = ORIENTED_EDGE('',*,*,#5059,.F.);
#6338 = ORIENTED_EDGE('',*,*,#6100,.F.);
#6339 = ADVANCED_FACE('',(#6340),#5222,.T.);
#6340 = FACE_BOUND('',#6341,.T.);
#6341 = EDGE_LOOP('',(#6342,#6367,#6368,#6369));
#6342 = ORIENTED_EDGE('',*,*,#6343,.F.);
#6343 = EDGE_CURVE('',#4999,#6261,#6344,.T.);
#6344 = SURFACE_CURVE('',#6345,(#6354,#6360),.PCURVE_S1.);
#6345 = ( BOUNDED_CURVE() B_SPLINE_CURVE(7,(#6346,#6347,#6348,#6349,
    #6350,#6351,#6352,#6353),.UNSPECIFIED.,.F.,.F.) 
B_SPLINE_CURVE_WITH_KNOTS((8,8),(0.,2.389779642708),
.PIECEWISE_BEZIER_KNOTS.) CURVE() GEOMETRIC_REPRESENTATION_ITEM() 
RATIONAL_B_SPLINE_CURVE((1.031393471788,1.031393471788,1.031393471788,
    1.031393471787,1.031393471788,1.031393471788,1.031393471788,
1.031393471788)) REPRESENTATION_ITEM('') );
#6346 = CARTESIAN_POINT('',(-3.658009399735,3.96496910774,
    32.286779463635));
#6347 = CARTESIAN_POINT('',(-4.854198641202,2.863141708125,
    32.438083032444));
#6348 = CARTESIAN_POINT('',(-5.656991164209,1.334226951968,
    32.589386732893));
#6349 = CARTESIAN_POINT('',(-5.883753085651,-0.453288822694,
    32.74069008491));
#6350 = CARTESIAN_POINT('',(-5.439465947934,-2.232609769714,
    32.891993989429));
#6351 = CARTESIAN_POINT('',(-4.399028374645,-3.703694261017,
    33.043297341444));
#6352 = CARTESIAN_POINT('',(-2.971746866086,-4.675774075447,
    33.194601041895));
#6353 = CARTESIAN_POINT('',(-1.398011007785,-5.085954241039,
    33.345904610703));
#6354 = PCURVE('',#5222,#6355);
#6355 = DEFINITIONAL_REPRESENTATION('',(#6356),#6359);
#6356 = B_SPLINE_CURVE_WITH_KNOTS('',1,(#6357,#6358),.UNSPECIFIED.,.F.,
  .F.,(2,2),(0.,2.389779642708),.PIECEWISE_BEZIER_KNOTS.);
#6357 = CARTESIAN_POINT('',(0.,0.));
#6358 = CARTESIAN_POINT('',(0.,2.389779642708));
#6359 = ( GEOMETRIC_REPRESENTATION_CONTEXT(2) 
PARAMETRIC_REPRESENTATION_CONTEXT() REPRESENTATION_CONTEXT('2D SPACE',''
  ) );
#6360 = PCURVE('',#5889,#6361);
#6361 = DEFINITIONAL_REPRESENTATION('',(#6362),#6366);
#6362 = LINE('',#6363,#6364);
#6363 = CARTESIAN_POINT('',(1.570796326795,0.));
#6364 = VECTOR('',#6365,1.);
#6365 = DIRECTION('',(0.,1.));
#6366 = ( GEOMETRIC_REPRESENTATION_CONTEXT(2) 
PARAMETRIC_REPRESENTATION_CONTEXT() REPRESENTATION_CONTEXT('2D SPACE',''
  ) );
#6367 = ORIENTED_EDGE('',*,*,#5204,.F.);
#6368 = ORIENTED_EDGE('',*,*,#6313,.T.);
#6369 = ORIENTED_EDGE('',*,*,#6291,.F.);
#6370 = ADVANCED_FACE('',(#6371),#5272,.T.);
#6371 = FACE_BOUND('',#6372,.T.);
#6372 = EDGE_LOOP('',(#6373,#6397,#6398,#6428,#6677,#6678,#6679,#6680));
#6373 = ORIENTED_EDGE('',*,*,#6374,.F.);
#6374 = EDGE_CURVE('',#5255,#6375,#6377,.T.);
#6375 = VERTEX_POINT('',#6376);
#6376 = CARTESIAN_POINT('',(5.713490727797,5.633528314301E-02,
    33.560305863775));
#6377 = SEAM_CURVE('',#6378,(#6383,#6390),.PCURVE_S1.);
#6378 = CIRCLE('',#6379,1.137069068123);
#6379 = AXIS2_PLACEMENT_3D('',#6380,#6381,#6382);
#6380 = CARTESIAN_POINT('',(4.757380425831,5.633528314301E-02,
    32.944855495218));
#6381 = DIRECTION('',(0.,-1.,0.));
#6382 = DIRECTION('',(1.,0.,-6.248896884802E-15));
#6383 = PCURVE('',#5272,#6384);
#6384 = DEFINITIONAL_REPRESENTATION('',(#6385),#6389);
#6385 = LINE('',#6386,#6387);
#6386 = CARTESIAN_POINT('',(0.,-6.217248937901E-15));
#6387 = VECTOR('',#6388,1.);
#6388 = DIRECTION('',(0.,1.));
#6389 = ( GEOMETRIC_REPRESENTATION_CONTEXT(2) 
PARAMETRIC_REPRESENTATION_CONTEXT() REPRESENTATION_CONTEXT('2D SPACE',''
  ) );
#6390 = PCURVE('',#5272,#6391);
#6391 = DEFINITIONAL_REPRESENTATION('',(#6392),#6396);
#6392 = LINE('',#6393,#6394);
#6393 = CARTESIAN_POINT('',(6.28318530718,-6.217248937901E-15));
#6394 = VECTOR('',#6395,1.);
#6395 = DIRECTION('',(0.,1.));
#6396 = ( GEOMETRIC_REPRESENTATION_CONTEXT(2) 
PARAMETRIC_REPRESENTATION_CONTEXT() REPRESENTATION_CONTEXT('2D SPACE',''
  ) );
#6397 = ORIENTED_EDGE('',*,*,#5254,.T.);
#6398 = ORIENTED_EDGE('',*,*,#6399,.T.);
#6399 = EDGE_CURVE('',#5257,#6400,#6402,.T.);
#6400 = VERTEX_POINT('',#6401);
#6401 = CARTESIAN_POINT('',(-4.267388096161,4.264293934881,
    32.945246146467));
#6402 = SURFACE_CURVE('',#6403,(#6412,#6422),.PCURVE_S1.);
#6403 = B_SPLINE_CURVE_WITH_KNOTS('',7,(#6404,#6405,#6406,#6407,#6408,
    #6409,#6410,#6411),.UNSPECIFIED.,.F.,.F.,(8,8),(0.,2.389779642708),
  .PIECEWISE_BEZIER_KNOTS.);
#6404 = CARTESIAN_POINT('',(-4.090305825,4.434288639387,32.924855495218)
  );
#6405 = CARTESIAN_POINT('',(-5.430124601494,3.200162143092,
    33.076159088375));
#6406 = CARTESIAN_POINT('',(-6.329310270273,1.487666163269,
    33.227462681533));
#6407 = CARTESIAN_POINT('',(-6.583300455448,-0.514480273615,
    33.378766274689));
#6408 = CARTESIAN_POINT('',(-6.085665994781,-2.507448989618,
    33.530069867847));
#6409 = CARTESIAN_POINT('',(-4.920301079355,-4.155170902649,
    33.681373461003));
#6410 = CARTESIAN_POINT('',(-3.321641977504,-5.243970302163,
    33.83267705416));
#6411 = CARTESIAN_POINT('',(-1.558943727089,-5.703401951797,
    33.983980647317));
#6412 = PCURVE('',#5272,#6413);
#6413 = DEFINITIONAL_REPRESENTATION('',(#6414),#6421);
#6414 = B_SPLINE_CURVE_WITH_KNOTS('',5,(#6415,#6416,#6417,#6418,#6419,
    #6420),.UNSPECIFIED.,.F.,.F.,(6,6),(4.512742687627E-02,
    4.600888115962E-02),.PIECEWISE_BEZIER_KNOTS.);
#6415 = CARTESIAN_POINT('',(2.355607989282,-2.57571741713E-14));
#6416 = CARTESIAN_POINT('',(2.355766021459,6.871196476332E-05));
#6417 = CARTESIAN_POINT('',(2.355924053644,1.374239455094E-04));
#6418 = CARTESIAN_POINT('',(2.35608208582,2.06135901343E-04));
#6419 = CARTESIAN_POINT('',(2.356240118004,2.748478700356E-04));
#6420 = CARTESIAN_POINT('',(2.356398150188,3.435598306778E-04));
#6421 = ( GEOMETRIC_REPRESENTATION_CONTEXT(2) 
PARAMETRIC_REPRESENTATION_CONTEXT() REPRESENTATION_CONTEXT('2D SPACE',''
  ) );
#6422 = PCURVE('',#5889,#6423);
#6423 = DEFINITIONAL_REPRESENTATION('',(#6424),#6427);
#6424 = B_SPLINE_CURVE_WITH_KNOTS('',1,(#6425,#6426),.UNSPECIFIED.,.F.,
  .F.,(2,2),(0.,2.389779642708),.PIECEWISE_BEZIER_KNOTS.);
#6425 = CARTESIAN_POINT('',(0.,0.));
#6426 = CARTESIAN_POINT('',(0.,2.389779642708));
#6427 = ( GEOMETRIC_REPRESENTATION_CONTEXT(2) 
PARAMETRIC_REPRESENTATION_CONTEXT() REPRESENTATION_CONTEXT('2D SPACE',''
  ) );
#6428 = ORIENTED_EDGE('',*,*,#6429,.T.);
#6429 = EDGE_CURVE('',#6400,#6124,#6430,.T.);
#6430 = SURFACE_CURVE('',#6431,(#6511,#6594),.PCURVE_S1.);
#6431 = B_SPLINE_CURVE_WITH_KNOTS('',8,(#6432,#6433,#6434,#6435,#6436,
    #6437,#6438,#6439,#6440,#6441,#6442,#6443,#6444,#6445,#6446,#6447,
    #6448,#6449,#6450,#6451,#6452,#6453,#6454,#6455,#6456,#6457,#6458,
    #6459,#6460,#6461,#6462,#6463,#6464,#6465,#6466,#6467,#6468,#6469,
    #6470,#6471,#6472,#6473,#6474,#6475,#6476,#6477,#6478,#6479,#6480,
    #6481,#6482,#6483,#6484,#6485,#6486,#6487,#6488,#6489,#6490,#6491,
    #6492,#6493,#6494,#6495,#6496,#6497,#6498,#6499,#6500,#6501,#6502,
    #6503,#6504,#6505,#6506,#6507,#6508,#6509,#6510),.UNSPECIFIED.,.F.,
  .F.,(9,7,7,7,7,7,7,7,7,7,7,9),(0.,2.03373399606E-03,8.61258141447E-03,
    1.560258408182E-02,0.148799096098,0.28146324493,0.398332756729,
    0.554155158685,0.656748866168,0.756559540077,0.881419040338,1.),
  .UNSPECIFIED.);
#6432 = CARTESIAN_POINT('',(-4.267388096161,4.264293934881,
    32.945246146467));
#6433 = CARTESIAN_POINT('',(-4.269574664641,4.262106476995,
    32.945243245818));
#6434 = CARTESIAN_POINT('',(-4.271807925715,4.259869578892,
    32.945457048869));
#6435 = CARTESIAN_POINT('',(-4.27402926653,4.257641899646,
    32.945588687695));
#6436 = CARTESIAN_POINT('',(-4.276239065872,4.255423036342,
    32.945687546229));
#6437 = CARTESIAN_POINT('',(-4.278445750685,4.253204599595,
    32.945836499441));
#6438 = CARTESIAN_POINT('',(-4.280646070678,4.250989930877,
    32.94601511153));
#6439 = CARTESIAN_POINT('',(-4.282836591022,4.248782461622,
    32.946140793128));
#6440 = CARTESIAN_POINT('',(-4.292237187444,4.239297441635,
    32.946763844516));
#6441 = CARTESIAN_POINT('',(-4.299403638926,4.232037912919,
    32.947245679401));
#6442 = CARTESIAN_POINT('',(-4.306555699589,4.224764186606,
    32.947727788124));
#6443 = CARTESIAN_POINT('',(-4.313693334548,4.217476298071,
    32.94820992359));
#6444 = CARTESIAN_POINT('',(-4.320816513811,4.210174277951,
    32.948692885523));
#6445 = CARTESIAN_POINT('',(-4.327925204017,4.202858160514,
    32.949176459882));
#6446 = CARTESIAN_POINT('',(-4.33501937012,4.195527981873,
    32.949659637853));
#6447 = CARTESIAN_POINT('',(-4.349621055529,4.180380566251,
    32.950656806568));
#6448 = CARTESIAN_POINT('',(-4.357126693696,4.172561526111,
    32.951170623645));
#6449 = CARTESIAN_POINT('',(-4.364615862477,4.164726688139,
    32.951684530012));
#6450 = CARTESIAN_POINT('',(-4.37208852297,4.156876092919,
    32.952198497654));
#6451 = CARTESIAN_POINT('',(-4.379544636406,4.149009781133,
    32.95271250616));
#6452 = CARTESIAN_POINT('',(-4.386984164156,4.141127793552,
    32.953226542723));
#6453 = CARTESIAN_POINT('',(-4.394407067727,4.133230171045,
    32.953740602142));
#6454 = CARTESIAN_POINT('',(-4.542941362652,3.974528337826,
    32.964050718306));
#6455 = CARTESIAN_POINT('',(-4.678020561429,3.818076016756,
    32.973852861892));
#6456 = CARTESIAN_POINT('',(-4.806783211874,3.656245439631,
    32.983646245882));
#6457 = CARTESIAN_POINT('',(-4.928979749967,3.489335139541,
    32.993452144515));
#6458 = CARTESIAN_POINT('',(-5.044377883324,3.317656239737,
    33.003252064707));
#6459 = CARTESIAN_POINT('',(-5.152762648974,3.141532077183,
    33.013061166914));
#6460 = CARTESIAN_POINT('',(-5.25393659314,2.961298392058,
    33.022873250205));
#6461 = CARTESIAN_POINT('',(-5.441130074022,2.59404446747,
    33.042469100468));
#6462 = CARTESIAN_POINT('',(-5.527210230064,2.407050669353,
    33.052252723563));
#6463 = CARTESIAN_POINT('',(-5.605784332846,2.216666567616,
    33.062042071255));
#6464 = CARTESIAN_POINT('',(-5.676695374489,2.023243957796,
    33.071837477359));
#6465 = CARTESIAN_POINT('',(-5.739806326791,1.827142067914,
    33.081639195105));
#6466 = CARTESIAN_POINT('',(-5.795000240468,1.628727424877,
    33.09144738986));
#6467 = CARTESIAN_POINT('',(-5.842180344399,1.428373720881,
    33.101262131857));
#6468 = CARTESIAN_POINT('',(-5.915706018759,1.048588743721,
    33.119735353509));
#6469 = CARTESIAN_POINT('',(-5.943863849822,0.869503977257,
    33.128392496891));
#6470 = CARTESIAN_POINT('',(-5.965691598585,0.689467316137,
    33.137054809999));
#6471 = CARTESIAN_POINT('',(-5.981150009235,0.508740074899,
    33.145722370424));
#6472 = CARTESIAN_POINT('',(-5.990212650503,0.327584871971,
    33.154395324146));
#6473 = CARTESIAN_POINT('',(-5.99286595655,0.146265554742,
    33.163073867271));
#6474 = CARTESIAN_POINT('',(-5.989109267849,-3.495287535756E-02,
    33.171758227768));
#6475 = CARTESIAN_POINT('',(-5.965415991679,-0.45693402884,
    33.192035604394));
#6476 = CARTESIAN_POINT('',(-5.940503692437,-0.697417733612,
    33.203633634502));
#6477 = CARTESIAN_POINT('',(-5.904246719171,-0.936621654679,
    33.215243152362));
#6478 = CARTESIAN_POINT('',(-5.856716066004,-1.173919186761,
    33.226865080908));
#6479 = CARTESIAN_POINT('',(-5.79802274967,-1.408690710744,
    33.238500711149));
#6480 = CARTESIAN_POINT('',(-5.728317183714,-1.640323754356,
    33.250151534945));
#6481 = CARTESIAN_POINT('',(-5.647790153585,-1.868213519488,
    33.261819050563));
#6482 = CARTESIAN_POINT('',(-5.496685294822,-2.238949606675,
    33.281198285795));
#6483 = CARTESIAN_POINT('',(-5.432104558725,-2.384256619032,
    33.288899918577));
#6484 = CARTESIAN_POINT('',(-5.362999309145,-2.527515424444,
    33.296609901036));
#6485 = CARTESIAN_POINT('',(-5.289442758166,-2.668559975874,
    33.304328698672));
#6486 = CARTESIAN_POINT('',(-5.211515205145,-2.807227568052,
    33.312056780823));
#6487 = CARTESIAN_POINT('',(-5.129304036709,-2.943358837477,
    33.319794620664));
#6488 = CARTESIAN_POINT('',(-5.042903726758,-3.076797762413,
    33.327542695209));
#6489 = CARTESIAN_POINT('',(-4.864382588303,-3.334442975631,
    33.342849804663));
#6490 = CARTESIAN_POINT('',(-4.772479979896,-3.458802459469,
    33.350408280786));
#6491 = CARTESIAN_POINT('',(-4.676801600145,-3.580329542867,
    33.357977342847));
#6492 = CARTESIAN_POINT('',(-4.577446728273,-3.698887920633,
    33.365557419046));
#6493 = CARTESIAN_POINT('',(-4.474520333824,-3.814345553923,
    33.373148936614));
#6494 = CARTESIAN_POINT('',(-4.368133076664,-3.926574670231,
    33.380752321806));
#6495 = CARTESIAN_POINT('',(-4.25840130698,-4.0354517634,33.388367999906
    ));
#6496 = CARTESIAN_POINT('',(-4.004145442731,-4.272716429647,
    33.405539238589));
#6497 = CARTESIAN_POINT('',(-3.857799314357,-4.399144602008,
    33.415102072347));
#6498 = CARTESIAN_POINT('',(-3.706648359612,-4.519908471513,
    33.42468564297));
#6499 = CARTESIAN_POINT('',(-3.55094372488,-4.634787466087,
    33.434290804167));
#6500 = CARTESIAN_POINT('',(-3.390948026812,-4.743574282169,
    33.443918500882));
#6501 = CARTESIAN_POINT('',(-3.226935355656,-4.846075086113,
    33.453569753296));
#6502 = CARTESIAN_POINT('',(-3.059191278586,-4.942109715597,
    33.46324564082));
#6503 = CARTESIAN_POINT('',(-2.725442088558,-5.116418472432,
    33.482161085644));
#6504 = CARTESIAN_POINT('',(-2.559771601238,-5.195343959884,
    33.4913982391));
#6505 = CARTESIAN_POINT('',(-2.391255805639,-5.268146130937,
    33.500659710286));
#6506 = CARTESIAN_POINT('',(-2.220155842771,-5.334695453077,
    33.509946660271));
#6507 = CARTESIAN_POINT('',(-2.046739549721,-5.394875254533,
    33.519260428279));
#6508 = CARTESIAN_POINT('',(-1.871281439286,-5.4485819051,
    33.528602512603));
#6509 = CARTESIAN_POINT('',(-1.694062679605,-5.495724996949,
    33.537974551512));
#6510 = CARTESIAN_POINT('',(-1.515371073792,-5.536227525451,
    33.547378304167));
#6511 = PCURVE('',#5272,#6512);
#6512 = DEFINITIONAL_REPRESENTATION('',(#6513),#6593);
#6513 = B_SPLINE_CURVE_WITH_KNOTS('',8,(#6514,#6515,#6516,#6517,#6518,
    #6519,#6520,#6521,#6522,#6523,#6524,#6525,#6526,#6527,#6528,#6529,
    #6530,#6531,#6532,#6533,#6534,#6535,#6536,#6537,#6538,#6539,#6540,
    #6541,#6542,#6543,#6544,#6545,#6546,#6547,#6548,#6549,#6550,#6551,
    #6552,#6553,#6554,#6555,#6556,#6557,#6558,#6559,#6560,#6561,#6562,
    #6563,#6564,#6565,#6566,#6567,#6568,#6569,#6570,#6571,#6572,#6573,
    #6574,#6575,#6576,#6577,#6578,#6579,#6580,#6581,#6582,#6583,#6584,
    #6585,#6586,#6587,#6588,#6589,#6590,#6591,#6592),.UNSPECIFIED.,.F.,
  .F.,(9,7,7,7,7,7,7,7,7,7,7,9),(0.,2.03373399606E-03,8.61258141447E-03,
    1.560258408182E-02,0.148799096098,0.28146324493,0.398332756729,
    0.554155158685,0.656748866168,0.756559540077,0.881419040338,1.),
  .UNSPECIFIED.);
#6514 = CARTESIAN_POINT('',(2.356398150225,3.435598344741E-04));
#6515 = CARTESIAN_POINT('',(2.35691777695,3.410088467591E-04));
#6516 = CARTESIAN_POINT('',(2.357448824067,5.290388084576E-04));
#6517 = CARTESIAN_POINT('',(2.357977360313,6.448091256613E-04));
#6518 = CARTESIAN_POINT('',(2.358503478698,7.317506936702E-04));
#6519 = CARTESIAN_POINT('',(2.3590291771,8.627482377613E-04));
#6520 = CARTESIAN_POINT('',(2.359553672672,1.019829416271E-03));
#6521 = CARTESIAN_POINT('',(2.360076150043,1.13036068599E-03));
#6522 = CARTESIAN_POINT('',(2.36231975111,1.678306188812E-03));
#6523 = CARTESIAN_POINT('',(2.364033565173,2.102058420277E-03));
#6524 = CARTESIAN_POINT('',(2.365747379601,2.526051853047E-03));
#6525 = CARTESIAN_POINT('',(2.367461193987,2.950069297873E-03));
#6526 = CARTESIAN_POINT('',(2.369175009072,3.374814191136E-03));
#6527 = CARTESIAN_POINT('',(2.370888824762,3.800098411857E-03));
#6528 = CARTESIAN_POINT('',(2.372602640544,4.225034872072E-03));
#6529 = CARTESIAN_POINT('',(2.376137383715,5.102008421501E-03));
#6530 = CARTESIAN_POINT('',(2.377958309963,5.553892902421E-03));
#6531 = CARTESIAN_POINT('',(2.379779237104,6.005857137359E-03));
#6532 = CARTESIAN_POINT('',(2.381600165219,6.457876628537E-03));
#6533 = CARTESIAN_POINT('',(2.383421094392,6.909933566353E-03));
#6534 = CARTESIAN_POINT('',(2.385242024712,7.362016829389E-03));
#6535 = CARTESIAN_POINT('',(2.387062956274,7.814121984408E-03));
#6536 = CARTESIAN_POINT('',(2.423582289531,1.68817052232E-02));
#6537 = CARTESIAN_POINT('',(2.458281515059,2.550323594485E-02));
#6538 = CARTESIAN_POINT('',(2.492981729045,3.411874001145E-02));
#6539 = CARTESIAN_POINT('',(2.527683579527,4.274790329929E-02));
#6540 = CARTESIAN_POINT('',(2.56238790251,5.137544386903E-02));
#6541 = CARTESIAN_POINT('',(2.597095556558,6.001568707049E-02));
#6542 = CARTESIAN_POINT('',(2.63180718766,6.866418542343E-02));
#6543 = CARTESIAN_POINT('',(2.701100019621,8.594948420632E-02));
#6544 = CARTESIAN_POINT('',(2.735681849995,9.458610558785E-02));
#6545 = CARTESIAN_POINT('',(2.770268667907,0.103235371965));
#6546 = CARTESIAN_POINT('',(2.804861109745,0.111898601547));
#6547 = CARTESIAN_POINT('',(2.839460035085,0.120577059767));
#6548 = CARTESIAN_POINT('',(2.874066310153,0.129271955143));
#6549 = CARTESIAN_POINT('',(2.908680591281,0.137984435135));
#6550 = CARTESIAN_POINT('',(2.973803561625,0.154407221986));
#6551 = CARTESIAN_POINT('',(3.004310832618,0.162113457592));
#6552 = CARTESIAN_POINT('',(3.034825144598,0.169835040591));
#6553 = CARTESIAN_POINT('',(3.065346957853,0.177572815094));
#6554 = CARTESIAN_POINT('',(3.095876853884,0.185327703951));
#6555 = CARTESIAN_POINT('',(3.126415419591,0.193100695162));
#6556 = CARTESIAN_POINT('',(3.156963131439,0.200892828281));
#6557 = CARTESIAN_POINT('',(3.228262105713,0.219121409307));
#6558 = CARTESIAN_POINT('',(3.269021746703,0.229573853099));
#6559 = CARTESIAN_POINT('',(3.309799258864,0.240064927474));
#6560 = CARTESIAN_POINT('',(3.350595750465,0.250597582573));
#6561 = CARTESIAN_POINT('',(3.391412857725,0.261175201398));
#6562 = CARTESIAN_POINT('',(3.432252253316,0.271801470263));
#6563 = CARTESIAN_POINT('',(3.473115147456,0.282480221704));
#6564 = CARTESIAN_POINT('',(3.540921603928,0.300283208766));
#6565 = CARTESIAN_POINT('',(3.567852071785,0.307375654742));
#6566 = CARTESIAN_POINT('',(3.594793543993,0.314493752296));
#6567 = CARTESIAN_POINT('',(3.621746388182,0.321638706709));
#6568 = CARTESIAN_POINT('',(3.648710980763,0.328811764016));
#6569 = CARTESIAN_POINT('',(3.675687706925,0.336014211007));
#6570 = CARTESIAN_POINT('',(3.702676960633,0.343247375225));
#6571 = CARTESIAN_POINT('',(3.755948847212,0.357580792118));
#6572 = CARTESIAN_POINT('',(3.782230847536,0.364679348935));
#6573 = CARTESIAN_POINT('',(3.808525508635,0.371809541319));
#6574 = CARTESIAN_POINT('',(3.834833203198,0.378972661952));
#6575 = CARTESIAN_POINT('',(3.861154313575,0.386170050311));
#6576 = CARTESIAN_POINT('',(3.887489231772,0.393403092655));
#6577 = CARTESIAN_POINT('',(3.913838359457,0.400673222036));
#6578 = CARTESIAN_POINT('',(3.973182192486,0.417124829829));
#6579 = CARTESIAN_POINT('',(4.006185450701,0.426328186417));
#6580 = CARTESIAN_POINT('',(4.039212334194,0.435594826171));
#6581 = CARTESIAN_POINT('',(4.072263647414,0.444927822977));
#6582 = CARTESIAN_POINT('',(4.105340385249,0.454330496343));
#6583 = CARTESIAN_POINT('',(4.138443570626,0.463806421263));
#6584 = CARTESIAN_POINT('',(4.171574092096,0.473359438072));
#6585 = CARTESIAN_POINT('',(4.236223623279,0.492143431076));
#6586 = CARTESIAN_POINT('',(4.267740301286,0.501366565248));
#6587 = CARTESIAN_POINT('',(4.29928310461,0.510666603149));
#6588 = CARTESIAN_POINT('',(4.330852833897,0.520047462999));
#6589 = CARTESIAN_POINT('',(4.362450441173,0.529513467887));
#6590 = CARTESIAN_POINT('',(4.394076909727,0.53906937074));
#6591 = CARTESIAN_POINT('',(4.425733134007,0.548720379294));
#6592 = CARTESIAN_POINT('',(4.457419799503,0.558472181063));
#6593 = ( GEOMETRIC_REPRESENTATION_CONTEXT(2) 
PARAMETRIC_REPRESENTATION_CONTEXT() REPRESENTATION_CONTEXT('2D SPACE',''
  ) );
#6594 = PCURVE('',#5889,#6595);
#6595 = DEFINITIONAL_REPRESENTATION('',(#6596),#6676);
#6596 = B_SPLINE_CURVE_WITH_KNOTS('',8,(#6597,#6598,#6599,#6600,#6601,
    #6602,#6603,#6604,#6605,#6606,#6607,#6608,#6609,#6610,#6611,#6612,
    #6613,#6614,#6615,#6616,#6617,#6618,#6619,#6620,#6621,#6622,#6623,
    #6624,#6625,#6626,#6627,#6628,#6629,#6630,#6631,#6632,#6633,#6634,
    #6635,#6636,#6637,#6638,#6639,#6640,#6641,#6642,#6643,#6644,#6645,
    #6646,#6647,#6648,#6649,#6650,#6651,#6652,#6653,#6654,#6655,#6656,
    #6657,#6658,#6659,#6660,#6661,#6662,#6663,#6664,#6665,#6666,#6667,
    #6668,#6669,#6670,#6671,#6672,#6673,#6674,#6675),.UNSPECIFIED.,.F.,
  .F.,(9,7,7,7,7,7,7,7,7,7,7,9),(0.,2.03373399606E-03,8.61258141447E-03,
    1.560258408182E-02,0.148799096098,0.28146324493,0.398332756729,
    0.554155158685,0.656748866168,0.756559540077,0.881419040338,1.),
  .UNSPECIFIED.);
#6597 = CARTESIAN_POINT('',(0.,4.600888115962E-02));
#6598 = CARTESIAN_POINT('',(4.071653617756E-04,4.658854435644E-02));
#6599 = CARTESIAN_POINT('',(4.835575275257E-04,4.718094751848E-02));
#6600 = CARTESIAN_POINT('',(6.867734179869E-04,4.777054955366E-02));
#6601 = CARTESIAN_POINT('',(9.394897741168E-04,4.835745434012E-02));
#6602 = CARTESIAN_POINT('',(1.113371490769E-03,4.894389069518E-02));
#6603 = CARTESIAN_POINT('',(1.239839335148E-03,4.95289852676E-02));
#6604 = CARTESIAN_POINT('',(1.447697050045E-03,5.011182835347E-02));
#6605 = CARTESIAN_POINT('',(2.209636650103E-03,5.261464952093E-02));
#6606 = CARTESIAN_POINT('',(2.782401866421E-03,5.452647326778E-02));
#6607 = CARTESIAN_POINT('',(3.354738977285E-03,5.643829727734E-02));
#6608 = CARTESIAN_POINT('',(3.927035195856E-03,5.835012109385E-02));
#6609 = CARTESIAN_POINT('',(4.498038034195E-03,6.02619455379E-02));
#6610 = CARTESIAN_POINT('',(5.068083147328E-03,6.217377050279E-02));
#6611 = CARTESIAN_POINT('',(5.638751449158E-03,6.408559541354E-02));
#6612 = CARTESIAN_POINT('',(6.814795335731E-03,6.802873186642E-02));
#6613 = CARTESIAN_POINT('',(7.420442490941E-03,7.006004211568E-02));
#6614 = CARTESIAN_POINT('',(8.025953185859E-03,7.209135317818E-02));
#6615 = CARTESIAN_POINT('',(8.631371725653E-03,7.41226651409E-02));
#6616 = CARTESIAN_POINT('',(9.236730500652E-03,7.61539780961E-02));
#6617 = CARTESIAN_POINT('',(9.842049986341E-03,7.81852921414E-02));
#6618 = CARTESIAN_POINT('',(1.044733874337E-02,8.021660737967E-02));
#6619 = CARTESIAN_POINT('',(2.258589537986E-02,0.120955245037));
#6620 = CARTESIAN_POINT('',(3.411187980269E-02,0.159663416558));
#6621 = CARTESIAN_POINT('',(4.565631095189E-02,0.198372610969));
#6622 = CARTESIAN_POINT('',(5.718871404523E-02,0.237083581096));
#6623 = CARTESIAN_POINT('',(6.874109836464E-02,0.275797300021));
#6624 = CARTESIAN_POINT('',(8.029275646987E-02,0.314514761111));
#6625 = CARTESIAN_POINT('',(9.185630819108E-02,0.353236709955));
#6626 = CARTESIAN_POINT('',(0.114958296546,0.430535237598));
#6627 = CARTESIAN_POINT('',(0.126497320704,0.469112517729));
#6628 = CARTESIAN_POINT('',(0.138049414488,0.507695440113));
#6629 = CARTESIAN_POINT('',(0.149616965672,0.546284715188));
#6630 = CARTESIAN_POINT('',(0.161202698503,0.584881291737));
#6631 = CARTESIAN_POINT('',(0.172809532174,0.623486118898));
#6632 = CARTESIAN_POINT('',(0.184440439303,0.662099908176));
#6633 = CARTESIAN_POINT('',(0.206368215407,0.73474753366));
#6634 = CARTESIAN_POINT('',(0.216659188301,0.76877978582));
#6635 = CARTESIAN_POINT('',(0.226973225098,0.802819886705));
#6636 = CARTESIAN_POINT('',(0.237312429656,0.836868337121));
#6637 = CARTESIAN_POINT('',(0.247678952287,0.870925775576));
#6638 = CARTESIAN_POINT('',(0.258074934362,0.904992849942));
#6639 = CARTESIAN_POINT('',(0.268502452933,0.939070089124));
#6640 = CARTESIAN_POINT('',(0.292911158414,1.018606968141));
#6641 = CARTESIAN_POINT('',(0.306918763183,1.064075926667));
#6642 = CARTESIAN_POINT('',(0.320990775822,1.109564761419));
#6643 = CARTESIAN_POINT('',(0.335131933393,1.155074726258));
#6644 = CARTESIAN_POINT('',(0.349347086331,1.200607673011));
#6645 = CARTESIAN_POINT('',(0.363641105317,1.246165497389));
#6646 = CARTESIAN_POINT('',(0.378018822521,1.291749575629));
#6647 = CARTESIAN_POINT('',(0.402009565339,1.367390291223));
#6648 = CARTESIAN_POINT('',(0.411572617155,1.397432289887));
#6649 = CARTESIAN_POINT('',(0.42117558916,1.427486592894));
#6650 = CARTESIAN_POINT('',(0.430820000808,1.457553612665));
#6651 = CARTESIAN_POINT('',(0.440507464526,1.48763376898));
#6652 = CARTESIAN_POINT('',(0.450239685712,1.517727488976));
#6653 = CARTESIAN_POINT('',(0.460018462735,1.547835207145));
#6654 = CARTESIAN_POINT('',(0.479406330514,1.607262407359));
#6655 = CARTESIAN_POINT('',(0.48901287988,1.63658118393));
#6656 = CARTESIAN_POINT('',(0.498667083044,1.665914091609));
#6657 = CARTESIAN_POINT('',(0.508370830439,1.695261537643));
#6658 = CARTESIAN_POINT('',(0.518126154917,1.724623939965));
#6659 = CARTESIAN_POINT('',(0.527935231756,1.754001727197));
#6660 = CARTESIAN_POINT('',(0.537800378654,1.783395338649));
#6661 = CARTESIAN_POINT('',(0.560138212581,1.849595914966));
#6662 = CARTESIAN_POINT('',(0.572644093021,1.886412402877));
#6663 = CARTESIAN_POINT('',(0.585246421562,1.92325517664));
#6664 = CARTESIAN_POINT('',(0.597950449247,1.960125126608));
#6665 = CARTESIAN_POINT('',(0.610761914387,1.997023364198));
#6666 = CARTESIAN_POINT('',(0.623687003286,2.033951041185));
#6667 = CARTESIAN_POINT('',(0.636732310977,2.070909168998));
#6668 = CARTESIAN_POINT('',(0.662414916245,2.143027707381));
#6669 = CARTESIAN_POINT('',(0.675039898703,2.178185519095));
#6670 = CARTESIAN_POINT('',(0.687785748646,2.213372481844));
#6671 = CARTESIAN_POINT('',(0.70065893521,2.248589519928));
#6672 = CARTESIAN_POINT('',(0.713666421067,2.283837724771));
#6673 = CARTESIAN_POINT('',(0.726815686162,2.319118206434));
#6674 = CARTESIAN_POINT('',(0.740114751442,2.354431945125));
#6675 = CARTESIAN_POINT('',(0.753572202585,2.389779642708));
#6676 = ( GEOMETRIC_REPRESENTATION_CONTEXT(2) 
PARAMETRIC_REPRESENTATION_CONTEXT() REPRESENTATION_CONTEXT('2D SPACE',''
  ) );
#6677 = ORIENTED_EDGE('',*,*,#6123,.F.);
#6678 = ORIENTED_EDGE('',*,*,#5284,.T.);
#6679 = ORIENTED_EDGE('',*,*,#6374,.T.);
#6680 = ORIENTED_EDGE('',*,*,#6681,.F.);
#6681 = EDGE_CURVE('',#6375,#6375,#6682,.T.);
#6682 = SURFACE_CURVE('',#6683,(#6688,#6695),.PCURVE_S1.);
#6683 = CIRCLE('',#6684,5.771205837376);
#6684 = AXIS2_PLACEMENT_3D('',#6685,#6686,#6687);
#6685 = CARTESIAN_POINT('',(-5.771510957849E-02,5.633528314301E-02,
    33.560305863775));
#6686 = DIRECTION('',(0.,0.,1.));
#6687 = DIRECTION('',(1.,0.,-0.));
#6688 = PCURVE('',#5272,#6689);
#6689 = DEFINITIONAL_REPRESENTATION('',(#6690),#6694);
#6690 = LINE('',#6691,#6692);
#6691 = CARTESIAN_POINT('',(0.,0.571935243708));
#6692 = VECTOR('',#6693,1.);
#6693 = DIRECTION('',(1.,0.));
#6694 = ( GEOMETRIC_REPRESENTATION_CONTEXT(2) 
PARAMETRIC_REPRESENTATION_CONTEXT() REPRESENTATION_CONTEXT('2D SPACE',''
  ) );
#6695 = PCURVE('',#6696,#6701);
#6696 = TOROIDAL_SURFACE('',#6697,4.815095535409,1.137069068123);
#6697 = AXIS2_PLACEMENT_3D('',#6698,#6699,#6700);
#6698 = CARTESIAN_POINT('',(-5.771510957849E-02,5.633528314301E-02,
    34.175756232331));
#6699 = DIRECTION('',(0.,0.,1.));
#6700 = DIRECTION('',(1.,0.,-0.));
#6701 = DEFINITIONAL_REPRESENTATION('',(#6702),#6706);
#6702 = LINE('',#6703,#6704);
#6703 = CARTESIAN_POINT('',(0.,5.711250063472));
#6704 = VECTOR('',#6705,1.);
#6705 = DIRECTION('',(1.,0.));
#6706 = ( GEOMETRIC_REPRESENTATION_CONTEXT(2) 
PARAMETRIC_REPRESENTATION_CONTEXT() REPRESENTATION_CONTEXT('2D SPACE',''
  ) );
#6707 = ADVANCED_FACE('',(#6708),#5889,.T.);
#6708 = FACE_BOUND('',#6709,.T.);
#6709 = EDGE_LOOP('',(#6710,#6711,#6712,#6713,#6714));
#6710 = ORIENTED_EDGE('',*,*,#6399,.F.);
#6711 = ORIENTED_EDGE('',*,*,#5587,.F.);
#6712 = ORIENTED_EDGE('',*,*,#6343,.T.);
#6713 = ORIENTED_EDGE('',*,*,#6260,.F.);
#6714 = ORIENTED_EDGE('',*,*,#6429,.F.);
#6715 = ADVANCED_FACE('',(#6716),#6696,.T.);
#6716 = FACE_BOUND('',#6717,.T.);
#6717 = EDGE_LOOP('',(#6718,#6719,#6743,#6770));
#6718 = ORIENTED_EDGE('',*,*,#6681,.T.);
#6719 = ORIENTED_EDGE('',*,*,#6720,.T.);
#6720 = EDGE_CURVE('',#6375,#6721,#6723,.T.);
#6721 = VERTEX_POINT('',#6722);
#6722 = CARTESIAN_POINT('',(5.713490727797,5.633528314301E-02,
    34.791206600887));
#6723 = SEAM_CURVE('',#6724,(#6729,#6736),.PCURVE_S1.);
#6724 = CIRCLE('',#6725,1.137069068123);
#6725 = AXIS2_PLACEMENT_3D('',#6726,#6727,#6728);
#6726 = CARTESIAN_POINT('',(4.757380425831,5.633528314301E-02,
    34.175756232331));
#6727 = DIRECTION('',(0.,-1.,0.));
#6728 = DIRECTION('',(0.840855079757,0.,-0.541260320776));
#6729 = PCURVE('',#6696,#6730);
#6730 = DEFINITIONAL_REPRESENTATION('',(#6731),#6735);
#6731 = LINE('',#6732,#6733);
#6732 = CARTESIAN_POINT('',(0.,5.711250063472));
#6733 = VECTOR('',#6734,1.);
#6734 = DIRECTION('',(0.,1.));
#6735 = ( GEOMETRIC_REPRESENTATION_CONTEXT(2) 
PARAMETRIC_REPRESENTATION_CONTEXT() REPRESENTATION_CONTEXT('2D SPACE',''
  ) );
#6736 = PCURVE('',#6696,#6737);
#6737 = DEFINITIONAL_REPRESENTATION('',(#6738),#6742);
#6738 = LINE('',#6739,#6740);
#6739 = CARTESIAN_POINT('',(6.28318530718,5.711250063472));
#6740 = VECTOR('',#6741,1.);
#6741 = DIRECTION('',(0.,1.));
#6742 = ( GEOMETRIC_REPRESENTATION_CONTEXT(2) 
PARAMETRIC_REPRESENTATION_CONTEXT() REPRESENTATION_CONTEXT('2D SPACE',''
  ) );
#6743 = ORIENTED_EDGE('',*,*,#6744,.F.);
#6744 = EDGE_CURVE('',#6721,#6721,#6745,.T.);
#6745 = SURFACE_CURVE('',#6746,(#6751,#6758),.PCURVE_S1.);
#6746 = CIRCLE('',#6747,5.771205837376);
#6747 = AXIS2_PLACEMENT_3D('',#6748,#6749,#6750);
#6748 = CARTESIAN_POINT('',(-5.771510957849E-02,5.633528314301E-02,
    34.791206600887));
#6749 = DIRECTION('',(0.,0.,1.));
#6750 = DIRECTION('',(1.,0.,-0.));
#6751 = PCURVE('',#6696,#6752);
#6752 = DEFINITIONAL_REPRESENTATION('',(#6753),#6757);
#6753 = LINE('',#6754,#6755);
#6754 = CARTESIAN_POINT('',(0.,6.855120550887));
#6755 = VECTOR('',#6756,1.);
#6756 = DIRECTION('',(1.,0.));
#6757 = ( GEOMETRIC_REPRESENTATION_CONTEXT(2) 
PARAMETRIC_REPRESENTATION_CONTEXT() REPRESENTATION_CONTEXT('2D SPACE',''
  ) );
#6758 = PCURVE('',#6759,#6764);
#6759 = TOROIDAL_SURFACE('',#6760,4.815095535409,1.137069068123);
#6760 = AXIS2_PLACEMENT_3D('',#6761,#6762,#6763);
#6761 = CARTESIAN_POINT('',(-5.771510957849E-02,5.633528314301E-02,
    35.406656969444));
#6762 = DIRECTION('',(0.,0.,1.));
#6763 = DIRECTION('',(1.,0.,-0.));
#6764 = DEFINITIONAL_REPRESENTATION('',(#6765),#6769);
#6765 = LINE('',#6766,#6767);
#6766 = CARTESIAN_POINT('',(0.,5.711250063472));
#6767 = VECTOR('',#6768,1.);
#6768 = DIRECTION('',(1.,0.));
#6769 = ( GEOMETRIC_REPRESENTATION_CONTEXT(2) 
PARAMETRIC_REPRESENTATION_CONTEXT() REPRESENTATION_CONTEXT('2D SPACE',''
  ) );
#6770 = ORIENTED_EDGE('',*,*,#6720,.F.);
#6771 = ADVANCED_FACE('',(#6772),#6759,.T.);
#6772 = FACE_BOUND('',#6773,.T.);
#6773 = EDGE_LOOP('',(#6774,#6798,#6799,#6800,#6829,#6902,#6931));
#6774 = ORIENTED_EDGE('',*,*,#6775,.F.);
#6775 = EDGE_CURVE('',#6721,#6776,#6778,.T.);
#6776 = VERTEX_POINT('',#6777);
#6777 = CARTESIAN_POINT('',(5.713490727797,5.633528314301E-02,
    36.022107338));
#6778 = SEAM_CURVE('',#6779,(#6784,#6791),.PCURVE_S1.);
#6779 = CIRCLE('',#6780,1.137069068123);
#6780 = AXIS2_PLACEMENT_3D('',#6781,#6782,#6783);
#6781 = CARTESIAN_POINT('',(4.757380425831,5.633528314301E-02,
    35.406656969444));
#6782 = DIRECTION('',(0.,-1.,0.));
#6783 = DIRECTION('',(0.840855079757,0.,-0.541260320776));
#6784 = PCURVE('',#6759,#6785);
#6785 = DEFINITIONAL_REPRESENTATION('',(#6786),#6790);
#6786 = LINE('',#6787,#6788);
#6787 = CARTESIAN_POINT('',(0.,5.711250063472));
#6788 = VECTOR('',#6789,1.);
#6789 = DIRECTION('',(0.,1.));
#6790 = ( GEOMETRIC_REPRESENTATION_CONTEXT(2) 
PARAMETRIC_REPRESENTATION_CONTEXT() REPRESENTATION_CONTEXT('2D SPACE',''
  ) );
#6791 = PCURVE('',#6759,#6792);
#6792 = DEFINITIONAL_REPRESENTATION('',(#6793),#6797);
#6793 = LINE('',#6794,#6795);
#6794 = CARTESIAN_POINT('',(6.28318530718,5.711250063472));
#6795 = VECTOR('',#6796,1.);
#6796 = DIRECTION('',(0.,1.));
#6797 = ( GEOMETRIC_REPRESENTATION_CONTEXT(2) 
PARAMETRIC_REPRESENTATION_CONTEXT() REPRESENTATION_CONTEXT('2D SPACE',''
  ) );
#6798 = ORIENTED_EDGE('',*,*,#6744,.T.);
#6799 = ORIENTED_EDGE('',*,*,#6775,.T.);
#6800 = ORIENTED_EDGE('',*,*,#6801,.F.);
#6801 = EDGE_CURVE('',#6802,#6776,#6804,.T.);
#6802 = VERTEX_POINT('',#6803);
#6803 = CARTESIAN_POINT('',(-5.661650957318,1.435726392212,36.022107338)
  );
#6804 = SURFACE_CURVE('',#6805,(#6810,#6817),.PCURVE_S1.);
#6805 = CIRCLE('',#6806,5.771205837376);
#6806 = AXIS2_PLACEMENT_3D('',#6807,#6808,#6809);
#6807 = CARTESIAN_POINT('',(-5.771510957849E-02,5.633528314301E-02,
    36.022107338));
#6808 = DIRECTION('',(0.,0.,1.));
#6809 = DIRECTION('',(1.,0.,-0.));
#6810 = PCURVE('',#6759,#6811);
#6811 = DEFINITIONAL_REPRESENTATION('',(#6812),#6816);
#6812 = LINE('',#6813,#6814);
#6813 = CARTESIAN_POINT('',(0.,6.855120550887));
#6814 = VECTOR('',#6815,1.);
#6815 = DIRECTION('',(1.,0.));
#6816 = ( GEOMETRIC_REPRESENTATION_CONTEXT(2) 
PARAMETRIC_REPRESENTATION_CONTEXT() REPRESENTATION_CONTEXT('2D SPACE',''
  ) );
#6817 = PCURVE('',#6818,#6823);
#6818 = TOROIDAL_SURFACE('',#6819,4.815095535409,1.137069068123);
#6819 = AXIS2_PLACEMENT_3D('',#6820,#6821,#6822);
#6820 = CARTESIAN_POINT('',(-5.771510957849E-02,5.633528314301E-02,
    36.637557706557));
#6821 = DIRECTION('',(0.,0.,1.));
#6822 = DIRECTION('',(1.,0.,-0.));
#6823 = DEFINITIONAL_REPRESENTATION('',(#6824),#6828);
#6824 = LINE('',#6825,#6826);
#6825 = CARTESIAN_POINT('',(0.,5.711250063472));
#6826 = VECTOR('',#6827,1.);
#6827 = DIRECTION('',(1.,0.));
#6828 = ( GEOMETRIC_REPRESENTATION_CONTEXT(2) 
PARAMETRIC_REPRESENTATION_CONTEXT() REPRESENTATION_CONTEXT('2D SPACE',''
  ) );
#6829 = ORIENTED_EDGE('',*,*,#6830,.T.);
#6830 = EDGE_CURVE('',#6802,#6831,#6833,.T.);
#6831 = VERTEX_POINT('',#6832);
#6832 = CARTESIAN_POINT('',(-3.415742535862,4.92082775613,
    35.709926576234));
#6833 = SURFACE_CURVE('',#6834,(#6849,#6867),.PCURVE_S1.);
#6834 = B_SPLINE_CURVE_WITH_KNOTS('',5,(#6835,#6836,#6837,#6838,#6839,
    #6840,#6841,#6842,#6843,#6844,#6845,#6846,#6847,#6848),
  .UNSPECIFIED.,.F.,.F.,(6,4,4,6),(0.,0.364976703727,0.681637194178,1.),
  .UNSPECIFIED.);
#6835 = CARTESIAN_POINT('',(-5.661650957318,1.435726392212,36.022107338)
  );
#6836 = CARTESIAN_POINT('',(-5.602205777953,1.739293823673,
    35.999062200086));
#6837 = CARTESIAN_POINT('',(-5.521406958128,2.038832128438,
    35.97607625606));
#6838 = CARTESIAN_POINT('',(-5.419785254393,2.332341456276,
    35.953145095512));
#6839 = CARTESIAN_POINT('',(-5.298106573652,2.617958081633,
    35.93026323445));
#6840 = CARTESIAN_POINT('',(-5.035232739076,3.133410111301,
    35.887614069324));
#6841 = CARTESIAN_POINT('',(-4.898751689121,3.365628444106,
    35.867835134513));
#6842 = CARTESIAN_POINT('',(-4.748551305083,3.589479384773,
    35.848087876469));
#6843 = CARTESIAN_POINT('',(-4.585384351853,3.803932596841,
    35.828369152725));
#6844 = CARTESIAN_POINT('',(-4.233888882493,4.213271856409,
    35.78887867076));
#6845 = CARTESIAN_POINT('',(-4.045427113173,4.408049238214,
    35.769107025161));
#6846 = CARTESIAN_POINT('',(-3.84559470746,4.591436981261,
    35.749359338837));
#6847 = CARTESIAN_POINT('',(-3.635351028947,4.762602180521,
    35.729633244745));
#6848 = CARTESIAN_POINT('',(-3.415742535862,4.92082775613,
    35.709926576234));
#6849 = PCURVE('',#6759,#6850);
#6850 = DEFINITIONAL_REPRESENTATION('',(#6851),#6866);
#6851 = B_SPLINE_CURVE_WITH_KNOTS('',5,(#6852,#6853,#6854,#6855,#6856,
    #6857,#6858,#6859,#6860,#6861,#6862,#6863,#6864,#6865),
  .UNSPECIFIED.,.F.,.F.,(6,4,4,6),(0.,0.364976703727,0.681637194178,1.),
  .UNSPECIFIED.);
#6852 = CARTESIAN_POINT('',(2.900243767472,6.855120550887));
#6853 = CARTESIAN_POINT('',(2.846706061628,6.831017539139));
#6854 = CARTESIAN_POINT('',(2.793305936166,6.807443857442));
#6855 = CARTESIAN_POINT('',(2.740033092667,6.784324876676));
#6856 = CARTESIAN_POINT('',(2.686874672081,6.761603781651));
#6857 = CARTESIAN_POINT('',(2.587793206332,6.719826102839));
#6858 = CARTESIAN_POINT('',(2.541843177045,6.70068229142));
#6859 = CARTESIAN_POINT('',(2.495966605159,6.681772686253));
#6860 = CARTESIAN_POINT('',(2.450156232014,6.663071636374));
#6861 = CARTESIAN_POINT('',(2.358412268321,6.625943566543));
#6862 = CARTESIAN_POINT('',(2.312478919448,6.607518334463));
#6863 = CARTESIAN_POINT('',(2.266601362602,6.589259463468));
#6864 = CARTESIAN_POINT('',(2.220774114691,6.571147313844));
#6865 = CARTESIAN_POINT('',(2.17499202011,6.553164812762));
#6866 = ( GEOMETRIC_REPRESENTATION_CONTEXT(2) 
PARAMETRIC_REPRESENTATION_CONTEXT() REPRESENTATION_CONTEXT('2D SPACE',''
  ) );
#6867 = PCURVE('',#6868,#6885);
#6868 = B_SPLINE_SURFACE_WITH_KNOTS('',1,7,(
    (#6869,#6870,#6871,#6872,#6873,#6874,#6875,#6876)
    ,(#6877,#6878,#6879,#6880,#6881,#6882,#6883,#6884
  )),.UNSPECIFIED.,.F.,.F.,.F.,(2,2),(8,8),(0.,1.320522932479),(0.,
    2.29563493044),.PIECEWISE_BEZIER_KNOTS.);
#6869 = CARTESIAN_POINT('',(-2.677590349721,3.851528641628,
    35.709926576234));
#6870 = CARTESIAN_POINT('',(-3.820804182842,3.062350798246,
    35.83958812644));
#6871 = CARTESIAN_POINT('',(-4.686679138473,1.871416714987,
    35.969249894246));
#6872 = CARTESIAN_POINT('',(-5.106061037722,0.395675197165,
    36.098911082352));
#6873 = CARTESIAN_POINT('',(-4.969408222004,-1.158687164737,
    36.228573192245));
#6874 = CARTESIAN_POINT('',(-4.298951380311,-2.538599212085,
    36.358234380341));
#6875 = CARTESIAN_POINT('',(-3.238557616874,-3.560186133561,
    36.487896148154));
#6876 = CARTESIAN_POINT('',(-1.975177690629,-4.137776558243,
    36.617557698358));
#6877 = CARTESIAN_POINT('',(-3.427779887768,4.938265257468,
    35.709926576234));
#6878 = CARTESIAN_POINT('',(-4.898348030267,3.92311013997,
    35.839588165686));
#6879 = CARTESIAN_POINT('',(-6.012162068147,2.391156008393,
    35.969249758384));
#6880 = CARTESIAN_POINT('',(-6.551632912531,0.492844674923,
    36.098911342433));
#6881 = CARTESIAN_POINT('',(-6.375848595087,-1.506603001701,
    36.228572940236));
#6882 = CARTESIAN_POINT('',(-5.513411115478,-3.281647986813,
    36.358234524284));
#6883 = CARTESIAN_POINT('',(-4.149377493772,-4.595760630802,
    36.487896116983));
#6884 = CARTESIAN_POINT('',(-2.524234537222,-5.338741751082,
    36.617557706434));
#6885 = DEFINITIONAL_REPRESENTATION('',(#6886),#6901);
#6886 = B_SPLINE_CURVE_WITH_KNOTS('',5,(#6887,#6888,#6889,#6890,#6891,
    #6892,#6893,#6894,#6895,#6896,#6897,#6898,#6899,#6900),
  .UNSPECIFIED.,.F.,.F.,(6,4,4,6),(0.,0.364976703727,0.681637194178,1.),
  .UNSPECIFIED.);
#6887 = CARTESIAN_POINT('',(1.159559898452,0.789586240976));
#6888 = CARTESIAN_POINT('',(1.174389954937,0.731299099644));
#6889 = CARTESIAN_POINT('',(1.188200416358,0.673161717682));
#6890 = CARTESIAN_POINT('',(1.201080899675,0.615162806455));
#6891 = CARTESIAN_POINT('',(1.213096829302,0.557288652258));
#6892 = CARTESIAN_POINT('',(1.234019159633,0.449417833074));
#6893 = CARTESIAN_POINT('',(1.243126774922,0.399391768343));
#6894 = CARTESIAN_POINT('',(1.251655809816,0.349445822523));
#6895 = CARTESIAN_POINT('',(1.259632321244,0.299572047436));
#6896 = CARTESIAN_POINT('',(1.274563002553,0.199690359262));
#6897 = CARTESIAN_POINT('',(1.281511632928,0.149682731028));
#6898 = CARTESIAN_POINT('',(1.287944866205,9.973570189519E-02));
#6899 = CARTESIAN_POINT('',(1.293880770203,4.984328491027E-02));
#6900 = CARTESIAN_POINT('',(1.299334154935,0.));
#6901 = ( GEOMETRIC_REPRESENTATION_CONTEXT(2) 
PARAMETRIC_REPRESENTATION_CONTEXT() REPRESENTATION_CONTEXT('2D SPACE',''
  ) );
#6902 = ORIENTED_EDGE('',*,*,#6903,.T.);
#6903 = EDGE_CURVE('',#6831,#6904,#6906,.T.);
#6904 = VERTEX_POINT('',#6905);
#6905 = CARTESIAN_POINT('',(-3.336339156632,4.805802745443,36.022107338)
  );
#6906 = SURFACE_CURVE('',#6907,(#6912,#6919),.PCURVE_S1.);
#6907 = CIRCLE('',#6908,1.137069068123);
#6908 = AXIS2_PLACEMENT_3D('',#6909,#6910,#6911);
#6909 = CARTESIAN_POINT('',(-2.79317256095,4.018962889524,
    35.406656969444));
#6910 = DIRECTION('',(0.822959290681,0.568100348426,-0.));
#6911 = DIRECTION('',(-0.568100348426,0.822959290681,0.));
#6912 = PCURVE('',#6759,#6913);
#6913 = DEFINITIONAL_REPRESENTATION('',(#6914),#6918);
#6914 = LINE('',#6915,#6916);
#6915 = CARTESIAN_POINT('',(2.17499202011,6.28318530718));
#6916 = VECTOR('',#6917,1.);
#6917 = DIRECTION('',(0.,1.));
#6918 = ( GEOMETRIC_REPRESENTATION_CONTEXT(2) 
PARAMETRIC_REPRESENTATION_CONTEXT() REPRESENTATION_CONTEXT('2D SPACE',''
  ) );
#6919 = PCURVE('',#6920,#6925);
#6920 = PLANE('',#6921);
#6921 = AXIS2_PLACEMENT_3D('',#6922,#6923,#6924);
#6922 = CARTESIAN_POINT('',(-3.03246202013,4.365601444031,
    36.413792070066));
#6923 = DIRECTION('',(0.822959290681,0.568100348426,-0.));
#6924 = DIRECTION('',(-0.,0.,-1.));
#6925 = DEFINITIONAL_REPRESENTATION('',(#6926),#6930);
#6926 = CIRCLE('',#6927,1.137069068123);
#6927 = AXIS2_PLACEMENT_2D('',#6928,#6929);
#6928 = CARTESIAN_POINT('',(1.007135100622,-0.421209844074));
#6929 = DIRECTION('',(0.,1.));
#6930 = ( GEOMETRIC_REPRESENTATION_CONTEXT(2) 
PARAMETRIC_REPRESENTATION_CONTEXT() REPRESENTATION_CONTEXT('2D SPACE',''
  ) );
#6931 = ORIENTED_EDGE('',*,*,#6932,.F.);
#6932 = EDGE_CURVE('',#6776,#6904,#6933,.T.);
#6933 = SURFACE_CURVE('',#6934,(#6939,#6946),.PCURVE_S1.);
#6934 = CIRCLE('',#6935,5.771205837376);
#6935 = AXIS2_PLACEMENT_3D('',#6936,#6937,#6938);
#6936 = CARTESIAN_POINT('',(-5.771510957849E-02,5.633528314301E-02,
    36.022107338));
#6937 = DIRECTION('',(0.,0.,1.));
#6938 = DIRECTION('',(1.,0.,-0.));
#6939 = PCURVE('',#6759,#6940);
#6940 = DEFINITIONAL_REPRESENTATION('',(#6941),#6945);
#6941 = LINE('',#6942,#6943);
#6942 = CARTESIAN_POINT('',(0.,6.855120550887));
#6943 = VECTOR('',#6944,1.);
#6944 = DIRECTION('',(1.,0.));
#6945 = ( GEOMETRIC_REPRESENTATION_CONTEXT(2) 
PARAMETRIC_REPRESENTATION_CONTEXT() REPRESENTATION_CONTEXT('2D SPACE',''
  ) );
#6946 = PCURVE('',#6818,#6947);
#6947 = DEFINITIONAL_REPRESENTATION('',(#6948),#6952);
#6948 = LINE('',#6949,#6950);
#6949 = CARTESIAN_POINT('',(0.,5.711250063472));
#6950 = VECTOR('',#6951,1.);
#6951 = DIRECTION('',(1.,0.));
#6952 = ( GEOMETRIC_REPRESENTATION_CONTEXT(2) 
PARAMETRIC_REPRESENTATION_CONTEXT() REPRESENTATION_CONTEXT('2D SPACE',''
  ) );
#6953 = ADVANCED_FACE('',(#6954),#6818,.T.);
#6954 = FACE_BOUND('',#6955,.T.);
#6955 = EDGE_LOOP('',(#6956,#6980,#6981,#7005,#7132,#7204,#7205,#7206));
#6956 = ORIENTED_EDGE('',*,*,#6957,.F.);
#6957 = EDGE_CURVE('',#6776,#6958,#6960,.T.);
#6958 = VERTEX_POINT('',#6959);
#6959 = CARTESIAN_POINT('',(5.894449493954,5.633528314301E-02,
    36.637557706557));
#6960 = SEAM_CURVE('',#6961,(#6966,#6973),.PCURVE_S1.);
#6961 = CIRCLE('',#6962,1.137069068123);
#6962 = AXIS2_PLACEMENT_3D('',#6963,#6964,#6965);
#6963 = CARTESIAN_POINT('',(4.757380425831,5.633528314301E-02,
    36.637557706557));
#6964 = DIRECTION('',(0.,-1.,0.));
#6965 = DIRECTION('',(0.840855079757,0.,-0.541260320776));
#6966 = PCURVE('',#6818,#6967);
#6967 = DEFINITIONAL_REPRESENTATION('',(#6968),#6972);
#6968 = LINE('',#6969,#6970);
#6969 = CARTESIAN_POINT('',(0.,5.711250063472));
#6970 = VECTOR('',#6971,1.);
#6971 = DIRECTION('',(0.,1.));
#6972 = ( GEOMETRIC_REPRESENTATION_CONTEXT(2) 
PARAMETRIC_REPRESENTATION_CONTEXT() REPRESENTATION_CONTEXT('2D SPACE',''
  ) );
#6973 = PCURVE('',#6818,#6974);
#6974 = DEFINITIONAL_REPRESENTATION('',(#6975),#6979);
#6975 = LINE('',#6976,#6977);
#6976 = CARTESIAN_POINT('',(6.28318530718,5.711250063472));
#6977 = VECTOR('',#6978,1.);
#6978 = DIRECTION('',(0.,1.));
#6979 = ( GEOMETRIC_REPRESENTATION_CONTEXT(2) 
PARAMETRIC_REPRESENTATION_CONTEXT() REPRESENTATION_CONTEXT('2D SPACE',''
  ) );
#6980 = ORIENTED_EDGE('',*,*,#6932,.T.);
#6981 = ORIENTED_EDGE('',*,*,#6982,.T.);
#6982 = EDGE_CURVE('',#6904,#6983,#6985,.T.);
#6983 = VERTEX_POINT('',#6984);
#6984 = CARTESIAN_POINT('',(-3.427779887768,4.938265257468,
    36.425230688198));
#6985 = SURFACE_CURVE('',#6986,(#6991,#6998),.PCURVE_S1.);
#6986 = CIRCLE('',#6987,1.137069068123);
#6987 = AXIS2_PLACEMENT_3D('',#6988,#6989,#6990);
#6988 = CARTESIAN_POINT('',(-2.79317256095,4.018962889524,
    36.637557706557));
#6989 = DIRECTION('',(0.822959290681,0.568100348426,-0.));
#6990 = DIRECTION('',(-0.568100348426,0.822959290681,0.));
#6991 = PCURVE('',#6818,#6992);
#6992 = DEFINITIONAL_REPRESENTATION('',(#6993),#6997);
#6993 = LINE('',#6994,#6995);
#6994 = CARTESIAN_POINT('',(2.17499202011,0.));
#6995 = VECTOR('',#6996,1.);
#6996 = DIRECTION('',(0.,1.));
#6997 = ( GEOMETRIC_REPRESENTATION_CONTEXT(2) 
PARAMETRIC_REPRESENTATION_CONTEXT() REPRESENTATION_CONTEXT('2D SPACE',''
  ) );
#6998 = PCURVE('',#6920,#6999);
#6999 = DEFINITIONAL_REPRESENTATION('',(#7000),#7004);
#7000 = CIRCLE('',#7001,1.137069068123);
#7001 = AXIS2_PLACEMENT_2D('',#7002,#7003);
#7002 = CARTESIAN_POINT('',(-0.223765636491,-0.421209844074));
#7003 = DIRECTION('',(0.,1.));
#7004 = ( GEOMETRIC_REPRESENTATION_CONTEXT(2) 
PARAMETRIC_REPRESENTATION_CONTEXT() REPRESENTATION_CONTEXT('2D SPACE',''
  ) );
#7005 = ORIENTED_EDGE('',*,*,#7006,.T.);
#7006 = EDGE_CURVE('',#6983,#7007,#7009,.T.);
#7007 = VERTEX_POINT('',#7008);
#7008 = CARTESIAN_POINT('',(-4.612624382464,-3.744131132901,
    36.425304569231));
#7009 = SURFACE_CURVE('',#7010,(#7043,#7079),.PCURVE_S1.);
#7010 = B_SPLINE_CURVE_WITH_KNOTS('',6,(#7011,#7012,#7013,#7014,#7015,
    #7016,#7017,#7018,#7019,#7020,#7021,#7022,#7023,#7024,#7025,#7026,
    #7027,#7028,#7029,#7030,#7031,#7032,#7033,#7034,#7035,#7036,#7037,
    #7038,#7039,#7040,#7041,#7042),.UNSPECIFIED.,.F.,.F.,(7,5,5,5,5,5,7)
  ,(0.,0.20259791022,0.30764983691,0.459747041659,0.617516349179,
    0.810616803313,1.),.UNSPECIFIED.);
#7011 = CARTESIAN_POINT('',(-3.427779887768,4.938265257468,
    36.425230688198));
#7012 = CARTESIAN_POINT('',(-3.701741860252,4.749145217786,
    36.42522962717));
#7013 = CARTESIAN_POINT('',(-3.96297655654,4.541570814758,
    36.425229656107));
#7014 = CARTESIAN_POINT('',(-4.20991325911,4.316625076023,
    36.425238280738));
#7015 = CARTESIAN_POINT('',(-4.441133227912,4.075552528976,
    36.425254324451));
#7016 = CARTESIAN_POINT('',(-4.655354485085,3.819738514102,
    36.42527169128));
#7017 = CARTESIAN_POINT('',(-4.953136127349,3.411237424755,
    36.425293629544));
#7018 = CARTESIAN_POINT('',(-5.049947777251,3.268197314732,
    36.425300346987));
#7019 = CARTESIAN_POINT('',(-5.141733212321,3.121819586506,
    36.425305617243));
#7020 = CARTESIAN_POINT('',(-5.228350001651,2.972325471602,
    36.425308959393));
#7021 = CARTESIAN_POINT('',(-5.309668873378,2.819944131044,
    36.425310085056));
#7022 = CARTESIAN_POINT('',(-5.495470929845,2.44045362025,
    36.425307180307));
#7023 = CARTESIAN_POINT('',(-5.594020499599,2.210436483699,
    36.425300655294));
#7024 = CARTESIAN_POINT('',(-5.68086931265,1.975583085091,
    36.425289077657));
#7025 = CARTESIAN_POINT('',(-5.755728004188,1.736637776793,
    36.425273440456));
#7026 = CARTESIAN_POINT('',(-5.818371091306,1.494366604825,
    36.425255465238));
#7027 = CARTESIAN_POINT('',(-5.920777676831,0.995616764463,
    36.425218033092));
#7028 = CARTESIAN_POINT('',(-5.95960183967,0.738940078537,
    36.425198524063));
#7029 = CARTESIAN_POINT('',(-5.98492991208,0.480405145086,
    36.425180729411));
#7030 = CARTESIAN_POINT('',(-5.996659848693,0.220897228191,
    36.425166797291));
#7031 = CARTESIAN_POINT('',(-5.994767216047,-3.869287310412E-02,
    36.425158238063));
#7032 = CARTESIAN_POINT('',(-5.960380514084,-0.614197794403,
    36.425151710853));
#7033 = CARTESIAN_POINT('',(-5.921127975545,-0.929719513332,
    36.425156559802));
#7034 = CARTESIAN_POINT('',(-5.86164414286,-1.242387168911,
    36.425170453955));
#7035 = CARTESIAN_POINT('',(-5.782205031925,-1.55059026213,
    36.425191521788));
#7036 = CARTESIAN_POINT('',(-5.683246007321,-1.852753639494,
    36.425215443302));
#7037 = CARTESIAN_POINT('',(-5.449785948154,-2.436264626112,
    36.425260955028));
#7038 = CARTESIAN_POINT('',(-5.316000009414,-2.717914024758,
    36.425282626173));
#7039 = CARTESIAN_POINT('',(-5.164602041599,-2.990847856113,
    36.425299602803));
#7040 = CARTESIAN_POINT('',(-4.996311320388,-3.253701722343,
    36.425308986001));
#7041 = CARTESIAN_POINT('',(-4.811986553004,-3.505194514628,
    36.425309897655));
#7042 = CARTESIAN_POINT('',(-4.612624382464,-3.744131132901,
    36.425304569231));
#7043 = PCURVE('',#6818,#7044);
#7044 = DEFINITIONAL_REPRESENTATION('',(#7045),#7078);
#7045 = B_SPLINE_CURVE_WITH_KNOTS('',6,(#7046,#7047,#7048,#7049,#7050,
    #7051,#7052,#7053,#7054,#7055,#7056,#7057,#7058,#7059,#7060,#7061,
    #7062,#7063,#7064,#7065,#7066,#7067,#7068,#7069,#7070,#7071,#7072,
    #7073,#7074,#7075,#7076,#7077),.UNSPECIFIED.,.F.,.F.,(7,5,5,5,5,5,7)
  ,(0.,0.20259791022,0.30764983691,0.459747041659,0.617516349179,
    0.810616803313,1.),.UNSPECIFIED.);
#7046 = CARTESIAN_POINT('',(2.174992020145,6.095350875265));
#7047 = CARTESIAN_POINT('',(2.231109598337,6.095349925433));
#7048 = CARTESIAN_POINT('',(2.287228838527,6.095349951333));
#7049 = CARTESIAN_POINT('',(2.343346294124,6.095357672116));
#7050 = CARTESIAN_POINT('',(2.399463770748,6.095372034434));
#7051 = CARTESIAN_POINT('',(2.45558314743,6.095387581103));
#7052 = CARTESIAN_POINT('',(2.540799210904,6.095407220048));
#7053 = CARTESIAN_POINT('',(2.569897593606,6.095413233433));
#7054 = CARTESIAN_POINT('',(2.598995962112,6.095417951306));
#7055 = CARTESIAN_POINT('',(2.62809430208,6.095420943157));
#7056 = CARTESIAN_POINT('',(2.657192602401,6.095421950836));
#7057 = CARTESIAN_POINT('',(2.728420143563,6.09541935054));
#7058 = CARTESIAN_POINT('',(2.770549767336,6.095413509426));
#7059 = CARTESIAN_POINT('',(2.812678886158,6.095403145261));
#7060 = CARTESIAN_POINT('',(2.854807980361,6.095389146978));
#7061 = CARTESIAN_POINT('',(2.896937534391,6.095373055645));
#7062 = CARTESIAN_POINT('',(2.982767013668,6.095339546432));
#7063 = CARTESIAN_POINT('',(3.026467794677,6.095322081907));
#7064 = CARTESIAN_POINT('',(3.070168089726,6.095306152013));
#7065 = CARTESIAN_POINT('',(3.113868457909,6.095293679836));
#7066 = CARTESIAN_POINT('',(3.15756944523,6.09528601752));
#7067 = CARTESIAN_POINT('',(3.254757023217,6.095280174288));
#7068 = CARTESIAN_POINT('',(3.308245414529,6.095284515117));
#7069 = CARTESIAN_POINT('',(3.361732382255,6.095296953346));
#7070 = CARTESIAN_POINT('',(3.415219381333,6.095315813459));
#7071 = CARTESIAN_POINT('',(3.468707882072,6.095337228059));
#7072 = CARTESIAN_POINT('',(3.574652529194,6.095377970094));
#7073 = CARTESIAN_POINT('',(3.627111131367,6.095397369977));
#7074 = CARTESIAN_POINT('',(3.679568285459,6.095412567265));
#7075 = CARTESIAN_POINT('',(3.732025327361,6.095420966966));
#7076 = CARTESIAN_POINT('',(3.784483622416,6.095421783079));
#7077 = CARTESIAN_POINT('',(3.836940708293,6.095417013135));
#7078 = ( GEOMETRIC_REPRESENTATION_CONTEXT(2) 
PARAMETRIC_REPRESENTATION_CONTEXT() REPRESENTATION_CONTEXT('2D SPACE',''
  ) );
#7079 = PCURVE('',#7080,#7097);
#7080 = B_SPLINE_SURFACE_WITH_KNOTS('',1,7,(
    (#7081,#7082,#7083,#7084,#7085,#7086,#7087,#7088)
    ,(#7089,#7090,#7091,#7092,#7093,#7094,#7095,#7096
  )),.UNSPECIFIED.,.F.,.F.,.F.,(2,2),(8,8),(0.,0.907631130322),(0.,
    2.29563493044),.PIECEWISE_BEZIER_KNOTS.);
#7081 = CARTESIAN_POINT('',(-3.427779887768,4.938265257468,
    35.709926576234));
#7082 = CARTESIAN_POINT('',(-4.898348030267,3.92311013997,
    35.839588165686));
#7083 = CARTESIAN_POINT('',(-6.012162068147,2.391156008393,
    35.969249758384));
#7084 = CARTESIAN_POINT('',(-6.551632912531,0.492844674923,
    36.098911342433));
#7085 = CARTESIAN_POINT('',(-6.375848595087,-1.506603001701,
    36.228572940236));
#7086 = CARTESIAN_POINT('',(-5.513411115478,-3.281647986813,
    36.358234524284));
#7087 = CARTESIAN_POINT('',(-4.149377493772,-4.595760630802,
    36.487896116983));
#7088 = CARTESIAN_POINT('',(-2.524234537222,-5.338741751082,
    36.617557706434));
#7089 = CARTESIAN_POINT('',(-3.427779887768,4.938265257468,
    36.617557706557));
#7090 = CARTESIAN_POINT('',(-4.898348014255,3.923110118246,
    36.747219296008));
#7091 = CARTESIAN_POINT('',(-6.012162112353,2.391156092061,
    36.876880888706));
#7092 = CARTESIAN_POINT('',(-6.551632836926,0.492844619714,
    37.006542472756));
#7093 = CARTESIAN_POINT('',(-6.375848653987,-1.506603067799,
    37.136204070558));
#7094 = CARTESIAN_POINT('',(-5.513411081443,-3.281647893587,
    37.265865654606));
#7095 = CARTESIAN_POINT('',(-4.14937750192,-4.595760650635,
    37.395527247305));
#7096 = CARTESIAN_POINT('',(-2.524234534914,-5.338741746034,
    37.525188836756));
#7097 = DEFINITIONAL_REPRESENTATION('',(#7098),#7131);
#7098 = B_SPLINE_CURVE_WITH_KNOTS('',6,(#7099,#7100,#7101,#7102,#7103,
    #7104,#7105,#7106,#7107,#7108,#7109,#7110,#7111,#7112,#7113,#7114,
    #7115,#7116,#7117,#7118,#7119,#7120,#7121,#7122,#7123,#7124,#7125,
    #7126,#7127,#7128,#7129,#7130),.UNSPECIFIED.,.F.,.F.,(7,5,5,5,5,5,7)
  ,(0.,0.20259791022,0.30764983691,0.459747041659,0.617516349179,
    0.810616803313,1.),.UNSPECIFIED.);
#7099 = CARTESIAN_POINT('',(0.715304111964,0.));
#7100 = CARTESIAN_POINT('',(0.691147526223,6.109559786401E-02));
#7101 = CARTESIAN_POINT('',(0.666991316063,0.122193002299));
#7102 = CARTESIAN_POINT('',(0.642844619441,0.18328808519));
#7103 = CARTESIAN_POINT('',(0.618705362712,0.244383115449));
#7104 = CARTESIAN_POINT('',(0.594566581284,0.305480290084));
#7105 = CARTESIAN_POINT('',(0.557907839454,0.39825525962));
#7106 = CARTESIAN_POINT('',(0.545389338265,0.429934791579));
#7107 = CARTESIAN_POINT('',(0.532869376658,0.461614357014));
#7108 = CARTESIAN_POINT('',(0.520347479099,0.4932939423));
#7109 = CARTESIAN_POINT('',(0.507823363811,0.524973530733));
#7110 = CARTESIAN_POINT('',(0.477160829663,0.602519698889));
#7111 = CARTESIAN_POINT('',(0.459019735656,0.648386735264));
#7112 = CARTESIAN_POINT('',(0.440873788818,0.69425326631));
#7113 = CARTESIAN_POINT('',(0.422723792843,0.740119770981));
#7114 = CARTESIAN_POINT('',(0.404571276111,0.785986737835));
#7115 = CARTESIAN_POINT('',(0.367588842393,0.87943024512));
#7116 = CARTESIAN_POINT('',(0.348758506514,0.927007713263));
#7117 = CARTESIAN_POINT('',(0.329930125159,0.974584574001));
#7118 = CARTESIAN_POINT('',(0.311105602809,1.022161443645));
#7119 = CARTESIAN_POINT('',(0.292286204497,1.069738942699));
#7120 = CARTESIAN_POINT('',(0.250445851299,1.175547556942));
#7121 = CARTESIAN_POINT('',(0.227426940441,1.233780627006));
#7122 = CARTESIAN_POINT('',(0.204417670517,1.292012190318));
#7123 = CARTESIAN_POINT('',(0.18141551532,1.350243902757));
#7124 = CARTESIAN_POINT('',(0.158415517665,1.408477375931));
#7125 = CARTESIAN_POINT('',(0.112857497632,1.52382055555));
#7126 = CARTESIAN_POINT('',(9.0298500673E-02,1.580932931659));
#7127 = CARTESIAN_POINT('',(6.773541374068E-02,1.638043778744));
#7128 = CARTESIAN_POINT('',(4.516479967985E-02,1.695154458135));
#7129 = CARTESIAN_POINT('',(2.2585228194E-02,1.752266366436));
#7130 = CARTESIAN_POINT('',(0.,1.809376799221));
#7131 = ( GEOMETRIC_REPRESENTATION_CONTEXT(2) 
PARAMETRIC_REPRESENTATION_CONTEXT() REPRESENTATION_CONTEXT('2D SPACE',''
  ) );
#7132 = ORIENTED_EDGE('',*,*,#7133,.T.);
#7133 = EDGE_CURVE('',#7007,#6802,#7134,.T.);
#7134 = SURFACE_CURVE('',#7135,(#7156,#7180),.PCURVE_S1.);
#7135 = B_SPLINE_CURVE_WITH_KNOTS('',4,(#7136,#7137,#7138,#7139,#7140,
    #7141,#7142,#7143,#7144,#7145,#7146,#7147,#7148,#7149,#7150,#7151,
    #7152,#7153,#7154,#7155),.UNSPECIFIED.,.F.,.F.,(5,3,3,3,3,3,5),(0.,
    0.172451857095,0.342045669728,0.507909428424,0.669437947571,
    0.837536514199,1.),.UNSPECIFIED.);
#7136 = CARTESIAN_POINT('',(-4.612624382464,-3.744131132901,
    36.425304569231));
#7137 = CARTESIAN_POINT('',(-4.76215905176,-3.559804392988,
    36.408083541055));
#7138 = CARTESIAN_POINT('',(-4.90156244741,-3.367283263517,
    36.390851590853));
#7139 = CARTESIAN_POINT('',(-5.030141462987,-3.167395259329,
    36.373606909411));
#7140 = CARTESIAN_POINT('',(-5.262593829179,-2.758172137742,
    36.33937432802));
#7141 = CARTESIAN_POINT('',(-5.366841970523,-2.549047550139,
    36.322386880374));
#7142 = CARTESIAN_POINT('',(-5.459553247764,-2.334588368838,
    36.305383461059));
#7143 = CARTESIAN_POINT('',(-5.619347676878,-1.901751939255,
    36.271715181854));
#7144 = CARTESIAN_POINT('',(-5.686950118807,-1.683563697785,
    36.255051075666));
#7145 = CARTESIAN_POINT('',(-5.742782560029,-1.462105713311,
    36.238368020872));
#7146 = CARTESIAN_POINT('',(-5.829313849107,-1.020425237608,
    36.205396684306));
#7147 = CARTESIAN_POINT('',(-5.86063178485,-0.800320915415,
    36.189109460011));
#7148 = CARTESIAN_POINT('',(-5.880368217044,-0.578917905951,
    36.172800578093));
#7149 = CARTESIAN_POINT('',(-5.896859549295,-0.12634253864,
    36.139471233046));
#7150 = CARTESIAN_POINT('',(-5.892647257357,0.104861816011,
    36.12244878472));
#7151 = CARTESIAN_POINT('',(-5.875729702435,0.335430400026,
    36.105398506765));
#7152 = CARTESIAN_POINT('',(-5.817633857034,0.785496797979,
    36.071809990198));
#7153 = CARTESIAN_POINT('',(-5.777287962028,1.005107429398,
    36.055273727588));
#7154 = CARTESIAN_POINT('',(-5.725220978532,1.222171537328,
    36.038706981914));
#7155 = CARTESIAN_POINT('',(-5.661650957318,1.435726392212,36.022107338)
  );
#7156 = PCURVE('',#6818,#7157);
#7157 = DEFINITIONAL_REPRESENTATION('',(#7158),#7179);
#7158 = B_SPLINE_CURVE_WITH_KNOTS('',4,(#7159,#7160,#7161,#7162,#7163,
    #7164,#7165,#7166,#7167,#7168,#7169,#7170,#7171,#7172,#7173,#7174,
    #7175,#7176,#7177,#7178),.UNSPECIFIED.,.F.,.F.,(5,3,3,3,3,3,5),(0.,
    0.172451857095,0.342045669728,0.507909428424,0.669437947571,
    0.837536514199,1.),.UNSPECIFIED.);
#7159 = CARTESIAN_POINT('',(3.836940708237,6.095417013114));
#7160 = CARTESIAN_POINT('',(3.796933225388,6.080000945997));
#7161 = CARTESIAN_POINT('',(3.756900464064,6.064514883179));
#7162 = CARTESIAN_POINT('',(3.716838201598,6.048946266854));
#7163 = CARTESIAN_POINT('',(3.637310269274,6.017875091266));
#7164 = CARTESIAN_POINT('',(3.597845651117,6.00237566357));
#7165 = CARTESIAN_POINT('',(3.558343904204,5.986769074072));
#7166 = CARTESIAN_POINT('',(3.480126842941,5.955655879761));
#7167 = CARTESIAN_POINT('',(3.441413282261,5.940154571363));
#7168 = CARTESIAN_POINT('',(3.402655634533,5.924520800288));
#7169 = CARTESIAN_POINT('',(3.326057369938,5.893365238938));
#7170 = CARTESIAN_POINT('',(3.288219211656,5.877851141637));
#7171 = CARTESIAN_POINT('',(3.250330710548,5.862178029168));
#7172 = CARTESIAN_POINT('',(3.172900584627,5.829828265439));
#7173 = CARTESIAN_POINT('',(3.133354347008,5.813136631844));
#7174 = CARTESIAN_POINT('',(3.093743496628,5.796227801558));
#7175 = CARTESIAN_POINT('',(3.01571146318,5.762491563966));
#7176 = CARTESIAN_POINT('',(2.977294866523,5.745680300765));
#7177 = CARTESIAN_POINT('',(2.938807513622,5.728611704571));
#7178 = CARTESIAN_POINT('',(2.900243767472,5.711250063472));
#7179 = ( GEOMETRIC_REPRESENTATION_CONTEXT(2) 
PARAMETRIC_REPRESENTATION_CONTEXT() REPRESENTATION_CONTEXT('2D SPACE',''
  ) );
#7180 = PCURVE('',#6868,#7181);
#7181 = DEFINITIONAL_REPRESENTATION('',(#7182),#7203);
#7182 = B_SPLINE_CURVE_WITH_KNOTS('',4,(#7183,#7184,#7185,#7186,#7187,
    #7188,#7189,#7190,#7191,#7192,#7193,#7194,#7195,#7196,#7197,#7198,
    #7199,#7200,#7201,#7202),.UNSPECIFIED.,.F.,.F.,(5,3,3,3,3,3,5),(0.,
    0.172451857095,0.342045669728,0.507909428424,0.669437947571,
    0.837536514199,1.),.UNSPECIFIED.);
#7183 = CARTESIAN_POINT('',(1.320522932479,1.809376799221));
#7184 = CARTESIAN_POINT('',(1.317250059546,1.765820344982));
#7185 = CARTESIAN_POINT('',(1.313609122381,1.722236266081));
#7186 = CARTESIAN_POINT('',(1.309592592076,1.678619986545));
#7187 = CARTESIAN_POINT('',(1.30085870132,1.592036894549));
#7188 = CARTESIAN_POINT('',(1.296154032116,1.549071226081));
#7189 = CARTESIAN_POINT('',(1.291064390287,1.506065161115));
#7190 = CARTESIAN_POINT('',(1.28020616407,1.420909335969));
#7191 = CARTESIAN_POINT('',(1.274454941592,1.378761482096));
#7192 = CARTESIAN_POINT('',(1.268307364532,1.336565702321));
#7193 = CARTESIAN_POINT('',(1.255354316052,1.253172626404));
#7194 = CARTESIAN_POINT('',(1.248570190163,1.211978004893));
#7195 = CARTESIAN_POINT('',(1.24137580728,1.17072860568));
#7196 = CARTESIAN_POINT('',(1.225812057274,1.086430033562));
#7197 = CARTESIAN_POINT('',(1.217406702698,1.043375839585));
#7198 = CARTESIAN_POINT('',(1.208508176238,1.000251257246));
#7199 = CARTESIAN_POINT('',(1.189973545433,0.915297172977));
#7200 = CARTESIAN_POINT('',(1.180372015321,0.87347266888));
#7201 = CARTESIAN_POINT('',(1.170248107898,0.831571065098));
#7202 = CARTESIAN_POINT('',(1.159559905839,0.789586253007));
#7203 = ( GEOMETRIC_REPRESENTATION_CONTEXT(2) 
PARAMETRIC_REPRESENTATION_CONTEXT() REPRESENTATION_CONTEXT('2D SPACE',''
  ) );
#7204 = ORIENTED_EDGE('',*,*,#6801,.T.);
#7205 = ORIENTED_EDGE('',*,*,#6957,.T.);
#7206 = ORIENTED_EDGE('',*,*,#7207,.F.);
#7207 = EDGE_CURVE('',#6958,#6958,#7208,.T.);
#7208 = SURFACE_CURVE('',#7209,(#7214,#7221),.PCURVE_S1.);
#7209 = CIRCLE('',#7210,5.952164603533);
#7210 = AXIS2_PLACEMENT_3D('',#7211,#7212,#7213);
#7211 = CARTESIAN_POINT('',(-5.771510957849E-02,5.633528314301E-02,
    36.637557706557));
#7212 = DIRECTION('',(0.,0.,1.));
#7213 = DIRECTION('',(1.,0.,-0.));
#7214 = PCURVE('',#6818,#7215);
#7215 = DEFINITIONAL_REPRESENTATION('',(#7216),#7220);
#7216 = LINE('',#7217,#7218);
#7217 = CARTESIAN_POINT('',(0.,6.28318530718));
#7218 = VECTOR('',#7219,1.);
#7219 = DIRECTION('',(1.,0.));
#7220 = ( GEOMETRIC_REPRESENTATION_CONTEXT(2) 
PARAMETRIC_REPRESENTATION_CONTEXT() REPRESENTATION_CONTEXT('2D SPACE',''
  ) );
#7221 = PCURVE('',#7222,#7227);
#7222 = TOROIDAL_SURFACE('',#7223,5.373087617868,0.579076985665);
#7223 = AXIS2_PLACEMENT_3D('',#7224,#7225,#7226);
#7224 = CARTESIAN_POINT('',(-5.771510957849E-02,5.633528314301E-02,
    36.637557706557));
#7225 = DIRECTION('',(0.,0.,1.));
#7226 = DIRECTION('',(1.,0.,-0.));
#7227 = DEFINITIONAL_REPRESENTATION('',(#7228),#7232);
#7228 = LINE('',#7229,#7230);
#7229 = CARTESIAN_POINT('',(0.,0.));
#7230 = VECTOR('',#7231,1.);
#7231 = DIRECTION('',(1.,0.));
#7232 = ( GEOMETRIC_REPRESENTATION_CONTEXT(2) 
PARAMETRIC_REPRESENTATION_CONTEXT() REPRESENTATION_CONTEXT('2D SPACE',''
  ) );
#7233 = ADVANCED_FACE('',(#7234),#6920,.T.);
#7234 = FACE_BOUND('',#7235,.T.);
#7235 = EDGE_LOOP('',(#7236,#7237,#7258,#7277));
#7236 = ORIENTED_EDGE('',*,*,#6903,.F.);
#7237 = ORIENTED_EDGE('',*,*,#7238,.T.);
#7238 = EDGE_CURVE('',#6831,#7239,#7241,.T.);
#7239 = VERTEX_POINT('',#7240);
#7240 = CARTESIAN_POINT('',(-3.427779887768,4.938265257468,
    35.709926576234));
#7241 = SURFACE_CURVE('',#7242,(#7245,#7251),.PCURVE_S1.);
#7242 = B_SPLINE_CURVE_WITH_KNOTS('',1,(#7243,#7244),.UNSPECIFIED.,.F.,
  .F.,(2,2),(0.,1.320522932479),.PIECEWISE_BEZIER_KNOTS.);
#7243 = CARTESIAN_POINT('',(-2.677590349721,3.851528641628,
    35.709926576234));
#7244 = CARTESIAN_POINT('',(-3.427779887768,4.938265257468,
    35.709926576234));
#7245 = PCURVE('',#6920,#7246);
#7246 = DEFINITIONAL_REPRESENTATION('',(#7247),#7250);
#7247 = B_SPLINE_CURVE_WITH_KNOTS('',1,(#7248,#7249),.UNSPECIFIED.,.F.,
  .F.,(2,2),(0.,1.320522932479),.PIECEWISE_BEZIER_KNOTS.);
#7248 = CARTESIAN_POINT('',(0.703865493831,-0.62466370843));
#7249 = CARTESIAN_POINT('',(0.703865493831,0.695859224049));
#7250 = ( GEOMETRIC_REPRESENTATION_CONTEXT(2) 
PARAMETRIC_REPRESENTATION_CONTEXT() REPRESENTATION_CONTEXT('2D SPACE',''
  ) );
#7251 = PCURVE('',#6868,#7252);
#7252 = DEFINITIONAL_REPRESENTATION('',(#7253),#7257);
#7253 = LINE('',#7254,#7255);
#7254 = CARTESIAN_POINT('',(0.,0.));
#7255 = VECTOR('',#7256,1.);
#7256 = DIRECTION('',(1.,0.));
#7257 = ( GEOMETRIC_REPRESENTATION_CONTEXT(2) 
PARAMETRIC_REPRESENTATION_CONTEXT() REPRESENTATION_CONTEXT('2D SPACE',''
  ) );
#7258 = ORIENTED_EDGE('',*,*,#7259,.T.);
#7259 = EDGE_CURVE('',#7239,#6983,#7260,.T.);
#7260 = SURFACE_CURVE('',#7261,(#7264,#7270),.PCURVE_S1.);
#7261 = B_SPLINE_CURVE_WITH_KNOTS('',1,(#7262,#7263),.UNSPECIFIED.,.F.,
  .F.,(2,2),(0.,0.907631130322),.PIECEWISE_BEZIER_KNOTS.);
#7262 = CARTESIAN_POINT('',(-3.427779887768,4.938265257468,
    35.709926576234));
#7263 = CARTESIAN_POINT('',(-3.427779887768,4.938265257468,
    36.617557706557));
#7264 = PCURVE('',#6920,#7265);
#7265 = DEFINITIONAL_REPRESENTATION('',(#7266),#7269);
#7266 = B_SPLINE_CURVE_WITH_KNOTS('',1,(#7267,#7268),.UNSPECIFIED.,.F.,
  .F.,(2,2),(0.,0.907631130322),.PIECEWISE_BEZIER_KNOTS.);
#7267 = CARTESIAN_POINT('',(0.703865493831,0.695859224049));
#7268 = CARTESIAN_POINT('',(-0.203765636491,0.695859224049));
#7269 = ( GEOMETRIC_REPRESENTATION_CONTEXT(2) 
PARAMETRIC_REPRESENTATION_CONTEXT() REPRESENTATION_CONTEXT('2D SPACE',''
  ) );
#7270 = PCURVE('',#7080,#7271);
#7271 = DEFINITIONAL_REPRESENTATION('',(#7272),#7276);
#7272 = LINE('',#7273,#7274);
#7273 = CARTESIAN_POINT('',(0.,0.));
#7274 = VECTOR('',#7275,1.);
#7275 = DIRECTION('',(1.,0.));
#7276 = ( GEOMETRIC_REPRESENTATION_CONTEXT(2) 
PARAMETRIC_REPRESENTATION_CONTEXT() REPRESENTATION_CONTEXT('2D SPACE',''
  ) );
#7277 = ORIENTED_EDGE('',*,*,#6982,.F.);
#7278 = ADVANCED_FACE('',(#7279),#6868,.F.);
#7279 = FACE_BOUND('',#7280,.F.);
#7280 = EDGE_LOOP('',(#7281,#7282,#7283,#7308));
#7281 = ORIENTED_EDGE('',*,*,#6830,.T.);
#7282 = ORIENTED_EDGE('',*,*,#7238,.T.);
#7283 = ORIENTED_EDGE('',*,*,#7284,.T.);
#7284 = EDGE_CURVE('',#7239,#7007,#7285,.T.);
#7285 = SURFACE_CURVE('',#7286,(#7295,#7302),.PCURVE_S1.);
#7286 = B_SPLINE_CURVE_WITH_KNOTS('',7,(#7287,#7288,#7289,#7290,#7291,
    #7292,#7293,#7294),.UNSPECIFIED.,.F.,.F.,(8,8),(0.,2.29563493044),
  .PIECEWISE_BEZIER_KNOTS.);
#7287 = CARTESIAN_POINT('',(-3.427779887768,4.938265257468,
    35.709926576234));
#7288 = CARTESIAN_POINT('',(-4.898348030267,3.92311013997,
    35.839588165686));
#7289 = CARTESIAN_POINT('',(-6.012162068147,2.391156008393,
    35.969249758384));
#7290 = CARTESIAN_POINT('',(-6.551632912531,0.492844674923,
    36.098911342433));
#7291 = CARTESIAN_POINT('',(-6.375848595087,-1.506603001701,
    36.228572940236));
#7292 = CARTESIAN_POINT('',(-5.513411115478,-3.281647986813,
    36.358234524284));
#7293 = CARTESIAN_POINT('',(-4.149377493772,-4.595760630802,
    36.487896116983));
#7294 = CARTESIAN_POINT('',(-2.524234537222,-5.338741751082,
    36.617557706434));
#7295 = PCURVE('',#6868,#7296);
#7296 = DEFINITIONAL_REPRESENTATION('',(#7297),#7301);
#7297 = LINE('',#7298,#7299);
#7298 = CARTESIAN_POINT('',(1.320522932479,0.));
#7299 = VECTOR('',#7300,1.);
#7300 = DIRECTION('',(0.,1.));
#7301 = ( GEOMETRIC_REPRESENTATION_CONTEXT(2) 
PARAMETRIC_REPRESENTATION_CONTEXT() REPRESENTATION_CONTEXT('2D SPACE',''
  ) );
#7302 = PCURVE('',#7080,#7303);
#7303 = DEFINITIONAL_REPRESENTATION('',(#7304),#7307);
#7304 = B_SPLINE_CURVE_WITH_KNOTS('',1,(#7305,#7306),.UNSPECIFIED.,.F.,
  .F.,(2,2),(0.,2.29563493044),.PIECEWISE_BEZIER_KNOTS.);
#7305 = CARTESIAN_POINT('',(0.,0.));
#7306 = CARTESIAN_POINT('',(0.,2.29563493044));
#7307 = ( GEOMETRIC_REPRESENTATION_CONTEXT(2) 
PARAMETRIC_REPRESENTATION_CONTEXT() REPRESENTATION_CONTEXT('2D SPACE',''
  ) );
#7308 = ORIENTED_EDGE('',*,*,#7133,.T.);
#7309 = ADVANCED_FACE('',(#7310),#7222,.T.);
#7310 = FACE_BOUND('',#7311,.T.);
#7311 = EDGE_LOOP('',(#7312,#7336,#7337,#7338,#7367,#7671,#7804,#8028));
#7312 = ORIENTED_EDGE('',*,*,#7313,.F.);
#7313 = EDGE_CURVE('',#6958,#7314,#7316,.T.);
#7314 = VERTEX_POINT('',#7315);
#7315 = CARTESIAN_POINT('',(5.315372508289,5.633528314301E-02,
    37.216634692222));
#7316 = SEAM_CURVE('',#7317,(#7322,#7329),.PCURVE_S1.);
#7317 = CIRCLE('',#7318,0.579076985665);
#7318 = AXIS2_PLACEMENT_3D('',#7319,#7320,#7321);
#7319 = CARTESIAN_POINT('',(5.315372508289,5.633528314301E-02,
    36.637557706557));
#7320 = DIRECTION('',(0.,-1.,0.));
#7321 = DIRECTION('',(1.,0.,0.));
#7322 = PCURVE('',#7222,#7323);
#7323 = DEFINITIONAL_REPRESENTATION('',(#7324),#7328);
#7324 = LINE('',#7325,#7326);
#7325 = CARTESIAN_POINT('',(0.,0.));
#7326 = VECTOR('',#7327,1.);
#7327 = DIRECTION('',(0.,1.));
#7328 = ( GEOMETRIC_REPRESENTATION_CONTEXT(2) 
PARAMETRIC_REPRESENTATION_CONTEXT() REPRESENTATION_CONTEXT('2D SPACE',''
  ) );
#7329 = PCURVE('',#7222,#7330);
#7330 = DEFINITIONAL_REPRESENTATION('',(#7331),#7335);
#7331 = LINE('',#7332,#7333);
#7332 = CARTESIAN_POINT('',(6.28318530718,0.));
#7333 = VECTOR('',#7334,1.);
#7334 = DIRECTION('',(0.,1.));
#7335 = ( GEOMETRIC_REPRESENTATION_CONTEXT(2) 
PARAMETRIC_REPRESENTATION_CONTEXT() REPRESENTATION_CONTEXT('2D SPACE',''
  ) );
#7336 = ORIENTED_EDGE('',*,*,#7207,.T.);
#7337 = ORIENTED_EDGE('',*,*,#7313,.T.);
#7338 = ORIENTED_EDGE('',*,*,#7339,.F.);
#7339 = EDGE_CURVE('',#7340,#7314,#7342,.T.);
#7340 = VERTEX_POINT('',#7341);
#7341 = CARTESIAN_POINT('',(-2.291777440655,-4.830282775407,
    37.216634692222));
#7342 = SURFACE_CURVE('',#7343,(#7348,#7355),.PCURVE_S1.);
#7343 = CIRCLE('',#7344,5.373087617868);
#7344 = AXIS2_PLACEMENT_3D('',#7345,#7346,#7347);
#7345 = CARTESIAN_POINT('',(-5.771510957849E-02,5.633528314301E-02,
    37.216634692222));
#7346 = DIRECTION('',(0.,0.,1.));
#7347 = DIRECTION('',(1.,0.,-0.));
#7348 = PCURVE('',#7222,#7349);
#7349 = DEFINITIONAL_REPRESENTATION('',(#7350),#7354);
#7350 = LINE('',#7351,#7352);
#7351 = CARTESIAN_POINT('',(0.,1.570796326795));
#7352 = VECTOR('',#7353,1.);
#7353 = DIRECTION('',(1.,0.));
#7354 = ( GEOMETRIC_REPRESENTATION_CONTEXT(2) 
PARAMETRIC_REPRESENTATION_CONTEXT() REPRESENTATION_CONTEXT('2D SPACE',''
  ) );
#7355 = PCURVE('',#7356,#7361);
#7356 = PLANE('',#7357);
#7357 = AXIS2_PLACEMENT_3D('',#7358,#7359,#7360);
#7358 = CARTESIAN_POINT('',(-5.771510957849E-02,5.633528314301E-02,
    37.216634692222));
#7359 = DIRECTION('',(0.,0.,1.));
#7360 = DIRECTION('',(1.,0.,-0.));
#7361 = DEFINITIONAL_REPRESENTATION('',(#7362),#7366);
#7362 = CIRCLE('',#7363,5.373087617868);
#7363 = AXIS2_PLACEMENT_2D('',#7364,#7365);
#7364 = CARTESIAN_POINT('',(0.,0.));
#7365 = DIRECTION('',(1.,0.));
#7366 = ( GEOMETRIC_REPRESENTATION_CONTEXT(2) 
PARAMETRIC_REPRESENTATION_CONTEXT() REPRESENTATION_CONTEXT('2D SPACE',''
  ) );
#7367 = ORIENTED_EDGE('',*,*,#7368,.F.);
#7368 = EDGE_CURVE('',#7369,#7340,#7371,.T.);
#7369 = VERTEX_POINT('',#7370);
#7370 = CARTESIAN_POINT('',(-2.524234536788,-5.338741750132,
    36.788432902684));
#7371 = SURFACE_CURVE('',#7372,(#7468,#7567),.PCURVE_S1.);
#7372 = B_SPLINE_CURVE_WITH_KNOTS('',4,(#7373,#7374,#7375,#7376,#7377,
    #7378,#7379,#7380,#7381,#7382,#7383,#7384,#7385,#7386,#7387,#7388,
    #7389,#7390,#7391,#7392,#7393,#7394,#7395,#7396,#7397,#7398,#7399,
    #7400,#7401,#7402,#7403,#7404,#7405,#7406,#7407,#7408,#7409,#7410,
    #7411,#7412,#7413,#7414,#7415,#7416,#7417,#7418,#7419,#7420,#7421,
    #7422,#7423,#7424,#7425,#7426,#7427,#7428,#7429,#7430,#7431,#7432,
    #7433,#7434,#7435,#7436,#7437,#7438,#7439,#7440,#7441,#7442,#7443,
    #7444,#7445,#7446,#7447,#7448,#7449,#7450,#7451,#7452,#7453,#7454,
    #7455,#7456,#7457,#7458,#7459,#7460,#7461,#7462,#7463,#7464,#7465,
    #7466,#7467),.UNSPECIFIED.,.F.,.F.,(5,3,3,3,3,3,3,3,3,3,3,3,3,3,3,3,
    3,3,3,3,3,3,3,3,3,3,3,3,3,3,3,5),(0.,3.653650949801E-02,
    6.726523461776E-02,0.107686892755,0.134044444668,0.172444444698,
    0.202444444765,0.23364444483,0.267244444889,0.297244444956,
    0.330844445014,0.358444445083,0.38844444515,0.422044445208,
    0.456844445262,0.491644445315,0.52284444538,0.557644445434,
    0.592444445488,0.627244445541,0.659644445603,0.69308661336,
    0.726905697324,0.757702391914,0.790169395322,0.821012337847,
    0.849281059271,0.880491965678,0.908226958223,0.936858939096,
    0.967488695184,1.),.UNSPECIFIED.);
#7373 = CARTESIAN_POINT('',(-2.532550376639,-5.356931185839,
    36.637557706557));
#7374 = CARTESIAN_POINT('',(-2.532550376639,-5.356931185839,
    36.645866218438));
#7375 = CARTESIAN_POINT('',(-2.532484289325,-5.356786631474,
    36.654174730548));
#7376 = CARTESIAN_POINT('',(-2.532352113853,-5.356497520899,
    36.662478680428));
#7377 = CARTESIAN_POINT('',(-2.531987303875,-5.355699563295,
    36.67774981215));
#7378 = CARTESIAN_POINT('',(-2.531773977815,-5.355232950093,
    36.684719662565));
#7379 = CARTESIAN_POINT('',(-2.531514046288,-5.354664395637,
    36.691680354495));
#7380 = CARTESIAN_POINT('',(-2.530804555185,-5.353112508753,
    36.7077699331));
#7381 = CARTESIAN_POINT('',(-2.530321043228,-5.352054911467,
    36.716890160128));
#7382 = CARTESIAN_POINT('',(-2.529757363398,-5.350821961072,
    36.725983725726));
#7383 = CARTESIAN_POINT('',(-2.52869439957,-5.348496914828,
    36.740952779381));
#7384 = CARTESIAN_POINT('',(-2.528240948348,-5.347505070109,
    36.746847093945));
#7385 = CARTESIAN_POINT('',(-2.527753714392,-5.346439331605,
    36.752725794711));
#7386 = CARTESIAN_POINT('',(-2.526474000422,-5.343640182585,
    36.767126627545));
#7387 = CARTESIAN_POINT('',(-2.525643765552,-5.341824189966,
    36.775629353176));
#7388 = CARTESIAN_POINT('',(-2.524742602266,-5.339853053923,
    36.784090203588));
#7389 = CARTESIAN_POINT('',(-2.523012113629,-5.336067914675,
    36.7990774117));
#7390 = CARTESIAN_POINT('',(-2.522210195766,-5.334313860524,
    36.805622075085));
#7391 = CARTESIAN_POINT('',(-2.521365627261,-5.332466515601,
    36.812135631549));
#7392 = CARTESIAN_POINT('',(-2.519556369969,-5.328509083787,
    36.825354934906));
#7393 = CARTESIAN_POINT('',(-2.518588227649,-5.3263914429,
    36.832057947954));
#7394 = CARTESIAN_POINT('',(-2.517574678801,-5.324174483225,
    36.838722022904));
#7395 = CARTESIAN_POINT('',(-2.515376190227,-5.319365676505,
    36.85247641512));
#7396 = CARTESIAN_POINT('',(-2.514184063869,-5.316758109964,
    36.859560088173));
#7397 = CARTESIAN_POINT('',(-2.51294029759,-5.31403759019,
    36.866592215165));
#7398 = CARTESIAN_POINT('',(-2.510489416887,-5.308676720118,
    36.879799324276));
#7399 = CARTESIAN_POINT('',(-2.509292653364,-5.306059010598,
    36.885985417629));
#7400 = CARTESIAN_POINT('',(-2.508055630099,-5.303353239976,
    36.892125529665));
#7401 = CARTESIAN_POINT('',(-2.505348792168,-5.297432508531,
    36.905040305807));
#7402 = CARTESIAN_POINT('',(-2.503868855612,-5.294195407849,
    36.91180269883));
#7403 = CARTESIAN_POINT('',(-2.502339674192,-5.2908505927,
    36.918501415739));
#7404 = CARTESIAN_POINT('',(-2.499466017971,-5.284564975612,
    36.930581058841));
#7405 = CARTESIAN_POINT('',(-2.498137321969,-5.281658687017,
    36.93598369793));
#7406 = CARTESIAN_POINT('',(-2.496776298627,-5.278681688061,
    36.94133958705));
#7407 = CARTESIAN_POINT('',(-2.493869347146,-5.272323243451,
    36.952416059124));
#7408 = CARTESIAN_POINT('',(-2.492317631577,-5.268929138818,
    36.958127856527));
#7409 = CARTESIAN_POINT('',(-2.490728798161,-5.265453845427,
    36.963780319819));
#7410 = CARTESIAN_POINT('',(-2.487283057068,-5.257916893394,
    36.975633365739));
#7411 = CARTESIAN_POINT('',(-2.485416859606,-5.25383491498,
    36.981818327476));
#7412 = CARTESIAN_POINT('',(-2.483505701593,-5.24965459328,
    36.987923356384));
#7413 = CARTESIAN_POINT('',(-2.479525451502,-5.24094849691,
    37.000183037144));
#7414 = CARTESIAN_POINT('',(-2.477453156514,-5.236415716443,
    37.006331674549));
#7415 = CARTESIAN_POINT('',(-2.475334614884,-5.231781779587,
    37.012388460644));
#7416 = CARTESIAN_POINT('',(-2.471007194126,-5.222316308503,
    37.024312390015));
#7417 = CARTESIAN_POINT('',(-2.468798314877,-5.21748477401,
    37.030179533624));
#7418 = CARTESIAN_POINT('',(-2.466545344666,-5.212556798299,
    37.035948886087));
#7419 = CARTESIAN_POINT('',(-2.462191018527,-5.20303247643,
    37.046699939577));
#7420 = CARTESIAN_POINT('',(-2.460098088539,-5.198454560532,
    37.051701381019));
#7421 = CARTESIAN_POINT('',(-2.457971461492,-5.19380293825,
    37.056619912706));
#7422 = CARTESIAN_POINT('',(-2.453403374214,-5.183811051522,
    37.066845018699));
#7423 = CARTESIAN_POINT('',(-2.450953900043,-5.178453257993,
    37.072130884003));
#7424 = CARTESIAN_POINT('',(-2.448464779456,-5.173008744907,
    37.077308509248));
#7425 = CARTESIAN_POINT('',(-2.443409763705,-5.161951787865,
    37.087442231251));
#7426 = CARTESIAN_POINT('',(-2.4408438684,-5.1563393436,37.092398328292)
  );
#7427 = CARTESIAN_POINT('',(-2.438240844805,-5.150645687738,
    37.097241137219));
#7428 = CARTESIAN_POINT('',(-2.432963170216,-5.139101703687,
    37.106695468928));
#7429 = CARTESIAN_POINT('',(-2.430288519075,-5.133251375175,
    37.111306991973));
#7430 = CARTESIAN_POINT('',(-2.427579368687,-5.127325585636,
    37.115800517284));
#7431 = CARTESIAN_POINT('',(-2.422283924666,-5.115742734079,
    37.124245604775));
#7432 = CARTESIAN_POINT('',(-2.41970204341,-5.110095323361,
    37.128213171619));
#7433 = CARTESIAN_POINT('',(-2.417092543893,-5.10438750256,
    37.132074808485));
#7434 = CARTESIAN_POINT('',(-2.411735796776,-5.092670561273,
    37.139703732812));
#7435 = CARTESIAN_POINT('',(-2.408986818157,-5.086657654491,
    37.143463990273));
#7436 = CARTESIAN_POINT('',(-2.406210880184,-5.080585778866,
    37.147107884102));
#7437 = CARTESIAN_POINT('',(-2.400576087194,-5.06826066118,
    37.154199439725));
#7438 = CARTESIAN_POINT('',(-2.397716650129,-5.062006145993,
    37.157644427147));
#7439 = CARTESIAN_POINT('',(-2.39483229347,-5.055697123579,
    37.160967076942));
#7440 = CARTESIAN_POINT('',(-2.389276355001,-5.043544486278,
    37.167078816018));
#7441 = CARTESIAN_POINT('',(-2.386608794548,-5.0377096674,
    37.169889051765));
#7442 = CARTESIAN_POINT('',(-2.383922737009,-5.031834389402,
    37.172595454985));
#7443 = CARTESIAN_POINT('',(-2.378369108431,-5.019686804581,
    37.177939666107));
#7444 = CARTESIAN_POINT('',(-2.375499593939,-5.013410246794,
    37.180565792551));
#7445 = CARTESIAN_POINT('',(-2.372611929415,-5.007093989008,
    37.183074200876));
#7446 = CARTESIAN_POINT('',(-2.366948110463,-4.994705382142,
    37.187733973946));
#7447 = CARTESIAN_POINT('',(-2.36417360347,-4.988636636534,
    37.189896922258));
#7448 = CARTESIAN_POINT('',(-2.361384932979,-4.982536910768,
    37.191951811577));
#7449 = CARTESIAN_POINT('',(-2.356015296911,-4.970791777171,
    37.195681525971));
#7450 = CARTESIAN_POINT('',(-2.353436421473,-4.96515094115,
    37.197373757862));
#7451 = CARTESIAN_POINT('',(-2.350847413024,-4.959487940953,
    37.198973989818));
#7452 = CARTESIAN_POINT('',(-2.345380410583,-4.947529835554,
    37.202146386639));
#7453 = CARTESIAN_POINT('',(-2.342500384489,-4.941230285489,
    37.203698295888));
#7454 = CARTESIAN_POINT('',(-2.339610196782,-4.934908508686,
    37.205136786996));
#7455 = CARTESIAN_POINT('',(-2.334134699855,-4.922931823097,
    37.207638359087));
#7456 = CARTESIAN_POINT('',(-2.33155128356,-4.91728105475,
    37.208725407445));
#7457 = CARTESIAN_POINT('',(-2.328961575379,-4.911616524012,
    37.209722101898));
#7458 = CARTESIAN_POINT('',(-2.32368728574,-4.900079943942,
    37.211563512692));
#7459 = CARTESIAN_POINT('',(-2.321002344629,-4.894207107934,
    37.212402271361));
#7460 = CARTESIAN_POINT('',(-2.318312476461,-4.888323494855,
    37.213144116391));
#7461 = CARTESIAN_POINT('',(-2.312736738785,-4.876127550273,
    37.214478528808));
#7462 = CARTESIAN_POINT('',(-2.309850288822,-4.869813949127,
    37.215057068846));
#7463 = CARTESIAN_POINT('',(-2.306960351828,-4.863492720712,
    37.215524184347));
#7464 = CARTESIAN_POINT('',(-2.300998065114,-4.85045126816,
    37.21625713307));
#7465 = CARTESIAN_POINT('',(-2.297925413792,-4.843730384322,
    37.216508865121));
#7466 = CARTESIAN_POINT('',(-2.29485142774,-4.837006580995,
    37.216634671503));
#7467 = CARTESIAN_POINT('',(-2.291777440654,-4.830282775407,
    37.216634671503));
#7468 = PCURVE('',#7222,#7469);
#7469 = DEFINITIONAL_REPRESENTATION('',(#7470),#7566);
#7470 = B_SPLINE_CURVE_WITH_KNOTS('',4,(#7471,#7472,#7473,#7474,#7475,
    #7476,#7477,#7478,#7479,#7480,#7481,#7482,#7483,#7484,#7485,#7486,
    #7487,#7488,#7489,#7490,#7491,#7492,#7493,#7494,#7495,#7496,#7497,
    #7498,#7499,#7500,#7501,#7502,#7503,#7504,#7505,#7506,#7507,#7508,
    #7509,#7510,#7511,#7512,#7513,#7514,#7515,#7516,#7517,#7518,#7519,
    #7520,#7521,#7522,#7523,#7524,#7525,#7526,#7527,#7528,#7529,#7530,
    #7531,#7532,#7533,#7534,#7535,#7536,#7537,#7538,#7539,#7540,#7541,
    #7542,#7543,#7544,#7545,#7546,#7547,#7548,#7549,#7550,#7551,#7552,
    #7553,#7554,#7555,#7556,#7557,#7558,#7559,#7560,#7561,#7562,#7563,
    #7564,#7565),.UNSPECIFIED.,.F.,.F.,(5,3,3,3,3,3,3,3,3,3,3,3,3,3,3,3,
    3,3,3,3,3,3,3,3,3,3,3,3,3,3,3,5),(0.,3.653650949801E-02,
    6.726523461776E-02,0.107686892755,0.134044444668,0.172444444698,
    0.202444444765,0.23364444483,0.267244444889,0.297244444956,
    0.330844445014,0.358444445083,0.38844444515,0.422044445208,
    0.456844445262,0.491644445315,0.52284444538,0.557644445434,
    0.592444445488,0.627244445541,0.659644445603,0.69308661336,
    0.726905697324,0.757702391914,0.790169395322,0.821012337847,
    0.849281059271,0.880491965678,0.908226958223,0.936858939096,
    0.967488695184,1.),.UNSPECIFIED.);
#7471 = CARTESIAN_POINT('',(4.283580520773,0.));
#7472 = CARTESIAN_POINT('',(4.283580520773,1.434785371703E-02));
#7473 = CARTESIAN_POINT('',(4.283580520773,2.86957073981E-02));
#7474 = CARTESIAN_POINT('',(4.283580520773,4.304356122004E-02));
#7475 = CARTESIAN_POINT('',(4.283580520773,6.945855697138E-02));
#7476 = CARTESIAN_POINT('',(4.283580520773,8.152569907935E-02));
#7477 = CARTESIAN_POINT('',(4.283580520773,9.359284118847E-02));
#7478 = CARTESIAN_POINT('',(4.283580520773,0.121533531244));
#7479 = CARTESIAN_POINT('',(4.283580520773,0.137407079303));
#7480 = CARTESIAN_POINT('',(4.283580520773,0.153280627366));
#7481 = CARTESIAN_POINT('',(4.283580520773,0.17950476174));
#7482 = CARTESIAN_POINT('',(4.283580520773,0.189855348148));
#7483 = CARTESIAN_POINT('',(4.283580520774,0.200205934561));
#7484 = CARTESIAN_POINT('',(4.283580520774,0.225636165663));
#7485 = CARTESIAN_POINT('',(4.283580520774,0.240715810435));
#7486 = CARTESIAN_POINT('',(4.283580520774,0.255795455207));
#7487 = CARTESIAN_POINT('',(4.283580520774,0.28265607235));
#7488 = CARTESIAN_POINT('',(4.283580520775,0.294437044811));
#7489 = CARTESIAN_POINT('',(4.283580520775,0.306218017273));
#7490 = CARTESIAN_POINT('',(4.283580520775,0.33025120105));
#7491 = CARTESIAN_POINT('',(4.283580520775,0.342503412411));
#7492 = CARTESIAN_POINT('',(4.283580520775,0.354755623773));
#7493 = CARTESIAN_POINT('',(4.283580520776,0.380202524237));
#7494 = CARTESIAN_POINT('',(4.283580520776,0.3933972134));
#7495 = CARTESIAN_POINT('',(4.283580520776,0.406591902562));
#7496 = CARTESIAN_POINT('',(4.283580520777,0.431567564131));
#7497 = CARTESIAN_POINT('',(4.283580520777,0.443348536592));
#7498 = CARTESIAN_POINT('',(4.283580520777,0.455129509053));
#7499 = CARTESIAN_POINT('',(4.283580520778,0.480105170621));
#7500 = CARTESIAN_POINT('',(4.283580520778,0.493299859784));
#7501 = CARTESIAN_POINT('',(4.283580520778,0.506494548947));
#7502 = CARTESIAN_POINT('',(4.283580520779,0.530527732722));
#7503 = CARTESIAN_POINT('',(4.283580520779,0.541366227384));
#7504 = CARTESIAN_POINT('',(4.283580520779,0.552204722045));
#7505 = CARTESIAN_POINT('',(4.28358052078,0.574824189134));
#7506 = CARTESIAN_POINT('',(4.28358052078,0.586605161595));
#7507 = CARTESIAN_POINT('',(4.28358052078,0.598386134056));
#7508 = CARTESIAN_POINT('',(4.283580520781,0.623361795624));
#7509 = CARTESIAN_POINT('',(4.283580520781,0.636556484787));
#7510 = CARTESIAN_POINT('',(4.283580520782,0.64975117395));
#7511 = CARTESIAN_POINT('',(4.283580520782,0.676611791099));
#7512 = CARTESIAN_POINT('',(4.283580520783,0.690277719164));
#7513 = CARTESIAN_POINT('',(4.283580520783,0.703943647228));
#7514 = CARTESIAN_POINT('',(4.283580520784,0.731275503272));
#7515 = CARTESIAN_POINT('',(4.283580520784,0.744941431336));
#7516 = CARTESIAN_POINT('',(4.283580520785,0.758607359401));
#7517 = CARTESIAN_POINT('',(4.283580520786,0.784525498759));
#7518 = CARTESIAN_POINT('',(4.283580520786,0.79677771012));
#7519 = CARTESIAN_POINT('',(4.283580520786,0.809029921482));
#7520 = CARTESIAN_POINT('',(4.283580520787,0.83494806084));
#7521 = CARTESIAN_POINT('',(4.283580520788,0.848613988905));
#7522 = CARTESIAN_POINT('',(4.283580520788,0.862279916969));
#7523 = CARTESIAN_POINT('',(4.283580520789,0.889611773013));
#7524 = CARTESIAN_POINT('',(4.28358052079,0.903277701077));
#7525 = CARTESIAN_POINT('',(4.28358052079,0.916943629142));
#7526 = CARTESIAN_POINT('',(4.283580520791,0.944275485185));
#7527 = CARTESIAN_POINT('',(4.283580520792,0.95794141325));
#7528 = CARTESIAN_POINT('',(4.283580520792,0.971607341314));
#7529 = CARTESIAN_POINT('',(4.283580520793,0.997996719568));
#7530 = CARTESIAN_POINT('',(4.283580520794,1.01072016983));
#7531 = CARTESIAN_POINT('',(4.283580520794,1.023443620092));
#7532 = CARTESIAN_POINT('',(4.283580520795,1.049299778851));
#7533 = CARTESIAN_POINT('',(4.283580520796,1.062432487421));
#7534 = CARTESIAN_POINT('',(4.283580520796,1.075565195978));
#7535 = CARTESIAN_POINT('',(4.283580520798,1.101978627652));
#7536 = CARTESIAN_POINT('',(4.283580520798,1.115259350842));
#7537 = CARTESIAN_POINT('',(4.283580520799,1.128540074025));
#7538 = CARTESIAN_POINT('',(4.2835805208,1.153914630776));
#7539 = CARTESIAN_POINT('',(4.2835805208,1.166008464406));
#7540 = CARTESIAN_POINT('',(4.283580520801,1.178102298033));
#7541 = CARTESIAN_POINT('',(4.283580520802,1.20294589396));
#7542 = CARTESIAN_POINT('',(4.283580520803,1.215695656314));
#7543 = CARTESIAN_POINT('',(4.283580520803,1.228445418663));
#7544 = CARTESIAN_POINT('',(4.283580520804,1.253307176083));
#7545 = CARTESIAN_POINT('',(4.283580520805,1.265419171208));
#7546 = CARTESIAN_POINT('',(4.283580520806,1.277531166326));
#7547 = CARTESIAN_POINT('',(4.283580520807,1.300744262262));
#7548 = CARTESIAN_POINT('',(4.283580520807,1.311845363117));
#7549 = CARTESIAN_POINT('',(4.283580520808,1.322946463969));
#7550 = CARTESIAN_POINT('',(4.283580520809,1.346304058967));
#7551 = CARTESIAN_POINT('',(4.283580520809,1.358560553154));
#7552 = CARTESIAN_POINT('',(4.28358052081,1.370817047336));
#7553 = CARTESIAN_POINT('',(4.283580520811,1.393965047484));
#7554 = CARTESIAN_POINT('',(4.283580520812,1.404856553488));
#7555 = CARTESIAN_POINT('',(4.283580520812,1.41574805949));
#7556 = CARTESIAN_POINT('',(4.283580520813,1.437883317952));
#7557 = CARTESIAN_POINT('',(4.283580520814,1.449127070439));
#7558 = CARTESIAN_POINT('',(4.283580520815,1.46037082293));
#7559 = CARTESIAN_POINT('',(4.283580520816,1.483642852353));
#7560 = CARTESIAN_POINT('',(4.283580520816,1.495671129325));
#7561 = CARTESIAN_POINT('',(4.283580520817,1.507699406298));
#7562 = CARTESIAN_POINT('',(4.283580520818,1.532494842647));
#7563 = CARTESIAN_POINT('',(4.283580520819,1.545262007291));
#7564 = CARTESIAN_POINT('',(4.28358052082,1.558029164774));
#7565 = CARTESIAN_POINT('',(4.28358052082,1.570796326795));
#7566 = ( GEOMETRIC_REPRESENTATION_CONTEXT(2) 
PARAMETRIC_REPRESENTATION_CONTEXT() REPRESENTATION_CONTEXT('2D SPACE',''
  ) );
#7567 = PCURVE('',#7568,#7573);
#7568 = PLANE('',#7569);
#7569 = AXIS2_PLACEMENT_3D('',#7570,#7571,#7572);
#7570 = CARTESIAN_POINT('',(-2.234905011626,-4.705884349053,
    37.32142319601));
#7571 = DIRECTION('',(-0.909461822511,0.415787437756,1.53560069729E-14)
  );
#7572 = DIRECTION('',(-0.415787437756,-0.909461822511,0.));
#7573 = DEFINITIONAL_REPRESENTATION('',(#7574),#7670);
#7574 = B_SPLINE_CURVE_WITH_KNOTS('',4,(#7575,#7576,#7577,#7578,#7579,
    #7580,#7581,#7582,#7583,#7584,#7585,#7586,#7587,#7588,#7589,#7590,
    #7591,#7592,#7593,#7594,#7595,#7596,#7597,#7598,#7599,#7600,#7601,
    #7602,#7603,#7604,#7605,#7606,#7607,#7608,#7609,#7610,#7611,#7612,
    #7613,#7614,#7615,#7616,#7617,#7618,#7619,#7620,#7621,#7622,#7623,
    #7624,#7625,#7626,#7627,#7628,#7629,#7630,#7631,#7632,#7633,#7634,
    #7635,#7636,#7637,#7638,#7639,#7640,#7641,#7642,#7643,#7644,#7645,
    #7646,#7647,#7648,#7649,#7650,#7651,#7652,#7653,#7654,#7655,#7656,
    #7657,#7658,#7659,#7660,#7661,#7662,#7663,#7664,#7665,#7666,#7667,
    #7668,#7669),.UNSPECIFIED.,.F.,.F.,(5,3,3,3,3,3,3,3,3,3,3,3,3,3,3,3,
    3,3,3,3,3,3,3,3,3,3,3,3,3,3,3,5),(0.,3.653650949801E-02,
    6.726523461776E-02,0.107686892755,0.134044444668,0.172444444698,
    0.202444444765,0.23364444483,0.267244444889,0.297244444956,
    0.330844445014,0.358444445083,0.38844444515,0.422044445208,
    0.456844445262,0.491644445315,0.52284444538,0.557644445434,
    0.592444445488,0.627244445541,0.659644445603,0.69308661336,
    0.726905697324,0.757702391914,0.790169395322,0.821012337847,
    0.849281059271,0.880491965678,0.908226958223,0.936858939096,
    0.967488695184,1.),.UNSPECIFIED.);
#7575 = CARTESIAN_POINT('',(0.715859446403,-0.683865489453));
#7576 = CARTESIAN_POINT('',(0.715859446403,-0.675556977572));
#7577 = CARTESIAN_POINT('',(0.715700501451,-0.667248465461));
#7578 = CARTESIAN_POINT('',(0.71538260952,-0.658944515581));
#7579 = CARTESIAN_POINT('',(0.714505214137,-0.643673383859));
#7580 = CARTESIAN_POINT('',(0.713992148948,-0.636703533444));
#7581 = CARTESIAN_POINT('',(0.713366994113,-0.629742841515));
#7582 = CARTESIAN_POINT('',(0.71166061475,-0.613653262909));
#7583 = CARTESIAN_POINT('',(0.710497732198,-0.604533035882));
#7584 = CARTESIAN_POINT('',(0.709142039892,-0.595439470284));
#7585 = CARTESIAN_POINT('',(0.706585532092,-0.580470416629));
#7586 = CARTESIAN_POINT('',(0.705494947864,-0.574576102064));
#7587 = CARTESIAN_POINT('',(0.704323113624,-0.568697401299));
#7588 = CARTESIAN_POINT('',(0.701245305462,-0.554296568464));
#7589 = CARTESIAN_POINT('',(0.699248528275,-0.545793842834));
#7590 = CARTESIAN_POINT('',(0.697081162923,-0.537332992421));
#7591 = CARTESIAN_POINT('',(0.692919207848,-0.522345784309));
#7592 = CARTESIAN_POINT('',(0.690990535189,-0.515801120925));
#7593 = CARTESIAN_POINT('',(0.688959284535,-0.50928756446));
#7594 = CARTESIAN_POINT('',(0.684607884931,-0.496068261104));
#7595 = CARTESIAN_POINT('',(0.682279429976,-0.489365248055));
#7596 = CARTESIAN_POINT('',(0.679841768911,-0.482701173106));
#7597 = CARTESIAN_POINT('',(0.674554238856,-0.468946780889));
#7598 = CARTESIAN_POINT('',(0.671687085473,-0.461863107837));
#7599 = CARTESIAN_POINT('',(0.668695734207,-0.454830980845));
#7600 = CARTESIAN_POINT('',(0.662801182134,-0.441623871734));
#7601 = CARTESIAN_POINT('',(0.659922876024,-0.435437778381));
#7602 = CARTESIAN_POINT('',(0.656947742209,-0.429297666344));
#7603 = CARTESIAN_POINT('',(0.650437593791,-0.416382890203));
#7604 = CARTESIAN_POINT('',(0.646878235276,-0.40962049718));
#7605 = CARTESIAN_POINT('',(0.64320043917,-0.40292178027));
#7606 = CARTESIAN_POINT('',(0.636289080241,-0.390842137169));
#7607 = CARTESIAN_POINT('',(0.633093466612,-0.38543949808));
#7608 = CARTESIAN_POINT('',(0.629820103307,-0.380083608959));
#7609 = CARTESIAN_POINT('',(0.622828666776,-0.369007136885));
#7610 = CARTESIAN_POINT('',(0.61909667435,-0.363295339482));
#7611 = CARTESIAN_POINT('',(0.615275410714,-0.357642876191));
#7612 = CARTESIAN_POINT('',(0.606988144722,-0.345789830271));
#7613 = CARTESIAN_POINT('',(0.602499799733,-0.339604868533));
#7614 = CARTESIAN_POINT('',(0.597903321247,-0.333499839626));
#7615 = CARTESIAN_POINT('',(0.588330520989,-0.321240158865));
#7616 = CARTESIAN_POINT('',(0.583346495981,-0.31509152146));
#7617 = CARTESIAN_POINT('',(0.578251244327,-0.309034735365));
#7618 = CARTESIAN_POINT('',(0.567843472555,-0.297110805994));
#7619 = CARTESIAN_POINT('',(0.562530952146,-0.291243662385));
#7620 = CARTESIAN_POINT('',(0.557112389663,-0.285474309923));
#7621 = CARTESIAN_POINT('',(0.54663990843,-0.274723256432));
#7622 = CARTESIAN_POINT('',(0.541606254696,-0.269721814991));
#7623 = CARTESIAN_POINT('',(0.536491557007,-0.264803283304));
#7624 = CARTESIAN_POINT('',(0.525504964188,-0.25457817731));
#7625 = CARTESIAN_POINT('',(0.519613794932,-0.249292312007));
#7626 = CARTESIAN_POINT('',(0.513627273067,-0.244114686762));
#7627 = CARTESIAN_POINT('',(0.501469580717,-0.233980964758));
#7628 = CARTESIAN_POINT('',(0.495298409893,-0.229024867718));
#7629 = CARTESIAN_POINT('',(0.489037942745,-0.224182058791));
#7630 = CARTESIAN_POINT('',(0.476344739176,-0.214727727082));
#7631 = CARTESIAN_POINT('',(0.4699120024,-0.210116204037));
#7632 = CARTESIAN_POINT('',(0.463396292347,-0.205622678725));
#7633 = CARTESIAN_POINT('',(0.45066035196,-0.197177591234));
#7634 = CARTESIAN_POINT('',(0.444450733723,-0.193210024391));
#7635 = CARTESIAN_POINT('',(0.438174691498,-0.189348387525));
#7636 = CARTESIAN_POINT('',(0.425291312562,-0.181719463197));
#7637 = CARTESIAN_POINT('',(0.418679812625,-0.177959205736));
#7638 = CARTESIAN_POINT('',(0.412003473415,-0.174315311908));
#7639 = CARTESIAN_POINT('',(0.398451373283,-0.167223756284));
#7640 = CARTESIAN_POINT('',(0.391574212491,-0.163778768862));
#7641 = CARTESIAN_POINT('',(0.384637118203,-0.160456119068));
#7642 = CARTESIAN_POINT('',(0.371274669115,-0.154344379992));
#7643 = CARTESIAN_POINT('',(0.364858985978,-0.151534144244));
#7644 = CARTESIAN_POINT('',(0.358398815961,-0.148827741025));
#7645 = CARTESIAN_POINT('',(0.345041922333,-0.143483529903));
#7646 = CARTESIAN_POINT('',(0.338140524571,-0.140857403458));
#7647 = CARTESIAN_POINT('',(0.331195474621,-0.138348995133));
#7648 = CARTESIAN_POINT('',(0.317573564872,-0.133689222064));
#7649 = CARTESIAN_POINT('',(0.310900667277,-0.131526273751));
#7650 = CARTESIAN_POINT('',(0.304193705407,-0.129471384433));
#7651 = CARTESIAN_POINT('',(0.291279327578,-0.125741670039));
#7652 = CARTESIAN_POINT('',(0.285076938559,-0.124049438147));
#7653 = CARTESIAN_POINT('',(0.278850178889,-0.122449206191));
#7654 = CARTESIAN_POINT('',(0.265701627622,-0.11927680937));
#7655 = CARTESIAN_POINT('',(0.258774948669,-0.117724900122));
#7656 = CARTESIAN_POINT('',(0.251823830275,-0.116286409013));
#7657 = CARTESIAN_POINT('',(0.238654849133,-0.113784836923));
#7658 = CARTESIAN_POINT('',(0.232441539012,-0.112697788565));
#7659 = CARTESIAN_POINT('',(0.226213096434,-0.111701094111));
#7660 = CARTESIAN_POINT('',(0.213528033924,-0.109859683318));
#7661 = CARTESIAN_POINT('',(0.207070548999,-0.109020924648));
#7662 = CARTESIAN_POINT('',(0.200601214132,-0.108279079618));
#7663 = CARTESIAN_POINT('',(0.187191146464,-0.106944667201));
#7664 = CARTESIAN_POINT('',(0.180249017625,-0.106366127163));
#7665 = CARTESIAN_POINT('',(0.173298502212,-0.105899011663));
#7666 = CARTESIAN_POINT('',(0.158958755089,-0.105166062939));
#7667 = CARTESIAN_POINT('',(0.151568798005,-0.104914330888));
#7668 = CARTESIAN_POINT('',(0.144175630793,-0.104788524507));
#7669 = CARTESIAN_POINT('',(0.136782461094,-0.104788524507));
#7670 = ( GEOMETRIC_REPRESENTATION_CONTEXT(2) 
PARAMETRIC_REPRESENTATION_CONTEXT() REPRESENTATION_CONTEXT('2D SPACE',''
  ) );
#7671 = ORIENTED_EDGE('',*,*,#7672,.T.);
#7672 = EDGE_CURVE('',#7369,#7673,#7675,.T.);
#7673 = VERTEX_POINT('',#7674);
#7674 = CARTESIAN_POINT('',(-5.052851664888,3.256232682754,
    36.788383454311));
#7675 = SURFACE_CURVE('',#7676,(#7711,#7749),.PCURVE_S1.);
#7676 = B_SPLINE_CURVE_WITH_KNOTS('',5,(#7677,#7678,#7679,#7680,#7681,
    #7682,#7683,#7684,#7685,#7686,#7687,#7688,#7689,#7690,#7691,#7692,
    #7693,#7694,#7695,#7696,#7697,#7698,#7699,#7700,#7701,#7702,#7703,
    #7704,#7705,#7706,#7707,#7708,#7709,#7710),.UNSPECIFIED.,.F.,.F.,(6,
    4,4,4,4,4,4,4,6),(0.,7.342333284224E-02,0.190055240529,
    0.305109142678,0.452809732672,0.60602670665,0.743253708136,
    0.87141427813,1.),.UNSPECIFIED.);
#7677 = CARTESIAN_POINT('',(-2.524234536788,-5.338741750132,
    36.788432902684));
#7678 = CARTESIAN_POINT('',(-2.659845903417,-5.276743090839,
    36.788432573173));
#7679 = CARTESIAN_POINT('',(-2.793509335792,-5.210483418248,
    36.788432399229));
#7680 = CARTESIAN_POINT('',(-2.925046146105,-5.140044617154,
    36.788431762288));
#7681 = CARTESIAN_POINT('',(-3.054283419984,-5.065519373381,
    36.788430354031));
#7682 = CARTESIAN_POINT('',(-3.382427284868,-4.862302028417,
    36.788424717236));
#7683 = CARTESIAN_POINT('',(-3.577577637465,-4.727541968238,
    36.788419213018));
#7684 = CARTESIAN_POINT('',(-3.76583341406,-4.583146988285,
    36.788411940083));
#7685 = CARTESIAN_POINT('',(-3.946570608576,-4.42959537538,
    36.788403858738));
#7686 = CARTESIAN_POINT('',(-4.289519315597,-4.107454135793,
    36.788389465797));
#7687 = CARTESIAN_POINT('',(-4.451950016401,-3.939094602558,
    36.788383007707));
#7688 = CARTESIAN_POINT('',(-4.605951944963,-3.762868282364,
    36.788378650534));
#7689 = CARTESIAN_POINT('',(-4.751028258371,-3.579343449351,
    36.78837718731));
#7690 = CARTESIAN_POINT('',(-5.060956228664,-3.144960325341,
    36.788380853273));
#7691 = CARTESIAN_POINT('',(-5.219741337476,-2.889768198215,
    36.788387912091));
#7692 = CARTESIAN_POINT('',(-5.362160106391,-2.624870407888,
    36.788400214546));
#7693 = CARTESIAN_POINT('',(-5.487456703434,-2.351674324264,
    36.788415419784));
#7694 = CARTESIAN_POINT('',(-5.706671226905,-1.781229607376,
    36.788446767363));
#7695 = CARTESIAN_POINT('',(-5.799245208254,-1.483456399898,
    36.788462946589));
#7696 = CARTESIAN_POINT('',(-5.872133995078,-1.180037210764,
    36.788476300626));
#7697 = CARTESIAN_POINT('',(-5.924921790427,-0.87270581077,
    36.788483914104));
#7698 = CARTESIAN_POINT('',(-5.986527474557,-0.286084583959,
    36.788487020251));
#7699 = CARTESIAN_POINT('',(-5.999359894645,-7.209698923011E-03,
    36.788483641326));
#7700 = CARTESIAN_POINT('',(-5.995783409224,0.272095483164,
    36.788475327509));
#7701 = CARTESIAN_POINT('',(-5.975814062306,0.55055095096,
    36.788463184231));
#7702 = CARTESIAN_POINT('',(-5.90581381759,1.084949301381,
    36.788436740666));
#7703 = CARTESIAN_POINT('',(-5.857855755916,1.341168163823,
    36.788422511988));
#7704 = CARTESIAN_POINT('',(-5.795880069086,1.594494516223,
    36.788408779241));
#7705 = CARTESIAN_POINT('',(-5.72013425867,1.843915025737,
    36.788397131543));
#7706 = CARTESIAN_POINT('',(-5.54152458764,2.33378324837,36.78838042602)
  );
#7707 = CARTESIAN_POINT('',(-5.438570326791,2.574201982888,
    36.788375315263));
#7708 = CARTESIAN_POINT('',(-5.322477700367,2.808703893221,
    36.788374464671));
#7709 = CARTESIAN_POINT('',(-5.193714206767,3.036344896541,
    36.788377657176));
#7710 = CARTESIAN_POINT('',(-5.052851664888,3.256232682754,
    36.788383454311));
#7711 = PCURVE('',#7222,#7712);
#7712 = DEFINITIONAL_REPRESENTATION('',(#7713),#7748);
#7713 = B_SPLINE_CURVE_WITH_KNOTS('',5,(#7714,#7715,#7716,#7717,#7718,
    #7719,#7720,#7721,#7722,#7723,#7724,#7725,#7726,#7727,#7728,#7729,
    #7730,#7731,#7732,#7733,#7734,#7735,#7736,#7737,#7738,#7739,#7740,
    #7741,#7742,#7743,#7744,#7745,#7746,#7747),.UNSPECIFIED.,.F.,.F.,(6,
    4,4,4,4,4,4,4,6),(0.,7.342333284224E-02,0.190055240529,
    0.305109142678,0.452809732672,0.60602670665,0.743253708136,
    0.87141427813,1.),.UNSPECIFIED.);
#7714 = CARTESIAN_POINT('',(4.283580520765,0.263585910647));
#7715 = CARTESIAN_POINT('',(4.258444395957,0.263585321263));
#7716 = CARTESIAN_POINT('',(4.233308267188,0.263585010136));
#7717 = CARTESIAN_POINT('',(4.208172130406,0.263583870862));
#7718 = CARTESIAN_POINT('',(4.183035986584,0.263581351967));
#7719 = CARTESIAN_POINT('',(4.117971437321,0.263571269662));
#7720 = CARTESIAN_POINT('',(4.078042949398,0.263561424497));
#7721 = CARTESIAN_POINT('',(4.038114435569,0.263548415768));
#7722 = CARTESIAN_POINT('',(3.998185952576,0.263533961153));
#7723 = CARTESIAN_POINT('',(3.918869382936,0.263508217481));
#7724 = CARTESIAN_POINT('',(3.879481175989,0.263496666402));
#7725 = CARTESIAN_POINT('',(3.840092989846,0.263488873091));
#7726 = CARTESIAN_POINT('',(3.800704866233,0.263486255951));
#7727 = CARTESIAN_POINT('',(3.710752399091,0.263492812952));
#7728 = CARTESIAN_POINT('',(3.660187433291,0.263505438477));
#7729 = CARTESIAN_POINT('',(3.609623616539,0.263527442891));
#7730 = CARTESIAN_POINT('',(3.559058676392,0.263554639658));
#7731 = CARTESIAN_POINT('',(3.456041392145,0.26361070986));
#7732 = CARTESIAN_POINT('',(3.403587762624,0.263639649288));
#7733 = CARTESIAN_POINT('',(3.351135361307,0.263663535724));
#7734 = CARTESIAN_POINT('',(3.29868155036,0.263677154017));
#7735 = CARTESIAN_POINT('',(3.199249272554,0.263682710008));
#7736 = CARTESIAN_POINT('',(3.15226998217,0.263676666074));
#7737 = CARTESIAN_POINT('',(3.105290606262,0.263661795089));
#7738 = CARTESIAN_POINT('',(3.058311264224,0.263640074448));
#7739 = CARTESIAN_POINT('',(2.967456754669,0.263592775439));
#7740 = CARTESIAN_POINT('',(2.923581344381,0.263567325111));
#7741 = CARTESIAN_POINT('',(2.879705944044,0.263542762073));
#7742 = CARTESIAN_POINT('',(2.835830633756,0.263521928648));
#7743 = CARTESIAN_POINT('',(2.747934772838,0.263492048731));
#7744 = CARTESIAN_POINT('',(2.703914022386,0.263482907581));
#7745 = CARTESIAN_POINT('',(2.659893292565,0.26348138621));
#7746 = CARTESIAN_POINT('',(2.615872636021,0.263487096346));
#7747 = CARTESIAN_POINT('',(2.571852091772,0.26349746522));
#7748 = ( GEOMETRIC_REPRESENTATION_CONTEXT(2) 
PARAMETRIC_REPRESENTATION_CONTEXT() REPRESENTATION_CONTEXT('2D SPACE',''
  ) );
#7749 = PCURVE('',#7750,#7767);
#7750 = B_SPLINE_SURFACE_WITH_KNOTS('',1,7,(
    (#7751,#7752,#7753,#7754,#7755,#7756,#7757,#7758)
    ,(#7759,#7760,#7761,#7762,#7763,#7764,#7765,#7766
  )),.UNSPECIFIED.,.F.,.F.,.F.,(2,2),(8,8),(0.,0.907631130322),(0.,
    2.29563493044),.PIECEWISE_BEZIER_KNOTS.);
#7751 = CARTESIAN_POINT('',(-3.427779887768,4.938265257468,
    35.709926576234));
#7752 = CARTESIAN_POINT('',(-4.898348030267,3.92311013997,
    35.839588165686));
#7753 = CARTESIAN_POINT('',(-6.012162068147,2.391156008393,
    35.969249758384));
#7754 = CARTESIAN_POINT('',(-6.551632912531,0.492844674923,
    36.098911342433));
#7755 = CARTESIAN_POINT('',(-6.375848595087,-1.506603001701,
    36.228572940236));
#7756 = CARTESIAN_POINT('',(-5.513411115478,-3.281647986813,
    36.358234524284));
#7757 = CARTESIAN_POINT('',(-4.149377493772,-4.595760630802,
    36.487896116983));
#7758 = CARTESIAN_POINT('',(-2.524234537222,-5.338741751082,
    36.617557706434));
#7759 = CARTESIAN_POINT('',(-3.427779887768,4.938265257468,
    36.617557706557));
#7760 = CARTESIAN_POINT('',(-4.898348014255,3.923110118246,
    36.747219296008));
#7761 = CARTESIAN_POINT('',(-6.012162112353,2.391156092061,
    36.876880888706));
#7762 = CARTESIAN_POINT('',(-6.551632836926,0.492844619714,
    37.006542472756));
#7763 = CARTESIAN_POINT('',(-6.375848653987,-1.506603067799,
    37.136204070558));
#7764 = CARTESIAN_POINT('',(-5.513411081443,-3.281647893587,
    37.265865654606));
#7765 = CARTESIAN_POINT('',(-4.14937750192,-4.595760650635,
    37.395527247305));
#7766 = CARTESIAN_POINT('',(-2.524234534914,-5.338741746034,
    37.525188836756));
#7767 = DEFINITIONAL_REPRESENTATION('',(#7768),#7803);
#7768 = B_SPLINE_CURVE_WITH_KNOTS('',5,(#7769,#7770,#7771,#7772,#7773,
    #7774,#7775,#7776,#7777,#7778,#7779,#7780,#7781,#7782,#7783,#7784,
    #7785,#7786,#7787,#7788,#7789,#7790,#7791,#7792,#7793,#7794,#7795,
    #7796,#7797,#7798,#7799,#7800,#7801,#7802),.UNSPECIFIED.,.F.,.F.,(6,
    4,4,4,4,4,4,4,6),(0.,7.342333284224E-02,0.190055240529,
    0.305109142678,0.452809732672,0.60602670665,0.743253708136,
    0.87141427813,1.),.UNSPECIFIED.);
#7769 = CARTESIAN_POINT('',(0.170875196249,2.29563493044));
#7770 = CARTESIAN_POINT('',(0.181694582787,2.268269057475));
#7771 = CARTESIAN_POINT('',(0.192514126207,2.240903181241));
#7772 = CARTESIAN_POINT('',(0.203333195857,2.213537332297));
#7773 = CARTESIAN_POINT('',(0.214151478939,2.186171521955));
#7774 = CARTESIAN_POINT('',(0.242152426107,2.115335595056));
#7775 = CARTESIAN_POINT('',(0.259333826996,2.071865446952));
#7776 = CARTESIAN_POINT('',(0.276513458954,2.028395299386));
#7777 = CARTESIAN_POINT('',(0.293692280221,1.984925157574));
#7778 = CARTESIAN_POINT('',(0.327819145656,1.898573045308));
#7779 = CARTESIAN_POINT('',(0.344767092844,1.855690949621));
#7780 = CARTESIAN_POINT('',(0.361717173483,1.81280877163));
#7781 = CARTESIAN_POINT('',(0.378670161805,1.769926558889));
#7782 = CARTESIAN_POINT('',(0.417393548494,1.671994325743));
#7783 = CARTESIAN_POINT('',(0.439166162646,1.616943581575));
#7784 = CARTESIAN_POINT('',(0.460943544995,1.561894039925));
#7785 = CARTESIAN_POINT('',(0.482724292081,1.506843329889));
#7786 = CARTESIAN_POINT('',(0.527099083293,1.394687240519));
#7787 = CARTESIAN_POINT('',(0.549693715117,1.337580468042));
#7788 = CARTESIAN_POINT('',(0.572284940833,1.280475164876));
#7789 = CARTESIAN_POINT('',(0.594870998499,1.223368413703));
#7790 = CARTESIAN_POINT('',(0.637674149155,1.115115981795));
#7791 = CARTESIAN_POINT('',(0.657892725101,1.063969404317));
#7792 = CARTESIAN_POINT('',(0.678106419375,1.012822692223));
#7793 = CARTESIAN_POINT('',(0.698316299456,0.9616759415));
#7794 = CARTESIAN_POINT('',(0.737397790822,0.862761813857));
#7795 = CARTESIAN_POINT('',(0.756269573585,0.814994184342));
#7796 = CARTESIAN_POINT('',(0.775141875189,0.767226496864));
#7797 = CARTESIAN_POINT('',(0.794016238194,0.71945886919));
#7798 = CARTESIAN_POINT('',(0.831834057469,0.623765526516));
#7799 = CARTESIAN_POINT('',(0.850777548705,0.575839589201));
#7800 = CARTESIAN_POINT('',(0.869725260833,0.527913751219));
#7801 = CARTESIAN_POINT('',(0.888676940561,0.479988104202));
#7802 = CARTESIAN_POINT('',(0.907631130322,0.432062696468));
#7803 = ( GEOMETRIC_REPRESENTATION_CONTEXT(2) 
PARAMETRIC_REPRESENTATION_CONTEXT() REPRESENTATION_CONTEXT('2D SPACE',''
  ) );
#7804 = ORIENTED_EDGE('',*,*,#7805,.T.);
#7805 = EDGE_CURVE('',#7673,#7806,#7808,.T.);
#7806 = VERTEX_POINT('',#7807);
#7807 = CARTESIAN_POINT('',(-3.315684325305,4.329005073644,
    37.216634692222));
#7808 = SURFACE_CURVE('',#7809,(#7861,#7916),.PCURVE_S1.);
#7809 = B_SPLINE_CURVE_WITH_KNOTS('',8,(#7810,#7811,#7812,#7813,#7814,
    #7815,#7816,#7817,#7818,#7819,#7820,#7821,#7822,#7823,#7824,#7825,
    #7826,#7827,#7828,#7829,#7830,#7831,#7832,#7833,#7834,#7835,#7836,
    #7837,#7838,#7839,#7840,#7841,#7842,#7843,#7844,#7845,#7846,#7847,
    #7848,#7849,#7850,#7851,#7852,#7853,#7854,#7855,#7856,#7857,#7858,
    #7859,#7860),.UNSPECIFIED.,.F.,.F.,(9,7,7,7,7,7,7,9),(0.,
    0.313685545076,0.377331390705,0.468452637441,0.549321781904,
    0.600751001816,0.747285220359,1.),.UNSPECIFIED.);
#7810 = CARTESIAN_POINT('',(-5.052851664888,3.256232682755,
    36.788383454311));
#7811 = CARTESIAN_POINT('',(-4.982323981465,3.366327076617,
    36.788386356846));
#7812 = CARTESIAN_POINT('',(-4.909149061683,3.474118240984,
    36.78904853566));
#7813 = CARTESIAN_POINT('',(-4.833201834713,3.579811794355,
    36.790522402893));
#7814 = CARTESIAN_POINT('',(-4.754442425479,3.683343061736,
    36.793020582381));
#7815 = CARTESIAN_POINT('',(-4.672983221723,3.784401588932,
    36.79686686161));
#7816 = CARTESIAN_POINT('',(-4.589087093137,3.882404286747,
    36.802506463078));
#7817 = CARTESIAN_POINT('',(-4.503285741206,3.976505996473,
    36.810678302557));
#7818 = CARTESIAN_POINT('',(-4.39852306965,4.083261465065,
    36.825015947018));
#7819 = CARTESIAN_POINT('',(-4.380809832882,4.101037112194,
    36.827587172595));
#7820 = CARTESIAN_POINT('',(-4.363063154317,4.118565995957,
    36.830320414771));
#7821 = CARTESIAN_POINT('',(-4.345294497625,4.135829555763,
    36.83322526944));
#7822 = CARTESIAN_POINT('',(-4.327517543467,4.152806570116,
    36.836311400764));
#7823 = CARTESIAN_POINT('',(-4.309748040391,4.169473475447,
    36.839588186741));
#7824 = CARTESIAN_POINT('',(-4.292003655735,4.185804684953,
    36.843064364772));
#7825 = CARTESIAN_POINT('',(-4.248963122994,4.224634483494,
    36.85202104612));
#7826 = CARTESIAN_POINT('',(-4.223706627995,4.246758219973,
    36.857720265796));
#7827 = CARTESIAN_POINT('',(-4.198601884851,4.268054871444,
    36.863866265147));
#7828 = CARTESIAN_POINT('',(-4.173721668357,4.288430460119,
    36.87047415076));
#7829 = CARTESIAN_POINT('',(-4.149140758883,4.307792482506,
    36.877549668243));
#7830 = CARTESIAN_POINT('',(-4.124932716476,4.32605611608,
    36.885085663567));
#7831 = CARTESIAN_POINT('',(-4.101166654964,4.343150425939,
    36.893058544392));
#7832 = CARTESIAN_POINT('',(-4.057258669621,4.373112708041,
    36.908849652925));
#7833 = CARTESIAN_POINT('',(-4.037003930235,4.386244006778,
    36.916586644547));
#7834 = CARTESIAN_POINT('',(-4.017183526828,4.398382063394,
    36.924606503552));
#7835 = CARTESIAN_POINT('',(-3.997822769986,4.409512924123,
    36.932873353165));
#7836 = CARTESIAN_POINT('',(-3.978931806672,4.419641269812,
    36.941346675744));
#7837 = CARTESIAN_POINT('',(-3.960508874935,4.428786600009,
    36.94998333597));
#7838 = CARTESIAN_POINT('',(-3.942543558637,4.436979417055,
    36.958739604037));
#7839 = CARTESIAN_POINT('',(-3.91387585622,4.448885893764,
    36.973190943994));
#7840 = CARTESIAN_POINT('',(-3.902909039629,4.453144915705,
    36.978840656959));
#7841 = CARTESIAN_POINT('',(-3.892114351111,4.457044562447,
    36.984512009467));
#7842 = CARTESIAN_POINT('',(-3.881485581222,4.46059590675,
    36.990195100928));
#7843 = CARTESIAN_POINT('',(-3.871015778905,4.463810702803,
    36.995880513852));
#7844 = CARTESIAN_POINT('',(-3.860697478064,4.466701081354,
    37.001559389274));
#7845 = CARTESIAN_POINT('',(-3.850522924121,4.469279244829,
    37.007223502167));
#7846 = CARTESIAN_POINT('',(-3.811881847386,4.478047497746,
    37.028940281036));
#7847 = CARTESIAN_POINT('',(-3.784396792642,4.482097222157,
    37.044826626992));
#7848 = CARTESIAN_POINT('',(-3.757825249858,4.48399370499,
    37.060360257039));
#7849 = CARTESIAN_POINT('',(-3.731994525106,4.483994979592,
    37.075403063132));
#7850 = CARTESIAN_POINT('',(-3.706762800104,4.482327507047,
    37.08984318355));
#7851 = CARTESIAN_POINT('',(-3.682015293601,4.479186447964,
    37.103592885006));
#7852 = CARTESIAN_POINT('',(-3.657656901059,4.474738442354,
    37.116584090199));
#7853 = CARTESIAN_POINT('',(-3.592114738475,4.459449156035,
    37.149762954485));
#7854 = CARTESIAN_POINT('',(-3.551569285174,4.44631973926,
    37.168324032332));
#7855 = CARTESIAN_POINT('',(-3.511567030969,4.430491359536,
    37.184150054693));
#7856 = CARTESIAN_POINT('',(-3.471920095454,4.412542294119,
    37.197023912197));
#7857 = CARTESIAN_POINT('',(-3.432538278346,4.392974645363,
    37.20679045087));
#7858 = CARTESIAN_POINT('',(-3.393380847806,4.372247633759,
    37.213346660111));
#7859 = CARTESIAN_POINT('',(-3.35443510171,4.350786185179,
    37.216634692222));
#7860 = CARTESIAN_POINT('',(-3.315684325305,4.329005073644,
    37.216634692222));
#7861 = PCURVE('',#7222,#7862);
#7862 = DEFINITIONAL_REPRESENTATION('',(#7863),#7915);
#7863 = B_SPLINE_CURVE_WITH_KNOTS('',8,(#7864,#7865,#7866,#7867,#7868,
    #7869,#7870,#7871,#7872,#7873,#7874,#7875,#7876,#7877,#7878,#7879,
    #7880,#7881,#7882,#7883,#7884,#7885,#7886,#7887,#7888,#7889,#7890,
    #7891,#7892,#7893,#7894,#7895,#7896,#7897,#7898,#7899,#7900,#7901,
    #7902,#7903,#7904,#7905,#7906,#7907,#7908,#7909,#7910,#7911,#7912,
    #7913,#7914),.UNSPECIFIED.,.F.,.F.,(9,7,7,7,7,7,7,9),(0.,
    0.313685545076,0.377331390705,0.468452637441,0.549321781904,
    0.600751001816,0.747285220359,1.),.UNSPECIFIED.);
#7864 = CARTESIAN_POINT('',(2.57185209152,0.26349746522));
#7865 = CARTESIAN_POINT('',(2.549811689819,0.263502656754));
#7866 = CARTESIAN_POINT('',(2.527857487921,0.264687255223));
#7867 = CARTESIAN_POINT('',(2.505930052615,0.267322285547));
#7868 = CARTESIAN_POINT('',(2.484015263295,0.271795870452));
#7869 = CARTESIAN_POINT('',(2.462146627793,0.278680427297));
#7870 = CARTESIAN_POINT('',(2.440405006977,0.288813811563));
#7871 = CARTESIAN_POINT('',(2.418933170497,0.303524854026));
#7872 = CARTESIAN_POINT('',(2.39368843671,0.329654248652));
#7873 = CARTESIAN_POINT('',(2.389452845678,0.334347617576));
#7874 = CARTESIAN_POINT('',(2.385242469142,0.33934557544));
#7875 = CARTESIAN_POINT('',(2.381060613073,0.34466783405));
#7876 = CARTESIAN_POINT('',(2.37691114844,0.350334734154));
#7877 = CARTESIAN_POINT('',(2.372798455541,0.356366721762));
#7878 = CARTESIAN_POINT('',(2.368727368318,0.362783824456));
#7879 = CARTESIAN_POINT('',(2.358941632768,0.379371132883));
#7880 = CARTESIAN_POINT('',(2.35327455496,0.38996828345));
#7881 = CARTESIAN_POINT('',(2.347719610793,0.401448544462));
#7882 = CARTESIAN_POINT('',(2.34229562352,0.413858125796));
#7883 = CARTESIAN_POINT('',(2.337021456206,0.427230525725));
#7884 = CARTESIAN_POINT('',(2.331914953805,0.441579574476));
#7885 = CARTESIAN_POINT('',(2.326991885244,0.456892477796));
#7886 = CARTESIAN_POINT('',(2.318069723141,0.487527153813));
#7887 = CARTESIAN_POINT('',(2.31402777779,0.502658255163));
#7888 = CARTESIAN_POINT('',(2.310148075857,0.518485500449));
#7889 = CARTESIAN_POINT('',(2.306434879126,0.534967250028));
#7890 = CARTESIAN_POINT('',(2.302888526251,0.552053759149));
#7891 = CARTESIAN_POINT('',(2.299506274246,0.569690048379));
#7892 = CARTESIAN_POINT('',(2.296283139977,0.58781877403));
#7893 = CARTESIAN_POINT('',(2.291260103327,0.618189192697));
#7894 = CARTESIAN_POINT('',(2.289369008389,0.630172898479));
#7895 = CARTESIAN_POINT('',(2.287537617557,0.642320902869));
#7896 = CARTESIAN_POINT('',(2.285763869445,0.654620414058));
#7897 = CARTESIAN_POINT('',(2.284045541612,0.667059317194));
#7898 = CARTESIAN_POINT('',(2.282380311603,0.679626330092));
#7899 = CARTESIAN_POINT('',(2.280765817997,0.692311158945));
#7900 = CARTESIAN_POINT('',(2.274737535669,0.741556398941));
#7901 = CARTESIAN_POINT('',(2.270670412915,0.778872778129));
#7902 = CARTESIAN_POINT('',(2.266940103226,0.816863023886));
#7903 = CARTESIAN_POINT('',(2.263495889939,0.855371312333));
#7904 = CARTESIAN_POINT('',(2.260294668381,0.894277162957));
#7905 = CARTESIAN_POINT('',(2.257300312233,0.933494556296));
#7906 = CARTESIAN_POINT('',(2.254482327564,0.972969769769));
#7907 = CARTESIAN_POINT('',(2.247211608499,1.081159133438));
#7908 = CARTESIAN_POINT('',(2.243058466744,1.150267558274));
#7909 = CARTESIAN_POINT('',(2.239220656818,1.219806555012));
#7910 = CARTESIAN_POINT('',(2.235610823347,1.289650413661));
#7911 = CARTESIAN_POINT('',(2.232162534805,1.359715020967));
#7912 = CARTESIAN_POINT('',(2.228820233839,1.42994532635));
#7913 = CARTESIAN_POINT('',(2.225535207307,1.500310332734));
#7914 = CARTESIAN_POINT('',(2.222258212168,1.570796326795));
#7915 = ( GEOMETRIC_REPRESENTATION_CONTEXT(2) 
PARAMETRIC_REPRESENTATION_CONTEXT() REPRESENTATION_CONTEXT('2D SPACE',''
  ) );
#7916 = PCURVE('',#7917,#7974);
#7917 = ( BOUNDED_SURFACE() B_SPLINE_SURFACE(6,7,(
    (#7918,#7919,#7920,#7921,#7922,#7923,#7924,#7925)
    ,(#7926,#7927,#7928,#7929,#7930,#7931,#7932,#7933)
    ,(#7934,#7935,#7936,#7937,#7938,#7939,#7940,#7941)
    ,(#7942,#7943,#7944,#7945,#7946,#7947,#7948,#7949)
    ,(#7950,#7951,#7952,#7953,#7954,#7955,#7956,#7957)
    ,(#7958,#7959,#7960,#7961,#7962,#7963,#7964,#7965)
    ,(#7966,#7967,#7968,#7969,#7970,#7971,#7972,#7973
)),.UNSPECIFIED.,.F.,.F.,.F.) B_SPLINE_SURFACE_WITH_KNOTS((7,7),(8,8),(
    0.,1.570796326795),(0.,2.29563493044),.PIECEWISE_BEZIER_KNOTS.) 
GEOMETRIC_REPRESENTATION_ITEM() RATIONAL_B_SPLINE_SURFACE((
    (1.031393471788,1.031393471788,1.031393471788,1.031393471788
      ,1.031393471788,1.031393471788,1.031393471788,1.031393471788)
    ,(1.010025407661,1.010025407661,1.010025407661,1.010025407661
      ,1.010025407661,1.010025407661,1.010025407661,1.010025407661)
    ,(0.997924642725,0.997924642725,0.997924642725,0.997924642725
      ,0.997924642725,0.997924642725,0.997924642725,0.997924642725)
    ,(0.993958444137,0.993958444137,0.993958444137,0.993958444137
      ,0.993958444137,0.993958444137,0.993958444137,0.993958444137)
    ,(0.997924642725,0.997924642725,0.997924642725,0.997924642725
      ,0.997924642725,0.997924642725,0.997924642725,0.997924642725)
    ,(1.010025407661,1.010025407661,1.010025407661,1.010025407661
      ,1.010025407661,1.010025407661,1.010025407661,1.010025407661)
    ,(1.031393471788,1.031393471788,1.031393471788,1.031393471788
      ,1.031393471788,1.031393471788,1.031393471788,1.031393471788
))) REPRESENTATION_ITEM('') SURFACE() );
#7918 = CARTESIAN_POINT('',(-3.427779887768,4.938265257468,
    36.617557706557));
#7919 = CARTESIAN_POINT('',(-4.898348014255,3.923110118246,
    36.747219296008));
#7920 = CARTESIAN_POINT('',(-6.012162112353,2.391156092061,
    36.876880888706));
#7921 = CARTESIAN_POINT('',(-6.551632836926,0.492844619714,
    37.006542472755));
#7922 = CARTESIAN_POINT('',(-6.375848653987,-1.506603067799,
    37.136204070558));
#7923 = CARTESIAN_POINT('',(-5.513411081443,-3.281647893588,
    37.265865654606));
#7924 = CARTESIAN_POINT('',(-4.14937750192,-4.595760650635,
    37.395527247305));
#7925 = CARTESIAN_POINT('',(-2.524234534914,-5.338741746034,
    37.525188836756));
#7926 = CARTESIAN_POINT('',(-3.427779887768,4.938265257468,
    36.772366285102));
#7927 = CARTESIAN_POINT('',(-4.898348011524,3.923110114541,
    36.902027874554));
#7928 = CARTESIAN_POINT('',(-6.012162119893,2.391156106332,
    37.031689467252));
#7929 = CARTESIAN_POINT('',(-6.55163282403,0.492844610297,
    37.161351051302));
#7930 = CARTESIAN_POINT('',(-6.375848664033,-1.506603079073,
    37.291012649103));
#7931 = CARTESIAN_POINT('',(-5.513411075638,-3.281647877687,
    37.420674233152));
#7932 = CARTESIAN_POINT('',(-4.14937750331,-4.595760654018,
    37.55033582585));
#7933 = CARTESIAN_POINT('',(-2.52423453452,-5.338741745173,
    37.679997415302));
#7934 = CARTESIAN_POINT('',(-3.39981568035,4.897755857388,
    36.923141596077));
#7935 = CARTESIAN_POINT('',(-4.858181280161,3.891024282555,
    37.052803184066));
#7936 = CARTESIAN_POINT('',(-5.962753174308,2.371782219814,
    37.182464783291));
#7937 = CARTESIAN_POINT('',(-6.49774740026,0.489222493254,
    37.312126352581));
#7938 = CARTESIAN_POINT('',(-6.323421935883,-1.493634113368,
    37.441787969472));
#7939 = CARTESIAN_POINT('',(-5.468140638698,-3.25394983523,
    37.571449538761));
#7940 = CARTESIAN_POINT('',(-4.115425610288,-4.557158386063,
    37.701111137987));
#7941 = CARTESIAN_POINT('',(-2.503767787051,-5.293974338165,
    37.830772725976));
#7942 = CARTESIAN_POINT('',(-3.346167898061,4.820040818166,
    37.052976991725));
#7943 = CARTESIAN_POINT('',(-4.781123634698,3.829469395746,
    37.182638576907));
#7944 = CARTESIAN_POINT('',(-5.867964842441,2.334614477441,
    37.312300188654));
#7945 = CARTESIAN_POINT('',(-6.394371214104,0.482273672126,
    37.44196172963));
#7946 = CARTESIAN_POINT('',(-6.222844152815,-1.46875385973,
    37.571623383141));
#7947 = CARTESIAN_POINT('',(-5.381291820072,-3.200812692042,
    37.701284924115));
#7948 = CARTESIAN_POINT('',(-4.050290783544,-4.483102070656,
    37.830946535864));
#7949 = CARTESIAN_POINT('',(-2.464503466603,-5.2080905495,
    37.960608121046));
#7950 = CARTESIAN_POINT('',(-3.272408364556,4.713191573059,
    37.147410629088));
#7951 = CARTESIAN_POINT('',(-4.675178231921,3.744838504508,
    37.277072210412));
#7952 = CARTESIAN_POINT('',(-5.73764177853,2.283513096588,
    37.406733839376));
#7953 = CARTESIAN_POINT('',(-6.252240848873,0.472719846997,
    37.536395341422));
#7954 = CARTESIAN_POINT('',(-6.084561257676,-1.434546364993,
    37.666057045283));
#7955 = CARTESIAN_POINT('',(-5.261884681422,-3.127755237235,
    37.795718547326));
#7956 = CARTESIAN_POINT('',(-3.960737883664,-4.381283148364,
    37.925380176292));
#7957 = CARTESIAN_POINT('',(-2.410519539877,-5.090010213423,
    38.055041757615));
#7958 = CARTESIAN_POINT('',(-3.186752857857,4.589109630087,
    37.196634692222));
#7959 = CARTESIAN_POINT('',(-4.552145904473,3.646558303698,
    37.326296269064));
#7960 = CARTESIAN_POINT('',(-5.586300144976,2.224170054775,
    37.455957918022));
#7961 = CARTESIAN_POINT('',(-6.087187634714,0.461625180013,
    37.585619374859));
#7962 = CARTESIAN_POINT('',(-5.923976026487,-1.394821864578,
    37.715281137191));
#7963 = CARTESIAN_POINT('',(-5.123219504037,-3.042915047035,
    37.844942594024));
#7964 = CARTESIAN_POINT('',(-3.85674184829,-4.26304281978,
    37.974604242985));
#7965 = CARTESIAN_POINT('',(-2.347829059524,-4.95288582404,
    38.104265819827));
#7966 = CARTESIAN_POINT('',(-3.098806050446,4.461708472096,
    37.196634692222));
#7967 = CARTESIAN_POINT('',(-4.425822440308,3.545649090473,
    37.326296264463));
#7968 = CARTESIAN_POINT('',(-5.430910092155,2.163239570913,
    37.455957933949));
#7969 = CARTESIAN_POINT('',(-5.917719220634,0.450233731702,
    37.58561934437));
#7970 = CARTESIAN_POINT('',(-5.759095107262,-1.354034722721,
    37.715281166734));
#7971 = CARTESIAN_POINT('',(-4.980845009299,-2.955805371181,
    37.844942577149));
#7972 = CARTESIAN_POINT('',(-3.749963899202,-4.141639539343,
    37.974604246639));
#7973 = CARTESIAN_POINT('',(-2.283461597308,-4.812093332056,
    38.10426581888));
#7974 = DEFINITIONAL_REPRESENTATION('',(#7975),#8027);
#7975 = B_SPLINE_CURVE_WITH_KNOTS('',8,(#7976,#7977,#7978,#7979,#7980,
    #7981,#7982,#7983,#7984,#7985,#7986,#7987,#7988,#7989,#7990,#7991,
    #7992,#7993,#7994,#7995,#7996,#7997,#7998,#7999,#8000,#8001,#8002,
    #8003,#8004,#8005,#8006,#8007,#8008,#8009,#8010,#8011,#8012,#8013,
    #8014,#8015,#8016,#8017,#8018,#8019,#8020,#8021,#8022,#8023,#8024,
    #8025,#8026),.UNSPECIFIED.,.F.,.F.,(9,7,7,7,7,7,7,9),(0.,
    0.313685545076,0.377331390705,0.468452637441,0.549321781904,
    0.600751001816,0.747285220359,1.),.UNSPECIFIED.);
#7976 = CARTESIAN_POINT('',(0.,0.432062696468));
#7977 = CARTESIAN_POINT('',(1.638834150261E-02,0.408067190365));
#7978 = CARTESIAN_POINT('',(3.385127146837E-02,0.384165556491));
#7979 = CARTESIAN_POINT('',(5.270137030014E-02,0.360293088622));
#7980 = CARTESIAN_POINT('',(7.333212392886E-02,0.336434411368));
#7981 = CARTESIAN_POINT('',(9.628294212085E-02,0.312626000989));
#7982 = CARTESIAN_POINT('',(0.122318789768,0.288955884736));
#7983 = CARTESIAN_POINT('',(0.15264195453,0.26557948868));
#7984 = CARTESIAN_POINT('',(0.196959658419,0.238095537496));
#7985 = CARTESIAN_POINT('',(0.204698832131,0.233484247927));
#7986 = CARTESIAN_POINT('',(0.212718207164,0.22890040932));
#7987 = CARTESIAN_POINT('',(0.221034709675,0.224347620835));
#7988 = CARTESIAN_POINT('',(0.229665463071,0.219830096752));
#7989 = CARTESIAN_POINT('',(0.238627313565,0.215352605857));
#7990 = CARTESIAN_POINT('',(0.247936355719,0.210920410828));
#7991 = CARTESIAN_POINT('',(0.271453497569,0.200266674135));
#7992 = CARTESIAN_POINT('',(0.286045435479,0.19409692222));
#7993 = CARTESIAN_POINT('',(0.301421186404,0.188049249571));
#7994 = CARTESIAN_POINT('',(0.317612164068,0.182144149017));
#7995 = CARTESIAN_POINT('',(0.334637226728,0.176402156762));
#7996 = CARTESIAN_POINT('',(0.352496622667,0.170842700633));
#7997 = CARTESIAN_POINT('',(0.371165935678,0.16548294832));
#7998 = CARTESIAN_POINT('',(0.407828709696,0.155769375179));
#7999 = CARTESIAN_POINT('',(0.425666872285,0.151368901692));
#8000 = CARTESIAN_POINT('',(0.444067561702,0.147145062269));
#8001 = CARTESIAN_POINT('',(0.462986531461,0.143102496784));
#8002 = CARTESIAN_POINT('',(0.482374450385,0.139241574002));
#8003 = CARTESIAN_POINT('',(0.502179107779,0.135559307705));
#8004 = CARTESIAN_POINT('',(0.522347618593,0.132050272816));
#8005 = CARTESIAN_POINT('',(0.555853650374,0.12658167869));
#8006 = CARTESIAN_POINT('',(0.569006639515,0.124522838131));
#8007 = CARTESIAN_POINT('',(0.582275814151,0.122528997435));
#8008 = CARTESIAN_POINT('',(0.595650067794,0.120597912382));
#8009 = CARTESIAN_POINT('',(0.609119077108,0.118727163409));
#8010 = CARTESIAN_POINT('',(0.622673409675,0.116914222068));
#8011 = CARTESIAN_POINT('',(0.636304631768,0.115156517485));
#8012 = CARTESIAN_POINT('',(0.689042246364,0.108593505906));
#8013 = CARTESIAN_POINT('',(0.728624998431,0.104165614449));
#8014 = CARTESIAN_POINT('',(0.768607720593,0.100104411811));
#8015 = CARTESIAN_POINT('',(0.808873165803,9.635468278802E-02));
#8016 = CARTESIAN_POINT('',(0.849333131713,9.286949931199E-02));
#8017 = CARTESIAN_POINT('',(0.889928013508,8.960953062741E-02));
#8018 = CARTESIAN_POINT('',(0.930625569539,8.654157795072E-02));
#8019 = CARTESIAN_POINT('',(1.041771596593,7.862591221118E-02));
#8020 = CARTESIAN_POINT('',(1.112341638295,7.410436648402E-02));
#8021 = CARTESIAN_POINT('',(1.18302307707,6.992612259563E-02));
#8022 = CARTESIAN_POINT('',(1.253743565208,6.599607823562E-02));
#8023 = CARTESIAN_POINT('',(1.324453444143,6.224190783094E-02));
#8024 = CARTESIAN_POINT('',(1.395119940929,5.860312508621E-02));
#8025 = CARTESIAN_POINT('',(1.46572328093,5.502669835716E-02));
#8026 = CARTESIAN_POINT('',(1.536251525515,5.145901436673E-02));
#8027 = ( GEOMETRIC_REPRESENTATION_CONTEXT(2) 
PARAMETRIC_REPRESENTATION_CONTEXT() REPRESENTATION_CONTEXT('2D SPACE',''
  ) );
#8028 = ORIENTED_EDGE('',*,*,#8029,.F.);
#8029 = EDGE_CURVE('',#7314,#7806,#8030,.T.);
#8030 = SURFACE_CURVE('',#8031,(#8036,#8043),.PCURVE_S1.);
#8031 = CIRCLE('',#8032,5.373087617868);
#8032 = AXIS2_PLACEMENT_3D('',#8033,#8034,#8035);
#8033 = CARTESIAN_POINT('',(-5.771510957849E-02,5.633528314301E-02,
    37.216634692222));
#8034 = DIRECTION('',(0.,0.,1.));
#8035 = DIRECTION('',(1.,0.,-0.));
#8036 = PCURVE('',#7222,#8037);
#8037 = DEFINITIONAL_REPRESENTATION('',(#8038),#8042);
#8038 = LINE('',#8039,#8040);
#8039 = CARTESIAN_POINT('',(0.,1.570796326795));
#8040 = VECTOR('',#8041,1.);
#8041 = DIRECTION('',(1.,0.));
#8042 = ( GEOMETRIC_REPRESENTATION_CONTEXT(2) 
PARAMETRIC_REPRESENTATION_CONTEXT() REPRESENTATION_CONTEXT('2D SPACE',''
  ) );
#8043 = PCURVE('',#7356,#8044);
#8044 = DEFINITIONAL_REPRESENTATION('',(#8045),#8049);
#8045 = CIRCLE('',#8046,5.373087617868);
#8046 = AXIS2_PLACEMENT_2D('',#8047,#8048);
#8047 = CARTESIAN_POINT('',(0.,0.));
#8048 = DIRECTION('',(1.,0.));
#8049 = ( GEOMETRIC_REPRESENTATION_CONTEXT(2) 
PARAMETRIC_REPRESENTATION_CONTEXT() REPRESENTATION_CONTEXT('2D SPACE',''
  ) );
#8050 = ADVANCED_FACE('',(#8051),#7080,.F.);
#8051 = FACE_BOUND('',#8052,.F.);
#8052 = EDGE_LOOP('',(#8053,#8054,#8055));
#8053 = ORIENTED_EDGE('',*,*,#7284,.F.);
#8054 = ORIENTED_EDGE('',*,*,#7259,.T.);
#8055 = ORIENTED_EDGE('',*,*,#7006,.T.);
#8056 = ADVANCED_FACE('',(#8057,#8486),#7356,.T.);
#8057 = FACE_BOUND('',#8058,.T.);
#8058 = EDGE_LOOP('',(#8059,#8060,#8061,#8249,#8295,#8467));
#8059 = ORIENTED_EDGE('',*,*,#7339,.T.);
#8060 = ORIENTED_EDGE('',*,*,#8029,.T.);
#8061 = ORIENTED_EDGE('',*,*,#8062,.F.);
#8062 = EDGE_CURVE('',#8063,#7806,#8065,.T.);
#8063 = VERTEX_POINT('',#8064);
#8064 = CARTESIAN_POINT('',(-3.300139707508,4.315704864156,
    37.216634692222));
#8065 = SURFACE_CURVE('',#8066,(#8125,#8187),.PCURVE_S1.);
#8066 = B_SPLINE_CURVE_WITH_KNOTS('',8,(#8067,#8068,#8069,#8070,#8071,
    #8072,#8073,#8074,#8075,#8076,#8077,#8078,#8079,#8080,#8081,#8082,
    #8083,#8084,#8085,#8086,#8087,#8088,#8089,#8090,#8091,#8092,#8093,
    #8094,#8095,#8096,#8097,#8098,#8099,#8100,#8101,#8102,#8103,#8104,
    #8105,#8106,#8107,#8108,#8109,#8110,#8111,#8112,#8113,#8114,#8115,
    #8116,#8117,#8118,#8119,#8120,#8121,#8122,#8123,#8124),
  .UNSPECIFIED.,.F.,.F.,(9,7,7,7,7,7,7,7,9),(0.,2.642933288723E-02,
    4.57913874256E-02,7.984126904832E-02,0.123204315397,0.18005757782,
    0.256163246762,0.568970425772,1.),.UNSPECIFIED.);
#8067 = CARTESIAN_POINT('',(-3.300139707509,4.315704864155,
    37.216634692222));
#8068 = CARTESIAN_POINT('',(-3.303464171381,4.320072003937,
    37.216634692222));
#8069 = CARTESIAN_POINT('',(-3.307378349299,4.323992760684,
    37.216634692222));
#8070 = CARTESIAN_POINT('',(-3.31186301291,4.327436528553,
    37.216634692222));
#8071 = CARTESIAN_POINT('',(-3.316882247333,4.330392995048,
    37.216634692222));
#8072 = CARTESIAN_POINT('',(-3.32238829363,4.332867814442,
    37.216634692222));
#8073 = CARTESIAN_POINT('',(-3.328326391287,4.334878281199,
    37.216634692222));
#8074 = CARTESIAN_POINT('',(-3.334639620692,4.336449003394,
    37.216634692222));
#8075 = CARTESIAN_POINT('',(-3.346133886753,4.338456343245,
    37.216634692222));
#8076 = CARTESIAN_POINT('',(-3.35116857753,4.339084404254,
    37.216634692222));
#8077 = CARTESIAN_POINT('',(-3.356359112949,4.339503037993,
    37.216634692222));
#8078 = CARTESIAN_POINT('',(-3.361688025636,4.339723912008,
    37.216634692222));
#8079 = CARTESIAN_POINT('',(-3.367139340157,4.339758732755,
    37.216634692222));
#8080 = CARTESIAN_POINT('',(-3.372698827342,4.339618895802,
    37.216634692222));
#8081 = CARTESIAN_POINT('',(-3.378354258606,4.339315136023,
    37.216634692222));
#8082 = CARTESIAN_POINT('',(-3.394192421807,4.338051817839,
    37.216634692222));
#8083 = CARTESIAN_POINT('',(-3.404550423338,4.336770136975,
    37.216634692222));
#8084 = CARTESIAN_POINT('',(-3.415117266324,4.335065632274,
    37.216634692222));
#8085 = CARTESIAN_POINT('',(-3.42584951464,4.332984327842,
    37.216634692222));
#8086 = CARTESIAN_POINT('',(-3.436712282672,4.330565367417,
    37.216634692222));
#8087 = CARTESIAN_POINT('',(-3.44767882339,4.32784160695,37.216634692222
    ));
#8088 = CARTESIAN_POINT('',(-3.458730116433,4.324840207199,
    37.216634692222));
#8089 = CARTESIAN_POINT('',(-3.484021473425,4.317435411222,
    37.216634692222));
#8090 = CARTESIAN_POINT('',(-3.498299357309,4.312875381526,
    37.216634692222));
#8091 = CARTESIAN_POINT('',(-3.512658558286,4.307949780701,
    37.216634692222));
#8092 = CARTESIAN_POINT('',(-3.527075208287,4.302696818863,
    37.216634692222));
#8093 = CARTESIAN_POINT('',(-3.54153064017,4.297147540104,
    37.216634692222));
#8094 = CARTESIAN_POINT('',(-3.556010907165,4.291327089821,
    37.216634692222));
#8095 = CARTESIAN_POINT('',(-3.57050630232,4.285255982048,
    37.216634692222));
#8096 = CARTESIAN_POINT('',(-3.604027817811,4.270685389744,
    37.216634692222));
#8097 = CARTESIAN_POINT('',(-3.623055592548,4.262020081491,
    37.216634692222));
#8098 = CARTESIAN_POINT('',(-3.64207736872,4.252994314768,
    37.216634692222));
#8099 = CARTESIAN_POINT('',(-3.661079439963,4.243639876756,
    37.216634692222));
#8100 = CARTESIAN_POINT('',(-3.680051003348,4.233982594278,
    37.216634692222));
#8101 = CARTESIAN_POINT('',(-3.69898393573,4.224043459005,
    37.216634692222));
#8102 = CARTESIAN_POINT('',(-3.717872570101,4.213839752652,
    37.216634692222));
#8103 = CARTESIAN_POINT('',(-3.761934530105,4.189392661513,
    37.216634692222));
#8104 = CARTESIAN_POINT('',(-3.787066758477,4.174953130707,
    37.216634692222));
#8105 = CARTESIAN_POINT('',(-3.812099661712,4.160102795569,
    37.216634692222));
#8106 = CARTESIAN_POINT('',(-3.837024463374,4.144870731759,
    37.216634692222));
#8107 = CARTESIAN_POINT('',(-3.861834057865,4.129280841877,
    37.216634692222));
#8108 = CARTESIAN_POINT('',(-3.88652296236,4.113352822546,
    37.216634692222));
#8109 = CARTESIAN_POINT('',(-3.91108726874,4.097103131497,
    37.216634692222));
#8110 = CARTESIAN_POINT('',(-4.035966144199,4.012493155788,
    37.216634692222));
#8111 = CARTESIAN_POINT('',(-4.134196796331,3.939288959764,
    37.216634692222));
#8112 = CARTESIAN_POINT('',(-4.230099964422,3.861868698372,
    37.216634692222));
#8113 = CARTESIAN_POINT('',(-4.323514612086,3.780680878726,
    37.216634692222));
#8114 = CARTESIAN_POINT('',(-4.414342392445,3.696141804741,
    37.216634692222));
#8115 = CARTESIAN_POINT('',(-4.50251312708,3.608506737865,
    37.216634692222));
#8116 = CARTESIAN_POINT('',(-4.587999047465,3.517983306258,
    37.216634692222));
#8117 = CARTESIAN_POINT('',(-4.784896409765,3.296121315136,
    37.216634692222));
#8118 = CARTESIAN_POINT('',(-4.893775693542,3.162423373385,
    37.216634692222));
#8119 = CARTESIAN_POINT('',(-4.997318266554,3.024066828431,
    37.216634692222));
#8120 = CARTESIAN_POINT('',(-5.095390159911,2.88145079937,
    37.216634692222));
#8121 = CARTESIAN_POINT('',(-5.187870764363,2.734938325376,
    37.216634692222));
#8122 = CARTESIAN_POINT('',(-5.274657175536,2.584865655943,
    37.216634692222));
#8123 = CARTESIAN_POINT('',(-5.355659742583,2.431539509201,
    37.216634692222));
#8124 = CARTESIAN_POINT('',(-5.430802727446,2.275243197775,
    37.216634692222));
#8125 = PCURVE('',#7356,#8126);
#8126 = DEFINITIONAL_REPRESENTATION('',(#8127),#8186);
#8127 = B_SPLINE_CURVE_WITH_KNOTS('',8,(#8128,#8129,#8130,#8131,#8132,
    #8133,#8134,#8135,#8136,#8137,#8138,#8139,#8140,#8141,#8142,#8143,
    #8144,#8145,#8146,#8147,#8148,#8149,#8150,#8151,#8152,#8153,#8154,
    #8155,#8156,#8157,#8158,#8159,#8160,#8161,#8162,#8163,#8164,#8165,
    #8166,#8167,#8168,#8169,#8170,#8171,#8172,#8173,#8174,#8175,#8176,
    #8177,#8178,#8179,#8180,#8181,#8182,#8183,#8184,#8185),
  .UNSPECIFIED.,.F.,.F.,(9,7,7,7,7,7,7,7,9),(0.,2.642933288723E-02,
    4.57913874256E-02,7.984126904832E-02,0.123204315397,0.18005757782,
    0.256163246762,0.568970425772,1.),.UNSPECIFIED.);
#8128 = CARTESIAN_POINT('',(-3.24242459793,4.259369581012));
#8129 = CARTESIAN_POINT('',(-3.245749061802,4.263736720794));
#8130 = CARTESIAN_POINT('',(-3.24966323972,4.267657477541));
#8131 = CARTESIAN_POINT('',(-3.254147903332,4.27110124541));
#8132 = CARTESIAN_POINT('',(-3.259167137754,4.274057711905));
#8133 = CARTESIAN_POINT('',(-3.264673184051,4.276532531299));
#8134 = CARTESIAN_POINT('',(-3.270611281709,4.278542998056));
#8135 = CARTESIAN_POINT('',(-3.276924511113,4.280113720251));
#8136 = CARTESIAN_POINT('',(-3.288418777175,4.282121060102));
#8137 = CARTESIAN_POINT('',(-3.293453467952,4.282749121111));
#8138 = CARTESIAN_POINT('',(-3.29864400337,4.28316775485));
#8139 = CARTESIAN_POINT('',(-3.303972916057,4.283388628865));
#8140 = CARTESIAN_POINT('',(-3.309424230579,4.283423449612));
#8141 = CARTESIAN_POINT('',(-3.314983717763,4.283283612659));
#8142 = CARTESIAN_POINT('',(-3.320639149027,4.28297985288));
#8143 = CARTESIAN_POINT('',(-3.336477312228,4.281716534696));
#8144 = CARTESIAN_POINT('',(-3.34683531376,4.280434853832));
#8145 = CARTESIAN_POINT('',(-3.357402156745,4.278730349131));
#8146 = CARTESIAN_POINT('',(-3.368134405062,4.276649044699));
#8147 = CARTESIAN_POINT('',(-3.378997173093,4.274230084274));
#8148 = CARTESIAN_POINT('',(-3.389963713812,4.271506323807));
#8149 = CARTESIAN_POINT('',(-3.401015006854,4.268504924056));
#8150 = CARTESIAN_POINT('',(-3.426306363846,4.261100128079));
#8151 = CARTESIAN_POINT('',(-3.440584247731,4.256540098383));
#8152 = CARTESIAN_POINT('',(-3.454943448708,4.251614497558));
#8153 = CARTESIAN_POINT('',(-3.469360098709,4.24636153572));
#8154 = CARTESIAN_POINT('',(-3.483815530591,4.240812256961));
#8155 = CARTESIAN_POINT('',(-3.498295797586,4.234991806678));
#8156 = CARTESIAN_POINT('',(-3.512791192741,4.228920698905));
#8157 = CARTESIAN_POINT('',(-3.546312708232,4.214350106601));
#8158 = CARTESIAN_POINT('',(-3.56534048297,4.205684798348));
#8159 = CARTESIAN_POINT('',(-3.584362259141,4.196659031625));
#8160 = CARTESIAN_POINT('',(-3.603364330385,4.187304593613));
#8161 = CARTESIAN_POINT('',(-3.62233589377,4.177647311135));
#8162 = CARTESIAN_POINT('',(-3.641268826152,4.167708175862));
#8163 = CARTESIAN_POINT('',(-3.660157460523,4.157504469509));
#8164 = CARTESIAN_POINT('',(-3.704219420526,4.13305737837));
#8165 = CARTESIAN_POINT('',(-3.729351648898,4.118617847564));
#8166 = CARTESIAN_POINT('',(-3.754384552134,4.103767512426));
#8167 = CARTESIAN_POINT('',(-3.779309353796,4.088535448616));
#8168 = CARTESIAN_POINT('',(-3.804118948286,4.072945558734));
#8169 = CARTESIAN_POINT('',(-3.828807852782,4.057017539403));
#8170 = CARTESIAN_POINT('',(-3.853372159161,4.040767848354));
#8171 = CARTESIAN_POINT('',(-3.978251034621,3.956157872645));
#8172 = CARTESIAN_POINT('',(-4.076481686753,3.882953676621));
#8173 = CARTESIAN_POINT('',(-4.172384854844,3.805533415229));
#8174 = CARTESIAN_POINT('',(-4.265799502508,3.724345595583));
#8175 = CARTESIAN_POINT('',(-4.356627282866,3.639806521598));
#8176 = CARTESIAN_POINT('',(-4.444798017502,3.552171454722));
#8177 = CARTESIAN_POINT('',(-4.530283937886,3.461648023115));
#8178 = CARTESIAN_POINT('',(-4.727181300187,3.239786031993));
#8179 = CARTESIAN_POINT('',(-4.836060583963,3.106088090242));
#8180 = CARTESIAN_POINT('',(-4.939603156975,2.967731545288));
#8181 = CARTESIAN_POINT('',(-5.037675050333,2.825115516227));
#8182 = CARTESIAN_POINT('',(-5.130155654784,2.678603042233));
#8183 = CARTESIAN_POINT('',(-5.216942065957,2.5285303728));
#8184 = CARTESIAN_POINT('',(-5.297944633004,2.375204226058));
#8185 = CARTESIAN_POINT('',(-5.373087617868,2.218907914632));
#8186 = ( GEOMETRIC_REPRESENTATION_CONTEXT(2) 
PARAMETRIC_REPRESENTATION_CONTEXT() REPRESENTATION_CONTEXT('2D SPACE',''
  ) );
#8187 = PCURVE('',#7917,#8188);
#8188 = DEFINITIONAL_REPRESENTATION('',(#8189),#8248);
#8189 = B_SPLINE_CURVE_WITH_KNOTS('',8,(#8190,#8191,#8192,#8193,#8194,
    #8195,#8196,#8197,#8198,#8199,#8200,#8201,#8202,#8203,#8204,#8205,
    #8206,#8207,#8208,#8209,#8210,#8211,#8212,#8213,#8214,#8215,#8216,
    #8217,#8218,#8219,#8220,#8221,#8222,#8223,#8224,#8225,#8226,#8227,
    #8228,#8229,#8230,#8231,#8232,#8233,#8234,#8235,#8236,#8237,#8238,
    #8239,#8240,#8241,#8242,#8243,#8244,#8245,#8246,#8247),
  .UNSPECIFIED.,.F.,.F.,(9,7,7,7,7,7,7,7,9),(0.,2.642933288723E-02,
    4.57913874256E-02,7.984126904832E-02,0.123204315397,0.18005757782,
    0.256163246762,0.568970425772,1.),.UNSPECIFIED.);
#8190 = CARTESIAN_POINT('',(1.570796326795,5.058520073918E-02));
#8191 = CARTESIAN_POINT('',(1.561318216017,5.058520069562E-02));
#8192 = CARTESIAN_POINT('',(1.551836622348,5.07356291708E-02));
#8193 = CARTESIAN_POINT('',(1.542412454177,5.103650131514E-02));
#8194 = CARTESIAN_POINT('',(1.533095087289,5.148267886716E-02));
#8195 = CARTESIAN_POINT('',(1.523923632899,5.2065212618E-02));
#8196 = CARTESIAN_POINT('',(1.514928205687,5.2772684876E-02));
#8197 = CARTESIAN_POINT('',(1.506131191839,5.35925519312E-02));
#8198 = CARTESIAN_POINT('',(1.491260873816,5.518642799828E-02));
#8199 = CARTESIAN_POINT('',(1.485085136904,5.591438310706E-02));
#8200 = CARTESIAN_POINT('',(1.479024172597,5.669185962712E-02));
#8201 = CARTESIAN_POINT('',(1.473079118673,5.751454522824E-02));
#8202 = CARTESIAN_POINT('',(1.467249596874,5.837838626281E-02));
#8203 = CARTESIAN_POINT('',(1.461533925345,5.927966655936E-02));
#8204 = CARTESIAN_POINT('',(1.455929331079,6.021508621625E-02));
#8205 = CARTESIAN_POINT('',(1.440764906024,6.288196293584E-02));
#8206 = CARTESIAN_POINT('',(1.431434057017,6.467818576466E-02));
#8207 = CARTESIAN_POINT('',(1.422416864779,6.655548228163E-02));
#8208 = CARTESIAN_POINT('',(1.413692419816,6.850127089746E-02));
#8209 = CARTESIAN_POINT('',(1.405241040847,7.050524675063E-02));
#8210 = CARTESIAN_POINT('',(1.39704366196,7.255921342428E-02));
#8211 = CARTESIAN_POINT('',(1.389081219769,7.46569146632E-02));
#8212 = CARTESIAN_POINT('',(1.371467889059,7.951530650048E-02));
#8213 = CARTESIAN_POINT('',(1.361956032436,8.229893687351E-02));
#8214 = CARTESIAN_POINT('',(1.352762344572,8.513454934725E-02));
#8215 = CARTESIAN_POINT('',(1.343857157696,8.801389629225E-02));
#8216 = CARTESIAN_POINT('',(1.335215788949,9.093044557442E-02));
#8217 = CARTESIAN_POINT('',(1.326817066949,9.387913581736E-02));
#8218 = CARTESIAN_POINT('',(1.318641858354,9.685613166455E-02));
#8219 = CARTESIAN_POINT('',(1.300221786462,0.103795085884));
#8220 = CARTESIAN_POINT('',(1.290127113785,0.107774331825));
#8221 = CARTESIAN_POINT('',(1.280349572031,0.111789346666));
#8222 = CARTESIAN_POINT('',(1.270858301816,0.115834506706));
#8223 = CARTESIAN_POINT('',(1.261628063803,0.119905357848));
#8224 = CARTESIAN_POINT('',(1.252637713769,0.123998438695));
#8225 = CARTESIAN_POINT('',(1.243868677675,0.128111103649));
#8226 = CARTESIAN_POINT('',(1.223837696792,0.137770225881));
#8227 = CARTESIAN_POINT('',(1.212738766466,0.143329892793));
#8228 = CARTESIAN_POINT('',(1.201967599274,0.148915202802));
#8229 = CARTESIAN_POINT('',(1.191492445379,0.154521987729));
#8230 = CARTESIAN_POINT('',(1.181287348261,0.160146931488));
#8231 = CARTESIAN_POINT('',(1.171330651405,0.16578744642));
#8232 = CARTESIAN_POINT('',(1.161603504987,0.171441549615));
#8233 = CARTESIAN_POINT('',(1.112979567981,0.200396737547));
#8234 = CARTESIAN_POINT('',(1.077480069808,0.223874847635));
#8235 = CARTESIAN_POINT('',(1.044390879581,0.247451298502));
#8236 = CARTESIAN_POINT('',(1.01328768724,0.271080812793));
#8237 = CARTESIAN_POINT('',(0.983755594094,0.294729129741));
#8238 = CARTESIAN_POINT('',(0.955574359851,0.318382543194));
#8239 = CARTESIAN_POINT('',(0.928526437782,0.342037814637));
#8240 = CARTESIAN_POINT('',(0.866515047254,0.398320616241));
#8241 = CARTESIAN_POINT('',(0.832459856599,0.430925879011));
#8242 = CARTESIAN_POINT('',(0.799884058797,0.463511546828));
#8243 = CARTESIAN_POINT('',(0.768545852576,0.496069529913));
#8244 = CARTESIAN_POINT('',(0.73826551581,0.528594711478));
#8245 = CARTESIAN_POINT('',(0.708898084409,0.561085017142));
#8246 = CARTESIAN_POINT('',(0.680331542605,0.593541452894));
#8247 = CARTESIAN_POINT('',(0.652468206404,0.625968296596));
#8248 = ( GEOMETRIC_REPRESENTATION_CONTEXT(2) 
PARAMETRIC_REPRESENTATION_CONTEXT() REPRESENTATION_CONTEXT('2D SPACE',''
  ) );
#8249 = ORIENTED_EDGE('',*,*,#8250,.F.);
#8250 = EDGE_CURVE('',#8251,#8063,#8253,.T.);
#8251 = VERTEX_POINT('',#8252);
#8252 = CARTESIAN_POINT('',(-2.851037676647,3.725747686626,
    37.216634692222));
#8253 = SURFACE_CURVE('',#8254,(#8260,#8269),.PCURVE_S1.);
#8254 = B_SPLINE_CURVE_WITH_KNOTS('',4,(#8255,#8256,#8257,#8258,#8259),
  .UNSPECIFIED.,.F.,.F.,(5,5),(0.,1.),.PIECEWISE_BEZIER_KNOTS.);
#8255 = CARTESIAN_POINT('',(-2.851037676647,3.725747686626,
    37.216634692222));
#8256 = CARTESIAN_POINT('',(-2.963313185159,3.873236980402,
    37.216634692222));
#8257 = CARTESIAN_POINT('',(-3.075588693141,4.020726274582,
    37.216634692222));
#8258 = CARTESIAN_POINT('',(-3.18786420059,4.168215569166,
    37.216634692222));
#8259 = CARTESIAN_POINT('',(-3.300139707509,4.315704864155,
    37.216634692222));
#8260 = PCURVE('',#7356,#8261);
#8261 = DEFINITIONAL_REPRESENTATION('',(#8262),#8268);
#8262 = B_SPLINE_CURVE_WITH_KNOTS('',4,(#8263,#8264,#8265,#8266,#8267),
  .UNSPECIFIED.,.F.,.F.,(5,5),(0.,1.),.PIECEWISE_BEZIER_KNOTS.);
#8263 = CARTESIAN_POINT('',(-2.793322567068,3.669412403483));
#8264 = CARTESIAN_POINT('',(-2.905598075581,3.816901697259));
#8265 = CARTESIAN_POINT('',(-3.017873583562,3.964390991439));
#8266 = CARTESIAN_POINT('',(-3.130149091012,4.111880286023));
#8267 = CARTESIAN_POINT('',(-3.24242459793,4.259369581012));
#8268 = ( GEOMETRIC_REPRESENTATION_CONTEXT(2) 
PARAMETRIC_REPRESENTATION_CONTEXT() REPRESENTATION_CONTEXT('2D SPACE',''
  ) );
#8269 = PCURVE('',#8270,#8287);
#8270 = B_SPLINE_SURFACE_WITH_KNOTS('',1,7,(
    (#8271,#8272,#8273,#8274,#8275,#8276,#8277,#8278)
    ,(#8279,#8280,#8281,#8282,#8283,#8284,#8285,#8286
  )),.UNSPECIFIED.,.F.,.F.,.F.,(2,2),(8,8),(0.,0.741445946814),(0.,
    2.29563493044),.PIECEWISE_BEZIER_KNOTS.);
#8271 = CARTESIAN_POINT('',(-3.098806050446,4.461708472096,
    37.196634692222));
#8272 = CARTESIAN_POINT('',(-4.425822440308,3.545649090473,
    37.326296264463));
#8273 = CARTESIAN_POINT('',(-5.430910092155,2.163239570913,
    37.45595793395));
#8274 = CARTESIAN_POINT('',(-5.917719220633,0.450233731702,
    37.585619344369));
#8275 = CARTESIAN_POINT('',(-5.759095107262,-1.354034722721,
    37.715281166734));
#8276 = CARTESIAN_POINT('',(-4.980845009298,-2.955805371181,
    37.844942577149));
#8277 = CARTESIAN_POINT('',(-3.749963899202,-4.141639539343,
    37.974604246639));
#8278 = CARTESIAN_POINT('',(-2.283461597308,-4.812093332056,
    38.10426581888));
#8279 = CARTESIAN_POINT('',(-2.677590349721,3.851528641628,
    37.196634692222));
#8280 = CARTESIAN_POINT('',(-3.820804156614,3.062350762662,
    37.326296242428));
#8281 = CARTESIAN_POINT('',(-4.686679210884,1.871416852036,
    37.455958010233));
#8282 = CARTESIAN_POINT('',(-5.106060913879,0.395675106732,
    37.585619198339));
#8283 = CARTESIAN_POINT('',(-4.969408318484,-1.158687273006,
    37.715281308232));
#8284 = CARTESIAN_POINT('',(-4.298951324561,-2.538599059381,
    37.844942496328));
#8285 = CARTESIAN_POINT('',(-3.238557630221,-3.560186166048,
    37.974604264142));
#8286 = CARTESIAN_POINT('',(-1.975177686848,-4.137776549973,
    38.104265814345));
#8287 = DEFINITIONAL_REPRESENTATION('',(#8288),#8294);
#8288 = B_SPLINE_CURVE_WITH_KNOTS('',4,(#8289,#8290,#8291,#8292,#8293),
  .UNSPECIFIED.,.F.,.F.,(5,5),(0.,1.),.PIECEWISE_BEZIER_KNOTS.);
#8289 = CARTESIAN_POINT('',(0.741445946814,5.0585206624E-02));
#8290 = CARTESIAN_POINT('',(0.55608446011,5.058520515279E-02));
#8291 = CARTESIAN_POINT('',(0.370722973407,5.058520368157E-02));
#8292 = CARTESIAN_POINT('',(0.185361486703,5.05852022104E-02));
#8293 = CARTESIAN_POINT('',(0.,5.058520073919E-02));
#8294 = ( GEOMETRIC_REPRESENTATION_CONTEXT(2) 
PARAMETRIC_REPRESENTATION_CONTEXT() REPRESENTATION_CONTEXT('2D SPACE',''
  ) );
#8295 = ORIENTED_EDGE('',*,*,#8296,.F.);
#8296 = EDGE_CURVE('',#8297,#8251,#8299,.T.);
#8297 = VERTEX_POINT('',#8298);
#8298 = CARTESIAN_POINT('',(-1.975177689106,-4.137776554911,
    37.216634692222));
#8299 = SURFACE_CURVE('',#8300,(#8348,#8399),.PCURVE_S1.);
#8300 = B_SPLINE_CURVE_WITH_KNOTS('',6,(#8301,#8302,#8303,#8304,#8305,
    #8306,#8307,#8308,#8309,#8310,#8311,#8312,#8313,#8314,#8315,#8316,
    #8317,#8318,#8319,#8320,#8321,#8322,#8323,#8324,#8325,#8326,#8327,
    #8328,#8329,#8330,#8331,#8332,#8333,#8334,#8335,#8336,#8337,#8338,
    #8339,#8340,#8341,#8342,#8343,#8344,#8345,#8346,#8347),
  .UNSPECIFIED.,.F.,.F.,(7,5,5,5,5,5,5,5,5,7),(0.,6.442165491104E-02,
    0.155430364842,0.189175149633,0.211671627887,0.240303451479,
    0.503087726718,0.751559711786,0.767920718944,1.),.UNSPECIFIED.);
#8301 = CARTESIAN_POINT('',(-1.975177689106,-4.137776554911,
    37.216634692222));
#8302 = CARTESIAN_POINT('',(-2.068036263911,-4.095323591391,
    37.216634692222));
#8303 = CARTESIAN_POINT('',(-2.159766992479,-4.050403474296,
    37.216634692222));
#8304 = CARTESIAN_POINT('',(-2.250287827189,-4.003053805144,
    37.216634692222));
#8305 = CARTESIAN_POINT('',(-2.339518606187,-3.953315670987,
    37.216634692222));
#8306 = CARTESIAN_POINT('',(-2.427381053393,-3.901233644414,
    37.216634692222));
#8307 = CARTESIAN_POINT('',(-2.63588141806,-3.770035978574,
    37.216634692222));
#8308 = CARTESIAN_POINT('',(-2.755081278111,-3.688633985431,
    37.216634692222));
#8309 = CARTESIAN_POINT('',(-2.871182587417,-3.602785589906,
    37.216634692222));
#8310 = CARTESIAN_POINT('',(-2.983979234627,-3.512639159277,
    37.216634692222));
#8311 = CARTESIAN_POINT('',(-3.093274768268,-3.418355642318,
    37.216634692222));
#8312 = CARTESIAN_POINT('',(-3.238040260846,-3.283679898479,
    37.216634692222));
#8313 = CARTESIAN_POINT('',(-3.276691150878,-3.2467062688,
    37.216634692222));
#8314 = CARTESIAN_POINT('',(-3.314825577697,-3.209196500348,
    37.216634692222));
#8315 = CARTESIAN_POINT('',(-3.352434264297,-3.171159626355,
    37.216634692222));
#8316 = CARTESIAN_POINT('',(-3.389508145822,-3.132604893188,
    37.216634692222));
#8317 = CARTESIAN_POINT('',(-3.450391803396,-3.067499723827,
    37.216634692222));
#8318 = CARTESIAN_POINT('',(-3.474503613762,-3.041231731526,
    37.216634692222));
#8319 = CARTESIAN_POINT('',(-3.498371178451,-3.01474058549,
    37.216634692222));
#8320 = CARTESIAN_POINT('',(-3.521991919589,-2.988029127382,
    37.216634692222));
#8321 = CARTESIAN_POINT('',(-3.545363303627,-2.961100238497,
    37.216634692222));
#8322 = CARTESIAN_POINT('',(-3.597907648116,-2.899410765667,
    37.216634692222));
#8323 = CARTESIAN_POINT('',(-3.626924508437,-2.864517220929,
    37.216634692222));
#8324 = CARTESIAN_POINT('',(-3.655528289847,-2.829282228218,
    37.216634692222));
#8325 = CARTESIAN_POINT('',(-3.68371398161,-2.793711907928,
    37.216634692222));
#8326 = CARTESIAN_POINT('',(-3.711476694719,-2.757812478174,
    37.216634692222));
#8327 = CARTESIAN_POINT('',(-3.989693325637,-2.389140919525,
    37.216634692222));
#8328 = CARTESIAN_POINT('',(-4.204592507147,-2.029434811922,
    37.216634692222));
#8329 = CARTESIAN_POINT('',(-4.37968793044,-1.647482177996,
    37.216634692222));
#8330 = CARTESIAN_POINT('',(-4.512323709622,-1.248791737375,
    37.216634692222));
#8331 = CARTESIAN_POINT('',(-4.600689079877,-0.839204922312,
    37.216634692222));
#8332 = CARTESIAN_POINT('',(-4.685260124165,-3.333434542559E-02,
    37.216634692222));
#8333 = CARTESIAN_POINT('',(-4.686237359409,0.362594640157,
    37.216634692222));
#8334 = CARTESIAN_POINT('',(-4.64651375357,0.757520930515,
    37.216634692222));
#8335 = CARTESIAN_POINT('',(-4.566499058694,1.146291243519,
    37.216634692222));
#8336 = CARTESIAN_POINT('',(-4.447335323216,1.523863735918,
    37.216634692222));
#8337 = CARTESIAN_POINT('',(-4.280864235513,1.909177490169,
    37.216634692222));
#8338 = CARTESIAN_POINT('',(-4.270419258537,1.932912230355,
    37.216634692222));
#8339 = CARTESIAN_POINT('',(-4.259814237904,1.956576217636,
    37.216634692222));
#8340 = CARTESIAN_POINT('',(-4.249049774087,1.980168103767,
    37.216634692222));
#8341 = CARTESIAN_POINT('',(-4.238126482727,2.003686547355,
    37.216634692222));
#8342 = CARTESIAN_POINT('',(-4.069855173431,2.359676322862,
    37.216634692222));
#8343 = CARTESIAN_POINT('',(-3.880815451446,2.677216253756,
    37.216634692222));
#8344 = CARTESIAN_POINT('',(-3.661754699191,2.975845508265,
    37.216634692222));
#8345 = CARTESIAN_POINT('',(-3.415095557667,3.25211797973,
    37.216634692222));
#8346 = CARTESIAN_POINT('',(-3.143710586108,3.502952042038,
    37.216634692222));
#8347 = CARTESIAN_POINT('',(-2.851037676647,3.725747686626,
    37.216634692222));
#8348 = PCURVE('',#7356,#8349);
#8349 = DEFINITIONAL_REPRESENTATION('',(#8350),#8398);
#8350 = B_SPLINE_CURVE_WITH_KNOTS('',6,(#8351,#8352,#8353,#8354,#8355,
    #8356,#8357,#8358,#8359,#8360,#8361,#8362,#8363,#8364,#8365,#8366,
    #8367,#8368,#8369,#8370,#8371,#8372,#8373,#8374,#8375,#8376,#8377,
    #8378,#8379,#8380,#8381,#8382,#8383,#8384,#8385,#8386,#8387,#8388,
    #8389,#8390,#8391,#8392,#8393,#8394,#8395,#8396,#8397),
  .UNSPECIFIED.,.F.,.F.,(7,5,5,5,5,5,5,5,5,7),(0.,6.442165491104E-02,
    0.155430364842,0.189175149633,0.211671627887,0.240303451479,
    0.503087726718,0.751559711786,0.767920718944,1.),.UNSPECIFIED.);
#8351 = CARTESIAN_POINT('',(-1.917462579527,-4.194111838054));
#8352 = CARTESIAN_POINT('',(-2.010321154332,-4.151658874534));
#8353 = CARTESIAN_POINT('',(-2.102051882901,-4.106738757439));
#8354 = CARTESIAN_POINT('',(-2.19257271761,-4.059389088287));
#8355 = CARTESIAN_POINT('',(-2.281803496609,-4.00965095413));
#8356 = CARTESIAN_POINT('',(-2.369665943814,-3.957568927557));
#8357 = CARTESIAN_POINT('',(-2.578166308482,-3.826371261717));
#8358 = CARTESIAN_POINT('',(-2.697366168532,-3.744969268574));
#8359 = CARTESIAN_POINT('',(-2.813467477838,-3.659120873049));
#8360 = CARTESIAN_POINT('',(-2.926264125048,-3.56897444242));
#8361 = CARTESIAN_POINT('',(-3.03555965869,-3.474690925461));
#8362 = CARTESIAN_POINT('',(-3.180325151268,-3.340015181622));
#8363 = CARTESIAN_POINT('',(-3.2189760413,-3.303041551943));
#8364 = CARTESIAN_POINT('',(-3.257110468118,-3.265531783491));
#8365 = CARTESIAN_POINT('',(-3.294719154719,-3.227494909498));
#8366 = CARTESIAN_POINT('',(-3.331793036243,-3.188940176331));
#8367 = CARTESIAN_POINT('',(-3.392676693817,-3.12383500697));
#8368 = CARTESIAN_POINT('',(-3.416788504184,-3.097567014669));
#8369 = CARTESIAN_POINT('',(-3.440656068873,-3.071075868633));
#8370 = CARTESIAN_POINT('',(-3.46427681001,-3.044364410525));
#8371 = CARTESIAN_POINT('',(-3.487648194049,-3.01743552164));
#8372 = CARTESIAN_POINT('',(-3.540192538537,-2.95574604881));
#8373 = CARTESIAN_POINT('',(-3.569209398859,-2.920852504072));
#8374 = CARTESIAN_POINT('',(-3.597813180269,-2.885617511361));
#8375 = CARTESIAN_POINT('',(-3.625998872031,-2.850047191071));
#8376 = CARTESIAN_POINT('',(-3.65376158514,-2.814147761317));
#8377 = CARTESIAN_POINT('',(-3.931978216058,-2.445476202668));
#8378 = CARTESIAN_POINT('',(-4.146877397569,-2.085770095065));
#8379 = CARTESIAN_POINT('',(-4.321972820861,-1.703817461139));
#8380 = CARTESIAN_POINT('',(-4.454608600043,-1.305127020518));
#8381 = CARTESIAN_POINT('',(-4.542973970298,-0.895540205455));
#8382 = CARTESIAN_POINT('',(-4.627545014587,-8.96696285686E-02));
#8383 = CARTESIAN_POINT('',(-4.62852224983,0.306259357014));
#8384 = CARTESIAN_POINT('',(-4.588798643992,0.701185647372));
#8385 = CARTESIAN_POINT('',(-4.508783949116,1.089955960376));
#8386 = CARTESIAN_POINT('',(-4.389620213638,1.467528452775));
#8387 = CARTESIAN_POINT('',(-4.223149125934,1.852842207026));
#8388 = CARTESIAN_POINT('',(-4.212704148959,1.876576947212));
#8389 = CARTESIAN_POINT('',(-4.202099128326,1.900240934493));
#8390 = CARTESIAN_POINT('',(-4.191334664509,1.923832820624));
#8391 = CARTESIAN_POINT('',(-4.180411373148,1.947351264212));
#8392 = CARTESIAN_POINT('',(-4.012140063852,2.303341039719));
#8393 = CARTESIAN_POINT('',(-3.823100341867,2.620880970613));
#8394 = CARTESIAN_POINT('',(-3.604039589612,2.919510225122));
#8395 = CARTESIAN_POINT('',(-3.357380448089,3.195782696587));
#8396 = CARTESIAN_POINT('',(-3.08599547653,3.446616758895));
#8397 = CARTESIAN_POINT('',(-2.793322567068,3.669412403483));
#8398 = ( GEOMETRIC_REPRESENTATION_CONTEXT(2) 
PARAMETRIC_REPRESENTATION_CONTEXT() REPRESENTATION_CONTEXT('2D SPACE',''
  ) );
#8399 = PCURVE('',#8400,#8417);
#8400 = B_SPLINE_SURFACE_WITH_KNOTS('',1,7,(
    (#8401,#8402,#8403,#8404,#8405,#8406,#8407,#8408)
    ,(#8409,#8410,#8411,#8412,#8413,#8414,#8415,#8416
  )),.UNSPECIFIED.,.F.,.F.,.F.,(2,2),(8,8),(0.,1.486708115987),(0.,
    2.29563493044),.PIECEWISE_BEZIER_KNOTS.);
#8401 = CARTESIAN_POINT('',(-2.677590349721,3.851528641628,
    37.196634692222));
#8402 = CARTESIAN_POINT('',(-3.820804156614,3.062350762662,
    37.326296242428));
#8403 = CARTESIAN_POINT('',(-4.686679210884,1.871416852036,
    37.455958010233));
#8404 = CARTESIAN_POINT('',(-5.106060913879,0.395675106732,
    37.585619198339));
#8405 = CARTESIAN_POINT('',(-4.969408318484,-1.158687273006,
    37.715281308232));
#8406 = CARTESIAN_POINT('',(-4.298951324561,-2.538599059381,
    37.844942496328));
#8407 = CARTESIAN_POINT('',(-3.238557630221,-3.560186166048,
    37.974604264142));
#8408 = CARTESIAN_POINT('',(-1.975177686848,-4.137776549973,
    38.104265814345));
#8409 = CARTESIAN_POINT('',(-2.677590349721,3.851528641628,
    35.709926576234));
#8410 = CARTESIAN_POINT('',(-3.820804182842,3.062350798246,
    35.83958812644));
#8411 = CARTESIAN_POINT('',(-4.686679138473,1.871416714987,
    35.969249894246));
#8412 = CARTESIAN_POINT('',(-5.106061037722,0.395675197165,
    36.098911082352));
#8413 = CARTESIAN_POINT('',(-4.969408222004,-1.158687164737,
    36.228573192245));
#8414 = CARTESIAN_POINT('',(-4.298951380311,-2.538599212085,
    36.358234380341));
#8415 = CARTESIAN_POINT('',(-3.238557616874,-3.560186133561,
    36.487896148154));
#8416 = CARTESIAN_POINT('',(-1.975177690629,-4.137776558243,
    36.617557698358));
#8417 = DEFINITIONAL_REPRESENTATION('',(#8418),#8466);
#8418 = B_SPLINE_CURVE_WITH_KNOTS('',6,(#8419,#8420,#8421,#8422,#8423,
    #8424,#8425,#8426,#8427,#8428,#8429,#8430,#8431,#8432,#8433,#8434,
    #8435,#8436,#8437,#8438,#8439,#8440,#8441,#8442,#8443,#8444,#8445,
    #8446,#8447,#8448,#8449,#8450,#8451,#8452,#8453,#8454,#8455,#8456,
    #8457,#8458,#8459,#8460,#8461,#8462,#8463,#8464,#8465),
  .UNSPECIFIED.,.F.,.F.,(7,5,5,5,5,5,5,5,5,7),(0.,6.442165491104E-02,
    0.155430364842,0.189175149633,0.211671627887,0.240303451479,
    0.503087726718,0.751559711786,0.767920718944,1.),.UNSPECIFIED.);
#8419 = CARTESIAN_POINT('',(0.887631122123,2.29563493044));
#8420 = CARTESIAN_POINT('',(0.878100982815,2.2715307248));
#8421 = CARTESIAN_POINT('',(0.868570840323,2.247426514156));
#8422 = CARTESIAN_POINT('',(0.859040703781,2.223322320756));
#8423 = CARTESIAN_POINT('',(0.849510578656,2.19921815774));
#8424 = CARTESIAN_POINT('',(0.839980466749,2.175114029139));
#8425 = CARTESIAN_POINT('',(0.816987157917,2.116957979783));
#8426 = CARTESIAN_POINT('',(0.803523956317,2.082906047782));
#8427 = CARTESIAN_POINT('',(0.790060760452,2.048854130545));
#8428 = CARTESIAN_POINT('',(0.776597568913,2.014802223872));
#8429 = CARTESIAN_POINT('',(0.763134379815,1.980750322693));
#8430 = CARTESIAN_POINT('',(0.744679224466,1.934072441717));
#8431 = CARTESIAN_POINT('',(0.739687256444,1.921446458002));
#8432 = CARTESIAN_POINT('',(0.734695286469,1.908820469248));
#8433 = CARTESIAN_POINT('',(0.729703314335,1.896194474937));
#8434 = CARTESIAN_POINT('',(0.7247113399,1.883568474709));
#8435 = CARTESIAN_POINT('',(0.71639138518,1.862525147601));
#8436 = CARTESIAN_POINT('',(0.713063406168,1.854107823991));
#8437 = CARTESIAN_POINT('',(0.709735426011,1.845690497448));
#8438 = CARTESIAN_POINT('',(0.70640744469,1.837273167922));
#8439 = CARTESIAN_POINT('',(0.703079462197,1.828855835397));
#8440 = CARTESIAN_POINT('',(0.69551587152,1.809725549045));
#8441 = CARTESIAN_POINT('',(0.69128026255,1.79901259321));
#8442 = CARTESIAN_POINT('',(0.687044651643,1.788299632427));
#8443 = CARTESIAN_POINT('',(0.682809038841,1.777586666807));
#8444 = CARTESIAN_POINT('',(0.678573424212,1.766873696526));
#8445 = CARTESIAN_POINT('',(0.635463114007,1.657836516842));
#8446 = CARTESIAN_POINT('',(0.596580740812,1.559492885992));
#8447 = CARTESIAN_POINT('',(0.557707144671,1.46117145641));
#8448 = CARTESIAN_POINT('',(0.518833571085,1.362850090487));
#8449 = CARTESIAN_POINT('',(0.479951288552,1.264506700585));
#8450 = CARTESIAN_POINT('',(0.404319203948,1.073213518447));
#8451 = CARTESIAN_POINT('',(0.367556072556,0.980230012806));
#8452 = CARTESIAN_POINT('',(0.330799549526,0.887263219336));
#8453 = CARTESIAN_POINT('',(0.294042982915,0.794296310269));
#8454 = CARTESIAN_POINT('',(0.257279722176,0.701312466827));
#8455 = CARTESIAN_POINT('',(0.218101896162,0.602221560779));
#8456 = CARTESIAN_POINT('',(0.215681545953,0.596099865947));
#8457 = CARTESIAN_POINT('',(0.21326119616,0.58997817217));
#8458 = CARTESIAN_POINT('',(0.210840846805,0.583856479504));
#8459 = CARTESIAN_POINT('',(0.208420497907,0.577734788004));
#8460 = CARTESIAN_POINT('',(0.171667744666,0.484777521744));
#8461 = CARTESIAN_POINT('',(0.137331380394,0.39793193267));
#8462 = CARTESIAN_POINT('',(0.102999950198,0.311098827703));
#8463 = CARTESIAN_POINT('',(6.866861871902E-02,0.224265979808));
#8464 = CARTESIAN_POINT('',(3.43323045686E-02,0.137420535371));
#8465 = CARTESIAN_POINT('',(0.,5.0585206624E-02));
#8466 = ( GEOMETRIC_REPRESENTATION_CONTEXT(2) 
PARAMETRIC_REPRESENTATION_CONTEXT() REPRESENTATION_CONTEXT('2D SPACE',''
  ) );
#8467 = ORIENTED_EDGE('',*,*,#8468,.T.);
#8468 = EDGE_CURVE('',#8297,#7340,#8469,.T.);
#8469 = SURFACE_CURVE('',#8470,(#8474,#8480),.PCURVE_S1.);
#8470 = LINE('',#8471,#8472);
#8471 = CARTESIAN_POINT('',(-1.146310059405,-2.324774533502,
    37.216634692222));
#8472 = VECTOR('',#8473,1.);
#8473 = DIRECTION('',(-0.415787437756,-0.909461822511,0.));
#8474 = PCURVE('',#7356,#8475);
#8475 = DEFINITIONAL_REPRESENTATION('',(#8476),#8479);
#8476 = B_SPLINE_CURVE_WITH_KNOTS('',1,(#8477,#8478),.UNSPECIFIED.,.F.,
  .F.,(2,2),(1.993488865169,3.289833313687),.PIECEWISE_BEZIER_KNOTS.);
#8477 = CARTESIAN_POINT('',(-1.91746257727,-4.194111833116));
#8478 = CARTESIAN_POINT('',(-2.456466313968,-5.373087617868));
#8479 = ( GEOMETRIC_REPRESENTATION_CONTEXT(2) 
PARAMETRIC_REPRESENTATION_CONTEXT() REPRESENTATION_CONTEXT('2D SPACE',''
  ) );
#8480 = PCURVE('',#7568,#8481);
#8481 = DEFINITIONAL_REPRESENTATION('',(#8482),#8485);
#8482 = B_SPLINE_CURVE_WITH_KNOTS('',1,(#8483,#8484),.UNSPECIFIED.,.F.,
  .F.,(2,2),(1.993488865169,3.289833313687),.PIECEWISE_BEZIER_KNOTS.);
#8483 = CARTESIAN_POINT('',(-0.624663713218,-0.104788503788));
#8484 = CARTESIAN_POINT('',(0.671680735301,-0.104788503788));
#8485 = ( GEOMETRIC_REPRESENTATION_CONTEXT(2) 
PARAMETRIC_REPRESENTATION_CONTEXT() REPRESENTATION_CONTEXT('2D SPACE',''
  ) );
#8486 = FACE_BOUND('',#8487,.T.);
#8487 = EDGE_LOOP('',(#8488));
#8488 = ORIENTED_EDGE('',*,*,#8489,.F.);
#8489 = EDGE_CURVE('',#8490,#8490,#8492,.T.);
#8490 = VERTEX_POINT('',#8491);
#8491 = CARTESIAN_POINT('',(4.030692994643,5.633528314301E-02,
    37.216634692222));
#8492 = SURFACE_CURVE('',#8493,(#8498,#8505),.PCURVE_S1.);
#8493 = CIRCLE('',#8494,4.088408104221);
#8494 = AXIS2_PLACEMENT_3D('',#8495,#8496,#8497);
#8495 = CARTESIAN_POINT('',(-5.771510957849E-02,5.633528314301E-02,
    37.216634692222));
#8496 = DIRECTION('',(0.,0.,1.));
#8497 = DIRECTION('',(1.,0.,-0.));
#8498 = PCURVE('',#7356,#8499);
#8499 = DEFINITIONAL_REPRESENTATION('',(#8500),#8504);
#8500 = CIRCLE('',#8501,4.088408104221);
#8501 = AXIS2_PLACEMENT_2D('',#8502,#8503);
#8502 = CARTESIAN_POINT('',(0.,0.));
#8503 = DIRECTION('',(1.,0.));
#8504 = ( GEOMETRIC_REPRESENTATION_CONTEXT(2) 
PARAMETRIC_REPRESENTATION_CONTEXT() REPRESENTATION_CONTEXT('2D SPACE',''
  ) );
#8505 = PCURVE('',#8506,#8511);
#8506 = CYLINDRICAL_SURFACE('',#8507,4.088408104221);
#8507 = AXIS2_PLACEMENT_3D('',#8508,#8509,#8510);
#8508 = CARTESIAN_POINT('',(-5.771510957849E-02,5.633528314301E-02,
    37.216634692222));
#8509 = DIRECTION('',(-0.,-0.,-1.));
#8510 = DIRECTION('',(1.,0.,0.));
#8511 = DEFINITIONAL_REPRESENTATION('',(#8512),#8516);
#8512 = LINE('',#8513,#8514);
#8513 = CARTESIAN_POINT('',(-0.,0.));
#8514 = VECTOR('',#8515,1.);
#8515 = DIRECTION('',(-1.,0.));
#8516 = ( GEOMETRIC_REPRESENTATION_CONTEXT(2) 
PARAMETRIC_REPRESENTATION_CONTEXT() REPRESENTATION_CONTEXT('2D SPACE',''
  ) );
#8517 = ADVANCED_FACE('',(#8518),#7917,.F.);
#8518 = FACE_BOUND('',#8519,.F.);
#8519 = EDGE_LOOP('',(#8520,#8547,#8548,#8549,#8576));
#8520 = ORIENTED_EDGE('',*,*,#8521,.F.);
#8521 = EDGE_CURVE('',#7673,#8522,#8524,.T.);
#8522 = VERTEX_POINT('',#8523);
#8523 = CARTESIAN_POINT('',(-2.524234534914,-5.338741746034,
    37.525188836756));
#8524 = SURFACE_CURVE('',#8525,(#8534,#8540),.PCURVE_S1.);
#8525 = B_SPLINE_CURVE_WITH_KNOTS('',7,(#8526,#8527,#8528,#8529,#8530,
    #8531,#8532,#8533),.UNSPECIFIED.,.F.,.F.,(8,8),(0.,2.29563493044),
  .PIECEWISE_BEZIER_KNOTS.);
#8526 = CARTESIAN_POINT('',(-3.427779887768,4.938265257468,
    36.617557706557));
#8527 = CARTESIAN_POINT('',(-4.898348014255,3.923110118246,
    36.747219296008));
#8528 = CARTESIAN_POINT('',(-6.012162112353,2.391156092061,
    36.876880888706));
#8529 = CARTESIAN_POINT('',(-6.551632836926,0.492844619714,
    37.006542472756));
#8530 = CARTESIAN_POINT('',(-6.375848653987,-1.506603067799,
    37.136204070558));
#8531 = CARTESIAN_POINT('',(-5.513411081443,-3.281647893587,
    37.265865654606));
#8532 = CARTESIAN_POINT('',(-4.14937750192,-4.595760650635,
    37.395527247305));
#8533 = CARTESIAN_POINT('',(-2.524234534914,-5.338741746034,
    37.525188836756));
#8534 = PCURVE('',#7917,#8535);
#8535 = DEFINITIONAL_REPRESENTATION('',(#8536),#8539);
#8536 = B_SPLINE_CURVE_WITH_KNOTS('',1,(#8537,#8538),.UNSPECIFIED.,.F.,
  .F.,(2,2),(0.,2.29563493044),.PIECEWISE_BEZIER_KNOTS.);
#8537 = CARTESIAN_POINT('',(0.,0.));
#8538 = CARTESIAN_POINT('',(0.,2.29563493044));
#8539 = ( GEOMETRIC_REPRESENTATION_CONTEXT(2) 
PARAMETRIC_REPRESENTATION_CONTEXT() REPRESENTATION_CONTEXT('2D SPACE',''
  ) );
#8540 = PCURVE('',#7750,#8541);
#8541 = DEFINITIONAL_REPRESENTATION('',(#8542),#8546);
#8542 = LINE('',#8543,#8544);
#8543 = CARTESIAN_POINT('',(0.907631130322,0.));
#8544 = VECTOR('',#8545,1.);
#8545 = DIRECTION('',(0.,1.));
#8546 = ( GEOMETRIC_REPRESENTATION_CONTEXT(2) 
PARAMETRIC_REPRESENTATION_CONTEXT() REPRESENTATION_CONTEXT('2D SPACE',''
  ) );
#8547 = ORIENTED_EDGE('',*,*,#7805,.T.);
#8548 = ORIENTED_EDGE('',*,*,#8062,.F.);
#8549 = ORIENTED_EDGE('',*,*,#8550,.T.);
#8550 = EDGE_CURVE('',#8063,#8551,#8553,.T.);
#8551 = VERTEX_POINT('',#8552);
#8552 = CARTESIAN_POINT('',(-2.283461597308,-4.812093332056,
    38.10426581888));
#8553 = SURFACE_CURVE('',#8554,(#8563,#8570),.PCURVE_S1.);
#8554 = ( BOUNDED_CURVE() B_SPLINE_CURVE(7,(#8555,#8556,#8557,#8558,
    #8559,#8560,#8561,#8562),.UNSPECIFIED.,.F.,.F.) 
B_SPLINE_CURVE_WITH_KNOTS((8,8),(0.,2.29563493044),
.PIECEWISE_BEZIER_KNOTS.) CURVE() GEOMETRIC_REPRESENTATION_ITEM() 
RATIONAL_B_SPLINE_CURVE((1.031393471788,1.031393471788,1.031393471788,
    1.031393471788,1.031393471788,1.031393471788,1.031393471788,
1.031393471788)) REPRESENTATION_ITEM('') );
#8555 = CARTESIAN_POINT('',(-3.098806050446,4.461708472096,
    37.196634692222));
#8556 = CARTESIAN_POINT('',(-4.425822440308,3.545649090473,
    37.326296264463));
#8557 = CARTESIAN_POINT('',(-5.430910092155,2.163239570913,
    37.455957933949));
#8558 = CARTESIAN_POINT('',(-5.917719220634,0.450233731702,
    37.58561934437));
#8559 = CARTESIAN_POINT('',(-5.759095107262,-1.354034722721,
    37.715281166734));
#8560 = CARTESIAN_POINT('',(-4.980845009299,-2.955805371181,
    37.844942577149));
#8561 = CARTESIAN_POINT('',(-3.749963899202,-4.141639539343,
    37.974604246639));
#8562 = CARTESIAN_POINT('',(-2.283461597308,-4.812093332056,
    38.10426581888));
#8563 = PCURVE('',#7917,#8564);
#8564 = DEFINITIONAL_REPRESENTATION('',(#8565),#8569);
#8565 = LINE('',#8566,#8567);
#8566 = CARTESIAN_POINT('',(1.570796326795,0.));
#8567 = VECTOR('',#8568,1.);
#8568 = DIRECTION('',(0.,1.));
#8569 = ( GEOMETRIC_REPRESENTATION_CONTEXT(2) 
PARAMETRIC_REPRESENTATION_CONTEXT() REPRESENTATION_CONTEXT('2D SPACE',''
  ) );
#8570 = PCURVE('',#8270,#8571);
#8571 = DEFINITIONAL_REPRESENTATION('',(#8572),#8575);
#8572 = B_SPLINE_CURVE_WITH_KNOTS('',1,(#8573,#8574),.UNSPECIFIED.,.F.,
  .F.,(2,2),(0.,2.29563493044),.PIECEWISE_BEZIER_KNOTS.);
#8573 = CARTESIAN_POINT('',(0.,0.));
#8574 = CARTESIAN_POINT('',(0.,2.29563493044));
#8575 = ( GEOMETRIC_REPRESENTATION_CONTEXT(2) 
PARAMETRIC_REPRESENTATION_CONTEXT() REPRESENTATION_CONTEXT('2D SPACE',''
  ) );
#8576 = ORIENTED_EDGE('',*,*,#8577,.F.);
#8577 = EDGE_CURVE('',#8522,#8551,#8578,.T.);
#8578 = SURFACE_CURVE('',#8579,(#8587,#8594),.PCURVE_S1.);
#8579 = ( BOUNDED_CURVE() B_SPLINE_CURVE(6,(#8580,#8581,#8582,#8583,
#8584,#8585,#8586),.UNSPECIFIED.,.F.,.F.) B_SPLINE_CURVE_WITH_KNOTS((7,7
),(0.,1.570796326795),.PIECEWISE_BEZIER_KNOTS.) CURVE() 
GEOMETRIC_REPRESENTATION_ITEM() RATIONAL_B_SPLINE_CURVE((1.031393471788,
    1.010025407661,0.997924642725,0.993958444137,0.997924642725,
1.010025407661,1.031393471788)) REPRESENTATION_ITEM('') );
#8580 = CARTESIAN_POINT('',(-2.524234534914,-5.338741746034,
    37.525188836756));
#8581 = CARTESIAN_POINT('',(-2.52423453452,-5.338741745173,
    37.679997415302));
#8582 = CARTESIAN_POINT('',(-2.503767787051,-5.293974338165,
    37.830772725976));
#8583 = CARTESIAN_POINT('',(-2.464503466603,-5.2080905495,
    37.960608121046));
#8584 = CARTESIAN_POINT('',(-2.410519539877,-5.090010213423,
    38.055041757615));
#8585 = CARTESIAN_POINT('',(-2.347829059524,-4.95288582404,
    38.104265819827));
#8586 = CARTESIAN_POINT('',(-2.283461597308,-4.812093332056,
    38.10426581888));
#8587 = PCURVE('',#7917,#8588);
#8588 = DEFINITIONAL_REPRESENTATION('',(#8589),#8593);
#8589 = LINE('',#8590,#8591);
#8590 = CARTESIAN_POINT('',(0.,2.29563493044));
#8591 = VECTOR('',#8592,1.);
#8592 = DIRECTION('',(1.,0.));
#8593 = ( GEOMETRIC_REPRESENTATION_CONTEXT(2) 
PARAMETRIC_REPRESENTATION_CONTEXT() REPRESENTATION_CONTEXT('2D SPACE',''
  ) );
#8594 = PCURVE('',#7568,#8595);
#8595 = DEFINITIONAL_REPRESENTATION('',(#8596),#8604);
#8596 = ( BOUNDED_CURVE() B_SPLINE_CURVE(6,(#8597,#8598,#8599,#8600,
#8601,#8602,#8603),.UNSPECIFIED.,.F.,.F.) B_SPLINE_CURVE_WITH_KNOTS((7,7
),(0.,1.570796326795),.PIECEWISE_BEZIER_KNOTS.) CURVE() 
GEOMETRIC_REPRESENTATION_ITEM() RATIONAL_B_SPLINE_CURVE((1.031393471788,
    1.010025407661,0.997924642725,0.993958444137,0.997924642725,
1.010025407661,1.031393471788)) REPRESENTATION_ITEM('') );
#8597 = CARTESIAN_POINT('',(0.695859222803,0.203765640747));
#8598 = CARTESIAN_POINT('',(0.695859221856,0.358574219293));
#8599 = CARTESIAN_POINT('',(0.6466351578,0.509349529966));
#8600 = CARTESIAN_POINT('',(0.552201519642,0.639184925036));
#8601 = CARTESIAN_POINT('',(0.422366123418,0.733618561606));
#8602 = CARTESIAN_POINT('',(0.271590812142,0.782842623817));
#8603 = CARTESIAN_POINT('',(0.116782233596,0.78284262287));
#8604 = ( GEOMETRIC_REPRESENTATION_CONTEXT(2) 
PARAMETRIC_REPRESENTATION_CONTEXT() REPRESENTATION_CONTEXT('2D SPACE',''
  ) );
#8605 = ADVANCED_FACE('',(#8606),#7750,.F.);
#8606 = FACE_BOUND('',#8607,.F.);
#8607 = EDGE_LOOP('',(#8608,#8627,#8628));
#8608 = ORIENTED_EDGE('',*,*,#8609,.F.);
#8609 = EDGE_CURVE('',#7369,#8522,#8610,.T.);
#8610 = SURFACE_CURVE('',#8611,(#8614,#8621),.PCURVE_S1.);
#8611 = B_SPLINE_CURVE_WITH_KNOTS('',1,(#8612,#8613),.UNSPECIFIED.,.F.,
  .F.,(2,2),(0.,0.907631130322),.PIECEWISE_BEZIER_KNOTS.);
#8612 = CARTESIAN_POINT('',(-2.524234537222,-5.338741751082,
    36.617557706434));
#8613 = CARTESIAN_POINT('',(-2.524234534914,-5.338741746034,
    37.525188836756));
#8614 = PCURVE('',#7750,#8615);
#8615 = DEFINITIONAL_REPRESENTATION('',(#8616),#8620);
#8616 = LINE('',#8617,#8618);
#8617 = CARTESIAN_POINT('',(0.,2.29563493044));
#8618 = VECTOR('',#8619,1.);
#8619 = DIRECTION('',(1.,0.));
#8620 = ( GEOMETRIC_REPRESENTATION_CONTEXT(2) 
PARAMETRIC_REPRESENTATION_CONTEXT() REPRESENTATION_CONTEXT('2D SPACE',''
  ) );
#8621 = PCURVE('',#7568,#8622);
#8622 = DEFINITIONAL_REPRESENTATION('',(#8623),#8626);
#8623 = B_SPLINE_CURVE_WITH_KNOTS('',1,(#8624,#8625),.UNSPECIFIED.,.F.,
  .F.,(2,2),(0.,0.907631130322),.PIECEWISE_BEZIER_KNOTS.);
#8624 = CARTESIAN_POINT('',(0.695859228354,-0.703865489575));
#8625 = CARTESIAN_POINT('',(0.695859222803,0.203765640747));
#8626 = ( GEOMETRIC_REPRESENTATION_CONTEXT(2) 
PARAMETRIC_REPRESENTATION_CONTEXT() REPRESENTATION_CONTEXT('2D SPACE',''
  ) );
#8627 = ORIENTED_EDGE('',*,*,#7672,.T.);
#8628 = ORIENTED_EDGE('',*,*,#8521,.T.);
#8629 = ADVANCED_FACE('',(#8630),#7568,.F.);
#8630 = FACE_BOUND('',#8631,.F.);
#8631 = EDGE_LOOP('',(#8632,#8653,#8654,#8655,#8656,#8657));
#8632 = ORIENTED_EDGE('',*,*,#8633,.T.);
#8633 = EDGE_CURVE('',#8634,#8297,#8636,.T.);
#8634 = VERTEX_POINT('',#8635);
#8635 = CARTESIAN_POINT('',(-1.975177686848,-4.137776549973,
    38.104265814345));
#8636 = SURFACE_CURVE('',#8637,(#8640,#8646),.PCURVE_S1.);
#8637 = B_SPLINE_CURVE_WITH_KNOTS('',1,(#8638,#8639),.UNSPECIFIED.,.F.,
  .F.,(2,2),(0.,1.486708115987),.PIECEWISE_BEZIER_KNOTS.);
#8638 = CARTESIAN_POINT('',(-1.975177686848,-4.137776549973,
    38.104265814345));
#8639 = CARTESIAN_POINT('',(-1.975177690629,-4.137776558243,
    36.617557698358));
#8640 = PCURVE('',#7568,#8641);
#8641 = DEFINITIONAL_REPRESENTATION('',(#8642),#8645);
#8642 = B_SPLINE_CURVE_WITH_KNOTS('',1,(#8643,#8644),.UNSPECIFIED.,.F.,
  .F.,(2,2),(0.,1.486708115987),.PIECEWISE_BEZIER_KNOTS.);
#8643 = CARTESIAN_POINT('',(-0.624663713218,0.782842618336));
#8644 = CARTESIAN_POINT('',(-0.624663704125,-0.703865497652));
#8645 = ( GEOMETRIC_REPRESENTATION_CONTEXT(2) 
PARAMETRIC_REPRESENTATION_CONTEXT() REPRESENTATION_CONTEXT('2D SPACE',''
  ) );
#8646 = PCURVE('',#8400,#8647);
#8647 = DEFINITIONAL_REPRESENTATION('',(#8648),#8652);
#8648 = LINE('',#8649,#8650);
#8649 = CARTESIAN_POINT('',(0.,2.29563493044));
#8650 = VECTOR('',#8651,1.);
#8651 = DIRECTION('',(1.,0.));
#8652 = ( GEOMETRIC_REPRESENTATION_CONTEXT(2) 
PARAMETRIC_REPRESENTATION_CONTEXT() REPRESENTATION_CONTEXT('2D SPACE',''
  ) );
#8653 = ORIENTED_EDGE('',*,*,#8468,.T.);
#8654 = ORIENTED_EDGE('',*,*,#7368,.F.);
#8655 = ORIENTED_EDGE('',*,*,#8609,.T.);
#8656 = ORIENTED_EDGE('',*,*,#8577,.T.);
#8657 = ORIENTED_EDGE('',*,*,#8658,.T.);
#8658 = EDGE_CURVE('',#8551,#8634,#8659,.T.);
#8659 = SURFACE_CURVE('',#8660,(#8663,#8669),.PCURVE_S1.);
#8660 = B_SPLINE_CURVE_WITH_KNOTS('',1,(#8661,#8662),.UNSPECIFIED.,.F.,
  .F.,(2,2),(0.,0.741445946814),.PIECEWISE_BEZIER_KNOTS.);
#8661 = CARTESIAN_POINT('',(-2.283461597308,-4.812093332056,
    38.10426581888));
#8662 = CARTESIAN_POINT('',(-1.975177686848,-4.137776549973,
    38.104265814345));
#8663 = PCURVE('',#7568,#8664);
#8664 = DEFINITIONAL_REPRESENTATION('',(#8665),#8668);
#8665 = B_SPLINE_CURVE_WITH_KNOTS('',1,(#8666,#8667),.UNSPECIFIED.,.F.,
  .F.,(2,2),(0.,0.741445946814),.PIECEWISE_BEZIER_KNOTS.);
#8666 = CARTESIAN_POINT('',(0.116782233596,0.78284262287));
#8667 = CARTESIAN_POINT('',(-0.624663713218,0.782842618336));
#8668 = ( GEOMETRIC_REPRESENTATION_CONTEXT(2) 
PARAMETRIC_REPRESENTATION_CONTEXT() REPRESENTATION_CONTEXT('2D SPACE',''
  ) );
#8669 = PCURVE('',#8270,#8670);
#8670 = DEFINITIONAL_REPRESENTATION('',(#8671),#8675);
#8671 = LINE('',#8672,#8673);
#8672 = CARTESIAN_POINT('',(0.,2.29563493044));
#8673 = VECTOR('',#8674,1.);
#8674 = DIRECTION('',(1.,0.));
#8675 = ( GEOMETRIC_REPRESENTATION_CONTEXT(2) 
PARAMETRIC_REPRESENTATION_CONTEXT() REPRESENTATION_CONTEXT('2D SPACE',''
  ) );
#8676 = ADVANCED_FACE('',(#8677),#8400,.F.);
#8677 = FACE_BOUND('',#8678,.F.);
#8678 = EDGE_LOOP('',(#8679,#8704,#8705));
#8679 = ORIENTED_EDGE('',*,*,#8680,.F.);
#8680 = EDGE_CURVE('',#8251,#8634,#8681,.T.);
#8681 = SURFACE_CURVE('',#8682,(#8691,#8697),.PCURVE_S1.);
#8682 = B_SPLINE_CURVE_WITH_KNOTS('',7,(#8683,#8684,#8685,#8686,#8687,
    #8688,#8689,#8690),.UNSPECIFIED.,.F.,.F.,(8,8),(0.,2.29563493044),
  .PIECEWISE_BEZIER_KNOTS.);
#8683 = CARTESIAN_POINT('',(-2.677590349721,3.851528641628,
    37.196634692222));
#8684 = CARTESIAN_POINT('',(-3.820804156614,3.062350762662,
    37.326296242428));
#8685 = CARTESIAN_POINT('',(-4.686679210884,1.871416852036,
    37.455958010233));
#8686 = CARTESIAN_POINT('',(-5.106060913879,0.395675106732,
    37.585619198339));
#8687 = CARTESIAN_POINT('',(-4.969408318484,-1.158687273006,
    37.715281308232));
#8688 = CARTESIAN_POINT('',(-4.298951324561,-2.538599059381,
    37.844942496328));
#8689 = CARTESIAN_POINT('',(-3.238557630221,-3.560186166048,
    37.974604264142));
#8690 = CARTESIAN_POINT('',(-1.975177686848,-4.137776549973,
    38.104265814345));
#8691 = PCURVE('',#8400,#8692);
#8692 = DEFINITIONAL_REPRESENTATION('',(#8693),#8696);
#8693 = B_SPLINE_CURVE_WITH_KNOTS('',1,(#8694,#8695),.UNSPECIFIED.,.F.,
  .F.,(2,2),(0.,2.29563493044),.PIECEWISE_BEZIER_KNOTS.);
#8694 = CARTESIAN_POINT('',(0.,0.));
#8695 = CARTESIAN_POINT('',(0.,2.29563493044));
#8696 = ( GEOMETRIC_REPRESENTATION_CONTEXT(2) 
PARAMETRIC_REPRESENTATION_CONTEXT() REPRESENTATION_CONTEXT('2D SPACE',''
  ) );
#8697 = PCURVE('',#8270,#8698);
#8698 = DEFINITIONAL_REPRESENTATION('',(#8699),#8703);
#8699 = LINE('',#8700,#8701);
#8700 = CARTESIAN_POINT('',(0.741445946814,0.));
#8701 = VECTOR('',#8702,1.);
#8702 = DIRECTION('',(0.,1.));
#8703 = ( GEOMETRIC_REPRESENTATION_CONTEXT(2) 
PARAMETRIC_REPRESENTATION_CONTEXT() REPRESENTATION_CONTEXT('2D SPACE',''
  ) );
#8704 = ORIENTED_EDGE('',*,*,#8296,.F.);
#8705 = ORIENTED_EDGE('',*,*,#8633,.F.);
#8706 = ADVANCED_FACE('',(#8707),#8270,.F.);
#8707 = FACE_BOUND('',#8708,.F.);
#8708 = EDGE_LOOP('',(#8709,#8710,#8711,#8712));
#8709 = ORIENTED_EDGE('',*,*,#8550,.F.);
#8710 = ORIENTED_EDGE('',*,*,#8250,.F.);
#8711 = ORIENTED_EDGE('',*,*,#8680,.T.);
#8712 = ORIENTED_EDGE('',*,*,#8658,.F.);
#8713 = ADVANCED_FACE('',(#8714),#8506,.F.);
#8714 = FACE_BOUND('',#8715,.T.);
#8715 = EDGE_LOOP('',(#8716,#8717,#8740,#8767));
#8716 = ORIENTED_EDGE('',*,*,#8489,.T.);
#8717 = ORIENTED_EDGE('',*,*,#8718,.T.);
#8718 = EDGE_CURVE('',#8490,#8719,#8721,.T.);
#8719 = VERTEX_POINT('',#8720);
#8720 = CARTESIAN_POINT('',(4.030692994643,5.633528314301E-02,
    35.832452767635));
#8721 = SEAM_CURVE('',#8722,(#8726,#8733),.PCURVE_S1.);
#8722 = LINE('',#8723,#8724);
#8723 = CARTESIAN_POINT('',(4.030692994643,5.633528314301E-02,
    37.216634692222));
#8724 = VECTOR('',#8725,1.);
#8725 = DIRECTION('',(0.,0.,-1.));
#8726 = PCURVE('',#8506,#8727);
#8727 = DEFINITIONAL_REPRESENTATION('',(#8728),#8732);
#8728 = LINE('',#8729,#8730);
#8729 = CARTESIAN_POINT('',(-0.,0.));
#8730 = VECTOR('',#8731,1.);
#8731 = DIRECTION('',(-0.,1.));
#8732 = ( GEOMETRIC_REPRESENTATION_CONTEXT(2) 
PARAMETRIC_REPRESENTATION_CONTEXT() REPRESENTATION_CONTEXT('2D SPACE',''
  ) );
#8733 = PCURVE('',#8506,#8734);
#8734 = DEFINITIONAL_REPRESENTATION('',(#8735),#8739);
#8735 = LINE('',#8736,#8737);
#8736 = CARTESIAN_POINT('',(-6.28318530718,0.));
#8737 = VECTOR('',#8738,1.);
#8738 = DIRECTION('',(-0.,1.));
#8739 = ( GEOMETRIC_REPRESENTATION_CONTEXT(2) 
PARAMETRIC_REPRESENTATION_CONTEXT() REPRESENTATION_CONTEXT('2D SPACE',''
  ) );
#8740 = ORIENTED_EDGE('',*,*,#8741,.F.);
#8741 = EDGE_CURVE('',#8719,#8719,#8742,.T.);
#8742 = SURFACE_CURVE('',#8743,(#8748,#8755),.PCURVE_S1.);
#8743 = CIRCLE('',#8744,4.088408104221);
#8744 = AXIS2_PLACEMENT_3D('',#8745,#8746,#8747);
#8745 = CARTESIAN_POINT('',(-5.771510957849E-02,5.633528314301E-02,
    35.832452767635));
#8746 = DIRECTION('',(0.,0.,1.));
#8747 = DIRECTION('',(1.,0.,-0.));
#8748 = PCURVE('',#8506,#8749);
#8749 = DEFINITIONAL_REPRESENTATION('',(#8750),#8754);
#8750 = LINE('',#8751,#8752);
#8751 = CARTESIAN_POINT('',(-0.,1.384181924587));
#8752 = VECTOR('',#8753,1.);
#8753 = DIRECTION('',(-1.,0.));
#8754 = ( GEOMETRIC_REPRESENTATION_CONTEXT(2) 
PARAMETRIC_REPRESENTATION_CONTEXT() REPRESENTATION_CONTEXT('2D SPACE',''
  ) );
#8755 = PCURVE('',#8756,#8761);
#8756 = CONICAL_SURFACE('',#8757,4.088408104221,0.831021253419);
#8757 = AXIS2_PLACEMENT_3D('',#8758,#8759,#8760);
#8758 = CARTESIAN_POINT('',(-5.771510957849E-02,5.633528314301E-02,
    35.832452767635));
#8759 = DIRECTION('',(0.,0.,1.));
#8760 = DIRECTION('',(1.,0.,0.));
#8761 = DEFINITIONAL_REPRESENTATION('',(#8762),#8766);
#8762 = LINE('',#8763,#8764);
#8763 = CARTESIAN_POINT('',(0.,-0.));
#8764 = VECTOR('',#8765,1.);
#8765 = DIRECTION('',(1.,-0.));
#8766 = ( GEOMETRIC_REPRESENTATION_CONTEXT(2) 
PARAMETRIC_REPRESENTATION_CONTEXT() REPRESENTATION_CONTEXT('2D SPACE',''
  ) );
#8767 = ORIENTED_EDGE('',*,*,#8718,.F.);
#8768 = ADVANCED_FACE('',(#8769),#8756,.F.);
#8769 = FACE_BOUND('',#8770,.T.);
#8770 = EDGE_LOOP('',(#8771,#8772,#8795,#8822));
#8771 = ORIENTED_EDGE('',*,*,#8741,.T.);
#8772 = ORIENTED_EDGE('',*,*,#8773,.T.);
#8773 = EDGE_CURVE('',#8719,#8774,#8776,.T.);
#8774 = VERTEX_POINT('',#8775);
#8775 = CARTESIAN_POINT('',(2.760786331872,5.633528314301E-02,
    34.673437957764));
#8776 = SEAM_CURVE('',#8777,(#8781,#8788),.PCURVE_S1.);
#8777 = LINE('',#8778,#8779);
#8778 = CARTESIAN_POINT('',(4.030692994643,5.633528314301E-02,
    35.832452767635));
#8779 = VECTOR('',#8780,1.);
#8780 = DIRECTION('',(-0.738620205352,0.,-0.674121793333));
#8781 = PCURVE('',#8756,#8782);
#8782 = DEFINITIONAL_REPRESENTATION('',(#8783),#8787);
#8783 = LINE('',#8784,#8785);
#8784 = CARTESIAN_POINT('',(0.,-0.));
#8785 = VECTOR('',#8786,1.);
#8786 = DIRECTION('',(0.,-1.));
#8787 = ( GEOMETRIC_REPRESENTATION_CONTEXT(2) 
PARAMETRIC_REPRESENTATION_CONTEXT() REPRESENTATION_CONTEXT('2D SPACE',''
  ) );
#8788 = PCURVE('',#8756,#8789);
#8789 = DEFINITIONAL_REPRESENTATION('',(#8790),#8794);
#8790 = LINE('',#8791,#8792);
#8791 = CARTESIAN_POINT('',(6.28318530718,-0.));
#8792 = VECTOR('',#8793,1.);
#8793 = DIRECTION('',(0.,-1.));
#8794 = ( GEOMETRIC_REPRESENTATION_CONTEXT(2) 
PARAMETRIC_REPRESENTATION_CONTEXT() REPRESENTATION_CONTEXT('2D SPACE',''
  ) );
#8795 = ORIENTED_EDGE('',*,*,#8796,.F.);
#8796 = EDGE_CURVE('',#8774,#8774,#8797,.T.);
#8797 = SURFACE_CURVE('',#8798,(#8803,#8810),.PCURVE_S1.);
#8798 = CIRCLE('',#8799,2.81850144145);
#8799 = AXIS2_PLACEMENT_3D('',#8800,#8801,#8802);
#8800 = CARTESIAN_POINT('',(-5.771510957849E-02,5.633528314301E-02,
    34.673437957764));
#8801 = DIRECTION('',(0.,0.,1.));
#8802 = DIRECTION('',(1.,0.,-0.));
#8803 = PCURVE('',#8756,#8804);
#8804 = DEFINITIONAL_REPRESENTATION('',(#8805),#8809);
#8805 = LINE('',#8806,#8807);
#8806 = CARTESIAN_POINT('',(0.,-1.159014809871));
#8807 = VECTOR('',#8808,1.);
#8808 = DIRECTION('',(1.,-0.));
#8809 = ( GEOMETRIC_REPRESENTATION_CONTEXT(2) 
PARAMETRIC_REPRESENTATION_CONTEXT() REPRESENTATION_CONTEXT('2D SPACE',''
  ) );
#8810 = PCURVE('',#8811,#8816);
#8811 = PLANE('',#8812);
#8812 = AXIS2_PLACEMENT_3D('',#8813,#8814,#8815);
#8813 = CARTESIAN_POINT('',(-5.771510957849E-02,5.633528314301E-02,
    34.673437957764));
#8814 = DIRECTION('',(0.,0.,1.));
#8815 = DIRECTION('',(1.,0.,-0.));
#8816 = DEFINITIONAL_REPRESENTATION('',(#8817),#8821);
#8817 = CIRCLE('',#8818,2.81850144145);
#8818 = AXIS2_PLACEMENT_2D('',#8819,#8820);
#8819 = CARTESIAN_POINT('',(0.,0.));
#8820 = DIRECTION('',(1.,0.));
#8821 = ( GEOMETRIC_REPRESENTATION_CONTEXT(2) 
PARAMETRIC_REPRESENTATION_CONTEXT() REPRESENTATION_CONTEXT('2D SPACE',''
  ) );
#8822 = ORIENTED_EDGE('',*,*,#8773,.F.);
#8823 = ADVANCED_FACE('',(#8824),#8811,.T.);
#8824 = FACE_BOUND('',#8825,.T.);
#8825 = EDGE_LOOP('',(#8826));
#8826 = ORIENTED_EDGE('',*,*,#8796,.T.);
#8827 = ( GEOMETRIC_REPRESENTATION_CONTEXT(3) 
GLOBAL_UNCERTAINTY_ASSIGNED_CONTEXT((#8831)) 
GLOBAL_UNIT_ASSIGNED_CONTEXT((#8828,#8829,#8830)) REPRESENTATION_CONTEXT
('Context #1','3D Context with UNIT and UNCERTAINTY') );
#8828 = ( LENGTH_UNIT() NAMED_UNIT(*) SI_UNIT(.MILLI.,.METRE.) );
#8829 = ( NAMED_UNIT(*) PLANE_ANGLE_UNIT() SI_UNIT($,.RADIAN.) );
#8830 = ( NAMED_UNIT(*) SI_UNIT($,.STERADIAN.) SOLID_ANGLE_UNIT() );
#8831 = UNCERTAINTY_MEASURE_WITH_UNIT(LENGTH_MEASURE(1.E-06),#8828,
  'distance_accuracy_value','confusion accuracy');
#8832 = PRODUCT_RELATED_PRODUCT_CATEGORY('part',$,(#7));
ENDSEC;
END-ISO-10303-21;
