ISO-10303-21;
HEADER;
FILE_DESCRIPTION(('Open CASCADE Model'),'2;1');
FILE_NAME('od_g01_housing_C1_v01.step','2026-09-30T00:00:00',(''),(''),
  'Open CASCADE STEP processor 7.9.3','build123d 0.11.1','');
FILE_SCHEMA((
'AP242_MANAGED_MODEL_BASED_3D_ENGINEERING_MIM_LF {1 0 10303 442 1 1 4 }'
    ));
ENDSEC;
DATA;
#1 = APPLICATION_PROTOCOL_DEFINITION('international standard',
  'ap242_managed_model_based_3d_engineering',2013,#2);
#2 = APPLICATION_CONTEXT('Managed model based 3d engineering');
#3 = SHAPE_DEFINITION_REPRESENTATION(#4,#10);
#4 = PRODUCT_DEFINITION_SHAPE('','',#5);
#5 = PRODUCT_DEFINITION('design','',#6,#9);
#6 = PRODUCT_DEFINITION_FORMATION('','',#7);
#7 = PRODUCT('od_g01_housing','od_g01_housing','',(#8));
#8 = PRODUCT_CONTEXT('',#2,'mechanical');
#9 = PRODUCT_DEFINITION_CONTEXT('part definition',#2,'design');
#10 = ADVANCED_BREP_SHAPE_REPRESENTATION('',(#11,#15),#8497);
#11 = AXIS2_PLACEMENT_3D('',#12,#13,#14);
#12 = CARTESIAN_POINT('',(0.,0.,0.));
#13 = DIRECTION('',(0.,0.,1.));
#14 = DIRECTION('',(1.,0.,-0.));
#15 = MANIFOLD_SOLID_BREP('',#16);
#16 = CLOSED_SHELL('',(#17,#1432,#1486,#1560,#1615,#1670,#1734,#1769,
    #1851,#2003,#2058,#2105,#2150,#2178,#2253,#2300,#2350,#2397,#2452,
    #2516,#2598,#2704,#2759,#2784,#2859,#2906,#2956,#3003,#3058,#3113,
    #3195,#3301,#3356,#3381,#3719,#3732,#3787,#3800,#3813,#4101,#4150,
    #4200,#4227,#4276,#4326,#4353,#4402,#4452,#4479,#4983,#4990,#4997,
    #5005,#5040,#5234,#5345,#5394,#5450,#5617,#5699,#5748,#5833,#6038,
    #6157,#6206,#6411,#6438,#6531,#6586,#6647,#6962,#7019,#7080,#7137,
    #7218,#7247,#7304,#7353,#7414,#7471,#7645,#7695,#7745,#7800,#7855,
    #7905,#7978,#8094,#8207,#8235,#8285,#8292,#8299,#8306,#8313,#8363,
    #8391,#8419,#8469,#8476,#8483,#8490));
#17 = ADVANCED_FACE('',(#18,#642,#1037),#32,.F.);
#18 = FACE_BOUND('',#19,.F.);
#19 = EDGE_LOOP('',(#20,#50,#77,#78,#102,#124,#158,#201,#262,#397,#431,
    #457,#486,#512,#541,#564,#591,#592,#616,#640,#641));
#20 = ORIENTED_EDGE('',*,*,#21,.F.);
#21 = EDGE_CURVE('',#22,#24,#26,.T.);
#22 = VERTEX_POINT('',#23);
#23 = CARTESIAN_POINT('',(37.1,0.,-13.3));
#24 = VERTEX_POINT('',#25);
#25 = CARTESIAN_POINT('',(37.1,-9.086879249673E-15,-10.52));
#26 = SEAM_CURVE('',#27,(#31,#43),.PCURVE_S1.);
#27 = LINE('',#28,#29);
#28 = CARTESIAN_POINT('',(37.1,-9.086879249673E-15,-14.1));
#29 = VECTOR('',#30,1.);
#30 = DIRECTION('',(0.,0.,1.));
#31 = PCURVE('',#32,#37);
#32 = CYLINDRICAL_SURFACE('',#33,37.1);
#33 = AXIS2_PLACEMENT_3D('',#34,#35,#36);
#34 = CARTESIAN_POINT('',(0.,0.,-14.1));
#35 = DIRECTION('',(0.,0.,1.));
#36 = DIRECTION('',(1.,0.,-0.));
#37 = DEFINITIONAL_REPRESENTATION('',(#38),#42);
#38 = LINE('',#39,#40);
#39 = CARTESIAN_POINT('',(0.,-0.));
#40 = VECTOR('',#41,1.);
#41 = DIRECTION('',(0.,1.));
#42 = ( GEOMETRIC_REPRESENTATION_CONTEXT(2) 
PARAMETRIC_REPRESENTATION_CONTEXT() REPRESENTATION_CONTEXT('2D SPACE',''
  ) );
#43 = PCURVE('',#32,#44);
#44 = DEFINITIONAL_REPRESENTATION('',(#45),#49);
#45 = LINE('',#46,#47);
#46 = CARTESIAN_POINT('',(6.28318530718,-0.));
#47 = VECTOR('',#48,1.);
#48 = DIRECTION('',(0.,1.));
#49 = ( GEOMETRIC_REPRESENTATION_CONTEXT(2) 
PARAMETRIC_REPRESENTATION_CONTEXT() REPRESENTATION_CONTEXT('2D SPACE',''
  ) );
#50 = ORIENTED_EDGE('',*,*,#51,.T.);
#51 = EDGE_CURVE('',#22,#22,#52,.T.);
#52 = SURFACE_CURVE('',#53,(#58,#65),.PCURVE_S1.);
#53 = CIRCLE('',#54,37.1);
#54 = AXIS2_PLACEMENT_3D('',#55,#56,#57);
#55 = CARTESIAN_POINT('',(0.,0.,-13.3));
#56 = DIRECTION('',(0.,0.,1.));
#57 = DIRECTION('',(1.,0.,-0.));
#58 = PCURVE('',#32,#59);
#59 = DEFINITIONAL_REPRESENTATION('',(#60),#64);
#60 = LINE('',#61,#62);
#61 = CARTESIAN_POINT('',(0.,0.8));
#62 = VECTOR('',#63,1.);
#63 = DIRECTION('',(1.,0.));
#64 = ( GEOMETRIC_REPRESENTATION_CONTEXT(2) 
PARAMETRIC_REPRESENTATION_CONTEXT() REPRESENTATION_CONTEXT('2D SPACE',''
  ) );
#65 = PCURVE('',#66,#71);
#66 = TOROIDAL_SURFACE('',#67,36.3,0.8);
#67 = AXIS2_PLACEMENT_3D('',#68,#69,#70);
#68 = CARTESIAN_POINT('',(0.,0.,-13.3));
#69 = DIRECTION('',(-0.,-0.,-1.));
#70 = DIRECTION('',(1.,0.,-0.));
#71 = DEFINITIONAL_REPRESENTATION('',(#72),#76);
#72 = LINE('',#73,#74);
#73 = CARTESIAN_POINT('',(-0.,0.));
#74 = VECTOR('',#75,1.);
#75 = DIRECTION('',(-1.,0.));
#76 = ( GEOMETRIC_REPRESENTATION_CONTEXT(2) 
PARAMETRIC_REPRESENTATION_CONTEXT() REPRESENTATION_CONTEXT('2D SPACE',''
  ) );
#77 = ORIENTED_EDGE('',*,*,#21,.T.);
#78 = ORIENTED_EDGE('',*,*,#79,.T.);
#79 = EDGE_CURVE('',#24,#80,#82,.T.);
#80 = VERTEX_POINT('',#81);
#81 = CARTESIAN_POINT('',(32.129542480403,18.55,-10.52));
#82 = SEAM_CURVE('',#83,(#88,#95),.PCURVE_S1.);
#83 = CIRCLE('',#84,37.1);
#84 = AXIS2_PLACEMENT_3D('',#85,#86,#87);
#85 = CARTESIAN_POINT('',(0.,0.,-10.52));
#86 = DIRECTION('',(0.,0.,1.));
#87 = DIRECTION('',(1.,0.,-0.));
#88 = PCURVE('',#32,#89);
#89 = DEFINITIONAL_REPRESENTATION('',(#90),#94);
#90 = LINE('',#91,#92);
#91 = CARTESIAN_POINT('',(0.,3.58));
#92 = VECTOR('',#93,1.);
#93 = DIRECTION('',(1.,0.));
#94 = ( GEOMETRIC_REPRESENTATION_CONTEXT(2) 
PARAMETRIC_REPRESENTATION_CONTEXT() REPRESENTATION_CONTEXT('2D SPACE',''
  ) );
#95 = PCURVE('',#32,#96);
#96 = DEFINITIONAL_REPRESENTATION('',(#97),#101);
#97 = LINE('',#98,#99);
#98 = CARTESIAN_POINT('',(6.28318530718,3.58));
#99 = VECTOR('',#100,1.);
#100 = DIRECTION('',(1.,0.));
#101 = ( GEOMETRIC_REPRESENTATION_CONTEXT(2) 
PARAMETRIC_REPRESENTATION_CONTEXT() REPRESENTATION_CONTEXT('2D SPACE',''
  ) );
#102 = ORIENTED_EDGE('',*,*,#103,.T.);
#103 = EDGE_CURVE('',#80,#104,#106,.T.);
#104 = VERTEX_POINT('',#105);
#105 = CARTESIAN_POINT('',(32.129542480403,18.55,-1.15));
#106 = SEAM_CURVE('',#107,(#111,#117),.PCURVE_S1.);
#107 = LINE('',#108,#109);
#108 = CARTESIAN_POINT('',(32.129542480403,18.55,-14.1));
#109 = VECTOR('',#110,1.);
#110 = DIRECTION('',(0.,0.,1.));
#111 = PCURVE('',#32,#112);
#112 = DEFINITIONAL_REPRESENTATION('',(#113),#116);
#113 = B_SPLINE_CURVE_WITH_KNOTS('',1,(#114,#115),.UNSPECIFIED.,.F.,.F.,
  (2,2),(2.528,15.152),.PIECEWISE_BEZIER_KNOTS.);
#114 = CARTESIAN_POINT('',(0.523598775598,2.528));
#115 = CARTESIAN_POINT('',(0.523598775598,15.152));
#116 = ( GEOMETRIC_REPRESENTATION_CONTEXT(2) 
PARAMETRIC_REPRESENTATION_CONTEXT() REPRESENTATION_CONTEXT('2D SPACE',''
  ) );
#117 = PCURVE('',#32,#118);
#118 = DEFINITIONAL_REPRESENTATION('',(#119),#123);
#119 = LINE('',#120,#121);
#120 = CARTESIAN_POINT('',(6.806784082778,0.));
#121 = VECTOR('',#122,1.);
#122 = DIRECTION('',(0.,1.));
#123 = ( GEOMETRIC_REPRESENTATION_CONTEXT(2) 
PARAMETRIC_REPRESENTATION_CONTEXT() REPRESENTATION_CONTEXT('2D SPACE',''
  ) );
#124 = ORIENTED_EDGE('',*,*,#125,.F.);
#125 = EDGE_CURVE('',#126,#104,#128,.T.);
#126 = VERTEX_POINT('',#127);
#127 = CARTESIAN_POINT('',(32.448391134872,17.986436911139,-3.1));
#128 = SURFACE_CURVE('',#129,(#135,#144),.PCURVE_S1.);
#129 = B_SPLINE_CURVE_WITH_KNOTS('',4,(#130,#131,#132,#133,#134),
  .UNSPECIFIED.,.F.,.F.,(5,5),(0.,1.),.PIECEWISE_BEZIER_KNOTS.);
#130 = CARTESIAN_POINT('',(32.448391134872,17.986436911139,-3.1));
#131 = CARTESIAN_POINT('',(32.369914390359,18.128012705917,
    -2.612499424273));
#132 = CARTESIAN_POINT('',(32.290606248309,18.269146006473,-2.125));
#133 = CARTESIAN_POINT('',(32.210478110839,18.409815375942,
    -1.637500575726));
#134 = CARTESIAN_POINT('',(32.129542480403,18.55,-1.15));
#135 = PCURVE('',#32,#136);
#136 = DEFINITIONAL_REPRESENTATION('',(#137),#143);
#137 = B_SPLINE_CURVE_WITH_KNOTS('',4,(#138,#139,#140,#141,#142),
  .UNSPECIFIED.,.F.,.F.,(5,5),(0.,1.),.PIECEWISE_BEZIER_KNOTS.);
#138 = CARTESIAN_POINT('',(6.789330790258,11.));
#139 = CARTESIAN_POINT('',(6.79369389702,11.487500575727));
#140 = CARTESIAN_POINT('',(6.798057436518,11.975));
#141 = CARTESIAN_POINT('',(6.802420976016,12.462499424274));
#142 = CARTESIAN_POINT('',(6.806784082778,12.95));
#143 = ( GEOMETRIC_REPRESENTATION_CONTEXT(2) 
PARAMETRIC_REPRESENTATION_CONTEXT() REPRESENTATION_CONTEXT('2D SPACE',''
  ) );
#144 = PCURVE('',#145,#150);
#145 = B_SPLINE_SURFACE_WITH_KNOTS('',1,1,(
    (#146,#147)
    ,(#148,#149
    )),.UNSPECIFIED.,.F.,.F.,.F.,(2,2),(2,2),(-10.,10.),(0.,1.),
  .PIECEWISE_BEZIER_KNOTS.);
#146 = CARTESIAN_POINT('',(39.357886821273,21.816432911085,-3.1));
#147 = CARTESIAN_POINT('',(38.9711431703,22.5,-1.15));
#148 = CARTESIAN_POINT('',(21.865492678485,12.120240506158,-3.1));
#149 = CARTESIAN_POINT('',(21.650635094611,12.5,-1.15));
#150 = DEFINITIONAL_REPRESENTATION('',(#151),#157);
#151 = B_SPLINE_CURVE_WITH_KNOTS('',4,(#152,#153,#154,#155,#156),
  .UNSPECIFIED.,.F.,.F.,(5,5),(0.,1.),.PIECEWISE_BEZIER_KNOTS.);
#152 = CARTESIAN_POINT('',(-2.1,0.));
#153 = CARTESIAN_POINT('',(-2.101412629093,0.250000295245));
#154 = CARTESIAN_POINT('',(-2.101883716171,0.5));
#155 = CARTESIAN_POINT('',(-2.101412629093,0.749999704756));
#156 = CARTESIAN_POINT('',(-2.1,1.));
#157 = ( GEOMETRIC_REPRESENTATION_CONTEXT(2) 
PARAMETRIC_REPRESENTATION_CONTEXT() REPRESENTATION_CONTEXT('2D SPACE',''
  ) );
#158 = ORIENTED_EDGE('',*,*,#159,.F.);
#159 = EDGE_CURVE('',#160,#126,#162,.T.);
#160 = VERTEX_POINT('',#161);
#161 = CARTESIAN_POINT('',(33.345259117699,16.263569545875,-3.1));
#162 = SURFACE_CURVE('',#163,(#172,#184),.PCURVE_S1.);
#163 = B_SPLINE_CURVE_WITH_KNOTS('',4,(#164,#165,#166,#167,#168,#169,
    #170,#171),.UNSPECIFIED.,.F.,.F.,(5,3,5),(0.,0.50000064421,1.),
  .UNSPECIFIED.);
#164 = CARTESIAN_POINT('',(33.345259117699,16.263569545875,-3.1));
#165 = CARTESIAN_POINT('',(33.238843560387,16.481753771836,-3.1));
#166 = CARTESIAN_POINT('',(33.130495129721,16.699069841238,-3.1));
#167 = CARTESIAN_POINT('',(33.020238276261,16.915461615144,-3.1));
#168 = CARTESIAN_POINT('',(32.795964678673,17.346287152175,-3.1));
#169 = CARTESIAN_POINT('',(32.68194793207,17.560720943713,-3.1));
#170 = CARTESIAN_POINT('',(32.566079430193,17.774121606142,-3.1));
#171 = CARTESIAN_POINT('',(32.448391134872,17.986436911139,-3.1));
#172 = PCURVE('',#32,#173);
#173 = DEFINITIONAL_REPRESENTATION('',(#174),#183);
#174 = B_SPLINE_CURVE_WITH_KNOTS('',4,(#175,#176,#177,#178,#179,#180,
    #181,#182),.UNSPECIFIED.,.F.,.F.,(5,3,5),(0.,0.50000064421,1.),
  .UNSPECIFIED.);
#175 = CARTESIAN_POINT('',(6.736970912698,11.));
#176 = CARTESIAN_POINT('',(6.743514098498,11.));
#177 = CARTESIAN_POINT('',(6.750059090709,11.));
#178 = CARTESIAN_POINT('',(6.756604988084,11.));
#179 = CARTESIAN_POINT('',(6.769696765476,11.));
#180 = CARTESIAN_POINT('',(6.776242645979,11.));
#181 = CARTESIAN_POINT('',(6.782787621319,11.));
#182 = CARTESIAN_POINT('',(6.789330790258,11.));
#183 = ( GEOMETRIC_REPRESENTATION_CONTEXT(2) 
PARAMETRIC_REPRESENTATION_CONTEXT() REPRESENTATION_CONTEXT('2D SPACE',''
  ) );
#184 = PCURVE('',#185,#190);
#185 = B_SPLINE_SURFACE_WITH_KNOTS('',1,1,(
    (#186,#187)
    ,(#188,#189
    )),.UNSPECIFIED.,.F.,.F.,.F.,(2,2),(2,2),(-10.,10.),(0.,1.),
  .PIECEWISE_BEZIER_KNOTS.);
#186 = CARTESIAN_POINT('',(40.445732083463,19.726701605508,-3.1));
#187 = CARTESIAN_POINT('',(39.357886821273,21.816432911085,-3.1));
#188 = CARTESIAN_POINT('',(22.469851157479,10.959278669727,-3.1));
#189 = CARTESIAN_POINT('',(21.865492678485,12.120240506158,-3.1));
#190 = DEFINITIONAL_REPRESENTATION('',(#191),#200);
#191 = B_SPLINE_CURVE_WITH_KNOTS('',4,(#192,#193,#194,#195,#196,#197,
    #198,#199),.UNSPECIFIED.,.F.,.F.,(5,3,5),(0.,0.50000064421,1.),
  .UNSPECIFIED.);
#192 = CARTESIAN_POINT('',(-2.1,0.));
#193 = CARTESIAN_POINT('',(-2.106356689892,0.125022761976));
#194 = CARTESIAN_POINT('',(-2.110597304966,0.250022914768));
#195 = CARTESIAN_POINT('',(-2.112717609607,0.375011781111));
#196 = CARTESIAN_POINT('',(-2.112717593216,0.624989185133));
#197 = CARTESIAN_POINT('',(-2.110597283111,0.749977729448));
#198 = CARTESIAN_POINT('',(-2.106356673511,0.874977560194));
#199 = CARTESIAN_POINT('',(-2.1,1.));
#200 = ( GEOMETRIC_REPRESENTATION_CONTEXT(2) 
PARAMETRIC_REPRESENTATION_CONTEXT() REPRESENTATION_CONTEXT('2D SPACE',''
  ) );
#201 = ORIENTED_EDGE('',*,*,#202,.F.);
#202 = EDGE_CURVE('',#203,#160,#205,.T.);
#203 = VERTEX_POINT('',#204);
#204 = CARTESIAN_POINT('',(35.324000470733,11.341295814131,-5.59));
#205 = SURFACE_CURVE('',#206,(#221,#239),.PCURVE_S1.);
#206 = B_SPLINE_CURVE_WITH_KNOTS('',4,(#207,#208,#209,#210,#211,#212,
    #213,#214,#215,#216,#217,#218,#219,#220),.UNSPECIFIED.,.F.,.F.,(5,3,
    3,3,5),(0.,0.250916224511,0.501034136434,0.750820355038,1.),
  .UNSPECIFIED.);
#207 = CARTESIAN_POINT('',(35.324000470733,11.341295814131,-5.59));
#208 = CARTESIAN_POINT('',(35.222412380448,11.657705667807,
    -5.433623377181));
#209 = CARTESIAN_POINT('',(35.116930685499,11.973259438713,
    -5.277337984168));
#210 = CARTESIAN_POINT('',(35.007586127584,12.287795247365,
    -5.121120622223));
#211 = CARTESIAN_POINT('',(34.781625094698,12.913514204631,
    -4.809273195025));
#212 = CARTESIAN_POINT('',(34.665032831885,13.224704957645,
    -4.653642818703));
#213 = CARTESIAN_POINT('',(34.54469528595,13.534567113748,
    -4.498034741786));
#214 = CARTESIAN_POINT('',(34.296817765343,14.150917910049,
    -4.187024599589));
#215 = CARTESIAN_POINT('',(34.16928750663,14.457410596256,
    -4.031622510558));
#216 = CARTESIAN_POINT('',(34.038145132944,14.76227199052,
    -3.876197839674));
#217 = CARTESIAN_POINT('',(33.769114911856,15.367704542255,
    -3.565635848374));
#218 = CARTESIAN_POINT('',(33.631244157726,15.668284427198,
    -3.410498723321));
#219 = CARTESIAN_POINT('',(33.489929559495,15.966951183298,
    -3.255294347479));
#220 = CARTESIAN_POINT('',(33.345259117699,16.263569545875,-3.1));
#221 = PCURVE('',#32,#222);
#222 = DEFINITIONAL_REPRESENTATION('',(#223),#238);
#223 = B_SPLINE_CURVE_WITH_KNOTS('',4,(#224,#225,#226,#227,#228,#229,
    #230,#231,#232,#233,#234,#235,#236,#237),.UNSPECIFIED.,.F.,.F.,(5,3,
    3,3,5),(0.,0.250916224511,0.501034136434,0.750820355038,1.),
  .UNSPECIFIED.);
#224 = CARTESIAN_POINT('',(6.593853914035,8.51));
#225 = CARTESIAN_POINT('',(6.60281127587,8.666376622819));
#226 = CARTESIAN_POINT('',(6.611778749121,8.822662015832));
#227 = CARTESIAN_POINT('',(6.620753846009,8.978879377777));
#228 = CARTESIAN_POINT('',(6.638685620112,9.290726804975));
#229 = CARTESIAN_POINT('',(6.64764226729,9.446357181297));
#230 = CARTESIAN_POINT('',(6.656601436301,9.601965258214));
#231 = CARTESIAN_POINT('',(6.674507848915,9.912975400411));
#232 = CARTESIAN_POINT('',(6.683455094823,10.068377489442));
#233 = CARTESIAN_POINT('',(6.692399787066,10.223802160326));
#234 = CARTESIAN_POINT('',(6.710257328323,10.534364151626));
#235 = CARTESIAN_POINT('',(6.719170204081,10.689501276679));
#236 = CARTESIAN_POINT('',(6.728075544348,10.844705652521));
#237 = CARTESIAN_POINT('',(6.736970912698,11.));
#238 = ( GEOMETRIC_REPRESENTATION_CONTEXT(2) 
PARAMETRIC_REPRESENTATION_CONTEXT() REPRESENTATION_CONTEXT('2D SPACE',''
  ) );
#239 = PCURVE('',#240,#245);
#240 = B_SPLINE_SURFACE_WITH_KNOTS('',1,1,(
    (#241,#242)
    ,(#243,#244
    )),.UNSPECIFIED.,.F.,.F.,.F.,(2,2),(2,2),(-10.,10.),(0.,1.),
  .PIECEWISE_BEZIER_KNOTS.);
#241 = CARTESIAN_POINT('',(42.845822673396,13.75628872334,-5.59));
#242 = CARTESIAN_POINT('',(40.445732083463,19.726701605508,-3.1));
#243 = CARTESIAN_POINT('',(23.803234818553,7.642382624078,-5.59));
#244 = CARTESIAN_POINT('',(22.469851157479,10.959278669727,-3.1));
#245 = DEFINITIONAL_REPRESENTATION('',(#246),#261);
#246 = B_SPLINE_CURVE_WITH_KNOTS('',4,(#247,#248,#249,#250,#251,#252,
    #253,#254,#255,#256,#257,#258,#259,#260),.UNSPECIFIED.,.F.,.F.,(5,3,
    3,3,5),(0.,0.250916224511,0.501034136434,0.750820355038,1.),
  .UNSPECIFIED.);
#247 = CARTESIAN_POINT('',(-2.1,0.));
#248 = CARTESIAN_POINT('',(-2.123820859327,6.28018565538E-02));
#249 = CARTESIAN_POINT('',(-2.143699694177,0.125567074631));
#250 = CARTESIAN_POINT('',(-2.159604567009,0.188304970995));
#251 = CARTESIAN_POINT('',(-2.183396142922,0.313544901596));
#252 = CARTESIAN_POINT('',(-2.191308212188,0.376047060762));
#253 = CARTESIAN_POINT('',(-2.195239533979,0.438540264343));
#254 = CARTESIAN_POINT('',(-2.195140848076,0.563443935908));
#255 = CARTESIAN_POINT('',(-2.191121391314,0.625854413431));
#256 = CARTESIAN_POINT('',(-2.183131871109,0.68827395997));
#257 = CARTESIAN_POINT('',(-2.159273765489,0.812997651255));
#258 = CARTESIAN_POINT('',(-2.143424344116,0.875301717542));
#259 = CARTESIAN_POINT('',(-2.123655996266,0.937632792177));
#260 = CARTESIAN_POINT('',(-2.1,1.));
#261 = ( GEOMETRIC_REPRESENTATION_CONTEXT(2) 
PARAMETRIC_REPRESENTATION_CONTEXT() REPRESENTATION_CONTEXT('2D SPACE',''
  ) );
#262 = ORIENTED_EDGE('',*,*,#263,.T.);
#263 = EDGE_CURVE('',#203,#264,#266,.T.);
#264 = VERTEX_POINT('',#265);
#265 = CARTESIAN_POINT('',(35.478906446229,-10.84699024521,-6.57));
#266 = SURFACE_CURVE('',#267,(#290,#341),.PCURVE_S1.);
#267 = B_SPLINE_CURVE_WITH_KNOTS('',6,(#268,#269,#270,#271,#272,#273,
    #274,#275,#276,#277,#278,#279,#280,#281,#282,#283,#284,#285,#286,
    #287,#288,#289),.UNSPECIFIED.,.F.,.F.,(7,5,5,5,7),(0.,0.483668476487
    ,1.,1.483690127215,1.955766687072),.UNSPECIFIED.);
#268 = CARTESIAN_POINT('',(35.324000470733,11.341295814131,-5.59));
#269 = CARTESIAN_POINT('',(35.599308074967,10.483813027251,
    -5.631683426049));
#270 = CARTESIAN_POINT('',(35.851946005625,9.611118532992,-5.67295546999
    ));
#271 = CARTESIAN_POINT('',(36.080681540503,8.724360489204,
    -5.713882652171));
#272 = CARTESIAN_POINT('',(36.284340918866,7.82492193381,-5.754526065035
    ));
#273 = CARTESIAN_POINT('',(36.461878244904,6.914453724876,-5.79494057837
    ));
#274 = CARTESIAN_POINT('',(36.773178554122,5.013262539362,
    -5.878124552844));
#275 = CARTESIAN_POINT('',(36.903187242036,4.021205524218,
    -5.920871599228));
#276 = CARTESIAN_POINT('',(37.001421839669,3.021174859524,
    -5.963470235965));
#277 = CARTESIAN_POINT('',(37.06715285088,2.015765318121,-6.00597619929)
  );
#278 = CARTESIAN_POINT('',(37.1,1.007732054245,-6.048442833738));
#279 = CARTESIAN_POINT('',(37.1,-0.944025346738,-6.130704311077));
#280 = CARTESIAN_POINT('',(37.071174248132,-1.887862832315,
    -6.170501537501));
#281 = CARTESIAN_POINT('',(37.01354618149,-2.829121325015,
    -6.210346234817));
#282 = CARTESIAN_POINT('',(36.927452230323,-3.765549319871,
    -6.250282199939));
#283 = CARTESIAN_POINT('',(36.813502533427,-4.695029874049,
    -6.290355765114));
#284 = CARTESIAN_POINT('',(36.534965293133,-6.514018590329,
    -6.36990361274));
#285 = CARTESIAN_POINT('',(36.371652102172,-7.403996760063,
    -6.409371181263));
#286 = CARTESIAN_POINT('',(36.183380003478,-8.283702041862,
    -6.449060573737));
#287 = CARTESIAN_POINT('',(35.971105987008,-9.151597208473,
    -6.489023042941));
#288 = CARTESIAN_POINT('',(35.735904601516,-10.00638715604,
    -6.529315532614));
#289 = CARTESIAN_POINT('',(35.478906446229,-10.84699024521,-6.57));
#290 = PCURVE('',#32,#291);
#291 = DEFINITIONAL_REPRESENTATION('',(#292),#340);
#292 = B_SPLINE_CURVE_WITH_KNOTS('',3,(#293,#294,#295,#296,#297,#298,
    #299,#300,#301,#302,#303,#304,#305,#306,#307,#308,#309,#310,#311,
    #312,#313,#314,#315,#316,#317,#318,#319,#320,#321,#322,#323,#324,
    #325,#326,#327,#328,#329,#330,#331,#332,#333,#334,#335,#336,#337,
    #338,#339),.UNSPECIFIED.,.F.,.F.,(4,1,1,1,1,1,1,1,1,1,1,1,1,1,1,1,1,
    1,1,1,1,1,1,1,1,1,1,1,1,1,1,1,1,1,1,1,1,1,1,1,1,1,1,1,4),(0.,
    4.444924288799E-02,8.889848577599E-02,0.133347728664,0.177796971552,
    0.22224621444,0.266695457328,0.311144700216,0.355593943104,
    0.400043185992,0.44449242888,0.488941671768,0.533390914656,
    0.577840157544,0.622289400432,0.66673864332,0.711187886208,
    0.755637129096,0.800086371984,0.844535614872,0.88898485776,
    0.933434100648,0.977883343536,1.022332586424,1.066781829312,
    1.1112310722,1.155680315088,1.200129557976,1.244578800864,
    1.289028043752,1.33347728664,1.377926529528,1.422375772416,
    1.466825015304,1.511274258192,1.55572350108,1.600172743968,
    1.644621986856,1.689071229744,1.733520472632,1.77796971552,
    1.822418958408,1.866868201296,1.911317444184,1.955766687072),
  .QUASI_UNIFORM_KNOTS.);
#293 = CARTESIAN_POINT('',(6.593853914035,8.51));
#294 = CARTESIAN_POINT('',(6.589392203732,8.50233857934));
#295 = CARTESIAN_POINT('',(6.580451559086,8.487050436489));
#296 = CARTESIAN_POINT('',(6.566990356533,8.464216350077));
#297 = CARTESIAN_POINT('',(6.553480318192,8.441474366677));
#298 = CARTESIAN_POINT('',(6.539922972471,8.418818662013));
#299 = CARTESIAN_POINT('',(6.526319937504,8.396243548109));
#300 = CARTESIAN_POINT('',(6.512672937314,8.373743495002));
#301 = CARTESIAN_POINT('',(6.498983804586,8.351313130691));
#302 = CARTESIAN_POINT('',(6.485254484481,8.328947242119));
#303 = CARTESIAN_POINT('',(6.471487050104,8.306640793808));
#304 = CARTESIAN_POINT('',(6.457683672654,8.284388874846));
#305 = CARTESIAN_POINT('',(6.443846763456,8.262186914803));
#306 = CARTESIAN_POINT('',(6.429978459027,8.240029869097));
#307 = CARTESIAN_POINT('',(6.416081286152,8.217913290213));
#308 = CARTESIAN_POINT('',(6.402157978995,8.195833015799));
#309 = CARTESIAN_POINT('',(6.388211252343,8.173784816621));
#310 = CARTESIAN_POINT('',(6.374243869556,8.151764505858));
#311 = CARTESIAN_POINT('',(6.360258631812,8.129767925567));
#312 = CARTESIAN_POINT('',(6.346258388511,8.107790966496));
#313 = CARTESIAN_POINT('',(6.332246042901,8.085829580677));
#314 = CARTESIAN_POINT('',(6.318224556888,8.063879792934));
#315 = CARTESIAN_POINT('',(6.304196965235,8.041937727264));
#316 = CARTESIAN_POINT('',(6.290166354465,8.019999578213));
#317 = CARTESIAN_POINT('',(6.276135975053,7.998061790717));
#318 = CARTESIAN_POINT('',(6.262108454628,7.976119838896));
#319 = CARTESIAN_POINT('',(6.248087002186,7.954170103496));
#320 = CARTESIAN_POINT('',(6.234074666032,7.93220873024));
#321 = CARTESIAN_POINT('',(6.220074437924,7.910231792254));
#322 = CARTESIAN_POINT('',(6.206089233839,7.888235263399));
#323 = CARTESIAN_POINT('',(6.19212190752,7.8662150422));
#324 = CARTESIAN_POINT('',(6.178175255121,7.844166962472));
#325 = CARTESIAN_POINT('',(6.164252021435,7.822086806553));
#326 = CARTESIAN_POINT('',(6.150354907343,7.799970321418));
#327 = CARTESIAN_POINT('',(6.136486569366,7.777813220666));
#328 = CARTESIAN_POINT('',(6.122649648108,7.755611240138));
#329 = CARTESIAN_POINT('',(6.108846270605,7.733359322228));
#330 = CARTESIAN_POINT('',(6.095078824784,7.711052856916));
#331 = CARTESIAN_POINT('',(6.081349493325,7.688686950994));
#332 = CARTESIAN_POINT('',(6.067660349913,7.666256569662));
#333 = CARTESIAN_POINT('',(6.0540133417,7.64375650326));
#334 = CARTESIAN_POINT('',(6.040410301526,7.621181380419));
#335 = CARTESIAN_POINT('',(6.026852952663,7.598525670359));
#336 = CARTESIAN_POINT('',(6.013342911367,7.575783682232));
#337 = CARTESIAN_POINT('',(5.999881703264,7.552949587085));
#338 = CARTESIAN_POINT('',(5.990941050458,7.537661430585));
#339 = CARTESIAN_POINT('',(5.986479334341,7.53));
#340 = ( GEOMETRIC_REPRESENTATION_CONTEXT(2) 
PARAMETRIC_REPRESENTATION_CONTEXT() REPRESENTATION_CONTEXT('2D SPACE',''
  ) );
#341 = PCURVE('',#342,#347);
#342 = B_SPLINE_SURFACE_WITH_KNOTS('',1,1,(
    (#343,#344)
    ,(#345,#346
    )),.UNSPECIFIED.,.F.,.F.,.F.,(2,2),(2,2),(-10.,10.),(0.,1.),
  .PIECEWISE_BEZIER_KNOTS.);
#343 = CARTESIAN_POINT('',(43.033714018337,-13.15672671252,-6.57));
#344 = CARTESIAN_POINT('',(42.845822673396,13.75628872334,-5.59));
#345 = CARTESIAN_POINT('',(23.907618899076,-7.309292618068,-6.57));
#346 = CARTESIAN_POINT('',(23.803234818553,7.642382624078,-5.59));
#347 = DEFINITIONAL_REPRESENTATION('',(#348),#396);
#348 = B_SPLINE_CURVE_WITH_KNOTS('',3,(#349,#350,#351,#352,#353,#354,
    #355,#356,#357,#358,#359,#360,#361,#362,#363,#364,#365,#366,#367,
    #368,#369,#370,#371,#372,#373,#374,#375,#376,#377,#378,#379,#380,
    #381,#382,#383,#384,#385,#386,#387,#388,#389,#390,#391,#392,#393,
    #394,#395),.UNSPECIFIED.,.F.,.F.,(4,1,1,1,1,1,1,1,1,1,1,1,1,1,1,1,1,
    1,1,1,1,1,1,1,1,1,1,1,1,1,1,1,1,1,1,1,1,1,1,1,1,1,1,1,4),(0.,
    4.444924288799E-02,8.889848577599E-02,0.133347728664,0.177796971552,
    0.22224621444,0.266695457328,0.311144700216,0.355593943104,
    0.400043185992,0.44449242888,0.488941671768,0.533390914656,
    0.577840157544,0.622289400432,0.66673864332,0.711187886208,
    0.755637129096,0.800086371984,0.844535614872,0.88898485776,
    0.933434100648,0.977883343536,1.022332586424,1.066781829312,
    1.1112310722,1.155680315088,1.200129557976,1.244578800864,
    1.289028043752,1.33347728664,1.377926529528,1.422375772416,
    1.466825015304,1.511274258192,1.55572350108,1.600172743968,
    1.644621986856,1.689071229744,1.733520472632,1.77796971552,
    1.822418958408,1.866868201296,1.911317444184,1.955766687072),
  .QUASI_UNIFORM_KNOTS.);
#349 = CARTESIAN_POINT('',(-2.1,1.));
#350 = CARTESIAN_POINT('',(-2.151874044598,0.992182224517));
#351 = CARTESIAN_POINT('',(-2.253605732328,0.976582080874));
#352 = CARTESIAN_POINT('',(-2.400037618048,0.953281995528));
#353 = CARTESIAN_POINT('',(-2.540186536689,0.930075887777));
#354 = CARTESIAN_POINT('',(-2.673938246089,0.90695781745));
#355 = CARTESIAN_POINT('',(-2.801180955558,0.883921983733));
#356 = CARTESIAN_POINT('',(-2.921805928622,0.860962746057));
#357 = CARTESIAN_POINT('',(-3.035707751022,0.838074622662));
#358 = CARTESIAN_POINT('',(-3.142784707504,0.815252291645));
#359 = CARTESIAN_POINT('',(-3.242939058285,0.792490611517));
#360 = CARTESIAN_POINT('',(-3.336077608053,0.769784568404));
#361 = CARTESIAN_POINT('',(-3.422111205216,0.747129504367));
#362 = CARTESIAN_POINT('',(-3.500958334545,0.724520274453));
#363 = CARTESIAN_POINT('',(-3.572541231516,0.701952336641));
#364 = CARTESIAN_POINT('',(-3.636787782594,0.679421444746));
#365 = CARTESIAN_POINT('',(-3.693633060225,0.656923282511));
#366 = CARTESIAN_POINT('',(-3.74301908315,0.63445357758));
#367 = CARTESIAN_POINT('',(-3.784895066986,0.612008087233));
#368 = CARTESIAN_POINT('',(-3.819217557873,0.589582618622));
#369 = CARTESIAN_POINT('',(-3.845950613067,0.567173041354));
#370 = CARTESIAN_POINT('',(-3.865065980154,0.544775299068));
#371 = CARTESIAN_POINT('',(-3.876543304318,0.522385436334));
#372 = CARTESIAN_POINT('',(-3.880370294233,0.499999569681));
#373 = CARTESIAN_POINT('',(-3.876543094892,0.477614072016));
#374 = CARTESIAN_POINT('',(-3.865065669211,0.455224322734));
#375 = CARTESIAN_POINT('',(-3.845950226851,0.432826633737));
#376 = CARTESIAN_POINT('',(-3.819217121485,0.410417071159));
#377 = CARTESIAN_POINT('',(-3.784894604792,0.387991626336));
#378 = CARTESIAN_POINT('',(-3.743018646347,0.365546189416));
#379 = CARTESIAN_POINT('',(-3.693632735572,0.343076574807));
#380 = CARTESIAN_POINT('',(-3.636787689542,0.320578532095));
#381 = CARTESIAN_POINT('',(-3.572541455301,0.298047759192));
#382 = CARTESIAN_POINT('',(-3.500958928304,0.27547991751));
#383 = CARTESIAN_POINT('',(-3.422111711879,0.252870633676));
#384 = CARTESIAN_POINT('',(-3.336078096512,0.23021555038));
#385 = CARTESIAN_POINT('',(-3.242939578205,0.207509507777));
#386 = CARTESIAN_POINT('',(-3.142785167523,0.184747809329));
#387 = CARTESIAN_POINT('',(-3.035708142492,0.161925459953));
#388 = CARTESIAN_POINT('',(-2.921806253391,0.139037319135));
#389 = CARTESIAN_POINT('',(-2.80118123256,0.116078068324));
#390 = CARTESIAN_POINT('',(-2.673938496279,9.304222610189E-02));
#391 = CARTESIAN_POINT('',(-2.540186773377,6.992415070413E-02));
#392 = CARTESIAN_POINT('',(-2.400037834886,4.671803814882E-02));
#393 = CARTESIAN_POINT('',(-2.253605892883,2.341794345684E-02));
#394 = CARTESIAN_POINT('',(-2.151874112058,7.817785651703E-03));
#395 = CARTESIAN_POINT('',(-2.1,0.));
#396 = ( GEOMETRIC_REPRESENTATION_CONTEXT(2) 
PARAMETRIC_REPRESENTATION_CONTEXT() REPRESENTATION_CONTEXT('2D SPACE',''
  ) );
#397 = ORIENTED_EDGE('',*,*,#398,.F.);
#398 = EDGE_CURVE('',#399,#264,#401,.T.);
#399 = VERTEX_POINT('',#400);
#400 = CARTESIAN_POINT('',(35.2358648348,-11.61222757888,-6.605));
#401 = SURFACE_CURVE('',#402,(#408,#417),.PCURVE_S1.);
#402 = B_SPLINE_CURVE_WITH_KNOTS('',4,(#403,#404,#405,#406,#407),
  .UNSPECIFIED.,.F.,.F.,(5,5),(0.,1.),.PIECEWISE_BEZIER_KNOTS.);
#403 = CARTESIAN_POINT('',(35.2358648348,-11.61222757888,-6.605));
#404 = CARTESIAN_POINT('',(35.298689088573,-11.42159517013,
    -6.596249866185));
#405 = CARTESIAN_POINT('',(35.360146089253,-11.23048563862,-6.5875));
#406 = CARTESIAN_POINT('',(35.420222264988,-11.03893755308,
    -6.578750133815));
#407 = CARTESIAN_POINT('',(35.478906446229,-10.84699024521,-6.57));
#408 = PCURVE('',#32,#409);
#409 = DEFINITIONAL_REPRESENTATION('',(#410),#416);
#410 = B_SPLINE_CURVE_WITH_KNOTS('',4,(#411,#412,#413,#414,#415),
  .UNSPECIFIED.,.F.,.F.,(5,5),(0.,1.),.PIECEWISE_BEZIER_KNOTS.);
#411 = CARTESIAN_POINT('',(5.964837251616,7.495));
#412 = CARTESIAN_POINT('',(5.970247432681,7.503750133815));
#413 = CARTESIAN_POINT('',(5.975658292978,7.5125));
#414 = CARTESIAN_POINT('',(5.981069153275,7.521249866185));
#415 = CARTESIAN_POINT('',(5.986479334341,7.53));
#416 = ( GEOMETRIC_REPRESENTATION_CONTEXT(2) 
PARAMETRIC_REPRESENTATION_CONTEXT() REPRESENTATION_CONTEXT('2D SPACE',''
  ) );
#417 = PCURVE('',#418,#423);
#418 = B_SPLINE_SURFACE_WITH_KNOTS('',1,1,(
    (#419,#420)
    ,(#421,#422
    )),.UNSPECIFIED.,.F.,.F.,.F.,(2,2),(2,2),(-10.,10.),(0.,1.),
  .PIECEWISE_BEZIER_KNOTS.);
#419 = CARTESIAN_POINT('',(42.738919610943,-14.08491215767,-6.605));
#420 = CARTESIAN_POINT('',(43.033714018337,-13.15672671252,-6.57));
#421 = CARTESIAN_POINT('',(23.743844228302,-7.824951198707,-6.605));
#422 = CARTESIAN_POINT('',(23.907618899076,-7.309292618068,-6.57));
#423 = DEFINITIONAL_REPRESENTATION('',(#424),#430);
#424 = B_SPLINE_CURVE_WITH_KNOTS('',4,(#425,#426,#427,#428,#429),
  .UNSPECIFIED.,.F.,.F.,(5,5),(0.,1.),.PIECEWISE_BEZIER_KNOTS.);
#425 = CARTESIAN_POINT('',(-2.1,0.));
#426 = CARTESIAN_POINT('',(-2.102172059503,0.250003823279));
#427 = CARTESIAN_POINT('',(-2.102896499454,0.500000000001));
#428 = CARTESIAN_POINT('',(-2.102172059503,0.749996176718));
#429 = CARTESIAN_POINT('',(-2.1,1.));
#430 = ( GEOMETRIC_REPRESENTATION_CONTEXT(2) 
PARAMETRIC_REPRESENTATION_CONTEXT() REPRESENTATION_CONTEXT('2D SPACE',''
  ) );
#431 = ORIENTED_EDGE('',*,*,#432,.F.);
#432 = EDGE_CURVE('',#433,#399,#435,.T.);
#433 = VERTEX_POINT('',#434);
#434 = CARTESIAN_POINT('',(35.2358648348,-11.61222757888,-10.52));
#435 = SURFACE_CURVE('',#436,(#440,#446),.PCURVE_S1.);
#436 = LINE('',#437,#438);
#437 = CARTESIAN_POINT('',(35.2358648348,-11.61222757888,-13.5));
#438 = VECTOR('',#439,1.);
#439 = DIRECTION('',(0.,0.,1.));
#440 = PCURVE('',#32,#441);
#441 = DEFINITIONAL_REPRESENTATION('',(#442),#445);
#442 = B_SPLINE_CURVE_WITH_KNOTS('',1,(#443,#444),.UNSPECIFIED.,.F.,.F.,
  (2,2),(0.,6.895),.PIECEWISE_BEZIER_KNOTS.);
#443 = CARTESIAN_POINT('',(5.964837251616,0.6));
#444 = CARTESIAN_POINT('',(5.964837251616,7.495));
#445 = ( GEOMETRIC_REPRESENTATION_CONTEXT(2) 
PARAMETRIC_REPRESENTATION_CONTEXT() REPRESENTATION_CONTEXT('2D SPACE',''
  ) );
#446 = PCURVE('',#447,#452);
#447 = PLANE('',#448);
#448 = AXIS2_PLACEMENT_3D('',#449,#450,#451);
#449 = CARTESIAN_POINT('',(23.743844228302,-7.824951198707,-13.5));
#450 = DIRECTION('',(-0.312998047948,-0.949753769132,0.));
#451 = DIRECTION('',(0.897893019657,-0.295906972473,0.325925127741));
#452 = DEFINITIONAL_REPRESENTATION('',(#453),#456);
#453 = B_SPLINE_CURVE_WITH_KNOTS('',1,(#454,#455),.UNSPECIFIED.,.F.,.F.,
  (2,2),(-5.999999999062E-07,12.445475),.PIECEWISE_BEZIER_KNOTS.);
#454 = CARTESIAN_POINT('',(11.439286376351,-3.943694612902));
#455 = CARTESIAN_POINT('',(15.495579601077,7.822203065781));
#456 = ( GEOMETRIC_REPRESENTATION_CONTEXT(2) 
PARAMETRIC_REPRESENTATION_CONTEXT() REPRESENTATION_CONTEXT('2D SPACE',''
  ) );
#457 = ORIENTED_EDGE('',*,*,#458,.F.);
#458 = EDGE_CURVE('',#459,#433,#461,.T.);
#459 = VERTEX_POINT('',#460);
#460 = CARTESIAN_POINT('',(33.89253647854,-15.08992945811,-10.52));
#461 = SURFACE_CURVE('',#462,(#467,#474),.PCURVE_S1.);
#462 = CIRCLE('',#463,37.1);
#463 = AXIS2_PLACEMENT_3D('',#464,#465,#466);
#464 = CARTESIAN_POINT('',(0.,0.,-10.52));
#465 = DIRECTION('',(0.,0.,1.));
#466 = DIRECTION('',(1.,0.,-0.));
#467 = PCURVE('',#32,#468);
#468 = DEFINITIONAL_REPRESENTATION('',(#469),#473);
#469 = LINE('',#470,#471);
#470 = CARTESIAN_POINT('',(0.,3.58));
#471 = VECTOR('',#472,1.);
#472 = DIRECTION('',(1.,0.));
#473 = ( GEOMETRIC_REPRESENTATION_CONTEXT(2) 
PARAMETRIC_REPRESENTATION_CONTEXT() REPRESENTATION_CONTEXT('2D SPACE',''
  ) );
#474 = PCURVE('',#475,#480);
#475 = PLANE('',#476);
#476 = AXIS2_PLACEMENT_3D('',#477,#478,#479);
#477 = CARTESIAN_POINT('',(0.,0.,-10.52));
#478 = DIRECTION('',(0.,0.,1.));
#479 = DIRECTION('',(0.913545457643,-0.406736643076,0.));
#480 = DEFINITIONAL_REPRESENTATION('',(#481),#485);
#481 = CIRCLE('',#482,37.1);
#482 = AXIS2_PLACEMENT_2D('',#483,#484);
#483 = CARTESIAN_POINT('',(0.,0.));
#484 = DIRECTION('',(0.913545457643,0.406736643076));
#485 = ( GEOMETRIC_REPRESENTATION_CONTEXT(2) 
PARAMETRIC_REPRESENTATION_CONTEXT() REPRESENTATION_CONTEXT('2D SPACE',''
  ) );
#486 = ORIENTED_EDGE('',*,*,#487,.T.);
#487 = EDGE_CURVE('',#459,#488,#490,.T.);
#488 = VERTEX_POINT('',#489);
#489 = CARTESIAN_POINT('',(33.89253647854,-15.08992945811,0.));
#490 = SURFACE_CURVE('',#491,(#495,#501),.PCURVE_S1.);
#491 = LINE('',#492,#493);
#492 = CARTESIAN_POINT('',(33.89253647854,-15.08992945811,-14.1));
#493 = VECTOR('',#494,1.);
#494 = DIRECTION('',(0.,0.,1.));
#495 = PCURVE('',#32,#496);
#496 = DEFINITIONAL_REPRESENTATION('',(#497),#500);
#497 = B_SPLINE_CURVE_WITH_KNOTS('',1,(#498,#499),.UNSPECIFIED.,.F.,.F.,
  (2,2),(2.528,15.152),.PIECEWISE_BEZIER_KNOTS.);
#498 = CARTESIAN_POINT('',(5.864306286701,2.528));
#499 = CARTESIAN_POINT('',(5.864306286701,15.152));
#500 = ( GEOMETRIC_REPRESENTATION_CONTEXT(2) 
PARAMETRIC_REPRESENTATION_CONTEXT() REPRESENTATION_CONTEXT('2D SPACE',''
  ) );
#501 = PCURVE('',#502,#507);
#502 = PLANE('',#503);
#503 = AXIS2_PLACEMENT_3D('',#504,#505,#506);
#504 = CARTESIAN_POINT('',(0.,0.,-10.52));
#505 = DIRECTION('',(-0.406736643076,-0.913545457643,0.));
#506 = DIRECTION('',(0.913545457643,-0.406736643076,0.));
#507 = DEFINITIONAL_REPRESENTATION('',(#508),#511);
#508 = B_SPLINE_CURVE_WITH_KNOTS('',1,(#509,#510),.UNSPECIFIED.,.F.,.F.,
  (2,2),(2.528,15.152),.PIECEWISE_BEZIER_KNOTS.);
#509 = CARTESIAN_POINT('',(37.1,-1.052));
#510 = CARTESIAN_POINT('',(37.1,11.572));
#511 = ( GEOMETRIC_REPRESENTATION_CONTEXT(2) 
PARAMETRIC_REPRESENTATION_CONTEXT() REPRESENTATION_CONTEXT('2D SPACE',''
  ) );
#512 = ORIENTED_EDGE('',*,*,#513,.T.);
#513 = EDGE_CURVE('',#488,#514,#516,.T.);
#514 = VERTEX_POINT('',#515);
#515 = CARTESIAN_POINT('',(37.1,-9.086879249673E-15,0.));
#516 = SURFACE_CURVE('',#517,(#522,#529),.PCURVE_S1.);
#517 = CIRCLE('',#518,37.1);
#518 = AXIS2_PLACEMENT_3D('',#519,#520,#521);
#519 = CARTESIAN_POINT('',(0.,0.,0.));
#520 = DIRECTION('',(0.,0.,1.));
#521 = DIRECTION('',(1.,0.,-0.));
#522 = PCURVE('',#32,#523);
#523 = DEFINITIONAL_REPRESENTATION('',(#524),#528);
#524 = LINE('',#525,#526);
#525 = CARTESIAN_POINT('',(0.,14.1));
#526 = VECTOR('',#527,1.);
#527 = DIRECTION('',(1.,0.));
#528 = ( GEOMETRIC_REPRESENTATION_CONTEXT(2) 
PARAMETRIC_REPRESENTATION_CONTEXT() REPRESENTATION_CONTEXT('2D SPACE',''
  ) );
#529 = PCURVE('',#530,#535);
#530 = PLANE('',#531);
#531 = AXIS2_PLACEMENT_3D('',#532,#533,#534);
#532 = CARTESIAN_POINT('',(0.,0.,0.));
#533 = DIRECTION('',(0.,0.,1.));
#534 = DIRECTION('',(0.913545457643,-0.406736643076,0.));
#535 = DEFINITIONAL_REPRESENTATION('',(#536),#540);
#536 = CIRCLE('',#537,37.1);
#537 = AXIS2_PLACEMENT_2D('',#538,#539);
#538 = CARTESIAN_POINT('',(0.,0.));
#539 = DIRECTION('',(0.913545457643,0.406736643076));
#540 = ( GEOMETRIC_REPRESENTATION_CONTEXT(2) 
PARAMETRIC_REPRESENTATION_CONTEXT() REPRESENTATION_CONTEXT('2D SPACE',''
  ) );
#541 = ORIENTED_EDGE('',*,*,#542,.T.);
#542 = EDGE_CURVE('',#514,#543,#545,.T.);
#543 = VERTEX_POINT('',#544);
#544 = CARTESIAN_POINT('',(37.1,-9.086879249673E-15,3.3));
#545 = SEAM_CURVE('',#546,(#550,#557),.PCURVE_S1.);
#546 = LINE('',#547,#548);
#547 = CARTESIAN_POINT('',(37.1,-9.086879249673E-15,-14.1));
#548 = VECTOR('',#549,1.);
#549 = DIRECTION('',(0.,0.,1.));
#550 = PCURVE('',#32,#551);
#551 = DEFINITIONAL_REPRESENTATION('',(#552),#556);
#552 = LINE('',#553,#554);
#553 = CARTESIAN_POINT('',(0.,-0.));
#554 = VECTOR('',#555,1.);
#555 = DIRECTION('',(0.,1.));
#556 = ( GEOMETRIC_REPRESENTATION_CONTEXT(2) 
PARAMETRIC_REPRESENTATION_CONTEXT() REPRESENTATION_CONTEXT('2D SPACE',''
  ) );
#557 = PCURVE('',#32,#558);
#558 = DEFINITIONAL_REPRESENTATION('',(#559),#563);
#559 = LINE('',#560,#561);
#560 = CARTESIAN_POINT('',(6.28318530718,-0.));
#561 = VECTOR('',#562,1.);
#562 = DIRECTION('',(0.,1.));
#563 = ( GEOMETRIC_REPRESENTATION_CONTEXT(2) 
PARAMETRIC_REPRESENTATION_CONTEXT() REPRESENTATION_CONTEXT('2D SPACE',''
  ) );
#564 = ORIENTED_EDGE('',*,*,#565,.F.);
#565 = EDGE_CURVE('',#543,#543,#566,.T.);
#566 = SURFACE_CURVE('',#567,(#572,#579),.PCURVE_S1.);
#567 = CIRCLE('',#568,37.1);
#568 = AXIS2_PLACEMENT_3D('',#569,#570,#571);
#569 = CARTESIAN_POINT('',(0.,0.,3.3));
#570 = DIRECTION('',(0.,0.,1.));
#571 = DIRECTION('',(1.,0.,-0.));
#572 = PCURVE('',#32,#573);
#573 = DEFINITIONAL_REPRESENTATION('',(#574),#578);
#574 = LINE('',#575,#576);
#575 = CARTESIAN_POINT('',(0.,17.4));
#576 = VECTOR('',#577,1.);
#577 = DIRECTION('',(1.,0.));
#578 = ( GEOMETRIC_REPRESENTATION_CONTEXT(2) 
PARAMETRIC_REPRESENTATION_CONTEXT() REPRESENTATION_CONTEXT('2D SPACE',''
  ) );
#579 = PCURVE('',#580,#585);
#580 = PLANE('',#581);
#581 = AXIS2_PLACEMENT_3D('',#582,#583,#584);
#582 = CARTESIAN_POINT('',(0.,0.,3.3));
#583 = DIRECTION('',(0.,0.,1.));
#584 = DIRECTION('',(1.,0.,-0.));
#585 = DEFINITIONAL_REPRESENTATION('',(#586),#590);
#586 = CIRCLE('',#587,37.1);
#587 = AXIS2_PLACEMENT_2D('',#588,#589);
#588 = CARTESIAN_POINT('',(0.,0.));
#589 = DIRECTION('',(1.,0.));
#590 = ( GEOMETRIC_REPRESENTATION_CONTEXT(2) 
PARAMETRIC_REPRESENTATION_CONTEXT() REPRESENTATION_CONTEXT('2D SPACE',''
  ) );
#591 = ORIENTED_EDGE('',*,*,#542,.F.);
#592 = ORIENTED_EDGE('',*,*,#593,.T.);
#593 = EDGE_CURVE('',#514,#594,#596,.T.);
#594 = VERTEX_POINT('',#595);
#595 = CARTESIAN_POINT('',(32.129542480403,18.55,0.));
#596 = SURFACE_CURVE('',#597,(#602,#609),.PCURVE_S1.);
#597 = CIRCLE('',#598,37.1);
#598 = AXIS2_PLACEMENT_3D('',#599,#600,#601);
#599 = CARTESIAN_POINT('',(0.,0.,0.));
#600 = DIRECTION('',(0.,0.,1.));
#601 = DIRECTION('',(1.,0.,-0.));
#602 = PCURVE('',#32,#603);
#603 = DEFINITIONAL_REPRESENTATION('',(#604),#608);
#604 = LINE('',#605,#606);
#605 = CARTESIAN_POINT('',(0.,14.1));
#606 = VECTOR('',#607,1.);
#607 = DIRECTION('',(1.,0.));
#608 = ( GEOMETRIC_REPRESENTATION_CONTEXT(2) 
PARAMETRIC_REPRESENTATION_CONTEXT() REPRESENTATION_CONTEXT('2D SPACE',''
  ) );
#609 = PCURVE('',#530,#610);
#610 = DEFINITIONAL_REPRESENTATION('',(#611),#615);
#611 = CIRCLE('',#612,37.1);
#612 = AXIS2_PLACEMENT_2D('',#613,#614);
#613 = CARTESIAN_POINT('',(0.,0.));
#614 = DIRECTION('',(0.913545457643,0.406736643076));
#615 = ( GEOMETRIC_REPRESENTATION_CONTEXT(2) 
PARAMETRIC_REPRESENTATION_CONTEXT() REPRESENTATION_CONTEXT('2D SPACE',''
  ) );
#616 = ORIENTED_EDGE('',*,*,#617,.F.);
#617 = EDGE_CURVE('',#104,#594,#618,.T.);
#618 = SURFACE_CURVE('',#619,(#623,#629),.PCURVE_S1.);
#619 = LINE('',#620,#621);
#620 = CARTESIAN_POINT('',(32.129542480403,18.55,-14.1));
#621 = VECTOR('',#622,1.);
#622 = DIRECTION('',(0.,0.,1.));
#623 = PCURVE('',#32,#624);
#624 = DEFINITIONAL_REPRESENTATION('',(#625),#628);
#625 = B_SPLINE_CURVE_WITH_KNOTS('',1,(#626,#627),.UNSPECIFIED.,.F.,.F.,
  (2,2),(2.528,15.152),.PIECEWISE_BEZIER_KNOTS.);
#626 = CARTESIAN_POINT('',(0.523598775598,2.528));
#627 = CARTESIAN_POINT('',(0.523598775598,15.152));
#628 = ( GEOMETRIC_REPRESENTATION_CONTEXT(2) 
PARAMETRIC_REPRESENTATION_CONTEXT() REPRESENTATION_CONTEXT('2D SPACE',''
  ) );
#629 = PCURVE('',#630,#635);
#630 = PLANE('',#631);
#631 = AXIS2_PLACEMENT_3D('',#632,#633,#634);
#632 = CARTESIAN_POINT('',(0.,0.,-10.52));
#633 = DIRECTION('',(0.5,-0.866025403784,0.));
#634 = DIRECTION('',(0.866025403784,0.5,0.));
#635 = DEFINITIONAL_REPRESENTATION('',(#636),#639);
#636 = B_SPLINE_CURVE_WITH_KNOTS('',1,(#637,#638),.UNSPECIFIED.,.F.,.F.,
  (2,2),(2.528,15.152),.PIECEWISE_BEZIER_KNOTS.);
#637 = CARTESIAN_POINT('',(37.1,-1.052));
#638 = CARTESIAN_POINT('',(37.1,11.572));
#639 = ( GEOMETRIC_REPRESENTATION_CONTEXT(2) 
PARAMETRIC_REPRESENTATION_CONTEXT() REPRESENTATION_CONTEXT('2D SPACE',''
  ) );
#640 = ORIENTED_EDGE('',*,*,#103,.F.);
#641 = ORIENTED_EDGE('',*,*,#79,.F.);
#642 = FACE_BOUND('',#643,.F.);
#643 = EDGE_LOOP('',(#644,#675,#701,#730,#756,#790,#833,#894,#979,#1013)
  );
#644 = ORIENTED_EDGE('',*,*,#645,.F.);
#645 = EDGE_CURVE('',#646,#648,#650,.T.);
#646 = VERTEX_POINT('',#647);
#647 = CARTESIAN_POINT('',(-3.87800598723,36.896762318163,-10.52));
#648 = VERTEX_POINT('',#649);
#649 = CARTESIAN_POINT('',(-7.561448339563,36.321267860692,-10.52));
#650 = SURFACE_CURVE('',#651,(#656,#663),.PCURVE_S1.);
#651 = CIRCLE('',#652,37.1);
#652 = AXIS2_PLACEMENT_3D('',#653,#654,#655);
#653 = CARTESIAN_POINT('',(0.,0.,-10.52));
#654 = DIRECTION('',(0.,0.,1.));
#655 = DIRECTION('',(1.,0.,-0.));
#656 = PCURVE('',#32,#657);
#657 = DEFINITIONAL_REPRESENTATION('',(#658),#662);
#658 = LINE('',#659,#660);
#659 = CARTESIAN_POINT('',(0.,3.58));
#660 = VECTOR('',#661,1.);
#661 = DIRECTION('',(1.,0.));
#662 = ( GEOMETRIC_REPRESENTATION_CONTEXT(2) 
PARAMETRIC_REPRESENTATION_CONTEXT() REPRESENTATION_CONTEXT('2D SPACE',''
  ) );
#663 = PCURVE('',#664,#669);
#664 = PLANE('',#665);
#665 = AXIS2_PLACEMENT_3D('',#666,#667,#668);
#666 = CARTESIAN_POINT('',(0.,0.,-10.52));
#667 = DIRECTION('',(0.,0.,1.));
#668 = DIRECTION('',(-0.104528463268,0.994521895368,0.));
#669 = DEFINITIONAL_REPRESENTATION('',(#670),#674);
#670 = CIRCLE('',#671,37.1);
#671 = AXIS2_PLACEMENT_2D('',#672,#673);
#672 = CARTESIAN_POINT('',(0.,0.));
#673 = DIRECTION('',(-0.104528463268,-0.994521895368));
#674 = ( GEOMETRIC_REPRESENTATION_CONTEXT(2) 
PARAMETRIC_REPRESENTATION_CONTEXT() REPRESENTATION_CONTEXT('2D SPACE',''
  ) );
#675 = ORIENTED_EDGE('',*,*,#676,.T.);
#676 = EDGE_CURVE('',#646,#677,#679,.T.);
#677 = VERTEX_POINT('',#678);
#678 = CARTESIAN_POINT('',(-3.87800598723,36.896762318163,0.));
#679 = SURFACE_CURVE('',#680,(#684,#690),.PCURVE_S1.);
#680 = LINE('',#681,#682);
#681 = CARTESIAN_POINT('',(-3.87800598723,36.896762318163,-14.1));
#682 = VECTOR('',#683,1.);
#683 = DIRECTION('',(0.,0.,1.));
#684 = PCURVE('',#32,#685);
#685 = DEFINITIONAL_REPRESENTATION('',(#686),#689);
#686 = B_SPLINE_CURVE_WITH_KNOTS('',1,(#687,#688),.UNSPECIFIED.,.F.,.F.,
  (2,2),(2.528,15.152),.PIECEWISE_BEZIER_KNOTS.);
#687 = CARTESIAN_POINT('',(1.675516081915,2.528));
#688 = CARTESIAN_POINT('',(1.675516081915,15.152));
#689 = ( GEOMETRIC_REPRESENTATION_CONTEXT(2) 
PARAMETRIC_REPRESENTATION_CONTEXT() REPRESENTATION_CONTEXT('2D SPACE',''
  ) );
#690 = PCURVE('',#691,#696);
#691 = PLANE('',#692);
#692 = AXIS2_PLACEMENT_3D('',#693,#694,#695);
#693 = CARTESIAN_POINT('',(0.,0.,-10.52));
#694 = DIRECTION('',(0.994521895368,0.104528463268,0.));
#695 = DIRECTION('',(-0.104528463268,0.994521895368,0.));
#696 = DEFINITIONAL_REPRESENTATION('',(#697),#700);
#697 = B_SPLINE_CURVE_WITH_KNOTS('',1,(#698,#699),.UNSPECIFIED.,.F.,.F.,
  (2,2),(2.528,15.152),.PIECEWISE_BEZIER_KNOTS.);
#698 = CARTESIAN_POINT('',(37.1,-1.052));
#699 = CARTESIAN_POINT('',(37.1,11.572));
#700 = ( GEOMETRIC_REPRESENTATION_CONTEXT(2) 
PARAMETRIC_REPRESENTATION_CONTEXT() REPRESENTATION_CONTEXT('2D SPACE',''
  ) );
#701 = ORIENTED_EDGE('',*,*,#702,.T.);
#702 = EDGE_CURVE('',#677,#703,#705,.T.);
#703 = VERTEX_POINT('',#704);
#704 = CARTESIAN_POINT('',(-32.1295424804,18.55,0.));
#705 = SURFACE_CURVE('',#706,(#711,#718),.PCURVE_S1.);
#706 = CIRCLE('',#707,37.1);
#707 = AXIS2_PLACEMENT_3D('',#708,#709,#710);
#708 = CARTESIAN_POINT('',(0.,0.,0.));
#709 = DIRECTION('',(0.,0.,1.));
#710 = DIRECTION('',(1.,0.,-0.));
#711 = PCURVE('',#32,#712);
#712 = DEFINITIONAL_REPRESENTATION('',(#713),#717);
#713 = LINE('',#714,#715);
#714 = CARTESIAN_POINT('',(0.,14.1));
#715 = VECTOR('',#716,1.);
#716 = DIRECTION('',(1.,0.));
#717 = ( GEOMETRIC_REPRESENTATION_CONTEXT(2) 
PARAMETRIC_REPRESENTATION_CONTEXT() REPRESENTATION_CONTEXT('2D SPACE',''
  ) );
#718 = PCURVE('',#719,#724);
#719 = PLANE('',#720);
#720 = AXIS2_PLACEMENT_3D('',#721,#722,#723);
#721 = CARTESIAN_POINT('',(0.,0.,0.));
#722 = DIRECTION('',(0.,0.,1.));
#723 = DIRECTION('',(-0.104528463268,0.994521895368,0.));
#724 = DEFINITIONAL_REPRESENTATION('',(#725),#729);
#725 = CIRCLE('',#726,37.1);
#726 = AXIS2_PLACEMENT_2D('',#727,#728);
#727 = CARTESIAN_POINT('',(0.,0.));
#728 = DIRECTION('',(-0.104528463268,-0.994521895368));
#729 = ( GEOMETRIC_REPRESENTATION_CONTEXT(2) 
PARAMETRIC_REPRESENTATION_CONTEXT() REPRESENTATION_CONTEXT('2D SPACE',''
  ) );
#730 = ORIENTED_EDGE('',*,*,#731,.F.);
#731 = EDGE_CURVE('',#732,#703,#734,.T.);
#732 = VERTEX_POINT('',#733);
#733 = CARTESIAN_POINT('',(-32.1295424804,18.55,-1.15));
#734 = SURFACE_CURVE('',#735,(#739,#745),.PCURVE_S1.);
#735 = LINE('',#736,#737);
#736 = CARTESIAN_POINT('',(-32.1295424804,18.55,-14.1));
#737 = VECTOR('',#738,1.);
#738 = DIRECTION('',(0.,0.,1.));
#739 = PCURVE('',#32,#740);
#740 = DEFINITIONAL_REPRESENTATION('',(#741),#744);
#741 = B_SPLINE_CURVE_WITH_KNOTS('',1,(#742,#743),.UNSPECIFIED.,.F.,.F.,
  (2,2),(2.528,15.152),.PIECEWISE_BEZIER_KNOTS.);
#742 = CARTESIAN_POINT('',(2.617993877991,2.528));
#743 = CARTESIAN_POINT('',(2.617993877991,15.152));
#744 = ( GEOMETRIC_REPRESENTATION_CONTEXT(2) 
PARAMETRIC_REPRESENTATION_CONTEXT() REPRESENTATION_CONTEXT('2D SPACE',''
  ) );
#745 = PCURVE('',#746,#751);
#746 = PLANE('',#747);
#747 = AXIS2_PLACEMENT_3D('',#748,#749,#750);
#748 = CARTESIAN_POINT('',(0.,0.,-10.52));
#749 = DIRECTION('',(0.5,0.866025403784,0.));
#750 = DIRECTION('',(-0.866025403784,0.5,0.));
#751 = DEFINITIONAL_REPRESENTATION('',(#752),#755);
#752 = B_SPLINE_CURVE_WITH_KNOTS('',1,(#753,#754),.UNSPECIFIED.,.F.,.F.,
  (2,2),(2.528,15.152),.PIECEWISE_BEZIER_KNOTS.);
#753 = CARTESIAN_POINT('',(37.1,-1.052));
#754 = CARTESIAN_POINT('',(37.1,11.572));
#755 = ( GEOMETRIC_REPRESENTATION_CONTEXT(2) 
PARAMETRIC_REPRESENTATION_CONTEXT() REPRESENTATION_CONTEXT('2D SPACE',''
  ) );
#756 = ORIENTED_EDGE('',*,*,#757,.F.);
#757 = EDGE_CURVE('',#758,#732,#760,.T.);
#758 = VERTEX_POINT('',#759);
#759 = CARTESIAN_POINT('',(-31.80090685604,19.107912579163,-3.1));
#760 = SURFACE_CURVE('',#761,(#767,#776),.PCURVE_S1.);
#761 = B_SPLINE_CURVE_WITH_KNOTS('',4,(#762,#763,#764,#765,#766),
  .UNSPECIFIED.,.F.,.F.,(5,5),(0.,1.),.PIECEWISE_BEZIER_KNOTS.);
#762 = CARTESIAN_POINT('',(-31.80090685604,19.107912579163,-3.1));
#763 = CARTESIAN_POINT('',(-31.88427671863,18.96916182742,
    -2.612499424273));
#764 = CARTESIAN_POINT('',(-31.9668476712,18.829912311399,-2.125));
#765 = CARTESIAN_POINT('',(-32.04860684996,18.690184624058,
    -1.637500575726));
#766 = CARTESIAN_POINT('',(-32.1295424804,18.55,-1.15));
#767 = PCURVE('',#32,#768);
#768 = DEFINITIONAL_REPRESENTATION('',(#769),#775);
#769 = B_SPLINE_CURVE_WITH_KNOTS('',4,(#770,#771,#772,#773,#774),
  .UNSPECIFIED.,.F.,.F.,(5,5),(0.,1.),.PIECEWISE_BEZIER_KNOTS.);
#770 = CARTESIAN_POINT('',(2.600540585472,11.));
#771 = CARTESIAN_POINT('',(2.604903692234,11.487500575727));
#772 = CARTESIAN_POINT('',(2.609267231732,11.975));
#773 = CARTESIAN_POINT('',(2.613630771229,12.462499424274));
#774 = CARTESIAN_POINT('',(2.617993877991,12.95));
#775 = ( GEOMETRIC_REPRESENTATION_CONTEXT(2) 
PARAMETRIC_REPRESENTATION_CONTEXT() REPRESENTATION_CONTEXT('2D SPACE',''
  ) );
#776 = PCURVE('',#777,#782);
#777 = B_SPLINE_SURFACE_WITH_KNOTS('',1,1,(
    (#778,#779)
    ,(#780,#781
    )),.UNSPECIFIED.,.F.,.F.,.F.,(2,2),(2,2),(-10.,10.),(0.,1.),
  .PIECEWISE_BEZIER_KNOTS.);
#778 = CARTESIAN_POINT('',(-38.57252853159,23.176713370952,-3.1));
#779 = CARTESIAN_POINT('',(-38.9711431703,22.5,-1.15));
#780 = CARTESIAN_POINT('',(-21.42918251755,12.875951872751,-3.1));
#781 = CARTESIAN_POINT('',(-21.65063509461,12.5,-1.15));
#782 = DEFINITIONAL_REPRESENTATION('',(#783),#789);
#783 = B_SPLINE_CURVE_WITH_KNOTS('',4,(#784,#785,#786,#787,#788),
  .UNSPECIFIED.,.F.,.F.,(5,5),(0.,1.),.PIECEWISE_BEZIER_KNOTS.);
#784 = CARTESIAN_POINT('',(-2.1,0.));
#785 = CARTESIAN_POINT('',(-2.101412629093,0.250000295245));
#786 = CARTESIAN_POINT('',(-2.101883716171,0.5));
#787 = CARTESIAN_POINT('',(-2.101412629093,0.749999704756));
#788 = CARTESIAN_POINT('',(-2.1,1.));
#789 = ( GEOMETRIC_REPRESENTATION_CONTEXT(2) 
PARAMETRIC_REPRESENTATION_CONTEXT() REPRESENTATION_CONTEXT('2D SPACE',''
  ) );
#790 = ORIENTED_EDGE('',*,*,#791,.F.);
#791 = EDGE_CURVE('',#792,#758,#794,.T.);
#792 = VERTEX_POINT('',#793);
#793 = CARTESIAN_POINT('',(-30.75729394179,20.746056718765,-3.1));
#794 = SURFACE_CURVE('',#795,(#804,#816),.PCURVE_S1.);
#795 = B_SPLINE_CURVE_WITH_KNOTS('',4,(#796,#797,#798,#799,#800,#801,
    #802,#803),.UNSPECIFIED.,.F.,.F.,(5,3,5),(0.,0.500000644221,1.),
  .UNSPECIFIED.);
#796 = CARTESIAN_POINT('',(-30.75729394179,20.746056718765,-3.1));
#797 = CARTESIAN_POINT('',(-30.89303924552,20.544806029794,-3.1));
#798 = CARTESIAN_POINT('',(-31.02706626694,20.342315501676,-3.1));
#799 = CARTESIAN_POINT('',(-31.15933861358,20.138634378685,-3.1));
#800 = CARTESIAN_POINT('',(-31.42030767445,19.72899497727,-3.1));
#801 = CARTESIAN_POINT('',(-31.54900441206,19.523036682471,-3.1));
#802 = CARTESIAN_POINT('',(-31.67588055596,19.315991285146,-3.1));
#803 = CARTESIAN_POINT('',(-31.80090685604,19.107912579163,-3.1));
#804 = PCURVE('',#32,#805);
#805 = DEFINITIONAL_REPRESENTATION('',(#806),#815);
#806 = B_SPLINE_CURVE_WITH_KNOTS('',4,(#807,#808,#809,#810,#811,#812,
    #813,#814),.UNSPECIFIED.,.F.,.F.,(5,3,5),(0.,0.500000644221,1.),
  .UNSPECIFIED.);
#807 = CARTESIAN_POINT('',(2.548180707912,11.));
#808 = CARTESIAN_POINT('',(2.554723893712,11.));
#809 = CARTESIAN_POINT('',(2.561268885922,11.));
#810 = CARTESIAN_POINT('',(2.567814783298,11.));
#811 = CARTESIAN_POINT('',(2.580906560689,11.));
#812 = CARTESIAN_POINT('',(2.587452441192,11.));
#813 = CARTESIAN_POINT('',(2.593997416532,11.));
#814 = CARTESIAN_POINT('',(2.600540585472,11.));
#815 = ( GEOMETRIC_REPRESENTATION_CONTEXT(2) 
PARAMETRIC_REPRESENTATION_CONTEXT() REPRESENTATION_CONTEXT('2D SPACE',''
  ) );
#816 = PCURVE('',#817,#822);
#817 = B_SPLINE_SURFACE_WITH_KNOTS('',1,1,(
    (#818,#819)
    ,(#820,#821
    )),.UNSPECIFIED.,.F.,.F.,.F.,(2,2),(2,2),(-10.,10.),(0.,1.),
  .PIECEWISE_BEZIER_KNOTS.);
#818 = CARTESIAN_POINT('',(-37.30669076497,25.163680656184,-3.1));
#819 = CARTESIAN_POINT('',(-38.57252853159,23.176713370952,-3.1));
#820 = CARTESIAN_POINT('',(-20.72593931387,13.979822586769,-3.1));
#821 = CARTESIAN_POINT('',(-21.42918251755,12.875951872751,-3.1));
#822 = DEFINITIONAL_REPRESENTATION('',(#823),#832);
#823 = B_SPLINE_CURVE_WITH_KNOTS('',4,(#824,#825,#826,#827,#828,#829,
    #830,#831),.UNSPECIFIED.,.F.,.F.,(5,3,5),(0.,0.500000644221,1.),
  .UNSPECIFIED.);
#824 = CARTESIAN_POINT('',(-2.1,0.));
#825 = CARTESIAN_POINT('',(-2.106356689892,0.125022761976));
#826 = CARTESIAN_POINT('',(-2.110597304966,0.250022914768));
#827 = CARTESIAN_POINT('',(-2.112717609607,0.375011781111));
#828 = CARTESIAN_POINT('',(-2.112717593216,0.624989185127));
#829 = CARTESIAN_POINT('',(-2.11059728311,0.749977729451));
#830 = CARTESIAN_POINT('',(-2.106356673511,0.874977560189));
#831 = CARTESIAN_POINT('',(-2.1,1.));
#832 = ( GEOMETRIC_REPRESENTATION_CONTEXT(2) 
PARAMETRIC_REPRESENTATION_CONTEXT() REPRESENTATION_CONTEXT('2D SPACE',''
  ) );
#833 = ORIENTED_EDGE('',*,*,#834,.F.);
#834 = EDGE_CURVE('',#835,#792,#837,.T.);
#835 = VERTEX_POINT('',#836);
#836 = CARTESIAN_POINT('',(-27.48385052223,24.920833863883,-5.59));
#837 = SURFACE_CURVE('',#838,(#853,#871),.PCURVE_S1.);
#838 = B_SPLINE_CURVE_WITH_KNOTS('',4,(#839,#840,#841,#842,#843,#844,
    #845,#846,#847,#848,#849,#850,#851,#852),.UNSPECIFIED.,.F.,.F.,(5,3,
    3,3,5),(0.,0.250916224511,0.501034136434,0.750820355063,1.),
  .UNSPECIFIED.);
#839 = CARTESIAN_POINT('',(-27.48385052223,24.920833863883,-5.59));
#840 = CARTESIAN_POINT('',(-27.70707544838,24.674651070136,
    -5.433623377181));
#841 = CARTESIAN_POINT('',(-27.92761218277,24.425524357222,
    -5.277337984168));
#842 = CARTESIAN_POINT('',(-28.14533590451,24.173561287977,
    -5.121120622223));
#843 = CARTESIAN_POINT('',(-28.57424390069,23.6650138146,-4.809273195025
    ));
#844 = CARTESIAN_POINT('',(-28.78544686681,23.408446576612,
    -4.653642818703));
#845 = CARTESIAN_POINT('',(-28.9936265927,23.149300126751,
    -4.498034741786));
#846 = CARTESIAN_POINT('',(-29.40346327966,22.626456498702,
    -4.187024599573));
#847 = CARTESIAN_POINT('',(-29.60512860265,22.362765711775,
    -4.031622510526));
#848 = CARTESIAN_POINT('',(-29.80357512789,22.096762387489,
    -3.876197839626));
#849 = CARTESIAN_POINT('',(-30.19337998743,21.561059105773,
    -3.565635848326));
#850 = CARTESIAN_POINT('',(-30.38475442657,21.291369587812,
    -3.41049872329));
#851 = CARTESIAN_POINT('',(-30.57275012548,21.019654177797,
    -3.255294347463));
#852 = CARTESIAN_POINT('',(-30.75729394179,20.746056718765,-3.1));
#853 = PCURVE('',#32,#854);
#854 = DEFINITIONAL_REPRESENTATION('',(#855),#870);
#855 = B_SPLINE_CURVE_WITH_KNOTS('',4,(#856,#857,#858,#859,#860,#861,
    #862,#863,#864,#865,#866,#867,#868,#869),.UNSPECIFIED.,.F.,.F.,(5,3,
    3,3,5),(0.,0.250916224511,0.501034136434,0.750820355063,1.),
  .UNSPECIFIED.);
#856 = CARTESIAN_POINT('',(2.405063709248,8.51));
#857 = CARTESIAN_POINT('',(2.414021071083,8.666376622819));
#858 = CARTESIAN_POINT('',(2.422988544335,8.822662015832));
#859 = CARTESIAN_POINT('',(2.431963641222,8.978879377777));
#860 = CARTESIAN_POINT('',(2.449895415326,9.290726804975));
#861 = CARTESIAN_POINT('',(2.458852062503,9.446357181297));
#862 = CARTESIAN_POINT('',(2.467811231515,9.601965258214));
#863 = CARTESIAN_POINT('',(2.485717644129,9.912975400427));
#864 = CARTESIAN_POINT('',(2.494664890038,10.068377489474));
#865 = CARTESIAN_POINT('',(2.503609582282,10.223802160374));
#866 = CARTESIAN_POINT('',(2.521467123539,10.534364151674));
#867 = CARTESIAN_POINT('',(2.530379999297,10.68950127671));
#868 = CARTESIAN_POINT('',(2.539285339563,10.844705652537));
#869 = CARTESIAN_POINT('',(2.548180707912,11.));
#870 = ( GEOMETRIC_REPRESENTATION_CONTEXT(2) 
PARAMETRIC_REPRESENTATION_CONTEXT() REPRESENTATION_CONTEXT('2D SPACE',''
  ) );
#871 = PCURVE('',#872,#877);
#872 = B_SPLINE_SURFACE_WITH_KNOTS('',1,1,(
    (#873,#874)
    ,(#875,#876
    )),.UNSPECIFIED.,.F.,.F.,.F.,(2,2),(2,2),(-10.,10.),(0.,1.),
  .PIECEWISE_BEZIER_KNOTS.);
#873 = CARTESIAN_POINT('',(-33.3362068329,30.227426519535,-5.59));
#874 = CARTESIAN_POINT('',(-37.30669076497,25.163680656184,-3.1));
#875 = CARTESIAN_POINT('',(-18.52011490716,16.793014733075,-5.59));
#876 = CARTESIAN_POINT('',(-20.72593931387,13.979822586769,-3.1));
#877 = DEFINITIONAL_REPRESENTATION('',(#878),#893);
#878 = B_SPLINE_CURVE_WITH_KNOTS('',4,(#879,#880,#881,#882,#883,#884,
    #885,#886,#887,#888,#889,#890,#891,#892),.UNSPECIFIED.,.F.,.F.,(5,3,
    3,3,5),(0.,0.250916224511,0.501034136434,0.750820355063,1.),
  .UNSPECIFIED.);
#879 = CARTESIAN_POINT('',(-2.1,0.));
#880 = CARTESIAN_POINT('',(-2.123820859327,6.28018565538E-02));
#881 = CARTESIAN_POINT('',(-2.143699694177,0.125567074631));
#882 = CARTESIAN_POINT('',(-2.159604567009,0.188304970995));
#883 = CARTESIAN_POINT('',(-2.183396142922,0.313544901596));
#884 = CARTESIAN_POINT('',(-2.191308212188,0.376047060762));
#885 = CARTESIAN_POINT('',(-2.195239533979,0.438540264343));
#886 = CARTESIAN_POINT('',(-2.195140848076,0.563443935915));
#887 = CARTESIAN_POINT('',(-2.191121391314,0.625854413443));
#888 = CARTESIAN_POINT('',(-2.183131871107,0.688273959989));
#889 = CARTESIAN_POINT('',(-2.159273765484,0.812997651275));
#890 = CARTESIAN_POINT('',(-2.143424344112,0.875301717554));
#891 = CARTESIAN_POINT('',(-2.123655996264,0.937632792183));
#892 = CARTESIAN_POINT('',(-2.1,1.));
#893 = ( GEOMETRIC_REPRESENTATION_CONTEXT(2) 
PARAMETRIC_REPRESENTATION_CONTEXT() REPRESENTATION_CONTEXT('2D SPACE',''
  ) );
#894 = ORIENTED_EDGE('',*,*,#895,.F.);
#895 = EDGE_CURVE('',#896,#835,#898,.T.);
#896 = VERTEX_POINT('',#897);
#897 = CARTESIAN_POINT('',(-8.345684116157,36.149129403532,-6.57));
#898 = SURFACE_CURVE('',#899,(#922,#948),.PCURVE_S1.);
#899 = B_SPLINE_CURVE_WITH_KNOTS('',6,(#900,#901,#902,#903,#904,#905,
    #906,#907,#908,#909,#910,#911,#912,#913,#914,#915,#916,#917,#918,
    #919,#920,#921),.UNSPECIFIED.,.F.,.F.,(7,5,5,5,7),(0.,0.163316076307
    ,0.499947957372,0.836542031741,1.),.UNSPECIFIED.);
#900 = CARTESIAN_POINT('',(-8.345684116157,36.149129403532,-6.57));
#901 = CARTESIAN_POINT('',(-8.92517274678,36.015343911603,
    -6.542473248916));
#902 = CARTESIAN_POINT('',(-9.505290942174,35.869671479382,
    -6.515126222449));
#903 = CARTESIAN_POINT('',(-10.08557911577,35.711975043248,
    -6.487939415582));
#904 = CARTESIAN_POINT('',(-10.66554199585,35.542150637428,
    -6.460894585073));
#905 = CARTESIAN_POINT('',(-11.2446489944,35.360137264188,
    -6.433974794433));
#906 = CARTESIAN_POINT('',(-13.01307702087,34.765614391443,
    -6.35190220986));
#907 = CARTESIAN_POINT('',(-14.19794737395,34.313424663772,
    -6.29709728969));
#908 = CARTESIAN_POINT('',(-15.37170182414,33.809356995143,
    -6.242626836199));
#909 = CARTESIAN_POINT('',(-16.52900841411,33.254282946155,
    -6.188368249806));
#910 = CARTESIAN_POINT('',(-17.66448964242,32.650068656092,
    -6.134206206469));
#911 = CARTESIAN_POINT('',(-19.88103524017,31.349724791317,
    -6.025900334929));
#912 = CARTESIAN_POINT('',(-20.96235224675,30.653460913854,
    -5.971744506962));
#913 = CARTESIAN_POINT('',(-22.01143496069,29.914176469455,
    -5.917492296732));
#914 = CARTESIAN_POINT('',(-23.02403141544,29.13565320241,
    -5.863028427948));
#915 = CARTESIAN_POINT('',(-23.99677944984,28.32211849791,
    -5.808230358266));
#916 = CARTESIAN_POINT('',(-25.37891631218,27.068297034177,
    -5.726142143521));
#917 = CARTESIAN_POINT('',(-25.82074179134,26.651239975852,
    -5.699199400044));
#918 = CARTESIAN_POINT('',(-26.25232756956,26.227476370248,
    -5.67213144354));
#919 = CARTESIAN_POINT('',(-26.67346741096,25.797500438569,
    -5.644921295438));
#920 = CARTESIAN_POINT('',(-27.08401001054,25.361796510481,
    -5.617550666081));
#921 = CARTESIAN_POINT('',(-27.48385052223,24.920833863883,-5.59));
#922 = PCURVE('',#32,#923);
#923 = DEFINITIONAL_REPRESENTATION('',(#924),#947);
#924 = B_SPLINE_CURVE_WITH_KNOTS('',6,(#925,#926,#927,#928,#929,#930,
    #931,#932,#933,#934,#935,#936,#937,#938,#939,#940,#941,#942,#943,
    #944,#945,#946),.UNSPECIFIED.,.F.,.F.,(7,5,5,5,7),(0.,0.163316076307
    ,0.499947957372,0.836542031741,1.),.UNSPECIFIED.);
#925 = CARTESIAN_POINT('',(1.797689129554,7.53));
#926 = CARTESIAN_POINT('',(1.813719629878,7.557526751084));
#927 = CARTESIAN_POINT('',(1.829838740792,7.584873777551));
#928 = CARTESIAN_POINT('',(1.846042632488,7.612060584418));
#929 = CARTESIAN_POINT('',(1.862326763501,7.639105414927));
#930 = CARTESIAN_POINT('',(1.87868573774,7.666025205567));
#931 = CARTESIAN_POINT('',(1.928973848682,7.74809779014));
#932 = CARTESIAN_POINT('',(1.963130093892,7.80290271031));
#933 = CARTESIAN_POINT('',(1.997517833054,7.857373163801));
#934 = CARTESIAN_POINT('',(2.032069252924,7.911631750194));
#935 = CARTESIAN_POINT('',(2.066708673704,7.965793793531));
#936 = CARTESIAN_POINT('',(2.13597602622,8.074099665071));
#937 = CARTESIAN_POINT('',(2.170611656887,8.128255493038));
#938 = CARTESIAN_POINT('',(2.205159419301,8.182507703268));
#939 = CARTESIAN_POINT('',(2.239543651137,8.236971572052));
#940 = CARTESIAN_POINT('',(2.273696547456,8.291769641734));
#941 = CARTESIAN_POINT('',(2.323996037528,8.373857856479));
#942 = CARTESIAN_POINT('',(2.340369484581,8.400800599956));
#943 = CARTESIAN_POINT('',(2.356667972421,8.42786855646));
#944 = CARTESIAN_POINT('',(2.372886089483,8.455078704562));
#945 = CARTESIAN_POINT('',(2.389019281767,8.482449333919));
#946 = CARTESIAN_POINT('',(2.405063709248,8.51));
#947 = ( GEOMETRIC_REPRESENTATION_CONTEXT(2) 
PARAMETRIC_REPRESENTATION_CONTEXT() REPRESENTATION_CONTEXT('2D SPACE',''
  ) );
#948 = PCURVE('',#949,#954);
#949 = B_SPLINE_SURFACE_WITH_KNOTS('',1,1,(
    (#950,#951)
    ,(#952,#953
    )),.UNSPECIFIED.,.F.,.F.,.F.,(2,2),(2,2),(-10.,10.),(0.,1.),
  .PIECEWISE_BEZIER_KNOTS.);
#950 = CARTESIAN_POINT('',(-10.12279744547,43.846652915336,-6.57));
#951 = CARTESIAN_POINT('',(-33.3362068329,30.227426519535,-5.59));
#952 = CARTESIAN_POINT('',(-5.623776358597,24.359251619631,-6.57));
#953 = CARTESIAN_POINT('',(-18.52011490716,16.793014733075,-5.59));
#954 = DEFINITIONAL_REPRESENTATION('',(#955),#978);
#955 = B_SPLINE_CURVE_WITH_KNOTS('',6,(#956,#957,#958,#959,#960,#961,
    #962,#963,#964,#965,#966,#967,#968,#969,#970,#971,#972,#973,#974,
    #975,#976,#977),.UNSPECIFIED.,.F.,.F.,(7,5,5,5,7),(0.,0.163316076307
    ,0.499947957372,0.836542031741,1.),.UNSPECIFIED.);
#956 = CARTESIAN_POINT('',(-2.1,0.));
#957 = CARTESIAN_POINT('',(-2.286377574049,2.808852151393E-02));
#958 = CARTESIAN_POINT('',(-2.462344702052,5.599365056269E-02));
#959 = CARTESIAN_POINT('',(-2.627533776859,8.373529022296E-02));
#960 = CARTESIAN_POINT('',(-2.781588183783,0.111332056048));
#961 = CARTESIAN_POINT('',(-2.924171417629,0.13880123017));
#962 = CARTESIAN_POINT('',(-3.324594848703,0.222548765449));
#963 = CARTESIAN_POINT('',(-3.544208899077,0.278472153378));
#964 = CARTESIAN_POINT('',(-3.711037027615,0.334054248776));
#965 = CARTESIAN_POINT('',(-3.823039478252,0.389420153259));
#966 = CARTESIAN_POINT('',(-3.879051317351,0.444687544419));
#967 = CARTESIAN_POINT('',(-3.879137830292,0.555203739869));
#968 = CARTESIAN_POINT('',(-3.823225084788,0.610464788814));
#969 = CARTESIAN_POINT('',(-3.711333288847,0.665824187008));
#970 = CARTESIAN_POINT('',(-3.544625846985,0.721399563319));
#971 = CARTESIAN_POINT('',(-3.325140831146,0.777315960953));
#972 = CARTESIAN_POINT('',(-2.924790708837,0.861079445387));
#973 = CARTESIAN_POINT('',(-2.782123500932,0.888572040771));
#974 = CARTESIAN_POINT('',(-2.62796430009,0.916192404551));
#975 = CARTESIAN_POINT('',(-2.462650453439,0.943957861798));
#976 = CARTESIAN_POINT('',(-2.286539497234,0.971887075427));
#977 = CARTESIAN_POINT('',(-2.1,1.));
#978 = ( GEOMETRIC_REPRESENTATION_CONTEXT(2) 
PARAMETRIC_REPRESENTATION_CONTEXT() REPRESENTATION_CONTEXT('2D SPACE',''
  ) );
#979 = ORIENTED_EDGE('',*,*,#980,.F.);
#980 = EDGE_CURVE('',#981,#896,#983,.T.);
#981 = VERTEX_POINT('',#982);
#982 = CARTESIAN_POINT('',(-7.561448339563,36.321267860692,-6.605));
#983 = SURFACE_CURVE('',#984,(#990,#999),.PCURVE_S1.);
#984 = B_SPLINE_CURVE_WITH_KNOTS('',4,(#985,#986,#987,#988,#989),
  .UNSPECIFIED.,.F.,.F.,(5,5),(0.,1.),.PIECEWISE_BEZIER_KNOTS.);
#985 = CARTESIAN_POINT('',(-7.561448339563,36.321267860692,-6.605));
#986 = CARTESIAN_POINT('',(-7.75795297521,36.280359056059,
    -6.596249866185));
#987 = CARTESIAN_POINT('',(-7.954187184739,36.238027614135,-6.5875));
#988 = CARTESIAN_POINT('',(-8.150110780735,36.194281065714,
    -6.578750133815));
#989 = CARTESIAN_POINT('',(-8.345684116157,36.149129403532,-6.57));
#990 = PCURVE('',#32,#991);
#991 = DEFINITIONAL_REPRESENTATION('',(#992),#998);
#992 = B_SPLINE_CURVE_WITH_KNOTS('',4,(#993,#994,#995,#996,#997),
  .UNSPECIFIED.,.F.,.F.,(5,5),(0.,1.),.PIECEWISE_BEZIER_KNOTS.);
#993 = CARTESIAN_POINT('',(1.776047046829,7.495));
#994 = CARTESIAN_POINT('',(1.781457227895,7.503750133815));
#995 = CARTESIAN_POINT('',(1.786868088192,7.5125));
#996 = CARTESIAN_POINT('',(1.792278948489,7.521249866185));
#997 = CARTESIAN_POINT('',(1.797689129554,7.53));
#998 = ( GEOMETRIC_REPRESENTATION_CONTEXT(2) 
PARAMETRIC_REPRESENTATION_CONTEXT() REPRESENTATION_CONTEXT('2D SPACE',''
  ) );
#999 = PCURVE('',#1000,#1005);
#1000 = B_SPLINE_SURFACE_WITH_KNOTS('',1,1,(
    (#1001,#1002)
    ,(#1003,#1004
    )),.UNSPECIFIED.,.F.,.F.,.F.,(2,2),(2,2),(-10.,10.),(0.,1.),
  .PIECEWISE_BEZIER_KNOTS.);
#1001 = CARTESIAN_POINT('',(-9.171568066855,44.055446192214,-6.605));
#1002 = CARTESIAN_POINT('',(-10.12279744547,43.846652915336,-6.57));
#1003 = CARTESIAN_POINT('',(-5.095315592697,24.475247884563,-6.605));
#1004 = CARTESIAN_POINT('',(-5.623776358597,24.359251619631,-6.57));
#1005 = DEFINITIONAL_REPRESENTATION('',(#1006),#1012);
#1006 = B_SPLINE_CURVE_WITH_KNOTS('',4,(#1007,#1008,#1009,#1010,#1011),
  .UNSPECIFIED.,.F.,.F.,(5,5),(0.,1.),.PIECEWISE_BEZIER_KNOTS.);
#1007 = CARTESIAN_POINT('',(-2.1,0.));
#1008 = CARTESIAN_POINT('',(-2.102172059503,0.250003823279));
#1009 = CARTESIAN_POINT('',(-2.102896499454,0.499999999999));
#1010 = CARTESIAN_POINT('',(-2.102172059503,0.749996176725));
#1011 = CARTESIAN_POINT('',(-2.1,1.));
#1012 = ( GEOMETRIC_REPRESENTATION_CONTEXT(2) 
PARAMETRIC_REPRESENTATION_CONTEXT() REPRESENTATION_CONTEXT('2D SPACE',''
  ) );
#1013 = ORIENTED_EDGE('',*,*,#1014,.F.);
#1014 = EDGE_CURVE('',#648,#981,#1015,.T.);
#1015 = SURFACE_CURVE('',#1016,(#1020,#1026),.PCURVE_S1.);
#1016 = LINE('',#1017,#1018);
#1017 = CARTESIAN_POINT('',(-7.561448339563,36.321267860692,-13.5));
#1018 = VECTOR('',#1019,1.);
#1019 = DIRECTION('',(0.,0.,1.));
#1020 = PCURVE('',#32,#1021);
#1021 = DEFINITIONAL_REPRESENTATION('',(#1022),#1025);
#1022 = B_SPLINE_CURVE_WITH_KNOTS('',1,(#1023,#1024),.UNSPECIFIED.,.F.,
  .F.,(2,2),(-5.999999999062E-07,12.445475),.PIECEWISE_BEZIER_KNOTS.);
#1023 = CARTESIAN_POINT('',(1.776047046829,0.5999994));
#1024 = CARTESIAN_POINT('',(1.776047046829,13.045475));
#1025 = ( GEOMETRIC_REPRESENTATION_CONTEXT(2) 
PARAMETRIC_REPRESENTATION_CONTEXT() REPRESENTATION_CONTEXT('2D SPACE',''
  ) );
#1026 = PCURVE('',#1027,#1032);
#1027 = PLANE('',#1028);
#1028 = AXIS2_PLACEMENT_3D('',#1029,#1030,#1031);
#1029 = CARTESIAN_POINT('',(-5.095315592697,24.475247884563,-13.5));
#1030 = DIRECTION('',(0.979009915383,0.203812623708,-0.));
#1031 = DIRECTION('',(-0.19268355451,0.92555165114,0.325925127741));
#1032 = DEFINITIONAL_REPRESENTATION('',(#1033),#1036);
#1033 = B_SPLINE_CURVE_WITH_KNOTS('',1,(#1034,#1035),.UNSPECIFIED.,.F.,
  .F.,(2,2),(-5.999999999062E-07,12.445475),.PIECEWISE_BEZIER_KNOTS.);
#1034 = CARTESIAN_POINT('',(11.439286376351,-3.943694612902));
#1035 = CARTESIAN_POINT('',(15.495579601077,7.822203065781));
#1036 = ( GEOMETRIC_REPRESENTATION_CONTEXT(2) 
PARAMETRIC_REPRESENTATION_CONTEXT() REPRESENTATION_CONTEXT('2D SPACE',''
  ) );
#1037 = FACE_BOUND('',#1038,.F.);
#1038 = EDGE_LOOP('',(#1039,#1070,#1096,#1125,#1151,#1185,#1228,#1289,
    #1374,#1408));
#1039 = ORIENTED_EDGE('',*,*,#1040,.F.);
#1040 = EDGE_CURVE('',#1041,#1043,#1045,.T.);
#1041 = VERTEX_POINT('',#1042);
#1042 = CARTESIAN_POINT('',(-30.01453049131,-21.80683286005,-10.52));
#1043 = VERTEX_POINT('',#1044);
#1044 = CARTESIAN_POINT('',(-27.67441649523,-24.70904028181,-10.52));
#1045 = SURFACE_CURVE('',#1046,(#1051,#1058),.PCURVE_S1.);
#1046 = CIRCLE('',#1047,37.1);
#1047 = AXIS2_PLACEMENT_3D('',#1048,#1049,#1050);
#1048 = CARTESIAN_POINT('',(0.,0.,-10.52));
#1049 = DIRECTION('',(0.,0.,1.));
#1050 = DIRECTION('',(1.,0.,-0.));
#1051 = PCURVE('',#32,#1052);
#1052 = DEFINITIONAL_REPRESENTATION('',(#1053),#1057);
#1053 = LINE('',#1054,#1055);
#1054 = CARTESIAN_POINT('',(0.,3.58));
#1055 = VECTOR('',#1056,1.);
#1056 = DIRECTION('',(1.,0.));
#1057 = ( GEOMETRIC_REPRESENTATION_CONTEXT(2) 
PARAMETRIC_REPRESENTATION_CONTEXT() REPRESENTATION_CONTEXT('2D SPACE',''
  ) );
#1058 = PCURVE('',#1059,#1064);
#1059 = PLANE('',#1060);
#1060 = AXIS2_PLACEMENT_3D('',#1061,#1062,#1063);
#1061 = CARTESIAN_POINT('',(0.,0.,-10.52));
#1062 = DIRECTION('',(0.,0.,1.));
#1063 = DIRECTION('',(-0.809016994375,-0.587785252292,0.));
#1064 = DEFINITIONAL_REPRESENTATION('',(#1065),#1069);
#1065 = CIRCLE('',#1066,37.1);
#1066 = AXIS2_PLACEMENT_2D('',#1067,#1068);
#1067 = CARTESIAN_POINT('',(0.,0.));
#1068 = DIRECTION('',(-0.809016994375,0.587785252292));
#1069 = ( GEOMETRIC_REPRESENTATION_CONTEXT(2) 
PARAMETRIC_REPRESENTATION_CONTEXT() REPRESENTATION_CONTEXT('2D SPACE',''
  ) );
#1070 = ORIENTED_EDGE('',*,*,#1071,.T.);
#1071 = EDGE_CURVE('',#1041,#1072,#1074,.T.);
#1072 = VERTEX_POINT('',#1073);
#1073 = CARTESIAN_POINT('',(-30.01453049131,-21.80683286005,0.));
#1074 = SURFACE_CURVE('',#1075,(#1079,#1085),.PCURVE_S1.);
#1075 = LINE('',#1076,#1077);
#1076 = CARTESIAN_POINT('',(-30.01453049131,-21.80683286005,-14.1));
#1077 = VECTOR('',#1078,1.);
#1078 = DIRECTION('',(0.,0.,1.));
#1079 = PCURVE('',#32,#1080);
#1080 = DEFINITIONAL_REPRESENTATION('',(#1081),#1084);
#1081 = B_SPLINE_CURVE_WITH_KNOTS('',1,(#1082,#1083),.UNSPECIFIED.,.F.,
  .F.,(2,2),(2.528,15.152),.PIECEWISE_BEZIER_KNOTS.);
#1082 = CARTESIAN_POINT('',(3.769911184308,2.528));
#1083 = CARTESIAN_POINT('',(3.769911184308,15.152));
#1084 = ( GEOMETRIC_REPRESENTATION_CONTEXT(2) 
PARAMETRIC_REPRESENTATION_CONTEXT() REPRESENTATION_CONTEXT('2D SPACE',''
  ) );
#1085 = PCURVE('',#1086,#1091);
#1086 = PLANE('',#1087);
#1087 = AXIS2_PLACEMENT_3D('',#1088,#1089,#1090);
#1088 = CARTESIAN_POINT('',(0.,0.,-10.52));
#1089 = DIRECTION('',(-0.587785252292,0.809016994375,0.));
#1090 = DIRECTION('',(-0.809016994375,-0.587785252292,0.));
#1091 = DEFINITIONAL_REPRESENTATION('',(#1092),#1095);
#1092 = B_SPLINE_CURVE_WITH_KNOTS('',1,(#1093,#1094),.UNSPECIFIED.,.F.,
  .F.,(2,2),(2.528,15.152),.PIECEWISE_BEZIER_KNOTS.);
#1093 = CARTESIAN_POINT('',(37.1,-1.052));
#1094 = CARTESIAN_POINT('',(37.1,11.572));
#1095 = ( GEOMETRIC_REPRESENTATION_CONTEXT(2) 
PARAMETRIC_REPRESENTATION_CONTEXT() REPRESENTATION_CONTEXT('2D SPACE',''
  ) );
#1096 = ORIENTED_EDGE('',*,*,#1097,.T.);
#1097 = EDGE_CURVE('',#1072,#1098,#1100,.T.);
#1098 = VERTEX_POINT('',#1099);
#1099 = CARTESIAN_POINT('',(-8.237854842719E-15,-37.1,0.));
#1100 = SURFACE_CURVE('',#1101,(#1106,#1113),.PCURVE_S1.);
#1101 = CIRCLE('',#1102,37.1);
#1102 = AXIS2_PLACEMENT_3D('',#1103,#1104,#1105);
#1103 = CARTESIAN_POINT('',(0.,0.,0.));
#1104 = DIRECTION('',(0.,0.,1.));
#1105 = DIRECTION('',(1.,0.,-0.));
#1106 = PCURVE('',#32,#1107);
#1107 = DEFINITIONAL_REPRESENTATION('',(#1108),#1112);
#1108 = LINE('',#1109,#1110);
#1109 = CARTESIAN_POINT('',(0.,14.1));
#1110 = VECTOR('',#1111,1.);
#1111 = DIRECTION('',(1.,0.));
#1112 = ( GEOMETRIC_REPRESENTATION_CONTEXT(2) 
PARAMETRIC_REPRESENTATION_CONTEXT() REPRESENTATION_CONTEXT('2D SPACE',''
  ) );
#1113 = PCURVE('',#1114,#1119);
#1114 = PLANE('',#1115);
#1115 = AXIS2_PLACEMENT_3D('',#1116,#1117,#1118);
#1116 = CARTESIAN_POINT('',(0.,0.,0.));
#1117 = DIRECTION('',(0.,0.,1.));
#1118 = DIRECTION('',(-0.809016994375,-0.587785252292,0.));
#1119 = DEFINITIONAL_REPRESENTATION('',(#1120),#1124);
#1120 = CIRCLE('',#1121,37.1);
#1121 = AXIS2_PLACEMENT_2D('',#1122,#1123);
#1122 = CARTESIAN_POINT('',(0.,0.));
#1123 = DIRECTION('',(-0.809016994375,0.587785252292));
#1124 = ( GEOMETRIC_REPRESENTATION_CONTEXT(2) 
PARAMETRIC_REPRESENTATION_CONTEXT() REPRESENTATION_CONTEXT('2D SPACE',''
  ) );
#1125 = ORIENTED_EDGE('',*,*,#1126,.F.);
#1126 = EDGE_CURVE('',#1127,#1098,#1129,.T.);
#1127 = VERTEX_POINT('',#1128);
#1128 = CARTESIAN_POINT('',(-6.815159437255E-15,-37.1,-1.15));
#1129 = SURFACE_CURVE('',#1130,(#1134,#1140),.PCURVE_S1.);
#1130 = LINE('',#1131,#1132);
#1131 = CARTESIAN_POINT('',(-8.237854842719E-15,-37.1,-14.1));
#1132 = VECTOR('',#1133,1.);
#1133 = DIRECTION('',(0.,0.,1.));
#1134 = PCURVE('',#32,#1135);
#1135 = DEFINITIONAL_REPRESENTATION('',(#1136),#1139);
#1136 = B_SPLINE_CURVE_WITH_KNOTS('',1,(#1137,#1138),.UNSPECIFIED.,.F.,
  .F.,(2,2),(2.528,15.152),.PIECEWISE_BEZIER_KNOTS.);
#1137 = CARTESIAN_POINT('',(4.712388980385,2.528));
#1138 = CARTESIAN_POINT('',(4.712388980385,15.152));
#1139 = ( GEOMETRIC_REPRESENTATION_CONTEXT(2) 
PARAMETRIC_REPRESENTATION_CONTEXT() REPRESENTATION_CONTEXT('2D SPACE',''
  ) );
#1140 = PCURVE('',#1141,#1146);
#1141 = PLANE('',#1142);
#1142 = AXIS2_PLACEMENT_3D('',#1143,#1144,#1145);
#1143 = CARTESIAN_POINT('',(0.,0.,-10.52));
#1144 = DIRECTION('',(-1.,2.22044604925E-16,0.));
#1145 = DIRECTION('',(-2.22044604925E-16,-1.,0.));
#1146 = DEFINITIONAL_REPRESENTATION('',(#1147),#1150);
#1147 = B_SPLINE_CURVE_WITH_KNOTS('',1,(#1148,#1149),.UNSPECIFIED.,.F.,
  .F.,(2,2),(2.528,15.152),.PIECEWISE_BEZIER_KNOTS.);
#1148 = CARTESIAN_POINT('',(37.1,-1.052));
#1149 = CARTESIAN_POINT('',(37.1,11.572));
#1150 = ( GEOMETRIC_REPRESENTATION_CONTEXT(2) 
PARAMETRIC_REPRESENTATION_CONTEXT() REPRESENTATION_CONTEXT('2D SPACE',''
  ) );
#1151 = ORIENTED_EDGE('',*,*,#1152,.F.);
#1152 = EDGE_CURVE('',#1153,#1127,#1155,.T.);
#1153 = VERTEX_POINT('',#1154);
#1154 = CARTESIAN_POINT('',(-0.647484278823,-37.0943494903,-3.1));
#1155 = SURFACE_CURVE('',#1156,(#1162,#1171),.PCURVE_S1.);
#1156 = B_SPLINE_CURVE_WITH_KNOTS('',4,(#1157,#1158,#1159,#1160,#1161),
  .UNSPECIFIED.,.F.,.F.,(5,5),(0.,1.),.PIECEWISE_BEZIER_KNOTS.);
#1157 = CARTESIAN_POINT('',(-0.647484278823,-37.0943494903,-3.1));
#1158 = CARTESIAN_POINT('',(-0.485637671728,-37.09717453333,
    -2.612499424273));
#1159 = CARTESIAN_POINT('',(-0.323758577102,-37.09905831787,-2.125));
#1160 = CARTESIAN_POINT('',(-0.161871260872,-37.1,-1.637500575727));
#1161 = CARTESIAN_POINT('',(-6.772360450213E-15,-37.1,-1.15));
#1162 = PCURVE('',#32,#1163);
#1163 = DEFINITIONAL_REPRESENTATION('',(#1164),#1170);
#1164 = B_SPLINE_CURVE_WITH_KNOTS('',4,(#1165,#1166,#1167,#1168,#1169),
  .UNSPECIFIED.,.F.,.F.,(5,5),(0.,1.),.PIECEWISE_BEZIER_KNOTS.);
#1165 = CARTESIAN_POINT('',(4.694935687865,11.));
#1166 = CARTESIAN_POINT('',(4.699298794627,11.487500575727));
#1167 = CARTESIAN_POINT('',(4.703662334125,11.975));
#1168 = CARTESIAN_POINT('',(4.708025873623,12.462499424273));
#1169 = CARTESIAN_POINT('',(4.712388980385,12.95));
#1170 = ( GEOMETRIC_REPRESENTATION_CONTEXT(2) 
PARAMETRIC_REPRESENTATION_CONTEXT() REPRESENTATION_CONTEXT('2D SPACE',''
  ) );
#1171 = PCURVE('',#1172,#1177);
#1172 = B_SPLINE_SURFACE_WITH_KNOTS('',1,1,(
    (#1173,#1174)
    ,(#1175,#1176
    )),.UNSPECIFIED.,.F.,.F.,.F.,(2,2),(2,2),(-10.,10.),(0.,1.),
  .PIECEWISE_BEZIER_KNOTS.);
#1173 = CARTESIAN_POINT('',(-0.785358289678,-44.99314628203,-3.1));
#1174 = CARTESIAN_POINT('',(-8.266365894245E-15,-45.,-1.15));
#1175 = CARTESIAN_POINT('',(-0.436310160932,-24.99619237891,-3.1));
#1176 = CARTESIAN_POINT('',(-4.592425496803E-15,-25.,-1.15));
#1177 = DEFINITIONAL_REPRESENTATION('',(#1178),#1184);
#1178 = B_SPLINE_CURVE_WITH_KNOTS('',4,(#1179,#1180,#1181,#1182,#1183),
  .UNSPECIFIED.,.F.,.F.,(5,5),(0.,1.),.PIECEWISE_BEZIER_KNOTS.);
#1179 = CARTESIAN_POINT('',(-2.1,0.));
#1180 = CARTESIAN_POINT('',(-2.101412629093,0.250000295245));
#1181 = CARTESIAN_POINT('',(-2.101883716171,0.5));
#1182 = CARTESIAN_POINT('',(-2.101412629093,0.749999704755));
#1183 = CARTESIAN_POINT('',(-2.1,1.));
#1184 = ( GEOMETRIC_REPRESENTATION_CONTEXT(2) 
PARAMETRIC_REPRESENTATION_CONTEXT() REPRESENTATION_CONTEXT('2D SPACE',''
  ) );
#1185 = ORIENTED_EDGE('',*,*,#1186,.F.);
#1186 = EDGE_CURVE('',#1187,#1153,#1189,.T.);
#1187 = VERTEX_POINT('',#1188);
#1188 = CARTESIAN_POINT('',(-2.587965175907,-37.00962626463,-3.1));
#1189 = SURFACE_CURVE('',#1190,(#1199,#1211),.PCURVE_S1.);
#1190 = B_SPLINE_CURVE_WITH_KNOTS('',4,(#1191,#1192,#1193,#1194,#1195,
    #1196,#1197,#1198),.UNSPECIFIED.,.F.,.F.,(5,3,5),(0.,0.498000463504,
    1.),.UNSPECIFIED.);
#1191 = CARTESIAN_POINT('',(-2.587965175907,-37.00962626463,-3.1));
#1192 = CARTESIAN_POINT('',(-2.346773044579,-37.02649206144,-3.1));
#1193 = CARTESIAN_POINT('',(-2.105368035814,-37.04126669427,-3.1));
#1194 = CARTESIAN_POINT('',(-1.8638102649,-37.0539433509,-3.1));
#1195 = CARTESIAN_POINT('',(-1.378569831432,-37.07518031236,-3.1));
#1196 = CARTESIAN_POINT('',(-1.134885655781,-37.0837067455,-3.1));
#1197 = CARTESIAN_POINT('',(-0.891169821575,-37.09009594333,-3.1));
#1198 = CARTESIAN_POINT('',(-0.647484278823,-37.0943494903,-3.1));
#1199 = PCURVE('',#32,#1200);
#1200 = DEFINITIONAL_REPRESENTATION('',(#1201),#1210);
#1201 = B_SPLINE_CURVE_WITH_KNOTS('',4,(#1202,#1203,#1204,#1205,#1206,
    #1207,#1208,#1209),.UNSPECIFIED.,.F.,.F.,(5,3,5),(0.,0.498000463504,
    1.),.UNSPECIFIED.);
#1202 = CARTESIAN_POINT('',(4.642575810305,11.));
#1203 = CARTESIAN_POINT('',(4.649092821031,11.));
#1204 = CARTESIAN_POINT('',(4.65561162374,11.));
#1205 = CARTESIAN_POINT('',(4.662131327969,11.));
#1206 = CARTESIAN_POINT('',(4.675223105273,11.));
#1207 = CARTESIAN_POINT('',(4.681795178952,11.));
#1208 = CARTESIAN_POINT('',(4.688366343851,11.));
#1209 = CARTESIAN_POINT('',(4.694935687865,11.));
#1210 = ( GEOMETRIC_REPRESENTATION_CONTEXT(2) 
PARAMETRIC_REPRESENTATION_CONTEXT() REPRESENTATION_CONTEXT('2D SPACE',''
  ) );
#1211 = PCURVE('',#1212,#1217);
#1212 = B_SPLINE_SURFACE_WITH_KNOTS('',1,1,(
    (#1213,#1214)
    ,(#1215,#1216
    )),.UNSPECIFIED.,.F.,.F.,.F.,(2,2),(2,2),(-10.,10.),(0.,1.),
  .PIECEWISE_BEZIER_KNOTS.);
#1213 = CARTESIAN_POINT('',(-3.139041318486,-44.89038226169,-3.1));
#1214 = CARTESIAN_POINT('',(-0.785358289678,-44.99314628203,-3.1));
#1215 = CARTESIAN_POINT('',(-1.743911843603,-24.93910125649,-3.1));
#1216 = CARTESIAN_POINT('',(-0.436310160932,-24.99619237891,-3.1));
#1217 = DEFINITIONAL_REPRESENTATION('',(#1218),#1227);
#1218 = B_SPLINE_CURVE_WITH_KNOTS('',4,(#1219,#1220,#1221,#1222,#1223,
    #1224,#1225,#1226),.UNSPECIFIED.,.F.,.F.,(5,3,5),(0.,0.498000463504,
    1.),.UNSPECIFIED.);
#1219 = CARTESIAN_POINT('',(-2.1,0.));
#1220 = CARTESIAN_POINT('',(-2.106331260867,0.124522626388));
#1221 = CARTESIAN_POINT('',(-2.110563343153,0.249022824079));
#1222 = CARTESIAN_POINT('',(-2.112692061897,0.373511780546));
#1223 = CARTESIAN_POINT('',(-2.11274293747,0.623489185652));
#1224 = CARTESIAN_POINT('',(-2.11063117724,0.748977639482));
#1225 = CARTESIAN_POINT('',(-2.106382102535,0.874477424606));
#1226 = CARTESIAN_POINT('',(-2.1,1.));
#1227 = ( GEOMETRIC_REPRESENTATION_CONTEXT(2) 
PARAMETRIC_REPRESENTATION_CONTEXT() REPRESENTATION_CONTEXT('2D SPACE',''
  ) );
#1228 = ORIENTED_EDGE('',*,*,#1229,.F.);
#1229 = EDGE_CURVE('',#1230,#1187,#1232,.T.);
#1230 = VERTEX_POINT('',#1231);
#1231 = CARTESIAN_POINT('',(-7.840149948495,-36.26212967801,-5.59));
#1232 = SURFACE_CURVE('',#1233,(#1248,#1266),.PCURVE_S1.);
#1233 = B_SPLINE_CURVE_WITH_KNOTS('',4,(#1234,#1235,#1236,#1237,#1238,
    #1239,#1240,#1241,#1242,#1243,#1244,#1245,#1246,#1247),
  .UNSPECIFIED.,.F.,.F.,(5,3,3,3,5),(0.,0.250916224511,0.501034136434,
    0.750820355037,1.),.UNSPECIFIED.);
#1234 = CARTESIAN_POINT('',(-7.840149948495,-36.26212967801,-5.59));
#1235 = CARTESIAN_POINT('',(-7.515336932061,-36.33235673794,
    -5.433623377181));
#1236 = CARTESIAN_POINT('',(-7.189318502722,-36.39878379593,
    -5.277337984168));
#1237 = CARTESIAN_POINT('',(-6.862250223072,-36.46135653534,
    -5.121120622223));
#1238 = CARTESIAN_POINT('',(-6.207381194008,-36.57852801923,
    -4.809273195025));
#1239 = CARTESIAN_POINT('',(-5.879585965068,-36.63315153425,
    -4.653642818702));
#1240 = CARTESIAN_POINT('',(-5.551068693244,-36.6838672405,
    -4.498034741786));
#1241 = CARTESIAN_POINT('',(-4.893354485702,-36.77737440877,
    -4.187024599589));
#1242 = CARTESIAN_POINT('',(-4.564158904017,-36.82017630808,
    -4.031622510558));
#1243 = CARTESIAN_POINT('',(-4.234570005108,-36.85903437809,
    -3.876197839675));
#1244 = CARTESIAN_POINT('',(-3.575734924484,-36.92876364811,
    -3.565635848375));
#1245 = CARTESIAN_POINT('',(-3.24648973119,-36.95965401506,
    -3.410498723322));
#1246 = CARTESIAN_POINT('',(-2.917179434026,-36.98660536112,
    -3.255294347479));
#1247 = CARTESIAN_POINT('',(-2.587965175907,-37.00962626463,-3.1));
#1248 = PCURVE('',#32,#1249);
#1249 = DEFINITIONAL_REPRESENTATION('',(#1250),#1265);
#1250 = B_SPLINE_CURVE_WITH_KNOTS('',4,(#1251,#1252,#1253,#1254,#1255,
    #1256,#1257,#1258,#1259,#1260,#1261,#1262,#1263,#1264),
  .UNSPECIFIED.,.F.,.F.,(5,3,3,3,5),(0.,0.250916224511,0.501034136434,
    0.750820355037,1.),.UNSPECIFIED.);
#1251 = CARTESIAN_POINT('',(4.499458811641,8.51));
#1252 = CARTESIAN_POINT('',(4.508416173476,8.666376622819));
#1253 = CARTESIAN_POINT('',(4.517383646728,8.822662015832));
#1254 = CARTESIAN_POINT('',(4.526358743615,8.978879377777));
#1255 = CARTESIAN_POINT('',(4.544290517719,9.290726804975));
#1256 = CARTESIAN_POINT('',(4.553247164897,9.446357181298));
#1257 = CARTESIAN_POINT('',(4.562206333908,9.601965258214));
#1258 = CARTESIAN_POINT('',(4.580112746522,9.912975400411));
#1259 = CARTESIAN_POINT('',(4.589059992429,10.068377489442));
#1260 = CARTESIAN_POINT('',(4.598004684673,10.223802160325));
#1261 = CARTESIAN_POINT('',(4.61586222593,10.534364151625));
#1262 = CARTESIAN_POINT('',(4.624775101688,10.689501276678));
#1263 = CARTESIAN_POINT('',(4.633680441955,10.844705652521));
#1264 = CARTESIAN_POINT('',(4.642575810305,11.));
#1265 = ( GEOMETRIC_REPRESENTATION_CONTEXT(2) 
PARAMETRIC_REPRESENTATION_CONTEXT() REPRESENTATION_CONTEXT('2D SPACE',''
  ) );
#1266 = PCURVE('',#1267,#1272);
#1267 = B_SPLINE_SURFACE_WITH_KNOTS('',1,1,(
    (#1268,#1269)
    ,(#1270,#1271
    )),.UNSPECIFIED.,.F.,.F.,.F.,(2,2),(2,2),(-10.,10.),(0.,1.),
  .PIECEWISE_BEZIER_KNOTS.);
#1268 = CARTESIAN_POINT('',(-9.509615840493,-43.98371524287,-5.59));
#1269 = CARTESIAN_POINT('',(-3.139041318486,-44.89038226169,-3.1));
#1270 = CARTESIAN_POINT('',(-5.283119911385,-24.43539735715,-5.59));
#1271 = CARTESIAN_POINT('',(-1.743911843603,-24.93910125649,-3.1));
#1272 = DEFINITIONAL_REPRESENTATION('',(#1273),#1288);
#1273 = B_SPLINE_CURVE_WITH_KNOTS('',4,(#1274,#1275,#1276,#1277,#1278,
    #1279,#1280,#1281,#1282,#1283,#1284,#1285,#1286,#1287),
  .UNSPECIFIED.,.F.,.F.,(5,3,3,3,5),(0.,0.250916224511,0.501034136434,
    0.750820355037,1.),.UNSPECIFIED.);
#1274 = CARTESIAN_POINT('',(-2.1,0.));
#1275 = CARTESIAN_POINT('',(-2.123820859327,6.280185655379E-02));
#1276 = CARTESIAN_POINT('',(-2.143699694177,0.125567074631));
#1277 = CARTESIAN_POINT('',(-2.159604567009,0.188304970995));
#1278 = CARTESIAN_POINT('',(-2.183396142922,0.313544901596));
#1279 = CARTESIAN_POINT('',(-2.191308212188,0.376047060762));
#1280 = CARTESIAN_POINT('',(-2.195239533979,0.438540264343));
#1281 = CARTESIAN_POINT('',(-2.195140848076,0.563443935908));
#1282 = CARTESIAN_POINT('',(-2.191121391314,0.62585441343));
#1283 = CARTESIAN_POINT('',(-2.183131871109,0.68827395997));
#1284 = CARTESIAN_POINT('',(-2.159273765489,0.812997651255));
#1285 = CARTESIAN_POINT('',(-2.143424344117,0.875301717541));
#1286 = CARTESIAN_POINT('',(-2.123655996266,0.937632792177));
#1287 = CARTESIAN_POINT('',(-2.1,1.));
#1288 = ( GEOMETRIC_REPRESENTATION_CONTEXT(2) 
PARAMETRIC_REPRESENTATION_CONTEXT() REPRESENTATION_CONTEXT('2D SPACE',''
  ) );
#1289 = ORIENTED_EDGE('',*,*,#1290,.F.);
#1290 = EDGE_CURVE('',#1291,#1230,#1293,.T.);
#1291 = VERTEX_POINT('',#1292);
#1292 = CARTESIAN_POINT('',(-27.13322233007,-25.30213915831,-6.57));
#1293 = SURFACE_CURVE('',#1294,(#1317,#1343),.PCURVE_S1.);
#1294 = B_SPLINE_CURVE_WITH_KNOTS('',6,(#1295,#1296,#1297,#1298,#1299,
    #1300,#1301,#1302,#1303,#1304,#1305,#1306,#1307,#1308,#1309,#1310,
    #1311,#1312,#1313,#1314,#1315,#1316),.UNSPECIFIED.,.F.,.F.,(7,5,5,5,
    7),(0.,0.163316076307,0.499947957372,0.836542031743,1.),
  .UNSPECIFIED.);
#1295 = CARTESIAN_POINT('',(-27.13322233007,-25.30213915831,-6.57));
#1296 = CARTESIAN_POINT('',(-26.72761638009,-25.73709828767,
    -6.542473248916));
#1297 = CARTESIAN_POINT('',(-26.31140125546,-26.16665916597,
    -6.515126222449));
#1298 = CARTESIAN_POINT('',(-25.88468804888,-26.59035524776,
    -6.487939415582));
#1299 = CARTESIAN_POINT('',(-25.44763435921,-27.00770563225,
    -6.460894585073));
#1300 = CARTESIAN_POINT('',(-25.00045265489,-27.41822031788,
    -6.433974794433));
#1301 = CARTESIAN_POINT('',(-23.60136673072,-28.6524624772,
    -6.35190220986));
#1302 = CARTESIAN_POINT('',(-22.61732376269,-29.45249543932,
    -6.29709728969));
#1303 = CARTESIAN_POINT('',(-21.59391113134,-30.21696277667,
    -6.242626836199));
#1304 = CARTESIAN_POINT('',(-20.53454960895,-30.94168265906,
    -6.188368249806));
#1305 = CARTESIAN_POINT('',(-19.44354407027,-31.62293110327,
    -6.134206206469));
#1306 = CARTESIAN_POINT('',(-17.20914045083,-32.89234396718,
    -6.025900334928));
#1307 = CARTESIAN_POINT('',(-16.06549974192,-33.4806600257,
    -5.971744506962));
#1308 = CARTESIAN_POINT('',(-14.90071927545,-34.01955008445,
    -5.91749229673));
#1309 = CARTESIAN_POINT('',(-13.72020012138,-34.50722270452,
    -5.863028427946));
#1310 = CARTESIAN_POINT('',(-12.52928438321,-34.94287986155,
    -5.808230358264));
#1311 = CARTESIAN_POINT('',(-10.75237471264,-35.51293476397,
    -5.726142143519));
#1312 = CARTESIAN_POINT('',(-10.17027996573,-35.6870383238,
    -5.699199400042));
#1313 = CARTESIAN_POINT('',(-9.587497028983,-35.84892076884,
    -5.672131443539));
#1314 = CARTESIAN_POINT('',(-9.00455702844,-35.9986506042,
    -5.644921295437));
#1315 = CARTESIAN_POINT('',(-8.421955058405,-36.13633896072,
    -5.617550666081));
#1316 = CARTESIAN_POINT('',(-7.840149948495,-36.26212967801,-5.59));
#1317 = PCURVE('',#32,#1318);
#1318 = DEFINITIONAL_REPRESENTATION('',(#1319),#1342);
#1319 = B_SPLINE_CURVE_WITH_KNOTS('',6,(#1320,#1321,#1322,#1323,#1324,
    #1325,#1326,#1327,#1328,#1329,#1330,#1331,#1332,#1333,#1334,#1335,
    #1336,#1337,#1338,#1339,#1340,#1341),.UNSPECIFIED.,.F.,.F.,(7,5,5,5,
    7),(0.,0.163316076307,0.499947957372,0.836542031743,1.),
  .UNSPECIFIED.);
#1320 = CARTESIAN_POINT('',(3.892084231947,7.53));
#1321 = CARTESIAN_POINT('',(3.908114732272,7.557526751084));
#1322 = CARTESIAN_POINT('',(3.924233843185,7.584873777551));
#1323 = CARTESIAN_POINT('',(3.940437734881,7.612060584418));
#1324 = CARTESIAN_POINT('',(3.956721865894,7.639105414927));
#1325 = CARTESIAN_POINT('',(3.973080840133,7.666025205567));
#1326 = CARTESIAN_POINT('',(4.023368951075,7.74809779014));
#1327 = CARTESIAN_POINT('',(4.057525196286,7.80290271031));
#1328 = CARTESIAN_POINT('',(4.091912935447,7.857373163801));
#1329 = CARTESIAN_POINT('',(4.126464355317,7.911631750194));
#1330 = CARTESIAN_POINT('',(4.161103776097,7.965793793531));
#1331 = CARTESIAN_POINT('',(4.230371128614,8.074099665072));
#1332 = CARTESIAN_POINT('',(4.26500675928,8.128255493038));
#1333 = CARTESIAN_POINT('',(4.299554521695,8.18250770327));
#1334 = CARTESIAN_POINT('',(4.333938753531,8.236971572054));
#1335 = CARTESIAN_POINT('',(4.36809164985,8.291769641736));
#1336 = CARTESIAN_POINT('',(4.418391139922,8.373857856481));
#1337 = CARTESIAN_POINT('',(4.434764586975,8.400800599958));
#1338 = CARTESIAN_POINT('',(4.451063074815,8.427868556461));
#1339 = CARTESIAN_POINT('',(4.467281191876,8.455078704563));
#1340 = CARTESIAN_POINT('',(4.483414384161,8.482449333919));
#1341 = CARTESIAN_POINT('',(4.499458811641,8.51));
#1342 = ( GEOMETRIC_REPRESENTATION_CONTEXT(2) 
PARAMETRIC_REPRESENTATION_CONTEXT() REPRESENTATION_CONTEXT('2D SPACE',''
  ) );
#1343 = PCURVE('',#1344,#1349);
#1344 = B_SPLINE_SURFACE_WITH_KNOTS('',1,1,(
    (#1345,#1346)
    ,(#1347,#1348
    )),.UNSPECIFIED.,.F.,.F.,.F.,(2,2),(2,2),(-10.,10.),(0.,1.),
  .PIECEWISE_BEZIER_KNOTS.);
#1345 = CARTESIAN_POINT('',(-32.91091657286,-30.68992620281,-6.57));
#1346 = CARTESIAN_POINT('',(-9.509615840493,-43.98371524287,-5.59));
#1347 = CARTESIAN_POINT('',(-18.28384254047,-17.04995900156,-6.57));
#1348 = CARTESIAN_POINT('',(-5.283119911385,-24.43539735715,-5.59));
#1349 = DEFINITIONAL_REPRESENTATION('',(#1350),#1373);
#1350 = B_SPLINE_CURVE_WITH_KNOTS('',6,(#1351,#1352,#1353,#1354,#1355,
    #1356,#1357,#1358,#1359,#1360,#1361,#1362,#1363,#1364,#1365,#1366,
    #1367,#1368,#1369,#1370,#1371,#1372),.UNSPECIFIED.,.F.,.F.,(7,5,5,5,
    7),(0.,0.163316076307,0.499947957372,0.836542031743,1.),
  .UNSPECIFIED.);
#1351 = CARTESIAN_POINT('',(-2.1,0.));
#1352 = CARTESIAN_POINT('',(-2.286377574049,2.808852151394E-02));
#1353 = CARTESIAN_POINT('',(-2.462344702052,5.599365056269E-02));
#1354 = CARTESIAN_POINT('',(-2.627533776859,8.373529022295E-02));
#1355 = CARTESIAN_POINT('',(-2.781588183783,0.111332056048));
#1356 = CARTESIAN_POINT('',(-2.924171417629,0.13880123017));
#1357 = CARTESIAN_POINT('',(-3.324594848703,0.222548765449));
#1358 = CARTESIAN_POINT('',(-3.544208899078,0.278472153378));
#1359 = CARTESIAN_POINT('',(-3.711037027615,0.334054248776));
#1360 = CARTESIAN_POINT('',(-3.823039478252,0.389420153259));
#1361 = CARTESIAN_POINT('',(-3.879051317351,0.444687544419));
#1362 = CARTESIAN_POINT('',(-3.879137830292,0.555203739869));
#1363 = CARTESIAN_POINT('',(-3.823225084787,0.610464788815));
#1364 = CARTESIAN_POINT('',(-3.711333288843,0.66582418701));
#1365 = CARTESIAN_POINT('',(-3.544625846981,0.72139956332));
#1366 = CARTESIAN_POINT('',(-3.325140831137,0.777315960955));
#1367 = CARTESIAN_POINT('',(-2.924790708826,0.861079445389));
#1368 = CARTESIAN_POINT('',(-2.782123500922,0.888572040773));
#1369 = CARTESIAN_POINT('',(-2.627964300082,0.916192404552));
#1370 = CARTESIAN_POINT('',(-2.462650453434,0.943957861799));
#1371 = CARTESIAN_POINT('',(-2.286539497231,0.971887075428));
#1372 = CARTESIAN_POINT('',(-2.1,1.));
#1373 = ( GEOMETRIC_REPRESENTATION_CONTEXT(2) 
PARAMETRIC_REPRESENTATION_CONTEXT() REPRESENTATION_CONTEXT('2D SPACE',''
  ) );
#1374 = ORIENTED_EDGE('',*,*,#1375,.F.);
#1375 = EDGE_CURVE('',#1376,#1291,#1378,.T.);
#1376 = VERTEX_POINT('',#1377);
#1377 = CARTESIAN_POINT('',(-27.67441649523,-24.70904028181,-6.605));
#1378 = SURFACE_CURVE('',#1379,(#1385,#1394),.PCURVE_S1.);
#1379 = B_SPLINE_CURVE_WITH_KNOTS('',4,(#1380,#1381,#1382,#1383,#1384),
  .UNSPECIFIED.,.F.,.F.,(5,5),(0.,1.),.PIECEWISE_BEZIER_KNOTS.);
#1380 = CARTESIAN_POINT('',(-27.67441649523,-24.70904028181,-6.605));
#1381 = CARTESIAN_POINT('',(-27.54073611336,-24.85876388592,
    -6.596249866185));
#1382 = CARTESIAN_POINT('',(-27.40595890451,-25.0075419755,-6.5875));
#1383 = CARTESIAN_POINT('',(-27.27011148425,-25.15534351262,
    -6.578750133815));
#1384 = CARTESIAN_POINT('',(-27.13322233007,-25.30213915831,-6.57));
#1385 = PCURVE('',#32,#1386);
#1386 = DEFINITIONAL_REPRESENTATION('',(#1387),#1393);
#1387 = B_SPLINE_CURVE_WITH_KNOTS('',4,(#1388,#1389,#1390,#1391,#1392),
  .UNSPECIFIED.,.F.,.F.,(5,5),(0.,1.),.PIECEWISE_BEZIER_KNOTS.);
#1388 = CARTESIAN_POINT('',(3.870442149223,7.495));
#1389 = CARTESIAN_POINT('',(3.875852330288,7.503750133815));
#1390 = CARTESIAN_POINT('',(3.881263190585,7.5125));
#1391 = CARTESIAN_POINT('',(3.886674050882,7.521249866185));
#1392 = CARTESIAN_POINT('',(3.892084231947,7.53));
#1393 = ( GEOMETRIC_REPRESENTATION_CONTEXT(2) 
PARAMETRIC_REPRESENTATION_CONTEXT() REPRESENTATION_CONTEXT('2D SPACE',''
  ) );
#1394 = PCURVE('',#1395,#1400);
#1395 = B_SPLINE_SURFACE_WITH_KNOTS('',1,1,(
    (#1396,#1397)
    ,(#1398,#1399
    )),.UNSPECIFIED.,.F.,.F.,.F.,(2,2),(2,2),(-10.,10.),(0.,1.),
  .PIECEWISE_BEZIER_KNOTS.);
#1396 = CARTESIAN_POINT('',(-33.56735154408,-29.97053403454,-6.605));
#1397 = CARTESIAN_POINT('',(-32.91091657286,-30.68992620281,-6.57));
#1398 = CARTESIAN_POINT('',(-18.6485286356,-16.65029668585,-6.605));
#1399 = CARTESIAN_POINT('',(-18.28384254047,-17.04995900156,-6.57));
#1400 = DEFINITIONAL_REPRESENTATION('',(#1401),#1407);
#1401 = B_SPLINE_CURVE_WITH_KNOTS('',4,(#1402,#1403,#1404,#1405,#1406),
  .UNSPECIFIED.,.F.,.F.,(5,5),(0.,1.),.PIECEWISE_BEZIER_KNOTS.);
#1402 = CARTESIAN_POINT('',(-2.1,0.));
#1403 = CARTESIAN_POINT('',(-2.102172059503,0.25000382328));
#1404 = CARTESIAN_POINT('',(-2.102896499454,0.5));
#1405 = CARTESIAN_POINT('',(-2.102172059503,0.749996176721));
#1406 = CARTESIAN_POINT('',(-2.1,1.));
#1407 = ( GEOMETRIC_REPRESENTATION_CONTEXT(2) 
PARAMETRIC_REPRESENTATION_CONTEXT() REPRESENTATION_CONTEXT('2D SPACE',''
  ) );
#1408 = ORIENTED_EDGE('',*,*,#1409,.F.);
#1409 = EDGE_CURVE('',#1043,#1376,#1410,.T.);
#1410 = SURFACE_CURVE('',#1411,(#1415,#1421),.PCURVE_S1.);
#1411 = LINE('',#1412,#1413);
#1412 = CARTESIAN_POINT('',(-27.67441649523,-24.70904028181,-13.5));
#1413 = VECTOR('',#1414,1.);
#1414 = DIRECTION('',(0.,0.,1.));
#1415 = PCURVE('',#32,#1416);
#1416 = DEFINITIONAL_REPRESENTATION('',(#1417),#1420);
#1417 = B_SPLINE_CURVE_WITH_KNOTS('',1,(#1418,#1419),.UNSPECIFIED.,.F.,
  .F.,(2,2),(-5.999999999062E-07,12.445475),.PIECEWISE_BEZIER_KNOTS.);
#1418 = CARTESIAN_POINT('',(3.870442149223,0.5999994));
#1419 = CARTESIAN_POINT('',(3.870442149223,13.045475));
#1420 = ( GEOMETRIC_REPRESENTATION_CONTEXT(2) 
PARAMETRIC_REPRESENTATION_CONTEXT() REPRESENTATION_CONTEXT('2D SPACE',''
  ) );
#1421 = PCURVE('',#1422,#1427);
#1422 = PLANE('',#1423);
#1423 = AXIS2_PLACEMENT_3D('',#1424,#1425,#1426);
#1424 = CARTESIAN_POINT('',(-18.6485286356,-16.65029668585,-13.5));
#1425 = DIRECTION('',(-0.666011867434,0.745941145424,0.));
#1426 = DIRECTION('',(-0.705209465147,-0.629644678667,0.325925127741));
#1427 = DEFINITIONAL_REPRESENTATION('',(#1428),#1431);
#1428 = B_SPLINE_CURVE_WITH_KNOTS('',1,(#1429,#1430),.UNSPECIFIED.,.F.,
  .F.,(2,2),(-5.999999999062E-07,12.445475),.PIECEWISE_BEZIER_KNOTS.);
#1429 = CARTESIAN_POINT('',(11.439286376351,-3.943694612902));
#1430 = CARTESIAN_POINT('',(15.495579601077,7.822203065781));
#1431 = ( GEOMETRIC_REPRESENTATION_CONTEXT(2) 
PARAMETRIC_REPRESENTATION_CONTEXT() REPRESENTATION_CONTEXT('2D SPACE',''
  ) );
#1432 = ADVANCED_FACE('',(#1433),#66,.F.);
#1433 = FACE_BOUND('',#1434,.T.);
#1434 = EDGE_LOOP('',(#1435,#1457,#1458,#1459));
#1435 = ORIENTED_EDGE('',*,*,#1436,.F.);
#1436 = EDGE_CURVE('',#22,#1437,#1439,.T.);
#1437 = VERTEX_POINT('',#1438);
#1438 = CARTESIAN_POINT('',(36.3,0.,-14.1));
#1439 = SEAM_CURVE('',#1440,(#1445,#1451),.PCURVE_S1.);
#1440 = CIRCLE('',#1441,0.8);
#1441 = AXIS2_PLACEMENT_3D('',#1442,#1443,#1444);
#1442 = CARTESIAN_POINT('',(36.3,0.,-13.3));
#1443 = DIRECTION('',(0.,1.,0.));
#1444 = DIRECTION('',(1.,0.,-0.));
#1445 = PCURVE('',#66,#1446);
#1446 = DEFINITIONAL_REPRESENTATION('',(#1447),#1450);
#1447 = B_SPLINE_CURVE_WITH_KNOTS('',1,(#1448,#1449),.UNSPECIFIED.,.F.,
  .F.,(2,2),(0.,1.570796326795),.PIECEWISE_BEZIER_KNOTS.);
#1448 = CARTESIAN_POINT('',(0.,0.));
#1449 = CARTESIAN_POINT('',(0.,1.570796326795));
#1450 = ( GEOMETRIC_REPRESENTATION_CONTEXT(2) 
PARAMETRIC_REPRESENTATION_CONTEXT() REPRESENTATION_CONTEXT('2D SPACE',''
  ) );
#1451 = PCURVE('',#66,#1452);
#1452 = DEFINITIONAL_REPRESENTATION('',(#1453),#1456);
#1453 = B_SPLINE_CURVE_WITH_KNOTS('',1,(#1454,#1455),.UNSPECIFIED.,.F.,
  .F.,(2,2),(0.,1.570796326795),.PIECEWISE_BEZIER_KNOTS.);
#1454 = CARTESIAN_POINT('',(-6.28318530718,0.));
#1455 = CARTESIAN_POINT('',(-6.28318530718,1.570796326795));
#1456 = ( GEOMETRIC_REPRESENTATION_CONTEXT(2) 
PARAMETRIC_REPRESENTATION_CONTEXT() REPRESENTATION_CONTEXT('2D SPACE',''
  ) );
#1457 = ORIENTED_EDGE('',*,*,#51,.F.);
#1458 = ORIENTED_EDGE('',*,*,#1436,.T.);
#1459 = ORIENTED_EDGE('',*,*,#1460,.T.);
#1460 = EDGE_CURVE('',#1437,#1437,#1461,.T.);
#1461 = SURFACE_CURVE('',#1462,(#1467,#1474),.PCURVE_S1.);
#1462 = CIRCLE('',#1463,36.3);
#1463 = AXIS2_PLACEMENT_3D('',#1464,#1465,#1466);
#1464 = CARTESIAN_POINT('',(0.,0.,-14.1));
#1465 = DIRECTION('',(0.,0.,1.));
#1466 = DIRECTION('',(1.,0.,-0.));
#1467 = PCURVE('',#66,#1468);
#1468 = DEFINITIONAL_REPRESENTATION('',(#1469),#1473);
#1469 = LINE('',#1470,#1471);
#1470 = CARTESIAN_POINT('',(-0.,1.570796326795));
#1471 = VECTOR('',#1472,1.);
#1472 = DIRECTION('',(-1.,0.));
#1473 = ( GEOMETRIC_REPRESENTATION_CONTEXT(2) 
PARAMETRIC_REPRESENTATION_CONTEXT() REPRESENTATION_CONTEXT('2D SPACE',''
  ) );
#1474 = PCURVE('',#1475,#1480);
#1475 = PLANE('',#1476);
#1476 = AXIS2_PLACEMENT_3D('',#1477,#1478,#1479);
#1477 = CARTESIAN_POINT('',(0.,0.,-14.1));
#1478 = DIRECTION('',(0.,0.,1.));
#1479 = DIRECTION('',(1.,0.,-0.));
#1480 = DEFINITIONAL_REPRESENTATION('',(#1481),#1485);
#1481 = CIRCLE('',#1482,36.3);
#1482 = AXIS2_PLACEMENT_2D('',#1483,#1484);
#1483 = CARTESIAN_POINT('',(0.,0.));
#1484 = DIRECTION('',(1.,0.));
#1485 = ( GEOMETRIC_REPRESENTATION_CONTEXT(2) 
PARAMETRIC_REPRESENTATION_CONTEXT() REPRESENTATION_CONTEXT('2D SPACE',''
  ) );
#1486 = ADVANCED_FACE('',(#1487),#630,.F.);
#1487 = FACE_BOUND('',#1488,.F.);
#1488 = EDGE_LOOP('',(#1489,#1512,#1538,#1559));
#1489 = ORIENTED_EDGE('',*,*,#1490,.F.);
#1490 = EDGE_CURVE('',#1491,#594,#1493,.T.);
#1491 = VERTEX_POINT('',#1492);
#1492 = CARTESIAN_POINT('',(27.435684791891,15.84,0.));
#1493 = SURFACE_CURVE('',#1494,(#1498,#1505),.PCURVE_S1.);
#1494 = LINE('',#1495,#1496);
#1495 = CARTESIAN_POINT('',(0.,0.,0.));
#1496 = VECTOR('',#1497,1.);
#1497 = DIRECTION('',(0.866025403784,0.5,0.));
#1498 = PCURVE('',#630,#1499);
#1499 = DEFINITIONAL_REPRESENTATION('',(#1500),#1504);
#1500 = LINE('',#1501,#1502);
#1501 = CARTESIAN_POINT('',(0.,10.52));
#1502 = VECTOR('',#1503,1.);
#1503 = DIRECTION('',(1.,0.));
#1504 = ( GEOMETRIC_REPRESENTATION_CONTEXT(2) 
PARAMETRIC_REPRESENTATION_CONTEXT() REPRESENTATION_CONTEXT('2D SPACE',''
  ) );
#1505 = PCURVE('',#530,#1506);
#1506 = DEFINITIONAL_REPRESENTATION('',(#1507),#1511);
#1507 = LINE('',#1508,#1509);
#1508 = CARTESIAN_POINT('',(0.,0.));
#1509 = VECTOR('',#1510,1.);
#1510 = DIRECTION('',(0.587785252292,0.809016994375));
#1511 = ( GEOMETRIC_REPRESENTATION_CONTEXT(2) 
PARAMETRIC_REPRESENTATION_CONTEXT() REPRESENTATION_CONTEXT('2D SPACE',''
  ) );
#1512 = ORIENTED_EDGE('',*,*,#1513,.F.);
#1513 = EDGE_CURVE('',#1514,#1491,#1516,.T.);
#1514 = VERTEX_POINT('',#1515);
#1515 = CARTESIAN_POINT('',(27.435684791891,15.84,-1.15));
#1516 = SURFACE_CURVE('',#1517,(#1521,#1527),.PCURVE_S1.);
#1517 = LINE('',#1518,#1519);
#1518 = CARTESIAN_POINT('',(27.435684791891,15.84,-11.52));
#1519 = VECTOR('',#1520,1.);
#1520 = DIRECTION('',(0.,0.,1.));
#1521 = PCURVE('',#630,#1522);
#1522 = DEFINITIONAL_REPRESENTATION('',(#1523),#1526);
#1523 = B_SPLINE_CURVE_WITH_KNOTS('',1,(#1524,#1525),.UNSPECIFIED.,.F.,
  .F.,(2,2),(-5.999999999062E-07,12.5200006),.PIECEWISE_BEZIER_KNOTS.);
#1524 = CARTESIAN_POINT('',(31.68,-1.0000006));
#1525 = CARTESIAN_POINT('',(31.68,11.5200006));
#1526 = ( GEOMETRIC_REPRESENTATION_CONTEXT(2) 
PARAMETRIC_REPRESENTATION_CONTEXT() REPRESENTATION_CONTEXT('2D SPACE',''
  ) );
#1527 = PCURVE('',#1528,#1533);
#1528 = CYLINDRICAL_SURFACE('',#1529,31.68);
#1529 = AXIS2_PLACEMENT_3D('',#1530,#1531,#1532);
#1530 = CARTESIAN_POINT('',(0.,0.,-11.52));
#1531 = DIRECTION('',(0.,0.,1.));
#1532 = DIRECTION('',(1.,0.,-0.));
#1533 = DEFINITIONAL_REPRESENTATION('',(#1534),#1537);
#1534 = B_SPLINE_CURVE_WITH_KNOTS('',1,(#1535,#1536),.UNSPECIFIED.,.F.,
  .F.,(2,2),(1.,11.52),.PIECEWISE_BEZIER_KNOTS.);
#1535 = CARTESIAN_POINT('',(6.806784082778,1.));
#1536 = CARTESIAN_POINT('',(6.806784082778,11.52));
#1537 = ( GEOMETRIC_REPRESENTATION_CONTEXT(2) 
PARAMETRIC_REPRESENTATION_CONTEXT() REPRESENTATION_CONTEXT('2D SPACE',''
  ) );
#1538 = ORIENTED_EDGE('',*,*,#1539,.T.);
#1539 = EDGE_CURVE('',#1514,#104,#1540,.T.);
#1540 = SURFACE_CURVE('',#1541,(#1545,#1552),.PCURVE_S1.);
#1541 = LINE('',#1542,#1543);
#1542 = CARTESIAN_POINT('',(30.310889132455,17.5,-1.15));
#1543 = VECTOR('',#1544,1.);
#1544 = DIRECTION('',(0.866025403784,0.5,0.));
#1545 = PCURVE('',#630,#1546);
#1546 = DEFINITIONAL_REPRESENTATION('',(#1547),#1551);
#1547 = LINE('',#1548,#1549);
#1548 = CARTESIAN_POINT('',(35.,9.37));
#1549 = VECTOR('',#1550,1.);
#1550 = DIRECTION('',(1.,0.));
#1551 = ( GEOMETRIC_REPRESENTATION_CONTEXT(2) 
PARAMETRIC_REPRESENTATION_CONTEXT() REPRESENTATION_CONTEXT('2D SPACE',''
  ) );
#1552 = PCURVE('',#145,#1553);
#1553 = DEFINITIONAL_REPRESENTATION('',(#1554),#1558);
#1554 = LINE('',#1555,#1556);
#1555 = CARTESIAN_POINT('',(0.,1.));
#1556 = VECTOR('',#1557,1.);
#1557 = DIRECTION('',(-1.,0.));
#1558 = ( GEOMETRIC_REPRESENTATION_CONTEXT(2) 
PARAMETRIC_REPRESENTATION_CONTEXT() REPRESENTATION_CONTEXT('2D SPACE',''
  ) );
#1559 = ORIENTED_EDGE('',*,*,#617,.T.);
#1560 = ADVANCED_FACE('',(#1561),#530,.T.);
#1561 = FACE_BOUND('',#1562,.T.);
#1562 = EDGE_LOOP('',(#1563,#1564,#1565,#1593,#1614));
#1563 = ORIENTED_EDGE('',*,*,#593,.T.);
#1564 = ORIENTED_EDGE('',*,*,#1490,.F.);
#1565 = ORIENTED_EDGE('',*,*,#1566,.T.);
#1566 = EDGE_CURVE('',#1491,#1567,#1569,.T.);
#1567 = VERTEX_POINT('',#1568);
#1568 = CARTESIAN_POINT('',(28.941120098118,-12.88541685264,0.));
#1569 = SURFACE_CURVE('',#1570,(#1575,#1586),.PCURVE_S1.);
#1570 = CIRCLE('',#1571,31.68);
#1571 = AXIS2_PLACEMENT_3D('',#1572,#1573,#1574);
#1572 = CARTESIAN_POINT('',(0.,0.,0.));
#1573 = DIRECTION('',(0.,0.,-1.));
#1574 = DIRECTION('',(0.866025403784,0.5,0.));
#1575 = PCURVE('',#530,#1576);
#1576 = DEFINITIONAL_REPRESENTATION('',(#1577),#1585);
#1577 = ( BOUNDED_CURVE() B_SPLINE_CURVE(2,(#1578,#1579,#1580,#1581,
#1582,#1583,#1584),.UNSPECIFIED.,.T.,.F.) B_SPLINE_CURVE_WITH_KNOTS((1,2
    ,2,2,2,1),(-2.094395102393,0.,2.094395102393,4.188790204786,
6.28318530718,8.377580409573),.UNSPECIFIED.) CURVE() 
GEOMETRIC_REPRESENTATION_ITEM() RATIONAL_B_SPLINE_CURVE((1.,0.5,1.,0.5,
1.,0.5,1.)) REPRESENTATION_ITEM('') );
#1578 = CARTESIAN_POINT('',(18.621036792626,25.629658381798));
#1579 = CARTESIAN_POINT('',(63.012907290534,-6.622923432639));
#1580 = CARTESIAN_POINT('',(12.885416852641,-28.94112009811));
#1581 = CARTESIAN_POINT('',(-37.24207358525,-51.25931676359));
#1582 = CARTESIAN_POINT('',(-31.50645364526,3.311461716319));
#1583 = CARTESIAN_POINT('',(-25.77083370528,57.882240196235));
#1584 = CARTESIAN_POINT('',(18.621036792626,25.629658381798));
#1585 = ( GEOMETRIC_REPRESENTATION_CONTEXT(2) 
PARAMETRIC_REPRESENTATION_CONTEXT() REPRESENTATION_CONTEXT('2D SPACE',''
  ) );
#1586 = PCURVE('',#1528,#1587);
#1587 = DEFINITIONAL_REPRESENTATION('',(#1588),#1592);
#1588 = LINE('',#1589,#1590);
#1589 = CARTESIAN_POINT('',(6.806784082778,11.52));
#1590 = VECTOR('',#1591,1.);
#1591 = DIRECTION('',(-1.,-0.));
#1592 = ( GEOMETRIC_REPRESENTATION_CONTEXT(2) 
PARAMETRIC_REPRESENTATION_CONTEXT() REPRESENTATION_CONTEXT('2D SPACE',''
  ) );
#1593 = ORIENTED_EDGE('',*,*,#1594,.T.);
#1594 = EDGE_CURVE('',#1567,#488,#1595,.T.);
#1595 = SURFACE_CURVE('',#1596,(#1600,#1607),.PCURVE_S1.);
#1596 = LINE('',#1597,#1598);
#1597 = CARTESIAN_POINT('',(0.,0.,0.));
#1598 = VECTOR('',#1599,1.);
#1599 = DIRECTION('',(0.913545457643,-0.406736643076,0.));
#1600 = PCURVE('',#530,#1601);
#1601 = DEFINITIONAL_REPRESENTATION('',(#1602),#1606);
#1602 = LINE('',#1603,#1604);
#1603 = CARTESIAN_POINT('',(0.,0.));
#1604 = VECTOR('',#1605,1.);
#1605 = DIRECTION('',(1.,0.));
#1606 = ( GEOMETRIC_REPRESENTATION_CONTEXT(2) 
PARAMETRIC_REPRESENTATION_CONTEXT() REPRESENTATION_CONTEXT('2D SPACE',''
  ) );
#1607 = PCURVE('',#502,#1608);
#1608 = DEFINITIONAL_REPRESENTATION('',(#1609),#1613);
#1609 = LINE('',#1610,#1611);
#1610 = CARTESIAN_POINT('',(0.,10.52));
#1611 = VECTOR('',#1612,1.);
#1612 = DIRECTION('',(1.,0.));
#1613 = ( GEOMETRIC_REPRESENTATION_CONTEXT(2) 
PARAMETRIC_REPRESENTATION_CONTEXT() REPRESENTATION_CONTEXT('2D SPACE',''
  ) );
#1614 = ORIENTED_EDGE('',*,*,#513,.T.);
#1615 = ADVANCED_FACE('',(#1616),#145,.T.);
#1616 = FACE_BOUND('',#1617,.T.);
#1617 = EDGE_LOOP('',(#1618,#1641,#1668,#1669));
#1618 = ORIENTED_EDGE('',*,*,#1619,.F.);
#1619 = EDGE_CURVE('',#1620,#126,#1622,.T.);
#1620 = VERTEX_POINT('',#1621);
#1621 = CARTESIAN_POINT('',(27.707952322176,15.358768769404,-3.1));
#1622 = SURFACE_CURVE('',#1623,(#1627,#1634),.PCURVE_S1.);
#1623 = LINE('',#1624,#1625);
#1624 = CARTESIAN_POINT('',(30.611689749879,16.968336708622,-3.1));
#1625 = VECTOR('',#1626,1.);
#1626 = DIRECTION('',(0.874619707139,0.484809620246,0.));
#1627 = PCURVE('',#145,#1628);
#1628 = DEFINITIONAL_REPRESENTATION('',(#1629),#1633);
#1629 = LINE('',#1630,#1631);
#1630 = CARTESIAN_POINT('',(0.,0.));
#1631 = VECTOR('',#1632,1.);
#1632 = DIRECTION('',(-1.,0.));
#1633 = ( GEOMETRIC_REPRESENTATION_CONTEXT(2) 
PARAMETRIC_REPRESENTATION_CONTEXT() REPRESENTATION_CONTEXT('2D SPACE',''
  ) );
#1634 = PCURVE('',#185,#1635);
#1635 = DEFINITIONAL_REPRESENTATION('',(#1636),#1640);
#1636 = LINE('',#1637,#1638);
#1637 = CARTESIAN_POINT('',(0.,1.));
#1638 = VECTOR('',#1639,1.);
#1639 = DIRECTION('',(-1.,0.));
#1640 = ( GEOMETRIC_REPRESENTATION_CONTEXT(2) 
PARAMETRIC_REPRESENTATION_CONTEXT() REPRESENTATION_CONTEXT('2D SPACE',''
  ) );
#1641 = ORIENTED_EDGE('',*,*,#1642,.T.);
#1642 = EDGE_CURVE('',#1620,#1514,#1643,.T.);
#1643 = SURFACE_CURVE('',#1644,(#1650,#1659),.PCURVE_S1.);
#1644 = B_SPLINE_CURVE_WITH_KNOTS('',4,(#1645,#1646,#1647,#1648,#1649),
  .UNSPECIFIED.,.F.,.F.,(5,5),(0.,1.),.PIECEWISE_BEZIER_KNOTS.);
#1645 = CARTESIAN_POINT('',(27.707952322176,15.358768769404,-3.1));
#1646 = CARTESIAN_POINT('',(27.640940394969,15.479661486259,
    -2.612499574624));
#1647 = CARTESIAN_POINT('',(27.573218489553,15.600176428413,-2.125));
#1648 = CARTESIAN_POINT('',(27.504796381687,15.720295215082,
    -1.637500425375));
#1649 = CARTESIAN_POINT('',(27.435684791891,15.84,-1.15));
#1650 = PCURVE('',#145,#1651);
#1651 = DEFINITIONAL_REPRESENTATION('',(#1652),#1658);
#1652 = B_SPLINE_CURVE_WITH_KNOTS('',4,(#1653,#1654,#1655,#1656,#1657),
  .UNSPECIFIED.,.F.,.F.,(5,5),(0.,1.),.PIECEWISE_BEZIER_KNOTS.);
#1653 = CARTESIAN_POINT('',(3.32,0.));
#1654 = CARTESIAN_POINT('',(3.318793744586,0.250000218141));
#1655 = CARTESIAN_POINT('',(3.318391478526,0.5));
#1656 = CARTESIAN_POINT('',(3.318793744586,0.749999781859));
#1657 = CARTESIAN_POINT('',(3.32,1.));
#1658 = ( GEOMETRIC_REPRESENTATION_CONTEXT(2) 
PARAMETRIC_REPRESENTATION_CONTEXT() REPRESENTATION_CONTEXT('2D SPACE',''
  ) );
#1659 = PCURVE('',#1528,#1660);
#1660 = DEFINITIONAL_REPRESENTATION('',(#1661),#1667);
#1661 = B_SPLINE_CURVE_WITH_KNOTS('',4,(#1662,#1663,#1664,#1665,#1666),
  .UNSPECIFIED.,.F.,.F.,(5,5),(0.,1.),.PIECEWISE_BEZIER_KNOTS.);
#1662 = CARTESIAN_POINT('',(6.789330790258,8.42));
#1663 = CARTESIAN_POINT('',(6.793693895674,8.907500425376));
#1664 = CARTESIAN_POINT('',(6.798057436518,9.395));
#1665 = CARTESIAN_POINT('',(6.802420977361,9.882499574625));
#1666 = CARTESIAN_POINT('',(6.806784082778,10.37));
#1667 = ( GEOMETRIC_REPRESENTATION_CONTEXT(2) 
PARAMETRIC_REPRESENTATION_CONTEXT() REPRESENTATION_CONTEXT('2D SPACE',''
  ) );
#1668 = ORIENTED_EDGE('',*,*,#1539,.T.);
#1669 = ORIENTED_EDGE('',*,*,#125,.F.);
#1670 = ADVANCED_FACE('',(#1671),#185,.T.);
#1671 = FACE_BOUND('',#1672,.T.);
#1672 = EDGE_LOOP('',(#1673,#1696,#1732,#1733));
#1673 = ORIENTED_EDGE('',*,*,#1674,.F.);
#1674 = EDGE_CURVE('',#1675,#160,#1677,.T.);
#1675 = VERTEX_POINT('',#1676);
#1676 = CARTESIAN_POINT('',(28.473795386758,13.887597930278,-3.1));
#1677 = SURFACE_CURVE('',#1678,(#1682,#1689),.PCURVE_S1.);
#1678 = LINE('',#1679,#1680);
#1679 = CARTESIAN_POINT('',(31.457791620471,15.342990137618,-3.1));
#1680 = VECTOR('',#1681,1.);
#1681 = DIRECTION('',(0.898794046299,0.438371146789,0.));
#1682 = PCURVE('',#185,#1683);
#1683 = DEFINITIONAL_REPRESENTATION('',(#1684),#1688);
#1684 = LINE('',#1685,#1686);
#1685 = CARTESIAN_POINT('',(0.,0.));
#1686 = VECTOR('',#1687,1.);
#1687 = DIRECTION('',(-1.,0.));
#1688 = ( GEOMETRIC_REPRESENTATION_CONTEXT(2) 
PARAMETRIC_REPRESENTATION_CONTEXT() REPRESENTATION_CONTEXT('2D SPACE',''
  ) );
#1689 = PCURVE('',#240,#1690);
#1690 = DEFINITIONAL_REPRESENTATION('',(#1691),#1695);
#1691 = LINE('',#1692,#1693);
#1692 = CARTESIAN_POINT('',(0.,1.));
#1693 = VECTOR('',#1694,1.);
#1694 = DIRECTION('',(-1.,0.));
#1695 = ( GEOMETRIC_REPRESENTATION_CONTEXT(2) 
PARAMETRIC_REPRESENTATION_CONTEXT() REPRESENTATION_CONTEXT('2D SPACE',''
  ) );
#1696 = ORIENTED_EDGE('',*,*,#1697,.T.);
#1697 = EDGE_CURVE('',#1675,#1620,#1698,.T.);
#1698 = SURFACE_CURVE('',#1699,(#1708,#1720),.PCURVE_S1.);
#1699 = B_SPLINE_CURVE_WITH_KNOTS('',4,(#1700,#1701,#1702,#1703,#1704,
    #1705,#1706,#1707),.UNSPECIFIED.,.F.,.F.,(5,3,5),(0.,0.500000469891,
    1.),.UNSPECIFIED.);
#1700 = CARTESIAN_POINT('',(28.473795386758,13.887597930278,-3.1));
#1701 = CARTESIAN_POINT('',(28.382927465078,14.073904779174,-3.1));
#1702 = CARTESIAN_POINT('',(28.290407909821,14.259472742908,-3.1));
#1703 = CARTESIAN_POINT('',(28.196258094545,14.444252627906,-3.1));
#1704 = CARTESIAN_POINT('',(28.004747755682,14.812140543891,-3.1));
#1705 = CARTESIAN_POINT('',(27.907387227732,14.995248597992,-3.1));
#1706 = CARTESIAN_POINT('',(27.808446070729,15.177473247908,-3.1));
#1707 = CARTESIAN_POINT('',(27.707952322176,15.358768769404,-3.1));
#1708 = PCURVE('',#185,#1709);
#1709 = DEFINITIONAL_REPRESENTATION('',(#1710),#1719);
#1710 = B_SPLINE_CURVE_WITH_KNOTS('',4,(#1711,#1712,#1713,#1714,#1715,
    #1716,#1717,#1718),.UNSPECIFIED.,.F.,.F.,(5,3,5),(0.,0.500000469891,
    1.),.UNSPECIFIED.);
#1711 = CARTESIAN_POINT('',(3.32,0.));
#1712 = CARTESIAN_POINT('',(3.314572041779,0.125021094583));
#1713 = CARTESIAN_POINT('',(3.310950898782,0.250021205052));
#1714 = CARTESIAN_POINT('',(3.309140328785,0.375010838971));
#1715 = CARTESIAN_POINT('',(3.309140338994,0.624989865821));
#1716 = CARTESIAN_POINT('',(3.310950912394,0.749979264844));
#1717 = CARTESIAN_POINT('',(3.314572051981,0.874979140408));
#1718 = CARTESIAN_POINT('',(3.32,1.));
#1719 = ( GEOMETRIC_REPRESENTATION_CONTEXT(2) 
PARAMETRIC_REPRESENTATION_CONTEXT() REPRESENTATION_CONTEXT('2D SPACE',''
  ) );
#1720 = PCURVE('',#1528,#1721);
#1721 = DEFINITIONAL_REPRESENTATION('',(#1722),#1731);
#1722 = B_SPLINE_CURVE_WITH_KNOTS('',4,(#1723,#1724,#1725,#1726,#1727,
    #1728,#1729,#1730),.UNSPECIFIED.,.F.,.F.,(5,3,5),(0.,0.500000469891,
    1.),.UNSPECIFIED.);
#1723 = CARTESIAN_POINT('',(6.736970912698,8.42));
#1724 = CARTESIAN_POINT('',(6.743514011234,8.42));
#1725 = CARTESIAN_POINT('',(6.750059001159,8.42));
#1726 = CARTESIAN_POINT('',(6.756604938743,8.42));
#1727 = CARTESIAN_POINT('',(6.769696801125,8.42));
#1728 = CARTESIAN_POINT('',(6.776242726401,8.42));
#1729 = CARTESIAN_POINT('',(6.782787704021,8.42));
#1730 = CARTESIAN_POINT('',(6.789330790258,8.42));
#1731 = ( GEOMETRIC_REPRESENTATION_CONTEXT(2) 
PARAMETRIC_REPRESENTATION_CONTEXT() REPRESENTATION_CONTEXT('2D SPACE',''
  ) );
#1732 = ORIENTED_EDGE('',*,*,#1619,.T.);
#1733 = ORIENTED_EDGE('',*,*,#159,.F.);
#1734 = ADVANCED_FACE('',(#1735,#1766),#580,.T.);
#1735 = FACE_BOUND('',#1736,.T.);
#1736 = EDGE_LOOP('',(#1737));
#1737 = ORIENTED_EDGE('',*,*,#1738,.T.);
#1738 = EDGE_CURVE('',#1739,#1739,#1741,.T.);
#1739 = VERTEX_POINT('',#1740);
#1740 = CARTESIAN_POINT('',(43.1,-1.055645540865E-14,3.3));
#1741 = SURFACE_CURVE('',#1742,(#1747,#1754),.PCURVE_S1.);
#1742 = CIRCLE('',#1743,43.1);
#1743 = AXIS2_PLACEMENT_3D('',#1744,#1745,#1746);
#1744 = CARTESIAN_POINT('',(0.,0.,3.3));
#1745 = DIRECTION('',(0.,0.,1.));
#1746 = DIRECTION('',(1.,0.,-0.));
#1747 = PCURVE('',#580,#1748);
#1748 = DEFINITIONAL_REPRESENTATION('',(#1749),#1753);
#1749 = CIRCLE('',#1750,43.1);
#1750 = AXIS2_PLACEMENT_2D('',#1751,#1752);
#1751 = CARTESIAN_POINT('',(0.,0.));
#1752 = DIRECTION('',(1.,0.));
#1753 = ( GEOMETRIC_REPRESENTATION_CONTEXT(2) 
PARAMETRIC_REPRESENTATION_CONTEXT() REPRESENTATION_CONTEXT('2D SPACE',''
  ) );
#1754 = PCURVE('',#1755,#1760);
#1755 = CYLINDRICAL_SURFACE('',#1756,43.1);
#1756 = AXIS2_PLACEMENT_3D('',#1757,#1758,#1759);
#1757 = CARTESIAN_POINT('',(0.,0.,-19.94));
#1758 = DIRECTION('',(0.,0.,1.));
#1759 = DIRECTION('',(1.,0.,-0.));
#1760 = DEFINITIONAL_REPRESENTATION('',(#1761),#1765);
#1761 = LINE('',#1762,#1763);
#1762 = CARTESIAN_POINT('',(0.,23.24));
#1763 = VECTOR('',#1764,1.);
#1764 = DIRECTION('',(1.,0.));
#1765 = ( GEOMETRIC_REPRESENTATION_CONTEXT(2) 
PARAMETRIC_REPRESENTATION_CONTEXT() REPRESENTATION_CONTEXT('2D SPACE',''
  ) );
#1766 = FACE_BOUND('',#1767,.T.);
#1767 = EDGE_LOOP('',(#1768));
#1768 = ORIENTED_EDGE('',*,*,#565,.F.);
#1769 = ADVANCED_FACE('',(#1770),#240,.T.);
#1770 = FACE_BOUND('',#1771,.T.);
#1771 = EDGE_LOOP('',(#1772,#1795,#1849,#1850));
#1772 = ORIENTED_EDGE('',*,*,#1773,.F.);
#1773 = EDGE_CURVE('',#1774,#203,#1776,.T.);
#1774 = VERTEX_POINT('',#1775);
#1775 = CARTESIAN_POINT('',(30.163459162071,9.684427261231,-5.59));
#1776 = SURFACE_CURVE('',#1777,(#1781,#1788),.PCURVE_S1.);
#1777 = LINE('',#1778,#1779);
#1778 = CARTESIAN_POINT('',(33.324528745975,10.699335673709,-5.59));
#1779 = VECTOR('',#1780,1.);
#1780 = DIRECTION('',(0.952129392742,0.305695304963,0.));
#1781 = PCURVE('',#240,#1782);
#1782 = DEFINITIONAL_REPRESENTATION('',(#1783),#1787);
#1783 = LINE('',#1784,#1785);
#1784 = CARTESIAN_POINT('',(0.,0.));
#1785 = VECTOR('',#1786,1.);
#1786 = DIRECTION('',(-1.,0.));
#1787 = ( GEOMETRIC_REPRESENTATION_CONTEXT(2) 
PARAMETRIC_REPRESENTATION_CONTEXT() REPRESENTATION_CONTEXT('2D SPACE',''
  ) );
#1788 = PCURVE('',#342,#1789);
#1789 = DEFINITIONAL_REPRESENTATION('',(#1790),#1794);
#1790 = LINE('',#1791,#1792);
#1791 = CARTESIAN_POINT('',(0.,1.));
#1792 = VECTOR('',#1793,1.);
#1793 = DIRECTION('',(-1.,0.));
#1794 = ( GEOMETRIC_REPRESENTATION_CONTEXT(2) 
PARAMETRIC_REPRESENTATION_CONTEXT() REPRESENTATION_CONTEXT('2D SPACE',''
  ) );
#1795 = ORIENTED_EDGE('',*,*,#1796,.T.);
#1796 = EDGE_CURVE('',#1774,#1675,#1797,.T.);
#1797 = SURFACE_CURVE('',#1798,(#1813,#1831),.PCURVE_S1.);
#1798 = B_SPLINE_CURVE_WITH_KNOTS('',4,(#1799,#1800,#1801,#1802,#1803,
    #1804,#1805,#1806,#1807,#1808,#1809,#1810,#1811,#1812),
  .UNSPECIFIED.,.F.,.F.,(5,3,3,3,5),(0.,0.25092147796,0.501025420526,
    0.750789141874,1.),.UNSPECIFIED.);
#1799 = CARTESIAN_POINT('',(30.163459162071,9.684427261231,-5.59));
#1800 = CARTESIAN_POINT('',(30.076721140762,9.954584565631,
    -5.433639417097));
#1801 = CARTESIAN_POINT('',(29.986653625063,10.224027807641,
    -5.277360321214));
#1802 = CARTESIAN_POINT('',(29.893283303934,10.492614301329,
    -5.121142021642));
#1803 = CARTESIAN_POINT('',(29.700334085142,11.026920250879,
    -4.809295082266));
#1804 = CARTESIAN_POINT('',(29.600776380799,11.292646300986,
    -4.653666158631));
#1805 = CARTESIAN_POINT('',(29.498018889492,11.557241867769,
    -4.498057168329));
#1806 = CARTESIAN_POINT('',(29.286357259112,12.083543249662,
    -4.187050557388));
#1807 = CARTESIAN_POINT('',(29.177461631209,12.345252606469,
    -4.03165291584));
#1808 = CARTESIAN_POINT('',(29.065483397264,12.605565012251,
    -3.876235093384));
#1809 = CARTESIAN_POINT('',(28.835750166931,13.122566519937,
    -3.565662984584));
#1810 = CARTESIAN_POINT('',(28.71800845411,13.379262458265,
    -3.410508855841));
#1811 = CARTESIAN_POINT('',(28.597330900968,13.634312590921,
    -3.255294617909));
#1812 = CARTESIAN_POINT('',(28.473795386758,13.887597930278,-3.1));
#1813 = PCURVE('',#240,#1814);
#1814 = DEFINITIONAL_REPRESENTATION('',(#1815),#1830);
#1815 = B_SPLINE_CURVE_WITH_KNOTS('',4,(#1816,#1817,#1818,#1819,#1820,
    #1821,#1822,#1823,#1824,#1825,#1826,#1827,#1828,#1829),
  .UNSPECIFIED.,.F.,.F.,(5,3,3,3,5),(0.,0.25092147796,0.501025420526,
    0.750789141874,1.),.UNSPECIFIED.);
#1816 = CARTESIAN_POINT('',(3.32,0.));
#1817 = CARTESIAN_POINT('',(3.299661255585,6.279541482031E-02));
#1818 = CARTESIAN_POINT('',(3.282686682966,0.12555810393));
#1819 = CARTESIAN_POINT('',(3.269104812282,0.18829637685));
#1820 = CARTESIAN_POINT('',(3.248788507465,0.31353611154));
#1821 = CARTESIAN_POINT('',(3.242031893065,0.376037687297));
#1822 = CARTESIAN_POINT('',(3.238674512861,0.438531257699));
#1823 = CARTESIAN_POINT('',(3.238758075542,0.563433511089));
#1824 = CARTESIAN_POINT('',(3.242189776795,0.625842202474));
#1825 = CARTESIAN_POINT('',(3.249011352782,0.688258998641));
#1826 = CARTESIAN_POINT('',(3.269383062296,0.812986753179));
#1827 = CARTESIAN_POINT('',(3.282918282782,0.875297648257));
#1828 = CARTESIAN_POINT('',(3.299799911947,0.937632683571));
#1829 = CARTESIAN_POINT('',(3.32,1.));
#1830 = ( GEOMETRIC_REPRESENTATION_CONTEXT(2) 
PARAMETRIC_REPRESENTATION_CONTEXT() REPRESENTATION_CONTEXT('2D SPACE',''
  ) );
#1831 = PCURVE('',#1528,#1832);
#1832 = DEFINITIONAL_REPRESENTATION('',(#1833),#1848);
#1833 = B_SPLINE_CURVE_WITH_KNOTS('',4,(#1834,#1835,#1836,#1837,#1838,
    #1839,#1840,#1841,#1842,#1843,#1844,#1845,#1846,#1847),
  .UNSPECIFIED.,.F.,.F.,(5,3,3,3,5),(0.,0.25092147796,0.501025420526,
    0.750789141874,1.),.UNSPECIFIED.);
#1834 = CARTESIAN_POINT('',(6.593853914035,5.93));
#1835 = CARTESIAN_POINT('',(6.602810357092,6.086360582903));
#1836 = CARTESIAN_POINT('',(6.611777466554,6.242639678786));
#1837 = CARTESIAN_POINT('',(6.620752616082,6.398857978358));
#1838 = CARTESIAN_POINT('',(6.638684360982,6.710704917734));
#1839 = CARTESIAN_POINT('',(6.647640923693,6.866333841369));
#1840 = CARTESIAN_POINT('',(6.656600145089,7.021942831671));
#1841 = CARTESIAN_POINT('',(6.674506354398,7.332949442612));
#1842 = CARTESIAN_POINT('',(6.68345334457,7.48834708416));
#1843 = CARTESIAN_POINT('',(6.692397643143,7.643764906616));
#1844 = CARTESIAN_POINT('',(6.710255769774,7.954337015416));
#1845 = CARTESIAN_POINT('',(6.719169623573,8.109491144159));
#1846 = CARTESIAN_POINT('',(6.728075528858,8.264705382091));
#1847 = CARTESIAN_POINT('',(6.736970912698,8.42));
#1848 = ( GEOMETRIC_REPRESENTATION_CONTEXT(2) 
PARAMETRIC_REPRESENTATION_CONTEXT() REPRESENTATION_CONTEXT('2D SPACE',''
  ) );
#1849 = ORIENTED_EDGE('',*,*,#1674,.T.);
#1850 = ORIENTED_EDGE('',*,*,#202,.F.);
#1851 = ADVANCED_FACE('',(#1852),#342,.T.);
#1852 = FACE_BOUND('',#1853,.T.);
#1853 = EDGE_LOOP('',(#1854,#1877,#2001,#2002));
#1854 = ORIENTED_EDGE('',*,*,#1855,.F.);
#1855 = EDGE_CURVE('',#1856,#264,#1858,.T.);
#1856 = VERTEX_POINT('',#1857);
#1857 = CARTESIAN_POINT('',(30.295734668909,-9.262335605616,-6.57));
#1858 = SURFACE_CURVE('',#1859,(#1863,#1870),.PCURVE_S1.);
#1859 = LINE('',#1860,#1861);
#1860 = CARTESIAN_POINT('',(33.470666458706,-10.23300966529,-6.57));
#1861 = VECTOR('',#1862,1.);
#1862 = DIRECTION('',(0.956304755963,-0.292371704723,0.));
#1863 = PCURVE('',#342,#1864);
#1864 = DEFINITIONAL_REPRESENTATION('',(#1865),#1869);
#1865 = LINE('',#1866,#1867);
#1866 = CARTESIAN_POINT('',(0.,0.));
#1867 = VECTOR('',#1868,1.);
#1868 = DIRECTION('',(-1.,0.));
#1869 = ( GEOMETRIC_REPRESENTATION_CONTEXT(2) 
PARAMETRIC_REPRESENTATION_CONTEXT() REPRESENTATION_CONTEXT('2D SPACE',''
  ) );
#1870 = PCURVE('',#418,#1871);
#1871 = DEFINITIONAL_REPRESENTATION('',(#1872),#1876);
#1872 = LINE('',#1873,#1874);
#1873 = CARTESIAN_POINT('',(0.,1.));
#1874 = VECTOR('',#1875,1.);
#1875 = DIRECTION('',(-1.,0.));
#1876 = ( GEOMETRIC_REPRESENTATION_CONTEXT(2) 
PARAMETRIC_REPRESENTATION_CONTEXT() REPRESENTATION_CONTEXT('2D SPACE',''
  ) );
#1877 = ORIENTED_EDGE('',*,*,#1878,.F.);
#1878 = EDGE_CURVE('',#1774,#1856,#1879,.T.);
#1879 = SURFACE_CURVE('',#1880,(#1899,#1950),.PCURVE_S1.);
#1880 = B_SPLINE_CURVE_WITH_KNOTS('',5,(#1881,#1882,#1883,#1884,#1885,
    #1886,#1887,#1888,#1889,#1890,#1891,#1892,#1893,#1894,#1895,#1896,
    #1897,#1898),.UNSPECIFIED.,.F.,.F.,(6,4,4,4,6),(0.,0.484082844558,1.
    ,1.483688742393,1.955767770393),.UNSPECIFIED.);
#1881 = CARTESIAN_POINT('',(30.163459162071,9.684427261231,-5.59));
#1882 = CARTESIAN_POINT('',(30.445789105099,8.805072449941,
    -5.640060003702));
#1883 = CARTESIAN_POINT('',(30.699042897614,7.906180887037,
    -5.689503176631));
#1884 = CARTESIAN_POINT('',(30.921105621276,6.989721711295,
    -5.738462504075));
#1885 = CARTESIAN_POINT('',(31.110015134925,6.05826788355,
    -5.787054779252));
#1886 = CARTESIAN_POINT('',(31.428764984941,4.110042232541,
    -5.886874373965));
#1887 = CARTESIAN_POINT('',(31.553917783297,3.091603352276,
    -5.938069136384));
#1888 = CARTESIAN_POINT('',(31.6379919308,2.064007110398,-5.989069406181
    ));
#1889 = CARTESIAN_POINT('',(31.68,1.03181109647,-6.039987758693));
#1890 = CARTESIAN_POINT('',(31.68,-0.967355720535,-6.138663055451));
#1891 = CARTESIAN_POINT('',(31.643076469487,-1.934470367366,
    -6.186423517001));
#1892 = CARTESIAN_POINT('',(31.569269490449,-2.897257408543,
    -6.234274262642));
#1893 = CARTESIAN_POINT('',(31.45942188791,-3.851987595112,
    -6.282308089981));
#1894 = CARTESIAN_POINT('',(31.174001068589,-5.715898973221,
    -6.377766221507));
#1895 = CARTESIAN_POINT('',(31.000059535495,-6.625682395099,
    -6.425180478375));
#1896 = CARTESIAN_POINT('',(30.794483789663,-7.521523286181,
    -6.472949281894));
#1897 = CARTESIAN_POINT('',(30.559063920227,-8.40102443442,
    -6.52118127082));
#1898 = CARTESIAN_POINT('',(30.295734668909,-9.262335605616,-6.57));
#1899 = PCURVE('',#342,#1900);
#1900 = DEFINITIONAL_REPRESENTATION('',(#1901),#1949);
#1901 = B_SPLINE_CURVE_WITH_KNOTS('',3,(#1902,#1903,#1904,#1905,#1906,
    #1907,#1908,#1909,#1910,#1911,#1912,#1913,#1914,#1915,#1916,#1917,
    #1918,#1919,#1920,#1921,#1922,#1923,#1924,#1925,#1926,#1927,#1928,
    #1929,#1930,#1931,#1932,#1933,#1934,#1935,#1936,#1937,#1938,#1939,
    #1940,#1941,#1942,#1943,#1944,#1945,#1946,#1947,#1948),
  .UNSPECIFIED.,.F.,.F.,(4,1,1,1,1,1,1,1,1,1,1,1,1,1,1,1,1,1,1,1,1,1,1,1
    ,1,1,1,1,1,1,1,1,1,1,1,1,1,1,1,1,1,1,1,1,4),(0.,4.444926750894E-02,
    8.889853501788E-02,0.133347802527,0.177797070036,0.222246337545,
    0.266695605054,0.311144872563,0.355594140072,0.40004340758,
    0.444492675089,0.488941942598,0.533391210107,0.577840477616,
    0.622289745125,0.666739012634,0.711188280143,0.755637547652,
    0.800086815161,0.84453608267,0.888985350179,0.933434617688,
    0.977883885197,1.022333152706,1.066782420215,1.111231687724,
    1.155680955232,1.200130222741,1.24457949025,1.289028757759,
    1.333478025268,1.377927292777,1.422376560286,1.466825827795,
    1.511275095304,1.555724362813,1.600173630322,1.644622897831,
    1.68907216534,1.733521432849,1.777970700358,1.822419967867,
    1.866869235376,1.911318502884,1.955767770393),
  .QUASI_UNIFORM_KNOTS.);
#1902 = CARTESIAN_POINT('',(3.32,1.));
#1903 = CARTESIAN_POINT('',(3.275706914095,0.992182682432));
#1904 = CARTESIAN_POINT('',(3.188841967397,0.976583380475));
#1905 = CARTESIAN_POINT('',(3.06380784126,0.953284352096));
#1906 = CARTESIAN_POINT('',(2.944137382992,0.930079113086));
#1907 = CARTESIAN_POINT('',(2.82992832267,0.906961738995));
#1908 = CARTESIAN_POINT('',(2.721276287586,0.883926443772));
#1909 = CARTESIAN_POINT('',(2.618274286372,0.860967600565));
#1910 = CARTESIAN_POINT('',(2.521012480441,0.83807974038));
#1911 = CARTESIAN_POINT('',(2.429577863034,0.815257553243));
#1912 = CARTESIAN_POINT('',(2.344054020383,0.792495908555));
#1913 = CARTESIAN_POINT('',(2.264520656773,0.769789803287));
#1914 = CARTESIAN_POINT('',(2.191053981841,0.747134586858));
#1915 = CARTESIAN_POINT('',(2.123723811636,0.724525135523));
#1916 = CARTESIAN_POINT('',(2.062596522034,0.701956903794));
#1917 = CARTESIAN_POINT('',(2.007733752294,0.679425656069));
#1918 = CARTESIAN_POINT('',(1.959191038308,0.656927083169));
#1919 = CARTESIAN_POINT('',(1.917017989532,0.634456920716));
#1920 = CARTESIAN_POINT('',(1.881258052236,0.612010933525));
#1921 = CARTESIAN_POINT('',(1.85194838373,0.589584936117));
#1922 = CARTESIAN_POINT('',(1.829119696359,0.567174805152));
#1923 = CARTESIAN_POINT('',(1.812796111389,0.544776490961));
#1924 = CARTESIAN_POINT('',(1.802995003584,0.522386044118));
#1925 = CARTESIAN_POINT('',(1.79972687311,0.499999586637));
#1926 = CARTESIAN_POINT('',(1.802995117462,0.47761349403));
#1927 = CARTESIAN_POINT('',(1.812796300312,0.455223156559));
#1928 = CARTESIAN_POINT('',(1.829119979796,0.432824891917));
#1929 = CARTESIAN_POINT('',(1.851948755699,0.410414772607));
#1930 = CARTESIAN_POINT('',(1.881258473866,0.387988796451));
#1931 = CARTESIAN_POINT('',(1.917018381498,0.365542860343));
#1932 = CARTESIAN_POINT('',(1.959191295866,0.343072785676));
#1933 = CARTESIAN_POINT('',(2.007733768525,0.320574329283));
#1934 = CARTESIAN_POINT('',(2.062596254075,0.298043196599));
#1935 = CARTESIAN_POINT('',(2.123723265225,0.275475056846));
#1936 = CARTESIAN_POINT('',(2.191053578083,0.252865544798));
#1937 = CARTESIAN_POINT('',(2.264520250164,0.23021031153));
#1938 = CARTESIAN_POINT('',(2.344053590377,0.207504206979));
#1939 = CARTESIAN_POINT('',(2.429577483357,0.18474254433));
#1940 = CARTESIAN_POINT('',(2.521012159907,0.161920338995));
#1941 = CARTESIAN_POINT('',(2.618274022378,0.139032461651));
#1942 = CARTESIAN_POINT('',(2.721276063049,0.116073605715));
#1943 = CARTESIAN_POINT('',(2.829928118599,9.30383025619E-02));
#1944 = CARTESIAN_POINT('',(2.944137187214,6.992092409715E-02));
#1945 = CARTESIAN_POINT('',(3.063807658983,4.671568099042E-02));
#1946 = CARTESIAN_POINT('',(3.188841830423,2.341664381769E-02));
#1947 = CARTESIAN_POINT('',(3.275706856162,7.817327794261E-03));
#1948 = CARTESIAN_POINT('',(3.32,0.));
#1949 = ( GEOMETRIC_REPRESENTATION_CONTEXT(2) 
PARAMETRIC_REPRESENTATION_CONTEXT() REPRESENTATION_CONTEXT('2D SPACE',''
  ) );
#1950 = PCURVE('',#1528,#1951);
#1951 = DEFINITIONAL_REPRESENTATION('',(#1952),#2000);
#1952 = B_SPLINE_CURVE_WITH_KNOTS('',3,(#1953,#1954,#1955,#1956,#1957,
    #1958,#1959,#1960,#1961,#1962,#1963,#1964,#1965,#1966,#1967,#1968,
    #1969,#1970,#1971,#1972,#1973,#1974,#1975,#1976,#1977,#1978,#1979,
    #1980,#1981,#1982,#1983,#1984,#1985,#1986,#1987,#1988,#1989,#1990,
    #1991,#1992,#1993,#1994,#1995,#1996,#1997,#1998,#1999),
  .UNSPECIFIED.,.F.,.F.,(4,1,1,1,1,1,1,1,1,1,1,1,1,1,1,1,1,1,1,1,1,1,1,1
    ,1,1,1,1,1,1,1,1,1,1,1,1,1,1,1,1,1,1,1,1,4),(0.,4.444926750894E-02,
    8.889853501788E-02,0.133347802527,0.177797070036,0.222246337545,
    0.266695605054,0.311144872563,0.355594140072,0.40004340758,
    0.444492675089,0.488941942598,0.533391210107,0.577840477616,
    0.622289745125,0.666739012634,0.711188280143,0.755637547652,
    0.800086815161,0.84453608267,0.888985350179,0.933434617688,
    0.977883885197,1.022333152706,1.066782420215,1.111231687724,
    1.155680955232,1.200130222741,1.24457949025,1.289028757759,
    1.333478025268,1.377927292777,1.422376560286,1.466825827795,
    1.511275095304,1.555724362813,1.600173630322,1.644622897831,
    1.68907216534,1.733521432849,1.777970700358,1.822419967867,
    1.866869235376,1.911318502884,1.955767770393),
  .QUASI_UNIFORM_KNOTS.);
#1953 = CARTESIAN_POINT('',(6.593853914035,5.93));
#1954 = CARTESIAN_POINT('',(6.589392465112,5.922339028098));
#1955 = CARTESIAN_POINT('',(6.580452305138,5.907051710099));
#1956 = CARTESIAN_POINT('',(6.56699172188,5.88421865951));
#1957 = CARTESIAN_POINT('',(6.553482201742,5.861477527467));
#1958 = CARTESIAN_POINT('',(6.539925279487,5.838822505112));
#1959 = CARTESIAN_POINT('',(6.52632257942,5.816247918942));
#1960 = CARTESIAN_POINT('',(6.512675831534,5.793748252432));
#1961 = CARTESIAN_POINT('',(6.498986874281,5.771318146085));
#1962 = CARTESIAN_POINT('',(6.485257658421,5.748952398495));
#1963 = CARTESIAN_POINT('',(6.471490262339,5.726645984937));
#1964 = CARTESIAN_POINT('',(6.457686862769,5.704394004837));
#1965 = CARTESIAN_POINT('',(6.443849874683,5.68219189619));
#1966 = CARTESIAN_POINT('',(6.42998144699,5.660034630734));
#1967 = CARTESIAN_POINT('',(6.416084103947,5.63791776229));
#1968 = CARTESIAN_POINT('',(6.402160585945,5.615837140444));
#1969 = CARTESIAN_POINT('',(6.388213612025,5.593788541495));
#1970 = CARTESIAN_POINT('',(6.374245950494,5.571767784554));
#1971 = CARTESIAN_POINT('',(6.360260407331,5.549770717719));
#1972 = CARTESIAN_POINT('',(6.346259836735,5.527793238801));
#1973 = CARTESIAN_POINT('',(6.332247146639,5.505831307759));
#1974 = CARTESIAN_POINT('',(6.318225303482,5.483880957745));
#1975 = CARTESIAN_POINT('',(6.304197346174,5.461938320007));
#1976 = CARTESIAN_POINT('',(6.290166365093,5.439999594755));
#1977 = CARTESIAN_POINT('',(6.276135612792,5.418061224311));
#1978 = CARTESIAN_POINT('',(6.262107724144,5.396118696034));
#1979 = CARTESIAN_POINT('',(6.248085912199,5.37416839651));
#1980 = CARTESIAN_POINT('',(6.234073229642,5.352206477657));
#1981 = CARTESIAN_POINT('',(6.220072672634,5.330229018969));
#1982 = CARTESIAN_POINT('',(6.206087161649,5.308232000912));
#1983 = CARTESIAN_POINT('',(6.192119554992,5.286211328855));
#1984 = CARTESIAN_POINT('',(6.17817265344,5.264162843714));
#1985 = CARTESIAN_POINT('',(6.164249206455,5.242082335206));
#1986 = CARTESIAN_POINT('',(6.150351919626,5.219965557962));
#1987 = CARTESIAN_POINT('',(6.136483454227,5.197808233567));
#1988 = CARTESIAN_POINT('',(6.12264645558,5.175606106063));
#1989 = CARTESIAN_POINT('',(6.10884305609,5.153354127428));
#1990 = CARTESIAN_POINT('',(6.095075648792,5.131047697201));
#1991 = CARTESIAN_POINT('',(6.081346421686,5.108681932453));
#1992 = CARTESIAN_POINT('',(6.067657453918,5.08625180934));
#1993 = CARTESIAN_POINT('',(6.054010698262,5.063752129918));
#1994 = CARTESIAN_POINT('',(6.040407993337,5.041177535356));
#1995 = CARTESIAN_POINT('',(6.026851068356,5.018522508274));
#1996 = CARTESIAN_POINT('',(6.013341545679,4.995781372197));
#1997 = CARTESIAN_POINT('',(5.99988095719,4.972948313429));
#1998 = CARTESIAN_POINT('',(5.990940789111,4.957660981882));
#1999 = CARTESIAN_POINT('',(5.986479334341,4.95));
#2000 = ( GEOMETRIC_REPRESENTATION_CONTEXT(2) 
PARAMETRIC_REPRESENTATION_CONTEXT() REPRESENTATION_CONTEXT('2D SPACE',''
  ) );
#2001 = ORIENTED_EDGE('',*,*,#1773,.T.);
#2002 = ORIENTED_EDGE('',*,*,#263,.T.);
#2003 = ADVANCED_FACE('',(#2004),#418,.T.);
#2004 = FACE_BOUND('',#2005,.T.);
#2005 = EDGE_LOOP('',(#2006,#2029,#2056,#2057));
#2006 = ORIENTED_EDGE('',*,*,#2007,.F.);
#2007 = EDGE_CURVE('',#2008,#399,#2010,.T.);
#2008 = VERTEX_POINT('',#2009);
#2009 = CARTESIAN_POINT('',(30.088199406104,-9.915778159001,-6.605));
#2010 = SURFACE_CURVE('',#2011,(#2015,#2022),.PCURVE_S1.);
#2011 = LINE('',#2012,#2013);
#2012 = CARTESIAN_POINT('',(33.241381919622,-10.95493167819,-6.605));
#2013 = VECTOR('',#2014,1.);
#2014 = DIRECTION('',(0.949753769132,-0.312998047948,0.));
#2015 = PCURVE('',#418,#2016);
#2016 = DEFINITIONAL_REPRESENTATION('',(#2017),#2021);
#2017 = LINE('',#2018,#2019);
#2018 = CARTESIAN_POINT('',(0.,0.));
#2019 = VECTOR('',#2020,1.);
#2020 = DIRECTION('',(-1.,0.));
#2021 = ( GEOMETRIC_REPRESENTATION_CONTEXT(2) 
PARAMETRIC_REPRESENTATION_CONTEXT() REPRESENTATION_CONTEXT('2D SPACE',''
  ) );
#2022 = PCURVE('',#447,#2023);
#2023 = DEFINITIONAL_REPRESENTATION('',(#2024),#2028);
#2024 = LINE('',#2025,#2026);
#2025 = CARTESIAN_POINT('',(11.701209600324,3.259251277409));
#2026 = VECTOR('',#2027,1.);
#2027 = DIRECTION('',(0.945395584455,-0.325925127741));
#2028 = ( GEOMETRIC_REPRESENTATION_CONTEXT(2) 
PARAMETRIC_REPRESENTATION_CONTEXT() REPRESENTATION_CONTEXT('2D SPACE',''
  ) );
#2029 = ORIENTED_EDGE('',*,*,#2030,.T.);
#2030 = EDGE_CURVE('',#2008,#1856,#2031,.T.);
#2031 = SURFACE_CURVE('',#2032,(#2038,#2047),.PCURVE_S1.);
#2032 = B_SPLINE_CURVE_WITH_KNOTS('',4,(#2033,#2034,#2035,#2036,#2037),
  .UNSPECIFIED.,.F.,.F.,(5,5),(0.,1.),.PIECEWISE_BEZIER_KNOTS.);
#2033 = CARTESIAN_POINT('',(30.088199406104,-9.915778159001,-6.605));
#2034 = CARTESIAN_POINT('',(30.141845410416,-9.752996010269,
    -6.596249890803));
#2035 = CARTESIAN_POINT('',(30.19432421438,-9.589805528567,-6.5875));
#2036 = CARTESIAN_POINT('',(30.245623897181,-9.426240554536,
    -6.578750109196));
#2037 = CARTESIAN_POINT('',(30.295734668909,-9.262335605616,-6.57));
#2038 = PCURVE('',#418,#2039);
#2039 = DEFINITIONAL_REPRESENTATION('',(#2040),#2046);
#2040 = B_SPLINE_CURVE_WITH_KNOTS('',4,(#2041,#2042,#2043,#2044,#2045),
  .UNSPECIFIED.,.F.,.F.,(5,5),(0.,1.),.PIECEWISE_BEZIER_KNOTS.);
#2041 = CARTESIAN_POINT('',(3.32,0.));
#2042 = CARTESIAN_POINT('',(3.318145265459,0.250003119903));
#2043 = CARTESIAN_POINT('',(3.317526647957,0.499999999998));
#2044 = CARTESIAN_POINT('',(3.318145265459,0.749996880102));
#2045 = CARTESIAN_POINT('',(3.32,1.));
#2046 = ( GEOMETRIC_REPRESENTATION_CONTEXT(2) 
PARAMETRIC_REPRESENTATION_CONTEXT() REPRESENTATION_CONTEXT('2D SPACE',''
  ) );
#2047 = PCURVE('',#1528,#2048);
#2048 = DEFINITIONAL_REPRESENTATION('',(#2049),#2055);
#2049 = B_SPLINE_CURVE_WITH_KNOTS('',4,(#2050,#2051,#2052,#2053,#2054),
  .UNSPECIFIED.,.F.,.F.,(5,5),(0.,1.),.PIECEWISE_BEZIER_KNOTS.);
#2050 = CARTESIAN_POINT('',(5.964837251616,4.915));
#2051 = CARTESIAN_POINT('',(5.97024741746,4.923750109197));
#2052 = CARTESIAN_POINT('',(5.975658292978,4.9325));
#2053 = CARTESIAN_POINT('',(5.981069168497,4.941249890804));
#2054 = CARTESIAN_POINT('',(5.986479334341,4.95));
#2055 = ( GEOMETRIC_REPRESENTATION_CONTEXT(2) 
PARAMETRIC_REPRESENTATION_CONTEXT() REPRESENTATION_CONTEXT('2D SPACE',''
  ) );
#2056 = ORIENTED_EDGE('',*,*,#1855,.T.);
#2057 = ORIENTED_EDGE('',*,*,#398,.F.);
#2058 = ADVANCED_FACE('',(#2059),#502,.T.);
#2059 = FACE_BOUND('',#2060,.T.);
#2060 = EDGE_LOOP('',(#2061,#2082,#2103,#2104));
#2061 = ORIENTED_EDGE('',*,*,#2062,.F.);
#2062 = EDGE_CURVE('',#2063,#1567,#2065,.T.);
#2063 = VERTEX_POINT('',#2064);
#2064 = CARTESIAN_POINT('',(28.941120098118,-12.88541685264,-10.52));
#2065 = SURFACE_CURVE('',#2066,(#2070,#2076),.PCURVE_S1.);
#2066 = LINE('',#2067,#2068);
#2067 = CARTESIAN_POINT('',(28.941120098118,-12.88541685264,-11.52));
#2068 = VECTOR('',#2069,1.);
#2069 = DIRECTION('',(0.,0.,1.));
#2070 = PCURVE('',#502,#2071);
#2071 = DEFINITIONAL_REPRESENTATION('',(#2072),#2075);
#2072 = B_SPLINE_CURVE_WITH_KNOTS('',1,(#2073,#2074),.UNSPECIFIED.,.F.,
  .F.,(2,2),(-5.999999999062E-07,12.5200006),.PIECEWISE_BEZIER_KNOTS.);
#2073 = CARTESIAN_POINT('',(31.68,-1.0000006));
#2074 = CARTESIAN_POINT('',(31.68,11.5200006));
#2075 = ( GEOMETRIC_REPRESENTATION_CONTEXT(2) 
PARAMETRIC_REPRESENTATION_CONTEXT() REPRESENTATION_CONTEXT('2D SPACE',''
  ) );
#2076 = PCURVE('',#1528,#2077);
#2077 = DEFINITIONAL_REPRESENTATION('',(#2078),#2081);
#2078 = B_SPLINE_CURVE_WITH_KNOTS('',1,(#2079,#2080),.UNSPECIFIED.,.F.,
  .F.,(2,2),(1.,11.52),.PIECEWISE_BEZIER_KNOTS.);
#2079 = CARTESIAN_POINT('',(5.864306286701,1.));
#2080 = CARTESIAN_POINT('',(5.864306286701,11.52));
#2081 = ( GEOMETRIC_REPRESENTATION_CONTEXT(2) 
PARAMETRIC_REPRESENTATION_CONTEXT() REPRESENTATION_CONTEXT('2D SPACE',''
  ) );
#2082 = ORIENTED_EDGE('',*,*,#2083,.T.);
#2083 = EDGE_CURVE('',#2063,#459,#2084,.T.);
#2084 = SURFACE_CURVE('',#2085,(#2089,#2096),.PCURVE_S1.);
#2085 = LINE('',#2086,#2087);
#2086 = CARTESIAN_POINT('',(0.,0.,-10.52));
#2087 = VECTOR('',#2088,1.);
#2088 = DIRECTION('',(0.913545457643,-0.406736643076,0.));
#2089 = PCURVE('',#502,#2090);
#2090 = DEFINITIONAL_REPRESENTATION('',(#2091),#2095);
#2091 = LINE('',#2092,#2093);
#2092 = CARTESIAN_POINT('',(0.,0.));
#2093 = VECTOR('',#2094,1.);
#2094 = DIRECTION('',(1.,0.));
#2095 = ( GEOMETRIC_REPRESENTATION_CONTEXT(2) 
PARAMETRIC_REPRESENTATION_CONTEXT() REPRESENTATION_CONTEXT('2D SPACE',''
  ) );
#2096 = PCURVE('',#475,#2097);
#2097 = DEFINITIONAL_REPRESENTATION('',(#2098),#2102);
#2098 = LINE('',#2099,#2100);
#2099 = CARTESIAN_POINT('',(0.,0.));
#2100 = VECTOR('',#2101,1.);
#2101 = DIRECTION('',(1.,0.));
#2102 = ( GEOMETRIC_REPRESENTATION_CONTEXT(2) 
PARAMETRIC_REPRESENTATION_CONTEXT() REPRESENTATION_CONTEXT('2D SPACE',''
  ) );
#2103 = ORIENTED_EDGE('',*,*,#487,.T.);
#2104 = ORIENTED_EDGE('',*,*,#1594,.F.);
#2105 = ADVANCED_FACE('',(#2106),#447,.F.);
#2106 = FACE_BOUND('',#2107,.F.);
#2107 = EDGE_LOOP('',(#2108,#2109,#2130,#2149));
#2108 = ORIENTED_EDGE('',*,*,#2007,.F.);
#2109 = ORIENTED_EDGE('',*,*,#2110,.F.);
#2110 = EDGE_CURVE('',#2111,#2008,#2113,.T.);
#2111 = VERTEX_POINT('',#2112);
#2112 = CARTESIAN_POINT('',(30.088199406104,-9.915778159001,-10.52));
#2113 = SURFACE_CURVE('',#2114,(#2118,#2124),.PCURVE_S1.);
#2114 = LINE('',#2115,#2116);
#2115 = CARTESIAN_POINT('',(30.088199406104,-9.915778159001,-11.52));
#2116 = VECTOR('',#2117,1.);
#2117 = DIRECTION('',(0.,0.,1.));
#2118 = PCURVE('',#447,#2119);
#2119 = DEFINITIONAL_REPRESENTATION('',(#2120),#2123);
#2120 = B_SPLINE_CURVE_WITH_KNOTS('',1,(#2121,#2122),.UNSPECIFIED.,.F.,
  .F.,(2,2),(0.9999994,8.3245775),.PIECEWISE_BEZIER_KNOTS.);
#2121 = CARTESIAN_POINT('',(7.286499189272,0.64009842113));
#2122 = CARTESIAN_POINT('',(9.673763242163,7.564722214866));
#2123 = ( GEOMETRIC_REPRESENTATION_CONTEXT(2) 
PARAMETRIC_REPRESENTATION_CONTEXT() REPRESENTATION_CONTEXT('2D SPACE',''
  ) );
#2124 = PCURVE('',#1528,#2125);
#2125 = DEFINITIONAL_REPRESENTATION('',(#2126),#2129);
#2126 = B_SPLINE_CURVE_WITH_KNOTS('',1,(#2127,#2128),.UNSPECIFIED.,.F.,
  .F.,(2,2),(0.9999994,8.3245775),.PIECEWISE_BEZIER_KNOTS.);
#2127 = CARTESIAN_POINT('',(5.964837251616,0.9999994));
#2128 = CARTESIAN_POINT('',(5.964837251616,8.3245775));
#2129 = ( GEOMETRIC_REPRESENTATION_CONTEXT(2) 
PARAMETRIC_REPRESENTATION_CONTEXT() REPRESENTATION_CONTEXT('2D SPACE',''
  ) );
#2130 = ORIENTED_EDGE('',*,*,#2131,.T.);
#2131 = EDGE_CURVE('',#2111,#433,#2132,.T.);
#2132 = SURFACE_CURVE('',#2133,(#2137,#2143),.PCURVE_S1.);
#2133 = LINE('',#2134,#2135);
#2134 = CARTESIAN_POINT('',(11.871922114151,-3.912475599353,-10.52));
#2135 = VECTOR('',#2136,1.);
#2136 = DIRECTION('',(0.949753769132,-0.312998047948,0.));
#2137 = PCURVE('',#447,#2138);
#2138 = DEFINITIONAL_REPRESENTATION('',(#2139),#2142);
#2139 = B_SPLINE_CURVE_WITH_KNOTS('',1,(#2140,#2141),.UNSPECIFIED.,.F.,
  .F.,(2,2),(11.472645,24.788267831076),.PIECEWISE_BEZIER_KNOTS.);
#2140 = CARTESIAN_POINT('',(1.7763568394E-15,3.152119651286));
#2141 = CARTESIAN_POINT('',(12.588531028768,-1.187776420881));
#2142 = ( GEOMETRIC_REPRESENTATION_CONTEXT(2) 
PARAMETRIC_REPRESENTATION_CONTEXT() REPRESENTATION_CONTEXT('2D SPACE',''
  ) );
#2143 = PCURVE('',#475,#2144);
#2144 = DEFINITIONAL_REPRESENTATION('',(#2145),#2148);
#2145 = B_SPLINE_CURVE_WITH_KNOTS('',1,(#2146,#2147),.UNSPECIFIED.,.F.,
  .F.,(2,2),(11.472645,24.788267831076),.PIECEWISE_BEZIER_KNOTS.);
#2146 = CARTESIAN_POINT('',(23.851607522482,2.405935761719));
#2147 = CARTESIAN_POINT('',(37.1,3.742314503358));
#2148 = ( GEOMETRIC_REPRESENTATION_CONTEXT(2) 
PARAMETRIC_REPRESENTATION_CONTEXT() REPRESENTATION_CONTEXT('2D SPACE',''
  ) );
#2149 = ORIENTED_EDGE('',*,*,#432,.T.);
#2150 = ADVANCED_FACE('',(#2151),#475,.F.);
#2151 = FACE_BOUND('',#2152,.F.);
#2152 = EDGE_LOOP('',(#2153,#2154,#2155,#2177));
#2153 = ORIENTED_EDGE('',*,*,#458,.T.);
#2154 = ORIENTED_EDGE('',*,*,#2131,.F.);
#2155 = ORIENTED_EDGE('',*,*,#2156,.F.);
#2156 = EDGE_CURVE('',#2063,#2111,#2157,.T.);
#2157 = SURFACE_CURVE('',#2158,(#2163,#2170),.PCURVE_S1.);
#2158 = CIRCLE('',#2159,31.68);
#2159 = AXIS2_PLACEMENT_3D('',#2160,#2161,#2162);
#2160 = CARTESIAN_POINT('',(0.,0.,-10.52));
#2161 = DIRECTION('',(0.,0.,1.));
#2162 = DIRECTION('',(0.913545457643,-0.406736643076,0.));
#2163 = PCURVE('',#475,#2164);
#2164 = DEFINITIONAL_REPRESENTATION('',(#2165),#2169);
#2165 = CIRCLE('',#2166,31.68);
#2166 = AXIS2_PLACEMENT_2D('',#2167,#2168);
#2167 = CARTESIAN_POINT('',(0.,0.));
#2168 = DIRECTION('',(1.,0.));
#2169 = ( GEOMETRIC_REPRESENTATION_CONTEXT(2) 
PARAMETRIC_REPRESENTATION_CONTEXT() REPRESENTATION_CONTEXT('2D SPACE',''
  ) );
#2170 = PCURVE('',#1528,#2171);
#2171 = DEFINITIONAL_REPRESENTATION('',(#2172),#2176);
#2172 = LINE('',#2173,#2174);
#2173 = CARTESIAN_POINT('',(5.864306286701,1.));
#2174 = VECTOR('',#2175,1.);
#2175 = DIRECTION('',(1.,0.));
#2176 = ( GEOMETRIC_REPRESENTATION_CONTEXT(2) 
PARAMETRIC_REPRESENTATION_CONTEXT() REPRESENTATION_CONTEXT('2D SPACE',''
  ) );
#2177 = ORIENTED_EDGE('',*,*,#2083,.T.);
#2178 = ADVANCED_FACE('',(#2179),#664,.F.);
#2179 = FACE_BOUND('',#2180,.F.);
#2180 = EDGE_LOOP('',(#2181,#2204,#2205,#2226));
#2181 = ORIENTED_EDGE('',*,*,#2182,.T.);
#2182 = EDGE_CURVE('',#2183,#646,#2185,.T.);
#2183 = VERTEX_POINT('',#2184);
#2184 = CARTESIAN_POINT('',(-3.311461716319,31.506453645267,-10.52));
#2185 = SURFACE_CURVE('',#2186,(#2190,#2197),.PCURVE_S1.);
#2186 = LINE('',#2187,#2188);
#2187 = CARTESIAN_POINT('',(0.,0.,-10.52));
#2188 = VECTOR('',#2189,1.);
#2189 = DIRECTION('',(-0.104528463268,0.994521895368,0.));
#2190 = PCURVE('',#664,#2191);
#2191 = DEFINITIONAL_REPRESENTATION('',(#2192),#2196);
#2192 = LINE('',#2193,#2194);
#2193 = CARTESIAN_POINT('',(0.,0.));
#2194 = VECTOR('',#2195,1.);
#2195 = DIRECTION('',(1.,0.));
#2196 = ( GEOMETRIC_REPRESENTATION_CONTEXT(2) 
PARAMETRIC_REPRESENTATION_CONTEXT() REPRESENTATION_CONTEXT('2D SPACE',''
  ) );
#2197 = PCURVE('',#691,#2198);
#2198 = DEFINITIONAL_REPRESENTATION('',(#2199),#2203);
#2199 = LINE('',#2200,#2201);
#2200 = CARTESIAN_POINT('',(0.,0.));
#2201 = VECTOR('',#2202,1.);
#2202 = DIRECTION('',(1.,0.));
#2203 = ( GEOMETRIC_REPRESENTATION_CONTEXT(2) 
PARAMETRIC_REPRESENTATION_CONTEXT() REPRESENTATION_CONTEXT('2D SPACE',''
  ) );
#2204 = ORIENTED_EDGE('',*,*,#645,.T.);
#2205 = ORIENTED_EDGE('',*,*,#2206,.F.);
#2206 = EDGE_CURVE('',#2207,#648,#2209,.T.);
#2207 = VERTEX_POINT('',#2208);
#2208 = CARTESIAN_POINT('',(-6.456783919066,31.015034119319,-10.52));
#2209 = SURFACE_CURVE('',#2210,(#2214,#2220),.PCURVE_S1.);
#2210 = LINE('',#2211,#2212);
#2211 = CARTESIAN_POINT('',(-2.547657796349,12.237623942282,-10.52));
#2212 = VECTOR('',#2213,1.);
#2213 = DIRECTION('',(-0.203812623708,0.979009915383,0.));
#2214 = PCURVE('',#664,#2215);
#2215 = DEFINITIONAL_REPRESENTATION('',(#2216),#2219);
#2216 = B_SPLINE_CURVE_WITH_KNOTS('',1,(#2217,#2218),.UNSPECIFIED.,.F.,
  .F.,(2,2),(11.472645,24.788267831076),.PIECEWISE_BEZIER_KNOTS.);
#2217 = CARTESIAN_POINT('',(23.851607522482,2.405935761719));
#2218 = CARTESIAN_POINT('',(37.1,3.742314503358));
#2219 = ( GEOMETRIC_REPRESENTATION_CONTEXT(2) 
PARAMETRIC_REPRESENTATION_CONTEXT() REPRESENTATION_CONTEXT('2D SPACE',''
  ) );
#2220 = PCURVE('',#1027,#2221);
#2221 = DEFINITIONAL_REPRESENTATION('',(#2222),#2225);
#2222 = B_SPLINE_CURVE_WITH_KNOTS('',1,(#2223,#2224),.UNSPECIFIED.,.F.,
  .F.,(2,2),(11.472645,24.788267831076),.PIECEWISE_BEZIER_KNOTS.);
#2223 = CARTESIAN_POINT('',(0.,3.152119651286));
#2224 = CARTESIAN_POINT('',(12.588531028768,-1.187776420881));
#2225 = ( GEOMETRIC_REPRESENTATION_CONTEXT(2) 
PARAMETRIC_REPRESENTATION_CONTEXT() REPRESENTATION_CONTEXT('2D SPACE',''
  ) );
#2226 = ORIENTED_EDGE('',*,*,#2227,.F.);
#2227 = EDGE_CURVE('',#2183,#2207,#2228,.T.);
#2228 = SURFACE_CURVE('',#2229,(#2234,#2241),.PCURVE_S1.);
#2229 = CIRCLE('',#2230,31.68);
#2230 = AXIS2_PLACEMENT_3D('',#2231,#2232,#2233);
#2231 = CARTESIAN_POINT('',(0.,0.,-10.52));
#2232 = DIRECTION('',(0.,0.,1.));
#2233 = DIRECTION('',(1.,0.,-0.));
#2234 = PCURVE('',#664,#2235);
#2235 = DEFINITIONAL_REPRESENTATION('',(#2236),#2240);
#2236 = CIRCLE('',#2237,31.68);
#2237 = AXIS2_PLACEMENT_2D('',#2238,#2239);
#2238 = CARTESIAN_POINT('',(0.,0.));
#2239 = DIRECTION('',(-0.104528463268,-0.994521895368));
#2240 = ( GEOMETRIC_REPRESENTATION_CONTEXT(2) 
PARAMETRIC_REPRESENTATION_CONTEXT() REPRESENTATION_CONTEXT('2D SPACE',''
  ) );
#2241 = PCURVE('',#2242,#2247);
#2242 = CYLINDRICAL_SURFACE('',#2243,31.68);
#2243 = AXIS2_PLACEMENT_3D('',#2244,#2245,#2246);
#2244 = CARTESIAN_POINT('',(0.,0.,-11.52));
#2245 = DIRECTION('',(0.,0.,1.));
#2246 = DIRECTION('',(1.,0.,-0.));
#2247 = DEFINITIONAL_REPRESENTATION('',(#2248),#2252);
#2248 = LINE('',#2249,#2250);
#2249 = CARTESIAN_POINT('',(0.,1.));
#2250 = VECTOR('',#2251,1.);
#2251 = DIRECTION('',(1.,0.));
#2252 = ( GEOMETRIC_REPRESENTATION_CONTEXT(2) 
PARAMETRIC_REPRESENTATION_CONTEXT() REPRESENTATION_CONTEXT('2D SPACE',''
  ) );
#2253 = ADVANCED_FACE('',(#2254),#691,.T.);
#2254 = FACE_BOUND('',#2255,.T.);
#2255 = EDGE_LOOP('',(#2256,#2277,#2278,#2279));
#2256 = ORIENTED_EDGE('',*,*,#2257,.F.);
#2257 = EDGE_CURVE('',#2183,#2258,#2260,.T.);
#2258 = VERTEX_POINT('',#2259);
#2259 = CARTESIAN_POINT('',(-3.311461716319,31.506453645267,0.));
#2260 = SURFACE_CURVE('',#2261,(#2265,#2271),.PCURVE_S1.);
#2261 = LINE('',#2262,#2263);
#2262 = CARTESIAN_POINT('',(-3.311461716319,31.506453645267,-11.52));
#2263 = VECTOR('',#2264,1.);
#2264 = DIRECTION('',(0.,0.,1.));
#2265 = PCURVE('',#691,#2266);
#2266 = DEFINITIONAL_REPRESENTATION('',(#2267),#2270);
#2267 = B_SPLINE_CURVE_WITH_KNOTS('',1,(#2268,#2269),.UNSPECIFIED.,.F.,
  .F.,(2,2),(-5.999999999062E-07,12.5200006),.PIECEWISE_BEZIER_KNOTS.);
#2268 = CARTESIAN_POINT('',(31.68,-1.0000006));
#2269 = CARTESIAN_POINT('',(31.68,11.5200006));
#2270 = ( GEOMETRIC_REPRESENTATION_CONTEXT(2) 
PARAMETRIC_REPRESENTATION_CONTEXT() REPRESENTATION_CONTEXT('2D SPACE',''
  ) );
#2271 = PCURVE('',#2242,#2272);
#2272 = DEFINITIONAL_REPRESENTATION('',(#2273),#2276);
#2273 = B_SPLINE_CURVE_WITH_KNOTS('',1,(#2274,#2275),.UNSPECIFIED.,.F.,
  .F.,(2,2),(-5.999999999062E-07,12.5200006),.PIECEWISE_BEZIER_KNOTS.);
#2274 = CARTESIAN_POINT('',(1.675516081915,-5.999999999062E-07));
#2275 = CARTESIAN_POINT('',(1.675516081915,12.5200006));
#2276 = ( GEOMETRIC_REPRESENTATION_CONTEXT(2) 
PARAMETRIC_REPRESENTATION_CONTEXT() REPRESENTATION_CONTEXT('2D SPACE',''
  ) );
#2277 = ORIENTED_EDGE('',*,*,#2182,.T.);
#2278 = ORIENTED_EDGE('',*,*,#676,.T.);
#2279 = ORIENTED_EDGE('',*,*,#2280,.F.);
#2280 = EDGE_CURVE('',#2258,#677,#2281,.T.);
#2281 = SURFACE_CURVE('',#2282,(#2286,#2293),.PCURVE_S1.);
#2282 = LINE('',#2283,#2284);
#2283 = CARTESIAN_POINT('',(0.,0.,0.));
#2284 = VECTOR('',#2285,1.);
#2285 = DIRECTION('',(-0.104528463268,0.994521895368,0.));
#2286 = PCURVE('',#691,#2287);
#2287 = DEFINITIONAL_REPRESENTATION('',(#2288),#2292);
#2288 = LINE('',#2289,#2290);
#2289 = CARTESIAN_POINT('',(0.,10.52));
#2290 = VECTOR('',#2291,1.);
#2291 = DIRECTION('',(1.,0.));
#2292 = ( GEOMETRIC_REPRESENTATION_CONTEXT(2) 
PARAMETRIC_REPRESENTATION_CONTEXT() REPRESENTATION_CONTEXT('2D SPACE',''
  ) );
#2293 = PCURVE('',#719,#2294);
#2294 = DEFINITIONAL_REPRESENTATION('',(#2295),#2299);
#2295 = LINE('',#2296,#2297);
#2296 = CARTESIAN_POINT('',(0.,0.));
#2297 = VECTOR('',#2298,1.);
#2298 = DIRECTION('',(1.,0.));
#2299 = ( GEOMETRIC_REPRESENTATION_CONTEXT(2) 
PARAMETRIC_REPRESENTATION_CONTEXT() REPRESENTATION_CONTEXT('2D SPACE',''
  ) );
#2300 = ADVANCED_FACE('',(#2301),#719,.T.);
#2301 = FACE_BOUND('',#2302,.T.);
#2302 = EDGE_LOOP('',(#2303,#2304,#2327,#2349));
#2303 = ORIENTED_EDGE('',*,*,#702,.T.);
#2304 = ORIENTED_EDGE('',*,*,#2305,.F.);
#2305 = EDGE_CURVE('',#2306,#703,#2308,.T.);
#2306 = VERTEX_POINT('',#2307);
#2307 = CARTESIAN_POINT('',(-27.43568479189,15.84,0.));
#2308 = SURFACE_CURVE('',#2309,(#2313,#2320),.PCURVE_S1.);
#2309 = LINE('',#2310,#2311);
#2310 = CARTESIAN_POINT('',(0.,0.,0.));
#2311 = VECTOR('',#2312,1.);
#2312 = DIRECTION('',(-0.866025403784,0.5,0.));
#2313 = PCURVE('',#719,#2314);
#2314 = DEFINITIONAL_REPRESENTATION('',(#2315),#2319);
#2315 = LINE('',#2316,#2317);
#2316 = CARTESIAN_POINT('',(0.,0.));
#2317 = VECTOR('',#2318,1.);
#2318 = DIRECTION('',(0.587785252292,0.809016994375));
#2319 = ( GEOMETRIC_REPRESENTATION_CONTEXT(2) 
PARAMETRIC_REPRESENTATION_CONTEXT() REPRESENTATION_CONTEXT('2D SPACE',''
  ) );
#2320 = PCURVE('',#746,#2321);
#2321 = DEFINITIONAL_REPRESENTATION('',(#2322),#2326);
#2322 = LINE('',#2323,#2324);
#2323 = CARTESIAN_POINT('',(0.,10.52));
#2324 = VECTOR('',#2325,1.);
#2325 = DIRECTION('',(1.,0.));
#2326 = ( GEOMETRIC_REPRESENTATION_CONTEXT(2) 
PARAMETRIC_REPRESENTATION_CONTEXT() REPRESENTATION_CONTEXT('2D SPACE',''
  ) );
#2327 = ORIENTED_EDGE('',*,*,#2328,.F.);
#2328 = EDGE_CURVE('',#2258,#2306,#2329,.T.);
#2329 = SURFACE_CURVE('',#2330,(#2335,#2342),.PCURVE_S1.);
#2330 = CIRCLE('',#2331,31.68);
#2331 = AXIS2_PLACEMENT_3D('',#2332,#2333,#2334);
#2332 = CARTESIAN_POINT('',(0.,0.,0.));
#2333 = DIRECTION('',(0.,0.,1.));
#2334 = DIRECTION('',(1.,0.,-0.));
#2335 = PCURVE('',#719,#2336);
#2336 = DEFINITIONAL_REPRESENTATION('',(#2337),#2341);
#2337 = CIRCLE('',#2338,31.68);
#2338 = AXIS2_PLACEMENT_2D('',#2339,#2340);
#2339 = CARTESIAN_POINT('',(0.,0.));
#2340 = DIRECTION('',(-0.104528463268,-0.994521895368));
#2341 = ( GEOMETRIC_REPRESENTATION_CONTEXT(2) 
PARAMETRIC_REPRESENTATION_CONTEXT() REPRESENTATION_CONTEXT('2D SPACE',''
  ) );
#2342 = PCURVE('',#2242,#2343);
#2343 = DEFINITIONAL_REPRESENTATION('',(#2344),#2348);
#2344 = LINE('',#2345,#2346);
#2345 = CARTESIAN_POINT('',(0.,11.52));
#2346 = VECTOR('',#2347,1.);
#2347 = DIRECTION('',(1.,0.));
#2348 = ( GEOMETRIC_REPRESENTATION_CONTEXT(2) 
PARAMETRIC_REPRESENTATION_CONTEXT() REPRESENTATION_CONTEXT('2D SPACE',''
  ) );
#2349 = ORIENTED_EDGE('',*,*,#2280,.T.);
#2350 = ADVANCED_FACE('',(#2351),#746,.F.);
#2351 = FACE_BOUND('',#2352,.F.);
#2352 = EDGE_LOOP('',(#2353,#2354,#2375,#2396));
#2353 = ORIENTED_EDGE('',*,*,#2305,.F.);
#2354 = ORIENTED_EDGE('',*,*,#2355,.F.);
#2355 = EDGE_CURVE('',#2356,#2306,#2358,.T.);
#2356 = VERTEX_POINT('',#2357);
#2357 = CARTESIAN_POINT('',(-27.43568479189,15.84,-1.15));
#2358 = SURFACE_CURVE('',#2359,(#2363,#2369),.PCURVE_S1.);
#2359 = LINE('',#2360,#2361);
#2360 = CARTESIAN_POINT('',(-27.43568479189,15.84,-11.52));
#2361 = VECTOR('',#2362,1.);
#2362 = DIRECTION('',(0.,0.,1.));
#2363 = PCURVE('',#746,#2364);
#2364 = DEFINITIONAL_REPRESENTATION('',(#2365),#2368);
#2365 = B_SPLINE_CURVE_WITH_KNOTS('',1,(#2366,#2367),.UNSPECIFIED.,.F.,
  .F.,(2,2),(-5.999999999062E-07,12.5200006),.PIECEWISE_BEZIER_KNOTS.);
#2366 = CARTESIAN_POINT('',(31.68,-1.0000006));
#2367 = CARTESIAN_POINT('',(31.68,11.5200006));
#2368 = ( GEOMETRIC_REPRESENTATION_CONTEXT(2) 
PARAMETRIC_REPRESENTATION_CONTEXT() REPRESENTATION_CONTEXT('2D SPACE',''
  ) );
#2369 = PCURVE('',#2242,#2370);
#2370 = DEFINITIONAL_REPRESENTATION('',(#2371),#2374);
#2371 = B_SPLINE_CURVE_WITH_KNOTS('',1,(#2372,#2373),.UNSPECIFIED.,.F.,
  .F.,(2,2),(-5.999999999062E-07,12.5200006),.PIECEWISE_BEZIER_KNOTS.);
#2372 = CARTESIAN_POINT('',(2.617993877991,-5.999999999062E-07));
#2373 = CARTESIAN_POINT('',(2.617993877991,12.5200006));
#2374 = ( GEOMETRIC_REPRESENTATION_CONTEXT(2) 
PARAMETRIC_REPRESENTATION_CONTEXT() REPRESENTATION_CONTEXT('2D SPACE',''
  ) );
#2375 = ORIENTED_EDGE('',*,*,#2376,.T.);
#2376 = EDGE_CURVE('',#2356,#732,#2377,.T.);
#2377 = SURFACE_CURVE('',#2378,(#2382,#2389),.PCURVE_S1.);
#2378 = LINE('',#2379,#2380);
#2379 = CARTESIAN_POINT('',(-30.31088913245,17.5,-1.15));
#2380 = VECTOR('',#2381,1.);
#2381 = DIRECTION('',(-0.866025403784,0.5,0.));
#2382 = PCURVE('',#746,#2383);
#2383 = DEFINITIONAL_REPRESENTATION('',(#2384),#2388);
#2384 = LINE('',#2385,#2386);
#2385 = CARTESIAN_POINT('',(35.,9.37));
#2386 = VECTOR('',#2387,1.);
#2387 = DIRECTION('',(1.,0.));
#2388 = ( GEOMETRIC_REPRESENTATION_CONTEXT(2) 
PARAMETRIC_REPRESENTATION_CONTEXT() REPRESENTATION_CONTEXT('2D SPACE',''
  ) );
#2389 = PCURVE('',#777,#2390);
#2390 = DEFINITIONAL_REPRESENTATION('',(#2391),#2395);
#2391 = LINE('',#2392,#2393);
#2392 = CARTESIAN_POINT('',(0.,1.));
#2393 = VECTOR('',#2394,1.);
#2394 = DIRECTION('',(-1.,0.));
#2395 = ( GEOMETRIC_REPRESENTATION_CONTEXT(2) 
PARAMETRIC_REPRESENTATION_CONTEXT() REPRESENTATION_CONTEXT('2D SPACE',''
  ) );
#2396 = ORIENTED_EDGE('',*,*,#731,.T.);
#2397 = ADVANCED_FACE('',(#2398),#777,.T.);
#2398 = FACE_BOUND('',#2399,.T.);
#2399 = EDGE_LOOP('',(#2400,#2423,#2450,#2451));
#2400 = ORIENTED_EDGE('',*,*,#2401,.F.);
#2401 = EDGE_CURVE('',#2402,#758,#2404,.T.);
#2402 = VERTEX_POINT('',#2403);
#2403 = CARTESIAN_POINT('',(-27.15506008624,16.316406213151,-3.1));
#2404 = SURFACE_CURVE('',#2405,(#2409,#2416),.PCURVE_S1.);
#2405 = LINE('',#2406,#2407);
#2406 = CARTESIAN_POINT('',(-30.00085552457,18.026332621852,-3.1));
#2407 = VECTOR('',#2408,1.);
#2408 = DIRECTION('',(-0.857167300702,0.51503807491,0.));
#2409 = PCURVE('',#777,#2410);
#2410 = DEFINITIONAL_REPRESENTATION('',(#2411),#2415);
#2411 = LINE('',#2412,#2413);
#2412 = CARTESIAN_POINT('',(0.,0.));
#2413 = VECTOR('',#2414,1.);
#2414 = DIRECTION('',(-1.,0.));
#2415 = ( GEOMETRIC_REPRESENTATION_CONTEXT(2) 
PARAMETRIC_REPRESENTATION_CONTEXT() REPRESENTATION_CONTEXT('2D SPACE',''
  ) );
#2416 = PCURVE('',#817,#2417);
#2417 = DEFINITIONAL_REPRESENTATION('',(#2418),#2422);
#2418 = LINE('',#2419,#2420);
#2419 = CARTESIAN_POINT('',(0.,1.));
#2420 = VECTOR('',#2421,1.);
#2421 = DIRECTION('',(-1.,0.));
#2422 = ( GEOMETRIC_REPRESENTATION_CONTEXT(2) 
PARAMETRIC_REPRESENTATION_CONTEXT() REPRESENTATION_CONTEXT('2D SPACE',''
  ) );
#2423 = ORIENTED_EDGE('',*,*,#2424,.T.);
#2424 = EDGE_CURVE('',#2402,#2356,#2425,.T.);
#2425 = SURFACE_CURVE('',#2426,(#2432,#2441),.PCURVE_S1.);
#2426 = B_SPLINE_CURVE_WITH_KNOTS('',4,(#2427,#2428,#2429,#2430,#2431),
  .UNSPECIFIED.,.F.,.F.,(5,5),(0.,1.),.PIECEWISE_BEZIER_KNOTS.);
#2427 = CARTESIAN_POINT('',(-27.15506008624,16.316406213151,-3.1));
#2428 = CARTESIAN_POINT('',(-27.22625028656,16.197925823405,
    -2.612499574624));
#2429 = CARTESIAN_POINT('',(-27.2967583353,16.079019461846,-2.125));
#2430 = CARTESIAN_POINT('',(-27.36657320209,15.959704784918,
    -1.637500425375));
#2431 = CARTESIAN_POINT('',(-27.43568479189,15.84,-1.15));
#2432 = PCURVE('',#777,#2433);
#2433 = DEFINITIONAL_REPRESENTATION('',(#2434),#2440);
#2434 = B_SPLINE_CURVE_WITH_KNOTS('',4,(#2435,#2436,#2437,#2438,#2439),
  .UNSPECIFIED.,.F.,.F.,(5,5),(0.,1.),.PIECEWISE_BEZIER_KNOTS.);
#2435 = CARTESIAN_POINT('',(3.32,0.));
#2436 = CARTESIAN_POINT('',(3.318793744586,0.250000218141));
#2437 = CARTESIAN_POINT('',(3.318391478526,0.5));
#2438 = CARTESIAN_POINT('',(3.318793744586,0.749999781859));
#2439 = CARTESIAN_POINT('',(3.32,1.));
#2440 = ( GEOMETRIC_REPRESENTATION_CONTEXT(2) 
PARAMETRIC_REPRESENTATION_CONTEXT() REPRESENTATION_CONTEXT('2D SPACE',''
  ) );
#2441 = PCURVE('',#2242,#2442);
#2442 = DEFINITIONAL_REPRESENTATION('',(#2443),#2449);
#2443 = B_SPLINE_CURVE_WITH_KNOTS('',4,(#2444,#2445,#2446,#2447,#2448),
  .UNSPECIFIED.,.F.,.F.,(5,5),(0.,1.),.PIECEWISE_BEZIER_KNOTS.);
#2444 = CARTESIAN_POINT('',(2.600540585472,8.42));
#2445 = CARTESIAN_POINT('',(2.604903690888,8.907500425376));
#2446 = CARTESIAN_POINT('',(2.609267231732,9.395));
#2447 = CARTESIAN_POINT('',(2.613630772575,9.882499574625));
#2448 = CARTESIAN_POINT('',(2.617993877991,10.37));
#2449 = ( GEOMETRIC_REPRESENTATION_CONTEXT(2) 
PARAMETRIC_REPRESENTATION_CONTEXT() REPRESENTATION_CONTEXT('2D SPACE',''
  ) );
#2450 = ORIENTED_EDGE('',*,*,#2376,.T.);
#2451 = ORIENTED_EDGE('',*,*,#757,.F.);
#2452 = ADVANCED_FACE('',(#2453),#817,.T.);
#2453 = FACE_BOUND('',#2454,.T.);
#2454 = EDGE_LOOP('',(#2455,#2478,#2514,#2515));
#2455 = ORIENTED_EDGE('',*,*,#2456,.F.);
#2456 = EDGE_CURVE('',#2457,#792,#2459,.T.);
#2457 = VERTEX_POINT('',#2458);
#2458 = CARTESIAN_POINT('',(-26.26391029854,17.715231181953,-3.1));
#2459 = SURFACE_CURVE('',#2460,(#2464,#2471),.PCURVE_S1.);
#2460 = LINE('',#2461,#2462);
#2461 = CARTESIAN_POINT('',(-29.01631503942,19.571751621476,-3.1));
#2462 = VECTOR('',#2463,1.);
#2463 = DIRECTION('',(-0.829037572555,0.559192903471,0.));
#2464 = PCURVE('',#817,#2465);
#2465 = DEFINITIONAL_REPRESENTATION('',(#2466),#2470);
#2466 = LINE('',#2467,#2468);
#2467 = CARTESIAN_POINT('',(0.,0.));
#2468 = VECTOR('',#2469,1.);
#2469 = DIRECTION('',(-1.,0.));
#2470 = ( GEOMETRIC_REPRESENTATION_CONTEXT(2) 
PARAMETRIC_REPRESENTATION_CONTEXT() REPRESENTATION_CONTEXT('2D SPACE',''
  ) );
#2471 = PCURVE('',#872,#2472);
#2472 = DEFINITIONAL_REPRESENTATION('',(#2473),#2477);
#2473 = LINE('',#2474,#2475);
#2474 = CARTESIAN_POINT('',(0.,1.));
#2475 = VECTOR('',#2476,1.);
#2476 = DIRECTION('',(-1.,0.));
#2477 = ( GEOMETRIC_REPRESENTATION_CONTEXT(2) 
PARAMETRIC_REPRESENTATION_CONTEXT() REPRESENTATION_CONTEXT('2D SPACE',''
  ) );
#2478 = ORIENTED_EDGE('',*,*,#2479,.T.);
#2479 = EDGE_CURVE('',#2457,#2402,#2480,.T.);
#2480 = SURFACE_CURVE('',#2481,(#2490,#2502),.PCURVE_S1.);
#2481 = B_SPLINE_CURVE_WITH_KNOTS('',4,(#2482,#2483,#2484,#2485,#2486,
    #2487,#2488,#2489),.UNSPECIFIED.,.F.,.F.,(5,3,5),(0.,0.500000469891,
    1.),.UNSPECIFIED.);
#2482 = CARTESIAN_POINT('',(-26.26391029854,17.715231181953,-3.1));
#2483 = CARTESIAN_POINT('',(-26.37982280174,17.543383828941,-3.1));
#2484 = CARTESIAN_POINT('',(-26.49426959484,17.370475561875,-3.1));
#2485 = CARTESIAN_POINT('',(-26.60721876172,17.196549487585,-3.1));
#2486 = CARTESIAN_POINT('',(-26.83006387327,16.84675271105,-3.1));
#2487 = CARTESIAN_POINT('',(-26.93995983579,16.67088199347,-3.1));
#2488 = CARTESIAN_POINT('',(-27.04830043331,16.494084113067,-3.1));
#2489 = CARTESIAN_POINT('',(-27.15506008624,16.316406213151,-3.1));
#2490 = PCURVE('',#817,#2491);
#2491 = DEFINITIONAL_REPRESENTATION('',(#2492),#2501);
#2492 = B_SPLINE_CURVE_WITH_KNOTS('',4,(#2493,#2494,#2495,#2496,#2497,
    #2498,#2499,#2500),.UNSPECIFIED.,.F.,.F.,(5,3,5),(0.,0.500000469891,
    1.),.UNSPECIFIED.);
#2493 = CARTESIAN_POINT('',(3.32,0.));
#2494 = CARTESIAN_POINT('',(3.314572041779,0.125021094583));
#2495 = CARTESIAN_POINT('',(3.310950898782,0.250021205052));
#2496 = CARTESIAN_POINT('',(3.309140328785,0.375010838971));
#2497 = CARTESIAN_POINT('',(3.309140338994,0.624989865821));
#2498 = CARTESIAN_POINT('',(3.310950912394,0.749979264844));
#2499 = CARTESIAN_POINT('',(3.314572051981,0.874979140408));
#2500 = CARTESIAN_POINT('',(3.32,1.));
#2501 = ( GEOMETRIC_REPRESENTATION_CONTEXT(2) 
PARAMETRIC_REPRESENTATION_CONTEXT() REPRESENTATION_CONTEXT('2D SPACE',''
  ) );
#2502 = PCURVE('',#2242,#2503);
#2503 = DEFINITIONAL_REPRESENTATION('',(#2504),#2513);
#2504 = B_SPLINE_CURVE_WITH_KNOTS('',4,(#2505,#2506,#2507,#2508,#2509,
    #2510,#2511,#2512),.UNSPECIFIED.,.F.,.F.,(5,3,5),(0.,0.500000469891,
    1.),.UNSPECIFIED.);
#2505 = CARTESIAN_POINT('',(2.548180707912,8.42));
#2506 = CARTESIAN_POINT('',(2.554723806447,8.42));
#2507 = CARTESIAN_POINT('',(2.561268796373,8.42));
#2508 = CARTESIAN_POINT('',(2.567814733956,8.42));
#2509 = CARTESIAN_POINT('',(2.580906596338,8.42));
#2510 = CARTESIAN_POINT('',(2.587452521614,8.42));
#2511 = CARTESIAN_POINT('',(2.593997499234,8.42));
#2512 = CARTESIAN_POINT('',(2.600540585472,8.42));
#2513 = ( GEOMETRIC_REPRESENTATION_CONTEXT(2) 
PARAMETRIC_REPRESENTATION_CONTEXT() REPRESENTATION_CONTEXT('2D SPACE',''
  ) );
#2514 = ORIENTED_EDGE('',*,*,#2401,.T.);
#2515 = ORIENTED_EDGE('',*,*,#791,.F.);
#2516 = ADVANCED_FACE('',(#2517),#872,.T.);
#2517 = FACE_BOUND('',#2518,.T.);
#2518 = EDGE_LOOP('',(#2519,#2542,#2596,#2597));
#2519 = ORIENTED_EDGE('',*,*,#2520,.F.);
#2520 = EDGE_CURVE('',#2521,#835,#2523,.T.);
#2521 = VERTEX_POINT('',#2522);
#2522 = CARTESIAN_POINT('',(-23.46868961036,21.280108269752,-5.59));
#2523 = SURFACE_CURVE('',#2524,(#2528,#2535),.PCURVE_S1.);
#2524 = LINE('',#2525,#2526);
#2525 = CARTESIAN_POINT('',(-25.92816087003,23.510220626305,-5.59));
#2526 = VECTOR('',#2527,1.);
#2527 = DIRECTION('',(-0.740804596287,0.671720589323,0.));
#2528 = PCURVE('',#872,#2529);
#2529 = DEFINITIONAL_REPRESENTATION('',(#2530),#2534);
#2530 = LINE('',#2531,#2532);
#2531 = CARTESIAN_POINT('',(0.,0.));
#2532 = VECTOR('',#2533,1.);
#2533 = DIRECTION('',(-1.,0.));
#2534 = ( GEOMETRIC_REPRESENTATION_CONTEXT(2) 
PARAMETRIC_REPRESENTATION_CONTEXT() REPRESENTATION_CONTEXT('2D SPACE',''
  ) );
#2535 = PCURVE('',#949,#2536);
#2536 = DEFINITIONAL_REPRESENTATION('',(#2537),#2541);
#2537 = LINE('',#2538,#2539);
#2538 = CARTESIAN_POINT('',(0.,1.));
#2539 = VECTOR('',#2540,1.);
#2540 = DIRECTION('',(-1.,0.));
#2541 = ( GEOMETRIC_REPRESENTATION_CONTEXT(2) 
PARAMETRIC_REPRESENTATION_CONTEXT() REPRESENTATION_CONTEXT('2D SPACE',''
  ) );
#2542 = ORIENTED_EDGE('',*,*,#2543,.T.);
#2543 = EDGE_CURVE('',#2521,#2457,#2544,.T.);
#2544 = SURFACE_CURVE('',#2545,(#2560,#2578),.PCURVE_S1.);
#2545 = B_SPLINE_CURVE_WITH_KNOTS('',4,(#2546,#2547,#2548,#2549,#2550,
    #2551,#2552,#2553,#2554,#2555,#2556,#2557,#2558,#2559),
  .UNSPECIFIED.,.F.,.F.,(5,3,3,3,5),(0.,0.25092147796,0.501025420526,
    0.7507891419,1.),.UNSPECIFIED.);
#2546 = CARTESIAN_POINT('',(-23.46868961036,21.280108269752,-5.59));
#2547 = CARTESIAN_POINT('',(-23.65928368833,21.069912287625,
    -5.433639417097));
#2548 = CARTESIAN_POINT('',(-23.84759462294,20.857189909969,
    -5.277360321214));
#2549 = CARTESIAN_POINT('',(-24.03351218903,20.642035593067,
    -5.121142021642));
#2550 = CARTESIAN_POINT('',(-24.39976010533,20.207783693178,
    -4.809295082266));
#2551 = CARTESIAN_POINT('',(-24.580106763,19.988701167021,
    -4.653666158631));
#2552 = CARTESIAN_POINT('',(-24.75787449991,19.767412785728,
    -4.498057168329));
#2553 = CARTESIAN_POINT('',(-25.10783405151,19.320957745843,
    -4.187050557372));
#2554 = CARTESIAN_POINT('',(-25.28003318897,19.095796687291,
    -4.031652915807));
#2555 = CARTESIAN_POINT('',(-25.44948122835,18.868664489108,
    -3.876235093335));
#2556 = CARTESIAN_POINT('',(-25.78235105263,18.411208921702,
    -3.565662984536));
#2557 = CARTESIAN_POINT('',(-25.94578539984,18.180893638174,
    -3.410508855808));
#2558 = CARTESIAN_POINT('',(-26.10632651737,17.948858745183,
    -3.255294617892));
#2559 = CARTESIAN_POINT('',(-26.26391029854,17.715231181953,-3.1));
#2560 = PCURVE('',#872,#2561);
#2561 = DEFINITIONAL_REPRESENTATION('',(#2562),#2577);
#2562 = B_SPLINE_CURVE_WITH_KNOTS('',4,(#2563,#2564,#2565,#2566,#2567,
    #2568,#2569,#2570,#2571,#2572,#2573,#2574,#2575,#2576),
  .UNSPECIFIED.,.F.,.F.,(5,3,3,3,5),(0.,0.25092147796,0.501025420526,
    0.7507891419,1.),.UNSPECIFIED.);
#2563 = CARTESIAN_POINT('',(3.32,0.));
#2564 = CARTESIAN_POINT('',(3.299661255585,6.279541482031E-02));
#2565 = CARTESIAN_POINT('',(3.282686682966,0.12555810393));
#2566 = CARTESIAN_POINT('',(3.269104812282,0.18829637685));
#2567 = CARTESIAN_POINT('',(3.248788507465,0.31353611154));
#2568 = CARTESIAN_POINT('',(3.242031893065,0.376037687297));
#2569 = CARTESIAN_POINT('',(3.238674512861,0.438531257699));
#2570 = CARTESIAN_POINT('',(3.238758075542,0.563433511096));
#2571 = CARTESIAN_POINT('',(3.242189776796,0.625842202487));
#2572 = CARTESIAN_POINT('',(3.249011352784,0.688258998661));
#2573 = CARTESIAN_POINT('',(3.269383062301,0.812986753199));
#2574 = CARTESIAN_POINT('',(3.282918282785,0.87529764827));
#2575 = CARTESIAN_POINT('',(3.299799911949,0.937632683577));
#2576 = CARTESIAN_POINT('',(3.32,1.));
#2577 = ( GEOMETRIC_REPRESENTATION_CONTEXT(2) 
PARAMETRIC_REPRESENTATION_CONTEXT() REPRESENTATION_CONTEXT('2D SPACE',''
  ) );
#2578 = PCURVE('',#2242,#2579);
#2579 = DEFINITIONAL_REPRESENTATION('',(#2580),#2595);
#2580 = B_SPLINE_CURVE_WITH_KNOTS('',4,(#2581,#2582,#2583,#2584,#2585,
    #2586,#2587,#2588,#2589,#2590,#2591,#2592,#2593,#2594),
  .UNSPECIFIED.,.F.,.F.,(5,3,3,3,5),(0.,0.25092147796,0.501025420526,
    0.7507891419,1.),.UNSPECIFIED.);
#2581 = CARTESIAN_POINT('',(2.405063709248,5.93));
#2582 = CARTESIAN_POINT('',(2.414020152306,6.086360582903));
#2583 = CARTESIAN_POINT('',(2.422987261767,6.242639678786));
#2584 = CARTESIAN_POINT('',(2.431962411295,6.398857978358));
#2585 = CARTESIAN_POINT('',(2.449894156196,6.710704917734));
#2586 = CARTESIAN_POINT('',(2.458850718906,6.866333841369));
#2587 = CARTESIAN_POINT('',(2.467809940303,7.021942831671));
#2588 = CARTESIAN_POINT('',(2.485716149612,7.332949442628));
#2589 = CARTESIAN_POINT('',(2.494663139785,7.488347084193));
#2590 = CARTESIAN_POINT('',(2.50360743836,7.643764906665));
#2591 = CARTESIAN_POINT('',(2.52146556499,7.954337015464));
#2592 = CARTESIAN_POINT('',(2.530379418788,8.109491144192));
#2593 = CARTESIAN_POINT('',(2.539285324072,8.264705382108));
#2594 = CARTESIAN_POINT('',(2.548180707912,8.42));
#2595 = ( GEOMETRIC_REPRESENTATION_CONTEXT(2) 
PARAMETRIC_REPRESENTATION_CONTEXT() REPRESENTATION_CONTEXT('2D SPACE',''
  ) );
#2596 = ORIENTED_EDGE('',*,*,#2456,.T.);
#2597 = ORIENTED_EDGE('',*,*,#834,.F.);
#2598 = ADVANCED_FACE('',(#2599),#949,.T.);
#2599 = FACE_BOUND('',#2600,.T.);
#2600 = EDGE_LOOP('',(#2601,#2624,#2702,#2703));
#2601 = ORIENTED_EDGE('',*,*,#2602,.F.);
#2602 = EDGE_CURVE('',#2603,#896,#2605,.T.);
#2603 = VERTEX_POINT('',#2604);
#2604 = CARTESIAN_POINT('',(-7.126449401614,30.868043652396,-6.57));
#2605 = SURFACE_CURVE('',#2606,(#2610,#2617),.PCURVE_S1.);
#2606 = LINE('',#2607,#2608);
#2607 = CARTESIAN_POINT('',(-7.873286902035,34.102952267483,-6.57));
#2608 = VECTOR('',#2609,1.);
#2609 = DIRECTION('',(-0.224951054344,0.974370064785,0.));
#2610 = PCURVE('',#949,#2611);
#2611 = DEFINITIONAL_REPRESENTATION('',(#2612),#2616);
#2612 = LINE('',#2613,#2614);
#2613 = CARTESIAN_POINT('',(0.,0.));
#2614 = VECTOR('',#2615,1.);
#2615 = DIRECTION('',(-1.,0.));
#2616 = ( GEOMETRIC_REPRESENTATION_CONTEXT(2) 
PARAMETRIC_REPRESENTATION_CONTEXT() REPRESENTATION_CONTEXT('2D SPACE',''
  ) );
#2617 = PCURVE('',#1000,#2618);
#2618 = DEFINITIONAL_REPRESENTATION('',(#2619),#2623);
#2619 = LINE('',#2620,#2621);
#2620 = CARTESIAN_POINT('',(0.,1.));
#2621 = VECTOR('',#2622,1.);
#2622 = DIRECTION('',(-1.,0.));
#2623 = ( GEOMETRIC_REPRESENTATION_CONTEXT(2) 
PARAMETRIC_REPRESENTATION_CONTEXT() REPRESENTATION_CONTEXT('2D SPACE',''
  ) );
#2624 = ORIENTED_EDGE('',*,*,#2625,.T.);
#2625 = EDGE_CURVE('',#2603,#2521,#2626,.T.);
#2626 = SURFACE_CURVE('',#2627,(#2650,#2676),.PCURVE_S1.);
#2627 = B_SPLINE_CURVE_WITH_KNOTS('',6,(#2628,#2629,#2630,#2631,#2632,
    #2633,#2634,#2635,#2636,#2637,#2638,#2639,#2640,#2641,#2642,#2643,
    #2644,#2645,#2646,#2647,#2648,#2649),.UNSPECIFIED.,.F.,.F.,(7,5,5,5,
    7),(0.,0.163319393476,0.499870370159,0.837328146596,1.),
  .UNSPECIFIED.);
#2628 = CARTESIAN_POINT('',(-7.126449401614,30.868043652396,-6.57));
#2629 = CARTESIAN_POINT('',(-7.621260618104,30.753807481897,
    -6.542474304042));
#2630 = CARTESIAN_POINT('',(-8.11661577402,30.629420256636,
    -6.515127963466));
#2631 = CARTESIAN_POINT('',(-8.612121694309,30.494764643806,
    -6.487941528721));
#2632 = CARTESIAN_POINT('',(-9.107354765128,30.349751643597,
    -6.460896802846));
#2633 = CARTESIAN_POINT('',(-9.601861251762,30.194329012054,
    -6.433976888359));
#2634 = CARTESIAN_POINT('',(-11.11168951656,29.6867458979,
    -6.351917731954));
#2635 = CARTESIAN_POINT('',(-12.1232249442,29.300720562346,
    -6.297125509386));
#2636 = CARTESIAN_POINT('',(-13.12528472589,28.870412208118,
    -6.242667066678));
#2637 = CARTESIAN_POINT('',(-14.11331452227,28.396564458336,
    -6.188420103543));
#2638 = CARTESIAN_POINT('',(-15.08272153886,27.880770574522,
    -6.134269560076));
#2639 = CARTESIAN_POINT('',(-16.97775256121,26.769166380748,
    -6.025834884401));
#2640 = CARTESIAN_POINT('',(-17.9034635432,26.173019871798,
    -5.971538704217));
#2641 = CARTESIAN_POINT('',(-18.80149490121,25.539952913344,
    -5.917145691623));
#2642 = CARTESIAN_POINT('',(-19.66818653782,24.873224086041,
    -5.862539811975));
#2643 = CARTESIAN_POINT('',(-20.50064695095,24.176476469301,
    -5.807597724435));
#2644 = CARTESIAN_POINT('',(-21.68040695312,23.105216082396,
    -5.72548938968));
#2645 = CARTESIAN_POINT('',(-22.05569607101,22.750695619521,
    -5.69867424192));
#2646 = CARTESIAN_POINT('',(-22.4223199,22.39051265735,-5.671735071145)
  );
#2647 = CARTESIAN_POINT('',(-22.78010512727,22.025083706142,
    -5.644655170652));
#2648 = CARTESIAN_POINT('',(-23.12892446865,21.654817014192,
    -5.617416553891));
#2649 = CARTESIAN_POINT('',(-23.46868961036,21.280108269752,-5.59));
#2650 = PCURVE('',#949,#2651);
#2651 = DEFINITIONAL_REPRESENTATION('',(#2652),#2675);
#2652 = B_SPLINE_CURVE_WITH_KNOTS('',6,(#2653,#2654,#2655,#2656,#2657,
    #2658,#2659,#2660,#2661,#2662,#2663,#2664,#2665,#2666,#2667,#2668,
    #2669,#2670,#2671,#2672,#2673,#2674),.UNSPECIFIED.,.F.,.F.,(7,5,5,5,
    7),(0.,0.163319393476,0.499870370159,0.837328146596,1.),
  .UNSPECIFIED.);
#2653 = CARTESIAN_POINT('',(3.32,0.));
#2654 = CARTESIAN_POINT('',(3.160856732526,2.808744485559E-02));
#2655 = CARTESIAN_POINT('',(3.010600295254,5.599187401378E-02));
#2656 = CARTESIAN_POINT('',(2.869545243121,8.37331339584E-02));
#2657 = CARTESIAN_POINT('',(2.737996663272,0.111329793014));
#2658 = CARTESIAN_POINT('',(2.616242393271,0.138799093511));
#2659 = CARTESIAN_POINT('',(2.274371801503,0.222532926577));
#2660 = CARTESIAN_POINT('',(2.086872964922,0.278443357769));
#2661 = CARTESIAN_POINT('',(1.944425363782,0.334013197267));
#2662 = CARTESIAN_POINT('',(1.848772022706,0.389367241283));
#2663 = CARTESIAN_POINT('',(1.800908392422,0.444622897881));
#2664 = CARTESIAN_POINT('',(1.800724089279,0.555270526121));
#2665 = CARTESIAN_POINT('',(1.848661174676,0.610674791615));
#2666 = CARTESIAN_POINT('',(1.944648227474,0.666177865691));
#2667 = CARTESIAN_POINT('',(2.087680849258,0.721898151046));
#2668 = CARTESIAN_POINT('',(2.275999516701,0.777961505678));
#2669 = CARTESIAN_POINT('',(2.618657778519,0.861745520734));
#2670 = CARTESIAN_POINT('',(2.740083981986,0.889107916408));
#2671 = CARTESIAN_POINT('',(2.871223578948,0.916596866179));
#2672 = CARTESIAN_POINT('',(3.011792004143,0.944229417702));
#2673 = CARTESIAN_POINT('',(3.161487751091,0.972023924601));
#2674 = CARTESIAN_POINT('',(3.32,1.));
#2675 = ( GEOMETRIC_REPRESENTATION_CONTEXT(2) 
PARAMETRIC_REPRESENTATION_CONTEXT() REPRESENTATION_CONTEXT('2D SPACE',''
  ) );
#2676 = PCURVE('',#2242,#2677);
#2677 = DEFINITIONAL_REPRESENTATION('',(#2678),#2701);
#2678 = B_SPLINE_CURVE_WITH_KNOTS('',6,(#2679,#2680,#2681,#2682,#2683,
    #2684,#2685,#2686,#2687,#2688,#2689,#2690,#2691,#2692,#2693,#2694,
    #2695,#2696,#2697,#2698,#2699,#2700),.UNSPECIFIED.,.F.,.F.,(7,5,5,5,
    7),(0.,0.163319393476,0.499870370159,0.837328146596,1.),
  .UNSPECIFIED.);
#2679 = CARTESIAN_POINT('',(1.797689129554,4.95));
#2680 = CARTESIAN_POINT('',(1.813719015415,4.977525695958));
#2681 = CARTESIAN_POINT('',(1.829837712083,5.004872036534));
#2682 = CARTESIAN_POINT('',(1.84604136852,5.032058471279));
#2683 = CARTESIAN_POINT('',(1.862325423439,5.059103197154));
#2684 = CARTESIAN_POINT('',(1.878684462213,5.086023111641));
#2685 = CARTESIAN_POINT('',(1.928964322462,5.168082268046));
#2686 = CARTESIAN_POINT('',(1.963112488393,5.222874490614));
#2687 = CARTESIAN_POINT('',(1.997492421752,5.277332933322));
#2688 = CARTESIAN_POINT('',(2.032036227986,5.331579896457));
#2689 = CARTESIAN_POINT('',(2.066668155896,5.385730439924));
#2690 = CARTESIAN_POINT('',(2.136017885119,5.494165115599));
#2691 = CARTESIAN_POINT('',(2.170743417652,5.548461295783));
#2692 = CARTESIAN_POINT('',(2.205380341746,5.602854308377));
#2693 = CARTESIAN_POINT('',(2.23985231513,5.657460188025));
#2694 = CARTESIAN_POINT('',(2.274090934017,5.712402275565));
#2695 = CARTESIAN_POINT('',(2.324392691846,5.79451061032));
#2696 = CARTESIAN_POINT('',(2.34068568045,5.82132575808));
#2697 = CARTESIAN_POINT('',(2.356904214709,5.848264928855));
#2698 = CARTESIAN_POINT('',(2.373042950445,5.875344829348));
#2699 = CARTESIAN_POINT('',(2.389097383447,5.902583446109));
#2700 = CARTESIAN_POINT('',(2.405063709248,5.93));
#2701 = ( GEOMETRIC_REPRESENTATION_CONTEXT(2) 
PARAMETRIC_REPRESENTATION_CONTEXT() REPRESENTATION_CONTEXT('2D SPACE',''
  ) );
#2702 = ORIENTED_EDGE('',*,*,#2520,.T.);
#2703 = ORIENTED_EDGE('',*,*,#895,.F.);
#2704 = ADVANCED_FACE('',(#2705),#1000,.T.);
#2705 = FACE_BOUND('',#2706,.T.);
#2706 = EDGE_LOOP('',(#2707,#2730,#2757,#2758));
#2707 = ORIENTED_EDGE('',*,*,#2708,.F.);
#2708 = EDGE_CURVE('',#2709,#981,#2711,.T.);
#2709 = VERTEX_POINT('',#2710);
#2710 = CARTESIAN_POINT('',(-6.456783919066,31.015034119319,-6.605));
#2711 = SURFACE_CURVE('',#2712,(#2716,#2723),.PCURVE_S1.);
#2712 = LINE('',#2713,#2714);
#2713 = CARTESIAN_POINT('',(-7.133441829776,34.265347038389,-6.605));
#2714 = VECTOR('',#2715,1.);
#2715 = DIRECTION('',(-0.203812623708,0.979009915383,0.));
#2716 = PCURVE('',#1000,#2717);
#2717 = DEFINITIONAL_REPRESENTATION('',(#2718),#2722);
#2718 = LINE('',#2719,#2720);
#2719 = CARTESIAN_POINT('',(0.,0.));
#2720 = VECTOR('',#2721,1.);
#2721 = DIRECTION('',(-1.,0.));
#2722 = ( GEOMETRIC_REPRESENTATION_CONTEXT(2) 
PARAMETRIC_REPRESENTATION_CONTEXT() REPRESENTATION_CONTEXT('2D SPACE',''
  ) );
#2723 = PCURVE('',#1027,#2724);
#2724 = DEFINITIONAL_REPRESENTATION('',(#2725),#2729);
#2725 = LINE('',#2726,#2727);
#2726 = CARTESIAN_POINT('',(11.701209600324,3.259251277409));
#2727 = VECTOR('',#2728,1.);
#2728 = DIRECTION('',(0.945395584455,-0.325925127741));
#2729 = ( GEOMETRIC_REPRESENTATION_CONTEXT(2) 
PARAMETRIC_REPRESENTATION_CONTEXT() REPRESENTATION_CONTEXT('2D SPACE',''
  ) );
#2730 = ORIENTED_EDGE('',*,*,#2731,.T.);
#2731 = EDGE_CURVE('',#2709,#2603,#2732,.T.);
#2732 = SURFACE_CURVE('',#2733,(#2739,#2748),.PCURVE_S1.);
#2733 = B_SPLINE_CURVE_WITH_KNOTS('',4,(#2734,#2735,#2736,#2737,#2738),
  .UNSPECIFIED.,.F.,.F.,(5,5),(0.,1.),.PIECEWISE_BEZIER_KNOTS.);
#2734 = CARTESIAN_POINT('',(-6.456783919066,31.015034119319,-6.605));
#2735 = CARTESIAN_POINT('',(-6.624580397307,30.980101847498,
    -6.596249890803));
#2736 = CARTESIAN_POINT('',(-6.792146902098,30.94395458404,-6.5875));
#2737 = CARTESIAN_POINT('',(-6.959448166179,30.906598925537,
    -6.578750109196));
#2738 = CARTESIAN_POINT('',(-7.126449401614,30.868043652396,-6.57));
#2739 = PCURVE('',#1000,#2740);
#2740 = DEFINITIONAL_REPRESENTATION('',(#2741),#2747);
#2741 = B_SPLINE_CURVE_WITH_KNOTS('',4,(#2742,#2743,#2744,#2745,#2746),
  .UNSPECIFIED.,.F.,.F.,(5,5),(0.,1.),.PIECEWISE_BEZIER_KNOTS.);
#2742 = CARTESIAN_POINT('',(3.32,0.));
#2743 = CARTESIAN_POINT('',(3.318145265459,0.250003119903));
#2744 = CARTESIAN_POINT('',(3.317526647957,0.499999999998));
#2745 = CARTESIAN_POINT('',(3.318145265459,0.749996880102));
#2746 = CARTESIAN_POINT('',(3.32,1.));
#2747 = ( GEOMETRIC_REPRESENTATION_CONTEXT(2) 
PARAMETRIC_REPRESENTATION_CONTEXT() REPRESENTATION_CONTEXT('2D SPACE',''
  ) );
#2748 = PCURVE('',#2242,#2749);
#2749 = DEFINITIONAL_REPRESENTATION('',(#2750),#2756);
#2750 = B_SPLINE_CURVE_WITH_KNOTS('',4,(#2751,#2752,#2753,#2754,#2755),
  .UNSPECIFIED.,.F.,.F.,(5,5),(0.,1.),.PIECEWISE_BEZIER_KNOTS.);
#2751 = CARTESIAN_POINT('',(1.776047046829,4.915));
#2752 = CARTESIAN_POINT('',(1.781457212673,4.923750109197));
#2753 = CARTESIAN_POINT('',(1.786868088192,4.9325));
#2754 = CARTESIAN_POINT('',(1.79227896371,4.941249890804));
#2755 = CARTESIAN_POINT('',(1.797689129554,4.95));
#2756 = ( GEOMETRIC_REPRESENTATION_CONTEXT(2) 
PARAMETRIC_REPRESENTATION_CONTEXT() REPRESENTATION_CONTEXT('2D SPACE',''
  ) );
#2757 = ORIENTED_EDGE('',*,*,#2602,.T.);
#2758 = ORIENTED_EDGE('',*,*,#980,.F.);
#2759 = ADVANCED_FACE('',(#2760),#1027,.F.);
#2760 = FACE_BOUND('',#2761,.F.);
#2761 = EDGE_LOOP('',(#2762,#2763,#2782,#2783));
#2762 = ORIENTED_EDGE('',*,*,#2708,.F.);
#2763 = ORIENTED_EDGE('',*,*,#2764,.F.);
#2764 = EDGE_CURVE('',#2207,#2709,#2765,.T.);
#2765 = SURFACE_CURVE('',#2766,(#2770,#2776),.PCURVE_S1.);
#2766 = LINE('',#2767,#2768);
#2767 = CARTESIAN_POINT('',(-6.456783919066,31.015034119319,-11.52));
#2768 = VECTOR('',#2769,1.);
#2769 = DIRECTION('',(0.,0.,1.));
#2770 = PCURVE('',#1027,#2771);
#2771 = DEFINITIONAL_REPRESENTATION('',(#2772),#2775);
#2772 = B_SPLINE_CURVE_WITH_KNOTS('',1,(#2773,#2774),.UNSPECIFIED.,.F.,
  .F.,(2,2),(0.9999994,8.3245775),.PIECEWISE_BEZIER_KNOTS.);
#2773 = CARTESIAN_POINT('',(7.286499189272,0.64009842113));
#2774 = CARTESIAN_POINT('',(9.673763242163,7.564722214866));
#2775 = ( GEOMETRIC_REPRESENTATION_CONTEXT(2) 
PARAMETRIC_REPRESENTATION_CONTEXT() REPRESENTATION_CONTEXT('2D SPACE',''
  ) );
#2776 = PCURVE('',#2242,#2777);
#2777 = DEFINITIONAL_REPRESENTATION('',(#2778),#2781);
#2778 = B_SPLINE_CURVE_WITH_KNOTS('',1,(#2779,#2780),.UNSPECIFIED.,.F.,
  .F.,(2,2),(0.9999994,8.3245775),.PIECEWISE_BEZIER_KNOTS.);
#2779 = CARTESIAN_POINT('',(1.776047046829,0.9999994));
#2780 = CARTESIAN_POINT('',(1.776047046829,8.3245775));
#2781 = ( GEOMETRIC_REPRESENTATION_CONTEXT(2) 
PARAMETRIC_REPRESENTATION_CONTEXT() REPRESENTATION_CONTEXT('2D SPACE',''
  ) );
#2782 = ORIENTED_EDGE('',*,*,#2206,.T.);
#2783 = ORIENTED_EDGE('',*,*,#1014,.T.);
#2784 = ADVANCED_FACE('',(#2785),#1059,.F.);
#2785 = FACE_BOUND('',#2786,.F.);
#2786 = EDGE_LOOP('',(#2787,#2810,#2811,#2832));
#2787 = ORIENTED_EDGE('',*,*,#2788,.T.);
#2788 = EDGE_CURVE('',#2789,#1041,#2791,.T.);
#2789 = VERTEX_POINT('',#2790);
#2790 = CARTESIAN_POINT('',(-25.62965838179,-18.62103679262,-10.52));
#2791 = SURFACE_CURVE('',#2792,(#2796,#2803),.PCURVE_S1.);
#2792 = LINE('',#2793,#2794);
#2793 = CARTESIAN_POINT('',(0.,0.,-10.52));
#2794 = VECTOR('',#2795,1.);
#2795 = DIRECTION('',(-0.809016994375,-0.587785252292,0.));
#2796 = PCURVE('',#1059,#2797);
#2797 = DEFINITIONAL_REPRESENTATION('',(#2798),#2802);
#2798 = LINE('',#2799,#2800);
#2799 = CARTESIAN_POINT('',(0.,0.));
#2800 = VECTOR('',#2801,1.);
#2801 = DIRECTION('',(1.,0.));
#2802 = ( GEOMETRIC_REPRESENTATION_CONTEXT(2) 
PARAMETRIC_REPRESENTATION_CONTEXT() REPRESENTATION_CONTEXT('2D SPACE',''
  ) );
#2803 = PCURVE('',#1086,#2804);
#2804 = DEFINITIONAL_REPRESENTATION('',(#2805),#2809);
#2805 = LINE('',#2806,#2807);
#2806 = CARTESIAN_POINT('',(0.,0.));
#2807 = VECTOR('',#2808,1.);
#2808 = DIRECTION('',(1.,0.));
#2809 = ( GEOMETRIC_REPRESENTATION_CONTEXT(2) 
PARAMETRIC_REPRESENTATION_CONTEXT() REPRESENTATION_CONTEXT('2D SPACE',''
  ) );
#2810 = ORIENTED_EDGE('',*,*,#1040,.T.);
#2811 = ORIENTED_EDGE('',*,*,#2812,.F.);
#2812 = EDGE_CURVE('',#2813,#1043,#2815,.T.);
#2813 = VERTEX_POINT('',#2814);
#2814 = CARTESIAN_POINT('',(-23.63141548703,-21.09925596031,-10.52));
#2815 = SURFACE_CURVE('',#2816,(#2820,#2826),.PCURVE_S1.);
#2816 = LINE('',#2817,#2818);
#2817 = CARTESIAN_POINT('',(-9.324264317802,-8.325148342928,-10.52));
#2818 = VECTOR('',#2819,1.);
#2819 = DIRECTION('',(-0.745941145424,-0.666011867434,0.));
#2820 = PCURVE('',#1059,#2821);
#2821 = DEFINITIONAL_REPRESENTATION('',(#2822),#2825);
#2822 = B_SPLINE_CURVE_WITH_KNOTS('',1,(#2823,#2824),.UNSPECIFIED.,.F.,
  .F.,(2,2),(11.472645,24.788267831076),.PIECEWISE_BEZIER_KNOTS.);
#2823 = CARTESIAN_POINT('',(23.851607522482,2.405935761719));
#2824 = CARTESIAN_POINT('',(37.1,3.742314503358));
#2825 = ( GEOMETRIC_REPRESENTATION_CONTEXT(2) 
PARAMETRIC_REPRESENTATION_CONTEXT() REPRESENTATION_CONTEXT('2D SPACE',''
  ) );
#2826 = PCURVE('',#1422,#2827);
#2827 = DEFINITIONAL_REPRESENTATION('',(#2828),#2831);
#2828 = B_SPLINE_CURVE_WITH_KNOTS('',1,(#2829,#2830),.UNSPECIFIED.,.F.,
  .F.,(2,2),(11.472645,24.788267831076),.PIECEWISE_BEZIER_KNOTS.);
#2829 = CARTESIAN_POINT('',(1.7763568394E-15,3.152119651286));
#2830 = CARTESIAN_POINT('',(12.588531028768,-1.187776420881));
#2831 = ( GEOMETRIC_REPRESENTATION_CONTEXT(2) 
PARAMETRIC_REPRESENTATION_CONTEXT() REPRESENTATION_CONTEXT('2D SPACE',''
  ) );
#2832 = ORIENTED_EDGE('',*,*,#2833,.F.);
#2833 = EDGE_CURVE('',#2789,#2813,#2834,.T.);
#2834 = SURFACE_CURVE('',#2835,(#2840,#2847),.PCURVE_S1.);
#2835 = CIRCLE('',#2836,31.68);
#2836 = AXIS2_PLACEMENT_3D('',#2837,#2838,#2839);
#2837 = CARTESIAN_POINT('',(0.,0.,-10.52));
#2838 = DIRECTION('',(0.,0.,1.));
#2839 = DIRECTION('',(1.,0.,-0.));
#2840 = PCURVE('',#1059,#2841);
#2841 = DEFINITIONAL_REPRESENTATION('',(#2842),#2846);
#2842 = CIRCLE('',#2843,31.68);
#2843 = AXIS2_PLACEMENT_2D('',#2844,#2845);
#2844 = CARTESIAN_POINT('',(0.,0.));
#2845 = DIRECTION('',(-0.809016994375,0.587785252292));
#2846 = ( GEOMETRIC_REPRESENTATION_CONTEXT(2) 
PARAMETRIC_REPRESENTATION_CONTEXT() REPRESENTATION_CONTEXT('2D SPACE',''
  ) );
#2847 = PCURVE('',#2848,#2853);
#2848 = CYLINDRICAL_SURFACE('',#2849,31.68);
#2849 = AXIS2_PLACEMENT_3D('',#2850,#2851,#2852);
#2850 = CARTESIAN_POINT('',(0.,0.,-11.52));
#2851 = DIRECTION('',(0.,0.,1.));
#2852 = DIRECTION('',(1.,0.,-0.));
#2853 = DEFINITIONAL_REPRESENTATION('',(#2854),#2858);
#2854 = LINE('',#2855,#2856);
#2855 = CARTESIAN_POINT('',(0.,1.));
#2856 = VECTOR('',#2857,1.);
#2857 = DIRECTION('',(1.,0.));
#2858 = ( GEOMETRIC_REPRESENTATION_CONTEXT(2) 
PARAMETRIC_REPRESENTATION_CONTEXT() REPRESENTATION_CONTEXT('2D SPACE',''
  ) );
#2859 = ADVANCED_FACE('',(#2860),#1086,.T.);
#2860 = FACE_BOUND('',#2861,.T.);
#2861 = EDGE_LOOP('',(#2862,#2883,#2884,#2885));
#2862 = ORIENTED_EDGE('',*,*,#2863,.F.);
#2863 = EDGE_CURVE('',#2789,#2864,#2866,.T.);
#2864 = VERTEX_POINT('',#2865);
#2865 = CARTESIAN_POINT('',(-25.62965838179,-18.62103679262,0.));
#2866 = SURFACE_CURVE('',#2867,(#2871,#2877),.PCURVE_S1.);
#2867 = LINE('',#2868,#2869);
#2868 = CARTESIAN_POINT('',(-25.62965838179,-18.62103679262,-11.52));
#2869 = VECTOR('',#2870,1.);
#2870 = DIRECTION('',(0.,0.,1.));
#2871 = PCURVE('',#1086,#2872);
#2872 = DEFINITIONAL_REPRESENTATION('',(#2873),#2876);
#2873 = B_SPLINE_CURVE_WITH_KNOTS('',1,(#2874,#2875),.UNSPECIFIED.,.F.,
  .F.,(2,2),(-5.999999999062E-07,12.5200006),.PIECEWISE_BEZIER_KNOTS.);
#2874 = CARTESIAN_POINT('',(31.68,-1.0000006));
#2875 = CARTESIAN_POINT('',(31.68,11.5200006));
#2876 = ( GEOMETRIC_REPRESENTATION_CONTEXT(2) 
PARAMETRIC_REPRESENTATION_CONTEXT() REPRESENTATION_CONTEXT('2D SPACE',''
  ) );
#2877 = PCURVE('',#2848,#2878);
#2878 = DEFINITIONAL_REPRESENTATION('',(#2879),#2882);
#2879 = B_SPLINE_CURVE_WITH_KNOTS('',1,(#2880,#2881),.UNSPECIFIED.,.F.,
  .F.,(2,2),(-5.999999999062E-07,12.5200006),.PIECEWISE_BEZIER_KNOTS.);
#2880 = CARTESIAN_POINT('',(3.769911184308,-5.999999999062E-07));
#2881 = CARTESIAN_POINT('',(3.769911184308,12.5200006));
#2882 = ( GEOMETRIC_REPRESENTATION_CONTEXT(2) 
PARAMETRIC_REPRESENTATION_CONTEXT() REPRESENTATION_CONTEXT('2D SPACE',''
  ) );
#2883 = ORIENTED_EDGE('',*,*,#2788,.T.);
#2884 = ORIENTED_EDGE('',*,*,#1071,.T.);
#2885 = ORIENTED_EDGE('',*,*,#2886,.F.);
#2886 = EDGE_CURVE('',#2864,#1072,#2887,.T.);
#2887 = SURFACE_CURVE('',#2888,(#2892,#2899),.PCURVE_S1.);
#2888 = LINE('',#2889,#2890);
#2889 = CARTESIAN_POINT('',(0.,0.,0.));
#2890 = VECTOR('',#2891,1.);
#2891 = DIRECTION('',(-0.809016994375,-0.587785252292,0.));
#2892 = PCURVE('',#1086,#2893);
#2893 = DEFINITIONAL_REPRESENTATION('',(#2894),#2898);
#2894 = LINE('',#2895,#2896);
#2895 = CARTESIAN_POINT('',(0.,10.52));
#2896 = VECTOR('',#2897,1.);
#2897 = DIRECTION('',(1.,0.));
#2898 = ( GEOMETRIC_REPRESENTATION_CONTEXT(2) 
PARAMETRIC_REPRESENTATION_CONTEXT() REPRESENTATION_CONTEXT('2D SPACE',''
  ) );
#2899 = PCURVE('',#1114,#2900);
#2900 = DEFINITIONAL_REPRESENTATION('',(#2901),#2905);
#2901 = LINE('',#2902,#2903);
#2902 = CARTESIAN_POINT('',(0.,0.));
#2903 = VECTOR('',#2904,1.);
#2904 = DIRECTION('',(1.,0.));
#2905 = ( GEOMETRIC_REPRESENTATION_CONTEXT(2) 
PARAMETRIC_REPRESENTATION_CONTEXT() REPRESENTATION_CONTEXT('2D SPACE',''
  ) );
#2906 = ADVANCED_FACE('',(#2907),#1114,.T.);
#2907 = FACE_BOUND('',#2908,.T.);
#2908 = EDGE_LOOP('',(#2909,#2910,#2933,#2955));
#2909 = ORIENTED_EDGE('',*,*,#1097,.T.);
#2910 = ORIENTED_EDGE('',*,*,#2911,.F.);
#2911 = EDGE_CURVE('',#2912,#1098,#2914,.T.);
#2912 = VERTEX_POINT('',#2913);
#2913 = CARTESIAN_POINT('',(-7.034373084025E-15,-31.68,0.));
#2914 = SURFACE_CURVE('',#2915,(#2919,#2926),.PCURVE_S1.);
#2915 = LINE('',#2916,#2917);
#2916 = CARTESIAN_POINT('',(0.,0.,0.));
#2917 = VECTOR('',#2918,1.);
#2918 = DIRECTION('',(-2.22044604925E-16,-1.,0.));
#2919 = PCURVE('',#1114,#2920);
#2920 = DEFINITIONAL_REPRESENTATION('',(#2921),#2925);
#2921 = LINE('',#2922,#2923);
#2922 = CARTESIAN_POINT('',(0.,0.));
#2923 = VECTOR('',#2924,1.);
#2924 = DIRECTION('',(0.587785252292,0.809016994375));
#2925 = ( GEOMETRIC_REPRESENTATION_CONTEXT(2) 
PARAMETRIC_REPRESENTATION_CONTEXT() REPRESENTATION_CONTEXT('2D SPACE',''
  ) );
#2926 = PCURVE('',#1141,#2927);
#2927 = DEFINITIONAL_REPRESENTATION('',(#2928),#2932);
#2928 = LINE('',#2929,#2930);
#2929 = CARTESIAN_POINT('',(0.,10.52));
#2930 = VECTOR('',#2931,1.);
#2931 = DIRECTION('',(1.,0.));
#2932 = ( GEOMETRIC_REPRESENTATION_CONTEXT(2) 
PARAMETRIC_REPRESENTATION_CONTEXT() REPRESENTATION_CONTEXT('2D SPACE',''
  ) );
#2933 = ORIENTED_EDGE('',*,*,#2934,.F.);
#2934 = EDGE_CURVE('',#2864,#2912,#2935,.T.);
#2935 = SURFACE_CURVE('',#2936,(#2941,#2948),.PCURVE_S1.);
#2936 = CIRCLE('',#2937,31.68);
#2937 = AXIS2_PLACEMENT_3D('',#2938,#2939,#2940);
#2938 = CARTESIAN_POINT('',(0.,0.,0.));
#2939 = DIRECTION('',(0.,0.,1.));
#2940 = DIRECTION('',(1.,0.,-0.));
#2941 = PCURVE('',#1114,#2942);
#2942 = DEFINITIONAL_REPRESENTATION('',(#2943),#2947);
#2943 = CIRCLE('',#2944,31.68);
#2944 = AXIS2_PLACEMENT_2D('',#2945,#2946);
#2945 = CARTESIAN_POINT('',(0.,0.));
#2946 = DIRECTION('',(-0.809016994375,0.587785252292));
#2947 = ( GEOMETRIC_REPRESENTATION_CONTEXT(2) 
PARAMETRIC_REPRESENTATION_CONTEXT() REPRESENTATION_CONTEXT('2D SPACE',''
  ) );
#2948 = PCURVE('',#2848,#2949);
#2949 = DEFINITIONAL_REPRESENTATION('',(#2950),#2954);
#2950 = LINE('',#2951,#2952);
#2951 = CARTESIAN_POINT('',(0.,11.52));
#2952 = VECTOR('',#2953,1.);
#2953 = DIRECTION('',(1.,0.));
#2954 = ( GEOMETRIC_REPRESENTATION_CONTEXT(2) 
PARAMETRIC_REPRESENTATION_CONTEXT() REPRESENTATION_CONTEXT('2D SPACE',''
  ) );
#2955 = ORIENTED_EDGE('',*,*,#2886,.T.);
#2956 = ADVANCED_FACE('',(#2957),#1141,.F.);
#2957 = FACE_BOUND('',#2958,.F.);
#2958 = EDGE_LOOP('',(#2959,#2960,#2981,#3002));
#2959 = ORIENTED_EDGE('',*,*,#2911,.F.);
#2960 = ORIENTED_EDGE('',*,*,#2961,.F.);
#2961 = EDGE_CURVE('',#2962,#2912,#2964,.T.);
#2962 = VERTEX_POINT('',#2963);
#2963 = CARTESIAN_POINT('',(-6.426947336787E-15,-31.68,-1.15));
#2964 = SURFACE_CURVE('',#2965,(#2969,#2975),.PCURVE_S1.);
#2965 = LINE('',#2966,#2967);
#2966 = CARTESIAN_POINT('',(-7.034373084025E-15,-31.68,-11.52));
#2967 = VECTOR('',#2968,1.);
#2968 = DIRECTION('',(0.,0.,1.));
#2969 = PCURVE('',#1141,#2970);
#2970 = DEFINITIONAL_REPRESENTATION('',(#2971),#2974);
#2971 = B_SPLINE_CURVE_WITH_KNOTS('',1,(#2972,#2973),.UNSPECIFIED.,.F.,
  .F.,(2,2),(-5.999999999062E-07,12.5200006),.PIECEWISE_BEZIER_KNOTS.);
#2972 = CARTESIAN_POINT('',(31.68,-1.0000006));
#2973 = CARTESIAN_POINT('',(31.68,11.5200006));
#2974 = ( GEOMETRIC_REPRESENTATION_CONTEXT(2) 
PARAMETRIC_REPRESENTATION_CONTEXT() REPRESENTATION_CONTEXT('2D SPACE',''
  ) );
#2975 = PCURVE('',#2848,#2976);
#2976 = DEFINITIONAL_REPRESENTATION('',(#2977),#2980);
#2977 = B_SPLINE_CURVE_WITH_KNOTS('',1,(#2978,#2979),.UNSPECIFIED.,.F.,
  .F.,(2,2),(-5.999999999062E-07,12.5200006),.PIECEWISE_BEZIER_KNOTS.);
#2978 = CARTESIAN_POINT('',(4.712388980385,-5.999999999062E-07));
#2979 = CARTESIAN_POINT('',(4.712388980385,12.5200006));
#2980 = ( GEOMETRIC_REPRESENTATION_CONTEXT(2) 
PARAMETRIC_REPRESENTATION_CONTEXT() REPRESENTATION_CONTEXT('2D SPACE',''
  ) );
#2981 = ORIENTED_EDGE('',*,*,#2982,.T.);
#2982 = EDGE_CURVE('',#2962,#1127,#2983,.T.);
#2983 = SURFACE_CURVE('',#2984,(#2988,#2995),.PCURVE_S1.);
#2984 = LINE('',#2985,#2986);
#2985 = CARTESIAN_POINT('',(-6.429395695524E-15,-35.,-1.15));
#2986 = VECTOR('',#2987,1.);
#2987 = DIRECTION('',(-1.836970198721E-16,-1.,0.));
#2988 = PCURVE('',#1141,#2989);
#2989 = DEFINITIONAL_REPRESENTATION('',(#2990),#2994);
#2990 = LINE('',#2991,#2992);
#2991 = CARTESIAN_POINT('',(35.,9.37));
#2992 = VECTOR('',#2993,1.);
#2993 = DIRECTION('',(1.,0.));
#2994 = ( GEOMETRIC_REPRESENTATION_CONTEXT(2) 
PARAMETRIC_REPRESENTATION_CONTEXT() REPRESENTATION_CONTEXT('2D SPACE',''
  ) );
#2995 = PCURVE('',#1172,#2996);
#2996 = DEFINITIONAL_REPRESENTATION('',(#2997),#3001);
#2997 = LINE('',#2998,#2999);
#2998 = CARTESIAN_POINT('',(0.,1.));
#2999 = VECTOR('',#3000,1.);
#3000 = DIRECTION('',(-1.,0.));
#3001 = ( GEOMETRIC_REPRESENTATION_CONTEXT(2) 
PARAMETRIC_REPRESENTATION_CONTEXT() REPRESENTATION_CONTEXT('2D SPACE',''
  ) );
#3002 = ORIENTED_EDGE('',*,*,#1126,.T.);
#3003 = ADVANCED_FACE('',(#3004),#1172,.T.);
#3004 = FACE_BOUND('',#3005,.T.);
#3005 = EDGE_LOOP('',(#3006,#3029,#3056,#3057));
#3006 = ORIENTED_EDGE('',*,*,#3007,.F.);
#3007 = EDGE_CURVE('',#3008,#1153,#3010,.T.);
#3008 = VERTEX_POINT('',#3009);
#3009 = CARTESIAN_POINT('',(-0.552892235933,-31.67517498255,-3.1));
#3010 = SURFACE_CURVE('',#3011,(#3015,#3022),.PCURVE_S1.);
#3011 = LINE('',#3012,#3013);
#3012 = CARTESIAN_POINT('',(-0.610834225305,-34.99466933047,-3.1));
#3013 = VECTOR('',#3014,1.);
#3014 = DIRECTION('',(-1.745240643728E-02,-0.999847695156,0.));
#3015 = PCURVE('',#1172,#3016);
#3016 = DEFINITIONAL_REPRESENTATION('',(#3017),#3021);
#3017 = LINE('',#3018,#3019);
#3018 = CARTESIAN_POINT('',(0.,0.));
#3019 = VECTOR('',#3020,1.);
#3020 = DIRECTION('',(-1.,0.));
#3021 = ( GEOMETRIC_REPRESENTATION_CONTEXT(2) 
PARAMETRIC_REPRESENTATION_CONTEXT() REPRESENTATION_CONTEXT('2D SPACE',''
  ) );
#3022 = PCURVE('',#1212,#3023);
#3023 = DEFINITIONAL_REPRESENTATION('',(#3024),#3028);
#3024 = LINE('',#3025,#3026);
#3025 = CARTESIAN_POINT('',(0.,1.));
#3026 = VECTOR('',#3027,1.);
#3027 = DIRECTION('',(-1.,0.));
#3028 = ( GEOMETRIC_REPRESENTATION_CONTEXT(2) 
PARAMETRIC_REPRESENTATION_CONTEXT() REPRESENTATION_CONTEXT('2D SPACE',''
  ) );
#3029 = ORIENTED_EDGE('',*,*,#3030,.T.);
#3030 = EDGE_CURVE('',#3008,#2962,#3031,.T.);
#3031 = SURFACE_CURVE('',#3032,(#3038,#3047),.PCURVE_S1.);
#3032 = B_SPLINE_CURVE_WITH_KNOTS('',4,(#3033,#3034,#3035,#3036,#3037),
  .UNSPECIFIED.,.F.,.F.,(5,5),(0.,1.),.PIECEWISE_BEZIER_KNOTS.);
#3033 = CARTESIAN_POINT('',(-0.552892235933,-31.67517498255,-3.1));
#3034 = CARTESIAN_POINT('',(-0.414690108401,-31.67758730966,
    -2.612499574625));
#3035 = CARTESIAN_POINT('',(-0.276460154252,-31.67919589025,-2.125));
#3036 = CARTESIAN_POINT('',(-0.138223179592,-31.68,-1.637500425375));
#3037 = CARTESIAN_POINT('',(-5.773159728051E-15,-31.68,-1.15));
#3038 = PCURVE('',#1172,#3039);
#3039 = DEFINITIONAL_REPRESENTATION('',(#3040),#3046);
#3040 = B_SPLINE_CURVE_WITH_KNOTS('',4,(#3041,#3042,#3043,#3044,#3045),
  .UNSPECIFIED.,.F.,.F.,(5,5),(0.,1.),.PIECEWISE_BEZIER_KNOTS.);
#3041 = CARTESIAN_POINT('',(3.32,0.));
#3042 = CARTESIAN_POINT('',(3.318793744586,0.250000218141));
#3043 = CARTESIAN_POINT('',(3.318391478526,0.5));
#3044 = CARTESIAN_POINT('',(3.318793744586,0.749999781859));
#3045 = CARTESIAN_POINT('',(3.32,1.));
#3046 = ( GEOMETRIC_REPRESENTATION_CONTEXT(2) 
PARAMETRIC_REPRESENTATION_CONTEXT() REPRESENTATION_CONTEXT('2D SPACE',''
  ) );
#3047 = PCURVE('',#2848,#3048);
#3048 = DEFINITIONAL_REPRESENTATION('',(#3049),#3055);
#3049 = B_SPLINE_CURVE_WITH_KNOTS('',4,(#3050,#3051,#3052,#3053,#3054),
  .UNSPECIFIED.,.F.,.F.,(5,5),(0.,1.),.PIECEWISE_BEZIER_KNOTS.);
#3050 = CARTESIAN_POINT('',(4.694935687865,8.42));
#3051 = CARTESIAN_POINT('',(4.699298793281,8.907500425375));
#3052 = CARTESIAN_POINT('',(4.703662334125,9.395));
#3053 = CARTESIAN_POINT('',(4.708025874968,9.882499574625));
#3054 = CARTESIAN_POINT('',(4.712388980385,10.37));
#3055 = ( GEOMETRIC_REPRESENTATION_CONTEXT(2) 
PARAMETRIC_REPRESENTATION_CONTEXT() REPRESENTATION_CONTEXT('2D SPACE',''
  ) );
#3056 = ORIENTED_EDGE('',*,*,#2982,.T.);
#3057 = ORIENTED_EDGE('',*,*,#1152,.F.);
#3058 = ADVANCED_FACE('',(#3059),#1212,.T.);
#3059 = FACE_BOUND('',#3060,.T.);
#3060 = EDGE_LOOP('',(#3061,#3084,#3111,#3112));
#3061 = ORIENTED_EDGE('',*,*,#3062,.F.);
#3062 = EDGE_CURVE('',#3063,#1187,#3065,.T.);
#3063 = VERTEX_POINT('',#3064);
#3064 = CARTESIAN_POINT('',(-2.209885088214,-31.60282911223,-3.1));
#3065 = SURFACE_CURVE('',#3066,(#3070,#3077),.PCURVE_S1.);
#3066 = LINE('',#3067,#3068);
#3067 = CARTESIAN_POINT('',(-2.441476581044,-34.91474175909,-3.1));
#3068 = VECTOR('',#3069,1.);
#3069 = DIRECTION('',(-6.975647374413E-02,-0.99756405026,0.));
#3070 = PCURVE('',#1212,#3071);
#3071 = DEFINITIONAL_REPRESENTATION('',(#3072),#3076);
#3072 = LINE('',#3073,#3074);
#3073 = CARTESIAN_POINT('',(0.,0.));
#3074 = VECTOR('',#3075,1.);
#3075 = DIRECTION('',(-1.,0.));
#3076 = ( GEOMETRIC_REPRESENTATION_CONTEXT(2) 
PARAMETRIC_REPRESENTATION_CONTEXT() REPRESENTATION_CONTEXT('2D SPACE',''
  ) );
#3077 = PCURVE('',#1267,#3078);
#3078 = DEFINITIONAL_REPRESENTATION('',(#3079),#3083);
#3079 = LINE('',#3080,#3081);
#3080 = CARTESIAN_POINT('',(0.,1.));
#3081 = VECTOR('',#3082,1.);
#3082 = DIRECTION('',(-1.,0.));
#3083 = ( GEOMETRIC_REPRESENTATION_CONTEXT(2) 
PARAMETRIC_REPRESENTATION_CONTEXT() REPRESENTATION_CONTEXT('2D SPACE',''
  ) );
#3084 = ORIENTED_EDGE('',*,*,#3085,.T.);
#3085 = EDGE_CURVE('',#3063,#3008,#3086,.T.);
#3086 = SURFACE_CURVE('',#3087,(#3093,#3102),.PCURVE_S1.);
#3087 = B_SPLINE_CURVE_WITH_KNOTS('',4,(#3088,#3089,#3090,#3091,#3092),
  .UNSPECIFIED.,.F.,.F.,(5,5),(0.,1.),.PIECEWISE_BEZIER_KNOTS.);
#3088 = CARTESIAN_POINT('',(-2.209885088214,-31.60282911223,-3.1));
#3089 = CARTESIAN_POINT('',(-1.7963246753,-31.63174807345,-3.1));
#3090 = CARTESIAN_POINT('',(-1.382020253626,-31.65346787218,-3.1));
#3091 = CARTESIAN_POINT('',(-0.967399380154,-31.66793973343,-3.1));
#3092 = CARTESIAN_POINT('',(-0.552892235933,-31.67517498255,-3.1));
#3093 = PCURVE('',#1212,#3094);
#3094 = DEFINITIONAL_REPRESENTATION('',(#3095),#3101);
#3095 = B_SPLINE_CURVE_WITH_KNOTS('',4,(#3096,#3097,#3098,#3099,#3100),
  .UNSPECIFIED.,.F.,.F.,(5,5),(0.,1.),.PIECEWISE_BEZIER_KNOTS.);
#3096 = CARTESIAN_POINT('',(3.32,0.));
#3097 = CARTESIAN_POINT('',(3.309144095024,0.250041925041));
#3098 = CARTESIAN_POINT('',(3.305515430329,0.499999999998));
#3099 = CARTESIAN_POINT('',(3.309144095025,0.749958074964));
#3100 = CARTESIAN_POINT('',(3.32,1.));
#3101 = ( GEOMETRIC_REPRESENTATION_CONTEXT(2) 
PARAMETRIC_REPRESENTATION_CONTEXT() REPRESENTATION_CONTEXT('2D SPACE',''
  ) );
#3102 = PCURVE('',#2848,#3103);
#3103 = DEFINITIONAL_REPRESENTATION('',(#3104),#3110);
#3104 = B_SPLINE_CURVE_WITH_KNOTS('',4,(#3105,#3106,#3107,#3108,#3109),
  .UNSPECIFIED.,.F.,.F.,(5,5),(0.,1.),.PIECEWISE_BEZIER_KNOTS.);
#3105 = CARTESIAN_POINT('',(4.642575810305,8.42));
#3106 = CARTESIAN_POINT('',(4.655661993553,8.42));
#3107 = CARTESIAN_POINT('',(4.668755749085,8.42));
#3108 = CARTESIAN_POINT('',(4.681849504617,8.42));
#3109 = CARTESIAN_POINT('',(4.694935687865,8.42));
#3110 = ( GEOMETRIC_REPRESENTATION_CONTEXT(2) 
PARAMETRIC_REPRESENTATION_CONTEXT() REPRESENTATION_CONTEXT('2D SPACE',''
  ) );
#3111 = ORIENTED_EDGE('',*,*,#3007,.T.);
#3112 = ORIENTED_EDGE('',*,*,#1186,.F.);
#3113 = ADVANCED_FACE('',(#3114),#1267,.T.);
#3114 = FACE_BOUND('',#3115,.T.);
#3115 = EDGE_LOOP('',(#3116,#3139,#3193,#3194));
#3116 = ORIENTED_EDGE('',*,*,#3117,.F.);
#3117 = EDGE_CURVE('',#3118,#1230,#3120,.T.);
#3118 = VERTEX_POINT('',#3119);
#3119 = CARTESIAN_POINT('',(-6.694769551707,-30.96453553098,-5.59));
#3120 = SURFACE_CURVE('',#3121,(#3125,#3132),.PCURVE_S1.);
#3121 = LINE('',#3122,#3123);
#3122 = CARTESIAN_POINT('',(-7.396367875939,-34.20955630001,-5.59));
#3123 = VECTOR('',#3124,1.);
#3124 = DIRECTION('',(-0.211324796455,-0.977415894286,0.));
#3125 = PCURVE('',#1267,#3126);
#3126 = DEFINITIONAL_REPRESENTATION('',(#3127),#3131);
#3127 = LINE('',#3128,#3129);
#3128 = CARTESIAN_POINT('',(0.,0.));
#3129 = VECTOR('',#3130,1.);
#3130 = DIRECTION('',(-1.,0.));
#3131 = ( GEOMETRIC_REPRESENTATION_CONTEXT(2) 
PARAMETRIC_REPRESENTATION_CONTEXT() REPRESENTATION_CONTEXT('2D SPACE',''
  ) );
#3132 = PCURVE('',#1344,#3133);
#3133 = DEFINITIONAL_REPRESENTATION('',(#3134),#3138);
#3134 = LINE('',#3135,#3136);
#3135 = CARTESIAN_POINT('',(0.,1.));
#3136 = VECTOR('',#3137,1.);
#3137 = DIRECTION('',(-1.,0.));
#3138 = ( GEOMETRIC_REPRESENTATION_CONTEXT(2) 
PARAMETRIC_REPRESENTATION_CONTEXT() REPRESENTATION_CONTEXT('2D SPACE',''
  ) );
#3139 = ORIENTED_EDGE('',*,*,#3140,.T.);
#3140 = EDGE_CURVE('',#3118,#3063,#3141,.T.);
#3141 = SURFACE_CURVE('',#3142,(#3157,#3175),.PCURVE_S1.);
#3142 = B_SPLINE_CURVE_WITH_KNOTS('',4,(#3143,#3144,#3145,#3146,#3147,
    #3148,#3149,#3150,#3151,#3152,#3153,#3154,#3155,#3156),
  .UNSPECIFIED.,.F.,.F.,(5,3,3,3,5),(0.,0.249921295614,0.500024903149,
    0.750789141923,1.),.UNSPECIFIED.);
#3143 = CARTESIAN_POINT('',(-6.694769551707,-30.96453553098,-5.59));
#3144 = CARTESIAN_POINT('',(-6.418542908481,-31.02425784519,
    -5.434262676193));
#3145 = CARTESIAN_POINT('',(-6.141278239811,-31.08076548295,
    -5.278606191213));
#3146 = CARTESIAN_POINT('',(-5.863110827186,-31.13401078981,
    -5.123010100566));
#3147 = CARTESIAN_POINT('',(-5.305048664662,-31.23394423203,
    -4.811784936061));
#3148 = CARTESIAN_POINT('',(-5.025152699981,-31.28062758498,
    -4.656155900096));
#3149 = CARTESIAN_POINT('',(-4.744634725985,-31.32397482917,
    -4.500546958323));
#3150 = CARTESIAN_POINT('',(-4.181901266493,-31.40406161177,
    -4.188918058036));
#3151 = CARTESIAN_POINT('',(-3.899683145767,-31.44078340939,
    -4.032898077932));
#3152 = CARTESIAN_POINT('',(-3.617130270604,-31.47411010308,
    -3.876857836011));
#3153 = CARTESIAN_POINT('',(-3.053399114172,-31.53377544172,
    -3.565662984487));
#3154 = CARTESIAN_POINT('',(-2.77222305418,-31.56015609649,
    -3.410508855776));
#3155 = CARTESIAN_POINT('',(-2.49100438355,-31.58317133613,
    -3.255294617876));
#3156 = CARTESIAN_POINT('',(-2.209885088214,-31.60282911223,-3.1));
#3157 = PCURVE('',#1267,#3158);
#3158 = DEFINITIONAL_REPRESENTATION('',(#3159),#3174);
#3159 = B_SPLINE_CURVE_WITH_KNOTS('',4,(#3160,#3161,#3162,#3163,#3164,
    #3165,#3166,#3167,#3168,#3169,#3170,#3171,#3172,#3173),
  .UNSPECIFIED.,.F.,.F.,(5,3,3,3,5),(0.,0.249921295614,0.500024903149,
    0.750789141923,1.),.UNSPECIFIED.);
#3160 = CARTESIAN_POINT('',(3.32,0.));
#3161 = CARTESIAN_POINT('',(3.299742326577,6.254510996252E-02));
#3162 = CARTESIAN_POINT('',(3.282822059102,0.125057754533));
#3163 = CARTESIAN_POINT('',(3.269267387424,0.187546144351));
#3164 = CARTESIAN_POINT('',(3.248910463849,0.312536170256));
#3165 = CARTESIAN_POINT('',(3.242113130385,0.375037791126));
#3166 = CARTESIAN_POINT('',(3.238714964621,0.437531342039));
#3167 = CARTESIAN_POINT('',(3.238716998067,0.562683510829));
#3168 = CARTESIAN_POINT('',(3.242135178426,0.625342137377));
#3169 = CARTESIAN_POINT('',(3.248970504514,0.6880089012));
#3170 = CARTESIAN_POINT('',(3.269383062305,0.812986753218));
#3171 = CARTESIAN_POINT('',(3.282918282789,0.875297648283));
#3172 = CARTESIAN_POINT('',(3.299799911951,0.937632683584));
#3173 = CARTESIAN_POINT('',(3.32,1.));
#3174 = ( GEOMETRIC_REPRESENTATION_CONTEXT(2) 
PARAMETRIC_REPRESENTATION_CONTEXT() REPRESENTATION_CONTEXT('2D SPACE',''
  ) );
#3175 = PCURVE('',#2848,#3176);
#3176 = DEFINITIONAL_REPRESENTATION('',(#3177),#3192);
#3177 = B_SPLINE_CURVE_WITH_KNOTS('',4,(#3178,#3179,#3180,#3181,#3182,
    #3183,#3184,#3185,#3186,#3187,#3188,#3189,#3190,#3191),
  .UNSPECIFIED.,.F.,.F.,(5,3,3,3,5),(0.,0.249921295614,0.500024903149,
    0.750789141923,1.),.UNSPECIFIED.);
#3178 = CARTESIAN_POINT('',(4.499458811641,5.93));
#3179 = CARTESIAN_POINT('',(4.508379553984,6.085737323807));
#3180 = CARTESIAN_POINT('',(4.517310877853,6.241393808787));
#3181 = CARTESIAN_POINT('',(4.526250188228,6.396989899434));
#3182 = CARTESIAN_POINT('',(4.544145996688,6.708215063939));
#3183 = CARTESIAN_POINT('',(4.553102504702,6.863844099904));
#3184 = CARTESIAN_POINT('',(4.562061692812,7.019453041677));
#3185 = CARTESIAN_POINT('',(4.580003730824,7.331081941964));
#3186 = CARTESIAN_POINT('',(4.588986582946,7.487101922068));
#3187 = CARTESIAN_POINT('',(4.597966732587,7.643142163989));
#3188 = CARTESIAN_POINT('',(4.615860667386,7.954337015513));
#3189 = CARTESIAN_POINT('',(4.624774521183,8.109491144224));
#3190 = CARTESIAN_POINT('',(4.633680426466,8.264705382124));
#3191 = CARTESIAN_POINT('',(4.642575810305,8.42));
#3192 = ( GEOMETRIC_REPRESENTATION_CONTEXT(2) 
PARAMETRIC_REPRESENTATION_CONTEXT() REPRESENTATION_CONTEXT('2D SPACE',''
  ) );
#3193 = ORIENTED_EDGE('',*,*,#3062,.T.);
#3194 = ORIENTED_EDGE('',*,*,#1229,.F.);
#3195 = ADVANCED_FACE('',(#3196),#1344,.T.);
#3196 = FACE_BOUND('',#3197,.T.);
#3197 = EDGE_LOOP('',(#3198,#3221,#3299,#3300));
#3198 = ORIENTED_EDGE('',*,*,#3199,.F.);
#3199 = EDGE_CURVE('',#3200,#1291,#3202,.T.);
#3200 = VERTEX_POINT('',#3201);
#3201 = CARTESIAN_POINT('',(-23.16928526729,-21.60570804678,-6.57));
#3202 = SURFACE_CURVE('',#3203,(#3207,#3214),.PCURVE_S1.);
#3203 = LINE('',#3204,#3205);
#3204 = CARTESIAN_POINT('',(-25.59737955667,-23.86994260218,-6.57));
#3205 = VECTOR('',#3206,1.);
#3206 = DIRECTION('',(-0.731353701619,-0.681998360062,0.));
#3207 = PCURVE('',#1344,#3208);
#3208 = DEFINITIONAL_REPRESENTATION('',(#3209),#3213);
#3209 = LINE('',#3210,#3211);
#3210 = CARTESIAN_POINT('',(0.,0.));
#3211 = VECTOR('',#3212,1.);
#3212 = DIRECTION('',(-1.,0.));
#3213 = ( GEOMETRIC_REPRESENTATION_CONTEXT(2) 
PARAMETRIC_REPRESENTATION_CONTEXT() REPRESENTATION_CONTEXT('2D SPACE',''
  ) );
#3214 = PCURVE('',#1395,#3215);
#3215 = DEFINITIONAL_REPRESENTATION('',(#3216),#3220);
#3216 = LINE('',#3217,#3218);
#3217 = CARTESIAN_POINT('',(0.,1.));
#3218 = VECTOR('',#3219,1.);
#3219 = DIRECTION('',(-1.,0.));
#3220 = ( GEOMETRIC_REPRESENTATION_CONTEXT(2) 
PARAMETRIC_REPRESENTATION_CONTEXT() REPRESENTATION_CONTEXT('2D SPACE',''
  ) );
#3221 = ORIENTED_EDGE('',*,*,#3222,.T.);
#3222 = EDGE_CURVE('',#3200,#3118,#3223,.T.);
#3223 = SURFACE_CURVE('',#3224,(#3247,#3273),.PCURVE_S1.);
#3224 = B_SPLINE_CURVE_WITH_KNOTS('',6,(#3225,#3226,#3227,#3228,#3229,
    #3230,#3231,#3232,#3233,#3234,#3235,#3236,#3237,#3238,#3239,#3240,
    #3241,#3242,#3243,#3244,#3245,#3246),.UNSPECIFIED.,.F.,.F.,(7,5,5,5,
    7),(0.,0.163319393476,0.49987037016,0.837328146596,1.),
  .UNSPECIFIED.);
#3225 = CARTESIAN_POINT('',(-23.16928526729,-21.60570804678,-6.57));
#3226 = CARTESIAN_POINT('',(-22.82294823336,-21.97710904508,
    -6.542474304042));
#3227 = CARTESIAN_POINT('',(-22.46754815842,-22.34390558137,
    -6.515127963467));
#3228 = CARTESIAN_POINT('',(-22.1031800168,-22.70569848965,
    -6.487941528721));
#3229 = CARTESIAN_POINT('',(-21.72997853934,-23.06207640967,
    -6.460896802846));
#3230 = CARTESIAN_POINT('',(-21.34812534878,-23.41262027366,
    -6.433976888359));
#3231 = CARTESIAN_POINT('',(-20.15363134499,-24.46637834926,
    -6.351917731955));
#3232 = CARTESIAN_POINT('',(-19.31355588407,-25.14938105865,
    -6.297125509386));
#3233 = CARTESIAN_POINT('',(-18.43986802701,-25.80203610858,
    -6.242667066679));
#3234 = CARTESIAN_POINT('',(-17.53548893998,-26.42077113705,
    -6.188420103542));
#3235 = CARTESIAN_POINT('',(-16.60409482519,-27.00240529812,
    -6.134269560076));
#3236 = CARTESIAN_POINT('',(-14.69390184325,-28.08774820755,
    -6.025834884401));
#3237 = CARTESIAN_POINT('',(-13.71476833112,-28.59136418004,
    -5.971538704217));
#3238 = CARTESIAN_POINT('',(-12.7175005838,-29.05254867024,
    -5.917145691623));
#3239 = CARTESIAN_POINT('',(-11.70675066361,-29.46976123114,
    -5.862539811975));
#3240 = CARTESIAN_POINT('',(-10.68711932093,-29.84231928819,
    -5.807597724435));
#3241 = CARTESIAN_POINT('',(-9.169500610716,-30.32839122699,
    -5.72548938968));
#3242 = CARTESIAN_POINT('',(-8.674832324765,-30.4761409054,
    -5.69867424192));
#3243 = CARTESIAN_POINT('',(-8.179592815017,-30.61355497386,
    -5.671735071145));
#3244 = CARTESIAN_POINT('',(-7.684229446356,-30.74069159417,
    -5.644655170652));
#3245 = CARTESIAN_POINT('',(-7.189159414269,-30.85764465915,
    -5.617416553891));
#3246 = CARTESIAN_POINT('',(-6.694769551707,-30.96453553098,-5.59));
#3247 = PCURVE('',#1344,#3248);
#3248 = DEFINITIONAL_REPRESENTATION('',(#3249),#3272);
#3249 = B_SPLINE_CURVE_WITH_KNOTS('',6,(#3250,#3251,#3252,#3253,#3254,
    #3255,#3256,#3257,#3258,#3259,#3260,#3261,#3262,#3263,#3264,#3265,
    #3266,#3267,#3268,#3269,#3270,#3271),.UNSPECIFIED.,.F.,.F.,(7,5,5,5,
    7),(0.,0.163319393476,0.49987037016,0.837328146596,1.),
  .UNSPECIFIED.);
#3250 = CARTESIAN_POINT('',(3.32,0.));
#3251 = CARTESIAN_POINT('',(3.160856732525,2.808744485561E-02));
#3252 = CARTESIAN_POINT('',(3.010600295254,5.599187401376E-02));
#3253 = CARTESIAN_POINT('',(2.869545243121,8.373313395839E-02));
#3254 = CARTESIAN_POINT('',(2.737996663272,0.111329793014));
#3255 = CARTESIAN_POINT('',(2.616242393271,0.138799093511));
#3256 = CARTESIAN_POINT('',(2.274371801504,0.222532926577));
#3257 = CARTESIAN_POINT('',(2.086872964921,0.27844335777));
#3258 = CARTESIAN_POINT('',(1.944425363783,0.334013197267));
#3259 = CARTESIAN_POINT('',(1.848772022706,0.389367241283));
#3260 = CARTESIAN_POINT('',(1.800908392422,0.444622897881));
#3261 = CARTESIAN_POINT('',(1.800724089279,0.555270526121));
#3262 = CARTESIAN_POINT('',(1.848661174676,0.610674791615));
#3263 = CARTESIAN_POINT('',(1.944648227474,0.666177865691));
#3264 = CARTESIAN_POINT('',(2.087680849259,0.721898151046));
#3265 = CARTESIAN_POINT('',(2.275999516701,0.777961505679));
#3266 = CARTESIAN_POINT('',(2.61865777852,0.861745520735));
#3267 = CARTESIAN_POINT('',(2.740083981987,0.889107916409));
#3268 = CARTESIAN_POINT('',(2.871223578948,0.916596866179));
#3269 = CARTESIAN_POINT('',(3.011792004144,0.944229417702));
#3270 = CARTESIAN_POINT('',(3.161487751092,0.972023924601));
#3271 = CARTESIAN_POINT('',(3.32,1.));
#3272 = ( GEOMETRIC_REPRESENTATION_CONTEXT(2) 
PARAMETRIC_REPRESENTATION_CONTEXT() REPRESENTATION_CONTEXT('2D SPACE',''
  ) );
#3273 = PCURVE('',#2848,#3274);
#3274 = DEFINITIONAL_REPRESENTATION('',(#3275),#3298);
#3275 = B_SPLINE_CURVE_WITH_KNOTS('',6,(#3276,#3277,#3278,#3279,#3280,
    #3281,#3282,#3283,#3284,#3285,#3286,#3287,#3288,#3289,#3290,#3291,
    #3292,#3293,#3294,#3295,#3296,#3297),.UNSPECIFIED.,.F.,.F.,(7,5,5,5,
    7),(0.,0.163319393476,0.49987037016,0.837328146596,1.),
  .UNSPECIFIED.);
#3276 = CARTESIAN_POINT('',(3.892084231947,4.95));
#3277 = CARTESIAN_POINT('',(3.908114117808,4.977525695958));
#3278 = CARTESIAN_POINT('',(3.924232814476,5.004872036533));
#3279 = CARTESIAN_POINT('',(3.940436470913,5.032058471279));
#3280 = CARTESIAN_POINT('',(3.956720525832,5.059103197154));
#3281 = CARTESIAN_POINT('',(3.973079564606,5.086023111641));
#3282 = CARTESIAN_POINT('',(4.023359424855,5.168082268045));
#3283 = CARTESIAN_POINT('',(4.057507590787,5.222874490614));
#3284 = CARTESIAN_POINT('',(4.091887524145,5.277332933321));
#3285 = CARTESIAN_POINT('',(4.126431330379,5.331579896458));
#3286 = CARTESIAN_POINT('',(4.16106325829,5.385730439924));
#3287 = CARTESIAN_POINT('',(4.230412987513,5.494165115599));
#3288 = CARTESIAN_POINT('',(4.265138520046,5.548461295783));
#3289 = CARTESIAN_POINT('',(4.29977544414,5.602854308377));
#3290 = CARTESIAN_POINT('',(4.334247417524,5.657460188025));
#3291 = CARTESIAN_POINT('',(4.368486036411,5.712402275565));
#3292 = CARTESIAN_POINT('',(4.41878779424,5.79451061032));
#3293 = CARTESIAN_POINT('',(4.435080782843,5.82132575808));
#3294 = CARTESIAN_POINT('',(4.451299317102,5.848264928855));
#3295 = CARTESIAN_POINT('',(4.467438052838,5.875344829348));
#3296 = CARTESIAN_POINT('',(4.48349248584,5.902583446109));
#3297 = CARTESIAN_POINT('',(4.499458811641,5.93));
#3298 = ( GEOMETRIC_REPRESENTATION_CONTEXT(2) 
PARAMETRIC_REPRESENTATION_CONTEXT() REPRESENTATION_CONTEXT('2D SPACE',''
  ) );
#3299 = ORIENTED_EDGE('',*,*,#3117,.T.);
#3300 = ORIENTED_EDGE('',*,*,#1290,.F.);
#3301 = ADVANCED_FACE('',(#3302),#1395,.T.);
#3302 = FACE_BOUND('',#3303,.T.);
#3303 = EDGE_LOOP('',(#3304,#3327,#3354,#3355));
#3304 = ORIENTED_EDGE('',*,*,#3305,.F.);
#3305 = EDGE_CURVE('',#3306,#1376,#3308,.T.);
#3306 = VERTEX_POINT('',#3307);
#3307 = CARTESIAN_POINT('',(-23.63141548703,-21.09925596031,-6.605));
#3308 = SURFACE_CURVE('',#3309,(#3313,#3320),.PCURVE_S1.);
#3309 = LINE('',#3310,#3311);
#3310 = CARTESIAN_POINT('',(-26.10794008984,-23.31041536019,-6.605));
#3311 = VECTOR('',#3312,1.);
#3312 = DIRECTION('',(-0.745941145424,-0.666011867434,0.));
#3313 = PCURVE('',#1395,#3314);
#3314 = DEFINITIONAL_REPRESENTATION('',(#3315),#3319);
#3315 = LINE('',#3316,#3317);
#3316 = CARTESIAN_POINT('',(0.,0.));
#3317 = VECTOR('',#3318,1.);
#3318 = DIRECTION('',(-1.,0.));
#3319 = ( GEOMETRIC_REPRESENTATION_CONTEXT(2) 
PARAMETRIC_REPRESENTATION_CONTEXT() REPRESENTATION_CONTEXT('2D SPACE',''
  ) );
#3320 = PCURVE('',#1422,#3321);
#3321 = DEFINITIONAL_REPRESENTATION('',(#3322),#3326);
#3322 = LINE('',#3323,#3324);
#3323 = CARTESIAN_POINT('',(11.701209600324,3.259251277409));
#3324 = VECTOR('',#3325,1.);
#3325 = DIRECTION('',(0.945395584455,-0.325925127741));
#3326 = ( GEOMETRIC_REPRESENTATION_CONTEXT(2) 
PARAMETRIC_REPRESENTATION_CONTEXT() REPRESENTATION_CONTEXT('2D SPACE',''
  ) );
#3327 = ORIENTED_EDGE('',*,*,#3328,.T.);
#3328 = EDGE_CURVE('',#3306,#3200,#3329,.T.);
#3329 = SURFACE_CURVE('',#3330,(#3336,#3345),.PCURVE_S1.);
#3330 = B_SPLINE_CURVE_WITH_KNOTS('',4,(#3331,#3332,#3333,#3334,#3335),
  .UNSPECIFIED.,.F.,.F.,(5,5),(0.,1.),.PIECEWISE_BEZIER_KNOTS.);
#3331 = CARTESIAN_POINT('',(-23.63141548703,-21.09925596031,-6.605));
#3332 = CARTESIAN_POINT('',(-23.51726501311,-21.22710583722,
    -6.596249890803));
#3333 = CARTESIAN_POINT('',(-23.40217731228,-21.35414905547,-6.5875));
#3334 = CARTESIAN_POINT('',(-23.286175731,-21.480358371,-6.578750109196)
  );
#3335 = CARTESIAN_POINT('',(-23.16928526729,-21.60570804678,-6.57));
#3336 = PCURVE('',#1395,#3337);
#3337 = DEFINITIONAL_REPRESENTATION('',(#3338),#3344);
#3338 = B_SPLINE_CURVE_WITH_KNOTS('',4,(#3339,#3340,#3341,#3342,#3343),
  .UNSPECIFIED.,.F.,.F.,(5,5),(0.,1.),.PIECEWISE_BEZIER_KNOTS.);
#3339 = CARTESIAN_POINT('',(3.32,0.));
#3340 = CARTESIAN_POINT('',(3.318145265459,0.250003119901));
#3341 = CARTESIAN_POINT('',(3.317526647957,0.499999999999));
#3342 = CARTESIAN_POINT('',(3.318145265459,0.749996880102));
#3343 = CARTESIAN_POINT('',(3.32,1.));
#3344 = ( GEOMETRIC_REPRESENTATION_CONTEXT(2) 
PARAMETRIC_REPRESENTATION_CONTEXT() REPRESENTATION_CONTEXT('2D SPACE',''
  ) );
#3345 = PCURVE('',#2848,#3346);
#3346 = DEFINITIONAL_REPRESENTATION('',(#3347),#3353);
#3347 = B_SPLINE_CURVE_WITH_KNOTS('',4,(#3348,#3349,#3350,#3351,#3352),
  .UNSPECIFIED.,.F.,.F.,(5,5),(0.,1.),.PIECEWISE_BEZIER_KNOTS.);
#3348 = CARTESIAN_POINT('',(3.870442149223,4.915));
#3349 = CARTESIAN_POINT('',(3.875852315067,4.923750109197));
#3350 = CARTESIAN_POINT('',(3.881263190585,4.9325));
#3351 = CARTESIAN_POINT('',(3.886674066104,4.941249890804));
#3352 = CARTESIAN_POINT('',(3.892084231947,4.95));
#3353 = ( GEOMETRIC_REPRESENTATION_CONTEXT(2) 
PARAMETRIC_REPRESENTATION_CONTEXT() REPRESENTATION_CONTEXT('2D SPACE',''
  ) );
#3354 = ORIENTED_EDGE('',*,*,#3199,.T.);
#3355 = ORIENTED_EDGE('',*,*,#1375,.F.);
#3356 = ADVANCED_FACE('',(#3357),#1422,.F.);
#3357 = FACE_BOUND('',#3358,.F.);
#3358 = EDGE_LOOP('',(#3359,#3360,#3379,#3380));
#3359 = ORIENTED_EDGE('',*,*,#3305,.F.);
#3360 = ORIENTED_EDGE('',*,*,#3361,.F.);
#3361 = EDGE_CURVE('',#2813,#3306,#3362,.T.);
#3362 = SURFACE_CURVE('',#3363,(#3367,#3373),.PCURVE_S1.);
#3363 = LINE('',#3364,#3365);
#3364 = CARTESIAN_POINT('',(-23.63141548703,-21.09925596031,-11.52));
#3365 = VECTOR('',#3366,1.);
#3366 = DIRECTION('',(0.,0.,1.));
#3367 = PCURVE('',#1422,#3368);
#3368 = DEFINITIONAL_REPRESENTATION('',(#3369),#3372);
#3369 = B_SPLINE_CURVE_WITH_KNOTS('',1,(#3370,#3371),.UNSPECIFIED.,.F.,
  .F.,(2,2),(0.9999994,8.3245775),.PIECEWISE_BEZIER_KNOTS.);
#3370 = CARTESIAN_POINT('',(7.286499189272,0.64009842113));
#3371 = CARTESIAN_POINT('',(9.673763242163,7.564722214866));
#3372 = ( GEOMETRIC_REPRESENTATION_CONTEXT(2) 
PARAMETRIC_REPRESENTATION_CONTEXT() REPRESENTATION_CONTEXT('2D SPACE',''
  ) );
#3373 = PCURVE('',#2848,#3374);
#3374 = DEFINITIONAL_REPRESENTATION('',(#3375),#3378);
#3375 = B_SPLINE_CURVE_WITH_KNOTS('',1,(#3376,#3377),.UNSPECIFIED.,.F.,
  .F.,(2,2),(0.9999994,8.3245775),.PIECEWISE_BEZIER_KNOTS.);
#3376 = CARTESIAN_POINT('',(3.870442149223,0.9999994));
#3377 = CARTESIAN_POINT('',(3.870442149223,8.3245775));
#3378 = ( GEOMETRIC_REPRESENTATION_CONTEXT(2) 
PARAMETRIC_REPRESENTATION_CONTEXT() REPRESENTATION_CONTEXT('2D SPACE',''
  ) );
#3379 = ORIENTED_EDGE('',*,*,#2812,.T.);
#3380 = ORIENTED_EDGE('',*,*,#1409,.T.);
#3381 = ADVANCED_FACE('',(#3382,#3385),#1475,.T.);
#3382 = FACE_BOUND('',#3383,.T.);
#3383 = EDGE_LOOP('',(#3384));
#3384 = ORIENTED_EDGE('',*,*,#1460,.T.);
#3385 = FACE_BOUND('',#3386,.T.);
#3386 = EDGE_LOOP('',(#3387,#3418,#3446,#3475,#3503,#3527,#3555,#3584,
    #3612,#3636,#3664,#3693));
#3387 = ORIENTED_EDGE('',*,*,#3388,.F.);
#3388 = EDGE_CURVE('',#3389,#3391,#3393,.T.);
#3389 = VERTEX_POINT('',#3390);
#3390 = CARTESIAN_POINT('',(26.124800179318,17.955077710517,-14.1));
#3391 = VERTEX_POINT('',#3392);
#3392 = CARTESIAN_POINT('',(-0.553241284061,31.695171936458,-14.1));
#3393 = SURFACE_CURVE('',#3394,(#3399,#3406),.PCURVE_S1.);
#3394 = CIRCLE('',#3395,31.7);
#3395 = AXIS2_PLACEMENT_3D('',#3396,#3397,#3398);
#3396 = CARTESIAN_POINT('',(0.,0.,-14.1));
#3397 = DIRECTION('',(0.,0.,1.));
#3398 = DIRECTION('',(1.,0.,-0.));
#3399 = PCURVE('',#1475,#3400);
#3400 = DEFINITIONAL_REPRESENTATION('',(#3401),#3405);
#3401 = CIRCLE('',#3402,31.7);
#3402 = AXIS2_PLACEMENT_2D('',#3403,#3404);
#3403 = CARTESIAN_POINT('',(0.,0.));
#3404 = DIRECTION('',(1.,0.));
#3405 = ( GEOMETRIC_REPRESENTATION_CONTEXT(2) 
PARAMETRIC_REPRESENTATION_CONTEXT() REPRESENTATION_CONTEXT('2D SPACE',''
  ) );
#3406 = PCURVE('',#3407,#3412);
#3407 = CYLINDRICAL_SURFACE('',#3408,31.7);
#3408 = AXIS2_PLACEMENT_3D('',#3409,#3410,#3411);
#3409 = CARTESIAN_POINT('',(0.,0.,-17.7));
#3410 = DIRECTION('',(0.,0.,1.));
#3411 = DIRECTION('',(1.,0.,-0.));
#3412 = DEFINITIONAL_REPRESENTATION('',(#3413),#3417);
#3413 = LINE('',#3414,#3415);
#3414 = CARTESIAN_POINT('',(0.,3.6));
#3415 = VECTOR('',#3416,1.);
#3416 = DIRECTION('',(1.,0.));
#3417 = ( GEOMETRIC_REPRESENTATION_CONTEXT(2) 
PARAMETRIC_REPRESENTATION_CONTEXT() REPRESENTATION_CONTEXT('2D SPACE',''
  ) );
#3418 = ORIENTED_EDGE('',*,*,#3419,.T.);
#3419 = EDGE_CURVE('',#3389,#3420,#3422,.T.);
#3420 = VERTEX_POINT('',#3421);
#3421 = CARTESIAN_POINT('',(28.926829220633,19.880858916062,-14.1));
#3422 = SURFACE_CURVE('',#3423,(#3427,#3434),.PCURVE_S1.);
#3423 = LINE('',#3424,#3425);
#3424 = CARTESIAN_POINT('',(0.,0.,-14.1));
#3425 = VECTOR('',#3426,1.);
#3426 = DIRECTION('',(0.824126188622,0.566406236925,0.));
#3427 = PCURVE('',#1475,#3428);
#3428 = DEFINITIONAL_REPRESENTATION('',(#3429),#3433);
#3429 = LINE('',#3430,#3431);
#3430 = CARTESIAN_POINT('',(0.,0.));
#3431 = VECTOR('',#3432,1.);
#3432 = DIRECTION('',(0.824126188622,0.566406236925));
#3433 = ( GEOMETRIC_REPRESENTATION_CONTEXT(2) 
PARAMETRIC_REPRESENTATION_CONTEXT() REPRESENTATION_CONTEXT('2D SPACE',''
  ) );
#3434 = PCURVE('',#3435,#3440);
#3435 = PLANE('',#3436);
#3436 = AXIS2_PLACEMENT_3D('',#3437,#3438,#3439);
#3437 = CARTESIAN_POINT('',(0.,0.,-17.3));
#3438 = DIRECTION('',(0.566406236925,-0.824126188622,0.));
#3439 = DIRECTION('',(0.824126188622,0.566406236925,0.));
#3440 = DEFINITIONAL_REPRESENTATION('',(#3441),#3445);
#3441 = LINE('',#3442,#3443);
#3442 = CARTESIAN_POINT('',(0.,3.2));
#3443 = VECTOR('',#3444,1.);
#3444 = DIRECTION('',(1.,0.));
#3445 = ( GEOMETRIC_REPRESENTATION_CONTEXT(2) 
PARAMETRIC_REPRESENTATION_CONTEXT() REPRESENTATION_CONTEXT('2D SPACE',''
  ) );
#3446 = ORIENTED_EDGE('',*,*,#3447,.F.);
#3447 = EDGE_CURVE('',#3448,#3420,#3450,.T.);
#3448 = VERTEX_POINT('',#3449);
#3449 = CARTESIAN_POINT('',(30.699151720593,-17.01681767064,-14.1));
#3450 = SURFACE_CURVE('',#3451,(#3456,#3463),.PCURVE_S1.);
#3451 = CIRCLE('',#3452,35.1);
#3452 = AXIS2_PLACEMENT_3D('',#3453,#3454,#3455);
#3453 = CARTESIAN_POINT('',(0.,0.,-14.1));
#3454 = DIRECTION('',(-0.,0.,1.));
#3455 = DIRECTION('',(0.874619707139,-0.484809620246,0.));
#3456 = PCURVE('',#1475,#3457);
#3457 = DEFINITIONAL_REPRESENTATION('',(#3458),#3462);
#3458 = CIRCLE('',#3459,35.1);
#3459 = AXIS2_PLACEMENT_2D('',#3460,#3461);
#3460 = CARTESIAN_POINT('',(0.,0.));
#3461 = DIRECTION('',(0.874619707139,-0.484809620246));
#3462 = ( GEOMETRIC_REPRESENTATION_CONTEXT(2) 
PARAMETRIC_REPRESENTATION_CONTEXT() REPRESENTATION_CONTEXT('2D SPACE',''
  ) );
#3463 = PCURVE('',#3464,#3469);
#3464 = CYLINDRICAL_SURFACE('',#3465,35.1);
#3465 = AXIS2_PLACEMENT_3D('',#3466,#3467,#3468);
#3466 = CARTESIAN_POINT('',(0.,0.,-17.3));
#3467 = DIRECTION('',(0.,0.,1.));
#3468 = DIRECTION('',(0.874619707139,-0.484809620246,0.));
#3469 = DEFINITIONAL_REPRESENTATION('',(#3470),#3474);
#3470 = LINE('',#3471,#3472);
#3471 = CARTESIAN_POINT('',(0.,3.2));
#3472 = VECTOR('',#3473,1.);
#3473 = DIRECTION('',(1.,0.));
#3474 = ( GEOMETRIC_REPRESENTATION_CONTEXT(2) 
PARAMETRIC_REPRESENTATION_CONTEXT() REPRESENTATION_CONTEXT('2D SPACE',''
  ) );
#3475 = ORIENTED_EDGE('',*,*,#3476,.F.);
#3476 = EDGE_CURVE('',#3477,#3448,#3479,.T.);
#3477 = VERTEX_POINT('',#3478);
#3478 = CARTESIAN_POINT('',(27.725444716319,-15.3684649618,-14.1));
#3479 = SURFACE_CURVE('',#3480,(#3484,#3491),.PCURVE_S1.);
#3480 = LINE('',#3481,#3482);
#3481 = CARTESIAN_POINT('',(0.,0.,-14.1));
#3482 = VECTOR('',#3483,1.);
#3483 = DIRECTION('',(0.874619707139,-0.484809620246,0.));
#3484 = PCURVE('',#1475,#3485);
#3485 = DEFINITIONAL_REPRESENTATION('',(#3486),#3490);
#3486 = LINE('',#3487,#3488);
#3487 = CARTESIAN_POINT('',(0.,0.));
#3488 = VECTOR('',#3489,1.);
#3489 = DIRECTION('',(0.874619707139,-0.484809620246));
#3490 = ( GEOMETRIC_REPRESENTATION_CONTEXT(2) 
PARAMETRIC_REPRESENTATION_CONTEXT() REPRESENTATION_CONTEXT('2D SPACE',''
  ) );
#3491 = PCURVE('',#3492,#3497);
#3492 = PLANE('',#3493);
#3493 = AXIS2_PLACEMENT_3D('',#3494,#3495,#3496);
#3494 = CARTESIAN_POINT('',(0.,0.,-17.3));
#3495 = DIRECTION('',(-0.484809620246,-0.874619707139,0.));
#3496 = DIRECTION('',(0.874619707139,-0.484809620246,0.));
#3497 = DEFINITIONAL_REPRESENTATION('',(#3498),#3502);
#3498 = LINE('',#3499,#3500);
#3499 = CARTESIAN_POINT('',(0.,3.2));
#3500 = VECTOR('',#3501,1.);
#3501 = DIRECTION('',(1.,0.));
#3502 = ( GEOMETRIC_REPRESENTATION_CONTEXT(2) 
PARAMETRIC_REPRESENTATION_CONTEXT() REPRESENTATION_CONTEXT('2D SPACE',''
  ) );
#3503 = ORIENTED_EDGE('',*,*,#3504,.F.);
#3504 = EDGE_CURVE('',#3505,#3477,#3507,.T.);
#3505 = VERTEX_POINT('',#3506);
#3506 = CARTESIAN_POINT('',(2.487153334572,-31.60227947934,-14.1));
#3507 = SURFACE_CURVE('',#3508,(#3513,#3520),.PCURVE_S1.);
#3508 = CIRCLE('',#3509,31.7);
#3509 = AXIS2_PLACEMENT_3D('',#3510,#3511,#3512);
#3510 = CARTESIAN_POINT('',(0.,0.,-14.1));
#3511 = DIRECTION('',(0.,0.,1.));
#3512 = DIRECTION('',(1.,0.,-0.));
#3513 = PCURVE('',#1475,#3514);
#3514 = DEFINITIONAL_REPRESENTATION('',(#3515),#3519);
#3515 = CIRCLE('',#3516,31.7);
#3516 = AXIS2_PLACEMENT_2D('',#3517,#3518);
#3517 = CARTESIAN_POINT('',(0.,0.));
#3518 = DIRECTION('',(1.,0.));
#3519 = ( GEOMETRIC_REPRESENTATION_CONTEXT(2) 
PARAMETRIC_REPRESENTATION_CONTEXT() REPRESENTATION_CONTEXT('2D SPACE',''
  ) );
#3520 = PCURVE('',#3407,#3521);
#3521 = DEFINITIONAL_REPRESENTATION('',(#3522),#3526);
#3522 = LINE('',#3523,#3524);
#3523 = CARTESIAN_POINT('',(0.,3.6));
#3524 = VECTOR('',#3525,1.);
#3525 = DIRECTION('',(1.,0.));
#3526 = ( GEOMETRIC_REPRESENTATION_CONTEXT(2) 
PARAMETRIC_REPRESENTATION_CONTEXT() REPRESENTATION_CONTEXT('2D SPACE',''
  ) );
#3527 = ORIENTED_EDGE('',*,*,#3528,.T.);
#3528 = EDGE_CURVE('',#3505,#3529,#3531,.T.);
#3529 = VERTEX_POINT('',#3530);
#3530 = CARTESIAN_POINT('',(2.753914260047,-34.99179841403,-14.1));
#3531 = SURFACE_CURVE('',#3532,(#3536,#3543),.PCURVE_S1.);
#3532 = LINE('',#3533,#3534);
#3533 = CARTESIAN_POINT('',(0.,0.,-14.1));
#3534 = VECTOR('',#3535,1.);
#3535 = DIRECTION('',(7.845909572784E-02,-0.996917333733,0.));
#3536 = PCURVE('',#1475,#3537);
#3537 = DEFINITIONAL_REPRESENTATION('',(#3538),#3542);
#3538 = LINE('',#3539,#3540);
#3539 = CARTESIAN_POINT('',(0.,0.));
#3540 = VECTOR('',#3541,1.);
#3541 = DIRECTION('',(7.845909572784E-02,-0.996917333733));
#3542 = ( GEOMETRIC_REPRESENTATION_CONTEXT(2) 
PARAMETRIC_REPRESENTATION_CONTEXT() REPRESENTATION_CONTEXT('2D SPACE',''
  ) );
#3543 = PCURVE('',#3544,#3549);
#3544 = PLANE('',#3545);
#3545 = AXIS2_PLACEMENT_3D('',#3546,#3547,#3548);
#3546 = CARTESIAN_POINT('',(0.,0.,-17.3));
#3547 = DIRECTION('',(-0.996917333733,-7.845909572784E-02,0.));
#3548 = DIRECTION('',(7.845909572784E-02,-0.996917333733,0.));
#3549 = DEFINITIONAL_REPRESENTATION('',(#3550),#3554);
#3550 = LINE('',#3551,#3552);
#3551 = CARTESIAN_POINT('',(0.,3.2));
#3552 = VECTOR('',#3553,1.);
#3553 = DIRECTION('',(1.,0.));
#3554 = ( GEOMETRIC_REPRESENTATION_CONTEXT(2) 
PARAMETRIC_REPRESENTATION_CONTEXT() REPRESENTATION_CONTEXT('2D SPACE',''
  ) );
#3555 = ORIENTED_EDGE('',*,*,#3556,.F.);
#3556 = EDGE_CURVE('',#3557,#3529,#3559,.T.);
#3557 = VERTEX_POINT('',#3558);
#3558 = CARTESIAN_POINT('',(-30.08657225464,-18.07783642934,-14.1));
#3559 = SURFACE_CURVE('',#3560,(#3565,#3572),.PCURVE_S1.);
#3560 = CIRCLE('',#3561,35.1);
#3561 = AXIS2_PLACEMENT_3D('',#3562,#3563,#3564);
#3562 = CARTESIAN_POINT('',(0.,0.,-14.1));
#3563 = DIRECTION('',(0.,0.,1.));
#3564 = DIRECTION('',(-0.857167300702,-0.51503807491,0.));
#3565 = PCURVE('',#1475,#3566);
#3566 = DEFINITIONAL_REPRESENTATION('',(#3567),#3571);
#3567 = CIRCLE('',#3568,35.1);
#3568 = AXIS2_PLACEMENT_2D('',#3569,#3570);
#3569 = CARTESIAN_POINT('',(0.,0.));
#3570 = DIRECTION('',(-0.857167300702,-0.51503807491));
#3571 = ( GEOMETRIC_REPRESENTATION_CONTEXT(2) 
PARAMETRIC_REPRESENTATION_CONTEXT() REPRESENTATION_CONTEXT('2D SPACE',''
  ) );
#3572 = PCURVE('',#3573,#3578);
#3573 = CYLINDRICAL_SURFACE('',#3574,35.1);
#3574 = AXIS2_PLACEMENT_3D('',#3575,#3576,#3577);
#3575 = CARTESIAN_POINT('',(0.,0.,-17.3));
#3576 = DIRECTION('',(0.,0.,1.));
#3577 = DIRECTION('',(-0.857167300702,-0.51503807491,0.));
#3578 = DEFINITIONAL_REPRESENTATION('',(#3579),#3583);
#3579 = LINE('',#3580,#3581);
#3580 = CARTESIAN_POINT('',(0.,3.2));
#3581 = VECTOR('',#3582,1.);
#3582 = DIRECTION('',(1.,0.));
#3583 = ( GEOMETRIC_REPRESENTATION_CONTEXT(2) 
PARAMETRIC_REPRESENTATION_CONTEXT() REPRESENTATION_CONTEXT('2D SPACE',''
  ) );
#3584 = ORIENTED_EDGE('',*,*,#3585,.F.);
#3585 = EDGE_CURVE('',#3586,#3557,#3588,.T.);
#3586 = VERTEX_POINT('',#3587);
#3587 = CARTESIAN_POINT('',(-27.17220343225,-16.32670697464,-14.1));
#3588 = SURFACE_CURVE('',#3589,(#3593,#3600),.PCURVE_S1.);
#3589 = LINE('',#3590,#3591);
#3590 = CARTESIAN_POINT('',(0.,0.,-14.1));
#3591 = VECTOR('',#3592,1.);
#3592 = DIRECTION('',(-0.857167300702,-0.51503807491,0.));
#3593 = PCURVE('',#1475,#3594);
#3594 = DEFINITIONAL_REPRESENTATION('',(#3595),#3599);
#3595 = LINE('',#3596,#3597);
#3596 = CARTESIAN_POINT('',(0.,0.));
#3597 = VECTOR('',#3598,1.);
#3598 = DIRECTION('',(-0.857167300702,-0.51503807491));
#3599 = ( GEOMETRIC_REPRESENTATION_CONTEXT(2) 
PARAMETRIC_REPRESENTATION_CONTEXT() REPRESENTATION_CONTEXT('2D SPACE',''
  ) );
#3600 = PCURVE('',#3601,#3606);
#3601 = PLANE('',#3602);
#3602 = AXIS2_PLACEMENT_3D('',#3603,#3604,#3605);
#3603 = CARTESIAN_POINT('',(0.,0.,-17.3));
#3604 = DIRECTION('',(-0.51503807491,0.857167300702,0.));
#3605 = DIRECTION('',(-0.857167300702,-0.51503807491,0.));
#3606 = DEFINITIONAL_REPRESENTATION('',(#3607),#3611);
#3607 = LINE('',#3608,#3609);
#3608 = CARTESIAN_POINT('',(0.,3.2));
#3609 = VECTOR('',#3610,1.);
#3610 = DIRECTION('',(1.,0.));
#3611 = ( GEOMETRIC_REPRESENTATION_CONTEXT(2) 
PARAMETRIC_REPRESENTATION_CONTEXT() REPRESENTATION_CONTEXT('2D SPACE',''
  ) );
#3612 = ORIENTED_EDGE('',*,*,#3613,.F.);
#3613 = EDGE_CURVE('',#3614,#3586,#3616,.T.);
#3614 = VERTEX_POINT('',#3615);
#3615 = CARTESIAN_POINT('',(-28.61195351389,13.647201768823,-14.1));
#3616 = SURFACE_CURVE('',#3617,(#3622,#3629),.PCURVE_S1.);
#3617 = CIRCLE('',#3618,31.7);
#3618 = AXIS2_PLACEMENT_3D('',#3619,#3620,#3621);
#3619 = CARTESIAN_POINT('',(0.,0.,-14.1));
#3620 = DIRECTION('',(0.,0.,1.));
#3621 = DIRECTION('',(1.,0.,-0.));
#3622 = PCURVE('',#1475,#3623);
#3623 = DEFINITIONAL_REPRESENTATION('',(#3624),#3628);
#3624 = CIRCLE('',#3625,31.7);
#3625 = AXIS2_PLACEMENT_2D('',#3626,#3627);
#3626 = CARTESIAN_POINT('',(0.,0.));
#3627 = DIRECTION('',(1.,0.));
#3628 = ( GEOMETRIC_REPRESENTATION_CONTEXT(2) 
PARAMETRIC_REPRESENTATION_CONTEXT() REPRESENTATION_CONTEXT('2D SPACE',''
  ) );
#3629 = PCURVE('',#3407,#3630);
#3630 = DEFINITIONAL_REPRESENTATION('',(#3631),#3635);
#3631 = LINE('',#3632,#3633);
#3632 = CARTESIAN_POINT('',(0.,3.6));
#3633 = VECTOR('',#3634,1.);
#3634 = DIRECTION('',(1.,0.));
#3635 = ( GEOMETRIC_REPRESENTATION_CONTEXT(2) 
PARAMETRIC_REPRESENTATION_CONTEXT() REPRESENTATION_CONTEXT('2D SPACE',''
  ) );
#3636 = ORIENTED_EDGE('',*,*,#3637,.T.);
#3637 = EDGE_CURVE('',#3614,#3638,#3640,.T.);
#3638 = VERTEX_POINT('',#3639);
#3639 = CARTESIAN_POINT('',(-31.68074348068,15.110939497971,-14.1));
#3640 = SURFACE_CURVE('',#3641,(#3645,#3652),.PCURVE_S1.);
#3641 = LINE('',#3642,#3643);
#3642 = CARTESIAN_POINT('',(0.,0.,-14.1));
#3643 = VECTOR('',#3644,1.);
#3644 = DIRECTION('',(-0.90258528435,0.430511096808,0.));
#3645 = PCURVE('',#1475,#3646);
#3646 = DEFINITIONAL_REPRESENTATION('',(#3647),#3651);
#3647 = LINE('',#3648,#3649);
#3648 = CARTESIAN_POINT('',(0.,0.));
#3649 = VECTOR('',#3650,1.);
#3650 = DIRECTION('',(-0.90258528435,0.430511096808));
#3651 = ( GEOMETRIC_REPRESENTATION_CONTEXT(2) 
PARAMETRIC_REPRESENTATION_CONTEXT() REPRESENTATION_CONTEXT('2D SPACE',''
  ) );
#3652 = PCURVE('',#3653,#3658);
#3653 = PLANE('',#3654);
#3654 = AXIS2_PLACEMENT_3D('',#3655,#3656,#3657);
#3655 = CARTESIAN_POINT('',(0.,0.,-17.3));
#3656 = DIRECTION('',(0.430511096808,0.90258528435,0.));
#3657 = DIRECTION('',(-0.90258528435,0.430511096808,0.));
#3658 = DEFINITIONAL_REPRESENTATION('',(#3659),#3663);
#3659 = LINE('',#3660,#3661);
#3660 = CARTESIAN_POINT('',(0.,3.2));
#3661 = VECTOR('',#3662,1.);
#3662 = DIRECTION('',(1.,0.));
#3663 = ( GEOMETRIC_REPRESENTATION_CONTEXT(2) 
PARAMETRIC_REPRESENTATION_CONTEXT() REPRESENTATION_CONTEXT('2D SPACE',''
  ) );
#3664 = ORIENTED_EDGE('',*,*,#3665,.F.);
#3665 = EDGE_CURVE('',#3666,#3638,#3668,.T.);
#3666 = VERTEX_POINT('',#3667);
#3667 = CARTESIAN_POINT('',(-0.612579465949,35.094654099989,-14.1));
#3668 = SURFACE_CURVE('',#3669,(#3674,#3681),.PCURVE_S1.);
#3669 = CIRCLE('',#3670,35.1);
#3670 = AXIS2_PLACEMENT_3D('',#3671,#3672,#3673);
#3671 = CARTESIAN_POINT('',(0.,0.,-14.1));
#3672 = DIRECTION('',(0.,0.,1.));
#3673 = DIRECTION('',(-1.745240643728E-02,0.999847695156,0.));
#3674 = PCURVE('',#1475,#3675);
#3675 = DEFINITIONAL_REPRESENTATION('',(#3676),#3680);
#3676 = CIRCLE('',#3677,35.1);
#3677 = AXIS2_PLACEMENT_2D('',#3678,#3679);
#3678 = CARTESIAN_POINT('',(0.,0.));
#3679 = DIRECTION('',(-1.745240643728E-02,0.999847695156));
#3680 = ( GEOMETRIC_REPRESENTATION_CONTEXT(2) 
PARAMETRIC_REPRESENTATION_CONTEXT() REPRESENTATION_CONTEXT('2D SPACE',''
  ) );
#3681 = PCURVE('',#3682,#3687);
#3682 = CYLINDRICAL_SURFACE('',#3683,35.1);
#3683 = AXIS2_PLACEMENT_3D('',#3684,#3685,#3686);
#3684 = CARTESIAN_POINT('',(0.,0.,-17.3));
#3685 = DIRECTION('',(0.,0.,1.));
#3686 = DIRECTION('',(-1.745240643728E-02,0.999847695156,0.));
#3687 = DEFINITIONAL_REPRESENTATION('',(#3688),#3692);
#3688 = LINE('',#3689,#3690);
#3689 = CARTESIAN_POINT('',(0.,3.2));
#3690 = VECTOR('',#3691,1.);
#3691 = DIRECTION('',(1.,0.));
#3692 = ( GEOMETRIC_REPRESENTATION_CONTEXT(2) 
PARAMETRIC_REPRESENTATION_CONTEXT() REPRESENTATION_CONTEXT('2D SPACE',''
  ) );
#3693 = ORIENTED_EDGE('',*,*,#3694,.F.);
#3694 = EDGE_CURVE('',#3391,#3666,#3695,.T.);
#3695 = SURFACE_CURVE('',#3696,(#3700,#3707),.PCURVE_S1.);
#3696 = LINE('',#3697,#3698);
#3697 = CARTESIAN_POINT('',(0.,0.,-14.1));
#3698 = VECTOR('',#3699,1.);
#3699 = DIRECTION('',(-1.745240643728E-02,0.999847695156,0.));
#3700 = PCURVE('',#1475,#3701);
#3701 = DEFINITIONAL_REPRESENTATION('',(#3702),#3706);
#3702 = LINE('',#3703,#3704);
#3703 = CARTESIAN_POINT('',(0.,0.));
#3704 = VECTOR('',#3705,1.);
#3705 = DIRECTION('',(-1.745240643728E-02,0.999847695156));
#3706 = ( GEOMETRIC_REPRESENTATION_CONTEXT(2) 
PARAMETRIC_REPRESENTATION_CONTEXT() REPRESENTATION_CONTEXT('2D SPACE',''
  ) );
#3707 = PCURVE('',#3708,#3713);
#3708 = PLANE('',#3709);
#3709 = AXIS2_PLACEMENT_3D('',#3710,#3711,#3712);
#3710 = CARTESIAN_POINT('',(0.,0.,-17.3));
#3711 = DIRECTION('',(0.999847695156,1.745240643728E-02,0.));
#3712 = DIRECTION('',(-1.745240643728E-02,0.999847695156,0.));
#3713 = DEFINITIONAL_REPRESENTATION('',(#3714),#3718);
#3714 = LINE('',#3715,#3716);
#3715 = CARTESIAN_POINT('',(0.,3.2));
#3716 = VECTOR('',#3717,1.);
#3717 = DIRECTION('',(1.,0.));
#3718 = ( GEOMETRIC_REPRESENTATION_CONTEXT(2) 
PARAMETRIC_REPRESENTATION_CONTEXT() REPRESENTATION_CONTEXT('2D SPACE',''
  ) );
#3719 = ADVANCED_FACE('',(#3720),#1528,.F.);
#3720 = FACE_BOUND('',#3721,.F.);
#3721 = EDGE_LOOP('',(#3722,#3723,#3724,#3725,#3726,#3727,#3728,#3729,
    #3730,#3731));
#3722 = ORIENTED_EDGE('',*,*,#2062,.F.);
#3723 = ORIENTED_EDGE('',*,*,#2156,.T.);
#3724 = ORIENTED_EDGE('',*,*,#2110,.T.);
#3725 = ORIENTED_EDGE('',*,*,#2030,.T.);
#3726 = ORIENTED_EDGE('',*,*,#1878,.F.);
#3727 = ORIENTED_EDGE('',*,*,#1796,.T.);
#3728 = ORIENTED_EDGE('',*,*,#1697,.T.);
#3729 = ORIENTED_EDGE('',*,*,#1642,.T.);
#3730 = ORIENTED_EDGE('',*,*,#1513,.T.);
#3731 = ORIENTED_EDGE('',*,*,#1566,.T.);
#3732 = ADVANCED_FACE('',(#3733),#1755,.T.);
#3733 = FACE_BOUND('',#3734,.T.);
#3734 = EDGE_LOOP('',(#3735,#3736,#3759,#3786));
#3735 = ORIENTED_EDGE('',*,*,#1738,.F.);
#3736 = ORIENTED_EDGE('',*,*,#3737,.F.);
#3737 = EDGE_CURVE('',#3738,#1739,#3740,.T.);
#3738 = VERTEX_POINT('',#3739);
#3739 = CARTESIAN_POINT('',(43.1,-1.055645540865E-14,-19.94));
#3740 = SEAM_CURVE('',#3741,(#3745,#3752),.PCURVE_S1.);
#3741 = LINE('',#3742,#3743);
#3742 = CARTESIAN_POINT('',(43.1,-1.055645540865E-14,-19.94));
#3743 = VECTOR('',#3744,1.);
#3744 = DIRECTION('',(0.,0.,1.));
#3745 = PCURVE('',#1755,#3746);
#3746 = DEFINITIONAL_REPRESENTATION('',(#3747),#3751);
#3747 = LINE('',#3748,#3749);
#3748 = CARTESIAN_POINT('',(6.28318530718,-0.));
#3749 = VECTOR('',#3750,1.);
#3750 = DIRECTION('',(0.,1.));
#3751 = ( GEOMETRIC_REPRESENTATION_CONTEXT(2) 
PARAMETRIC_REPRESENTATION_CONTEXT() REPRESENTATION_CONTEXT('2D SPACE',''
  ) );
#3752 = PCURVE('',#1755,#3753);
#3753 = DEFINITIONAL_REPRESENTATION('',(#3754),#3758);
#3754 = LINE('',#3755,#3756);
#3755 = CARTESIAN_POINT('',(0.,-0.));
#3756 = VECTOR('',#3757,1.);
#3757 = DIRECTION('',(0.,1.));
#3758 = ( GEOMETRIC_REPRESENTATION_CONTEXT(2) 
PARAMETRIC_REPRESENTATION_CONTEXT() REPRESENTATION_CONTEXT('2D SPACE',''
  ) );
#3759 = ORIENTED_EDGE('',*,*,#3760,.T.);
#3760 = EDGE_CURVE('',#3738,#3738,#3761,.T.);
#3761 = SURFACE_CURVE('',#3762,(#3767,#3774),.PCURVE_S1.);
#3762 = CIRCLE('',#3763,43.1);
#3763 = AXIS2_PLACEMENT_3D('',#3764,#3765,#3766);
#3764 = CARTESIAN_POINT('',(0.,0.,-19.94));
#3765 = DIRECTION('',(0.,0.,1.));
#3766 = DIRECTION('',(1.,0.,-0.));
#3767 = PCURVE('',#1755,#3768);
#3768 = DEFINITIONAL_REPRESENTATION('',(#3769),#3773);
#3769 = LINE('',#3770,#3771);
#3770 = CARTESIAN_POINT('',(0.,0.));
#3771 = VECTOR('',#3772,1.);
#3772 = DIRECTION('',(1.,0.));
#3773 = ( GEOMETRIC_REPRESENTATION_CONTEXT(2) 
PARAMETRIC_REPRESENTATION_CONTEXT() REPRESENTATION_CONTEXT('2D SPACE',''
  ) );
#3774 = PCURVE('',#3775,#3780);
#3775 = PLANE('',#3776);
#3776 = AXIS2_PLACEMENT_3D('',#3777,#3778,#3779);
#3777 = CARTESIAN_POINT('',(-1.100073611893E-09,-1.188874775473E-09,
    -19.94));
#3778 = DIRECTION('',(0.,0.,1.));
#3779 = DIRECTION('',(1.,0.,-0.));
#3780 = DEFINITIONAL_REPRESENTATION('',(#3781),#3785);
#3781 = CIRCLE('',#3782,43.1);
#3782 = AXIS2_PLACEMENT_2D('',#3783,#3784);
#3783 = CARTESIAN_POINT('',(1.100073611893E-09,1.188874775473E-09));
#3784 = DIRECTION('',(1.,0.));
#3785 = ( GEOMETRIC_REPRESENTATION_CONTEXT(2) 
PARAMETRIC_REPRESENTATION_CONTEXT() REPRESENTATION_CONTEXT('2D SPACE',''
  ) );
#3786 = ORIENTED_EDGE('',*,*,#3737,.T.);
#3787 = ADVANCED_FACE('',(#3788),#2242,.F.);
#3788 = FACE_BOUND('',#3789,.F.);
#3789 = EDGE_LOOP('',(#3790,#3791,#3792,#3793,#3794,#3795,#3796,#3797,
    #3798,#3799));
#3790 = ORIENTED_EDGE('',*,*,#2328,.F.);
#3791 = ORIENTED_EDGE('',*,*,#2257,.F.);
#3792 = ORIENTED_EDGE('',*,*,#2227,.T.);
#3793 = ORIENTED_EDGE('',*,*,#2764,.T.);
#3794 = ORIENTED_EDGE('',*,*,#2731,.T.);
#3795 = ORIENTED_EDGE('',*,*,#2625,.T.);
#3796 = ORIENTED_EDGE('',*,*,#2543,.T.);
#3797 = ORIENTED_EDGE('',*,*,#2479,.T.);
#3798 = ORIENTED_EDGE('',*,*,#2424,.T.);
#3799 = ORIENTED_EDGE('',*,*,#2355,.T.);
#3800 = ADVANCED_FACE('',(#3801),#2848,.F.);
#3801 = FACE_BOUND('',#3802,.F.);
#3802 = EDGE_LOOP('',(#3803,#3804,#3805,#3806,#3807,#3808,#3809,#3810,
    #3811,#3812));
#3803 = ORIENTED_EDGE('',*,*,#2934,.F.);
#3804 = ORIENTED_EDGE('',*,*,#2863,.F.);
#3805 = ORIENTED_EDGE('',*,*,#2833,.T.);
#3806 = ORIENTED_EDGE('',*,*,#3361,.T.);
#3807 = ORIENTED_EDGE('',*,*,#3328,.T.);
#3808 = ORIENTED_EDGE('',*,*,#3222,.T.);
#3809 = ORIENTED_EDGE('',*,*,#3140,.T.);
#3810 = ORIENTED_EDGE('',*,*,#3085,.T.);
#3811 = ORIENTED_EDGE('',*,*,#3030,.T.);
#3812 = ORIENTED_EDGE('',*,*,#2961,.T.);
#3813 = ADVANCED_FACE('',(#3814),#3407,.F.);
#3814 = FACE_BOUND('',#3815,.F.);
#3815 = EDGE_LOOP('',(#3816,#3817,#3838,#3867,#3890,#3917,#3918,#3942,
    #3961,#3962,#3983,#4012,#4031,#4032,#4053,#4082));
#3816 = ORIENTED_EDGE('',*,*,#3388,.F.);
#3817 = ORIENTED_EDGE('',*,*,#3818,.F.);
#3818 = EDGE_CURVE('',#3819,#3389,#3821,.T.);
#3819 = VERTEX_POINT('',#3820);
#3820 = CARTESIAN_POINT('',(26.124800179318,17.955077710517,-17.3));
#3821 = SURFACE_CURVE('',#3822,(#3826,#3832),.PCURVE_S1.);
#3822 = LINE('',#3823,#3824);
#3823 = CARTESIAN_POINT('',(26.124800179318,17.955077710517,-17.7));
#3824 = VECTOR('',#3825,1.);
#3825 = DIRECTION('',(0.,0.,1.));
#3826 = PCURVE('',#3407,#3827);
#3827 = DEFINITIONAL_REPRESENTATION('',(#3828),#3831);
#3828 = B_SPLINE_CURVE_WITH_KNOTS('',1,(#3829,#3830),.UNSPECIFIED.,.F.,
  .F.,(2,2),(8.E-02,3.6000006),.PIECEWISE_BEZIER_KNOTS.);
#3829 = CARTESIAN_POINT('',(0.602138591938,8.E-02));
#3830 = CARTESIAN_POINT('',(0.602138591938,3.6000006));
#3831 = ( GEOMETRIC_REPRESENTATION_CONTEXT(2) 
PARAMETRIC_REPRESENTATION_CONTEXT() REPRESENTATION_CONTEXT('2D SPACE',''
  ) );
#3832 = PCURVE('',#3435,#3833);
#3833 = DEFINITIONAL_REPRESENTATION('',(#3834),#3837);
#3834 = B_SPLINE_CURVE_WITH_KNOTS('',1,(#3835,#3836),.UNSPECIFIED.,.F.,
  .F.,(2,2),(8.E-02,3.6000006),.PIECEWISE_BEZIER_KNOTS.);
#3835 = CARTESIAN_POINT('',(31.7,-0.32));
#3836 = CARTESIAN_POINT('',(31.7,3.2000006));
#3837 = ( GEOMETRIC_REPRESENTATION_CONTEXT(2) 
PARAMETRIC_REPRESENTATION_CONTEXT() REPRESENTATION_CONTEXT('2D SPACE',''
  ) );
#3838 = ORIENTED_EDGE('',*,*,#3839,.F.);
#3839 = EDGE_CURVE('',#3840,#3819,#3842,.T.);
#3840 = VERTEX_POINT('',#3841);
#3841 = CARTESIAN_POINT('',(31.7,-7.764260706594E-15,-17.3));
#3842 = SURFACE_CURVE('',#3843,(#3848,#3855),.PCURVE_S1.);
#3843 = CIRCLE('',#3844,31.7);
#3844 = AXIS2_PLACEMENT_3D('',#3845,#3846,#3847);
#3845 = CARTESIAN_POINT('',(0.,0.,-17.3));
#3846 = DIRECTION('',(0.,0.,1.));
#3847 = DIRECTION('',(1.,0.,-0.));
#3848 = PCURVE('',#3407,#3849);
#3849 = DEFINITIONAL_REPRESENTATION('',(#3850),#3854);
#3850 = LINE('',#3851,#3852);
#3851 = CARTESIAN_POINT('',(0.,0.4));
#3852 = VECTOR('',#3853,1.);
#3853 = DIRECTION('',(1.,0.));
#3854 = ( GEOMETRIC_REPRESENTATION_CONTEXT(2) 
PARAMETRIC_REPRESENTATION_CONTEXT() REPRESENTATION_CONTEXT('2D SPACE',''
  ) );
#3855 = PCURVE('',#3856,#3861);
#3856 = PLANE('',#3857);
#3857 = AXIS2_PLACEMENT_3D('',#3858,#3859,#3860);
#3858 = CARTESIAN_POINT('',(0.,0.,-17.3));
#3859 = DIRECTION('',(0.,0.,1.));
#3860 = DIRECTION('',(0.874619707139,-0.484809620246,0.));
#3861 = DEFINITIONAL_REPRESENTATION('',(#3862),#3866);
#3862 = CIRCLE('',#3863,31.7);
#3863 = AXIS2_PLACEMENT_2D('',#3864,#3865);
#3864 = CARTESIAN_POINT('',(0.,0.));
#3865 = DIRECTION('',(0.874619707139,0.484809620246));
#3866 = ( GEOMETRIC_REPRESENTATION_CONTEXT(2) 
PARAMETRIC_REPRESENTATION_CONTEXT() REPRESENTATION_CONTEXT('2D SPACE',''
  ) );
#3867 = ORIENTED_EDGE('',*,*,#3868,.F.);
#3868 = EDGE_CURVE('',#3869,#3840,#3871,.T.);
#3869 = VERTEX_POINT('',#3870);
#3870 = CARTESIAN_POINT('',(31.7,-7.764260706594E-15,-17.7));
#3871 = SEAM_CURVE('',#3872,(#3876,#3883),.PCURVE_S1.);
#3872 = LINE('',#3873,#3874);
#3873 = CARTESIAN_POINT('',(31.7,-7.764260706594E-15,-17.7));
#3874 = VECTOR('',#3875,1.);
#3875 = DIRECTION('',(0.,0.,1.));
#3876 = PCURVE('',#3407,#3877);
#3877 = DEFINITIONAL_REPRESENTATION('',(#3878),#3882);
#3878 = LINE('',#3879,#3880);
#3879 = CARTESIAN_POINT('',(6.28318530718,-0.));
#3880 = VECTOR('',#3881,1.);
#3881 = DIRECTION('',(0.,1.));
#3882 = ( GEOMETRIC_REPRESENTATION_CONTEXT(2) 
PARAMETRIC_REPRESENTATION_CONTEXT() REPRESENTATION_CONTEXT('2D SPACE',''
  ) );
#3883 = PCURVE('',#3407,#3884);
#3884 = DEFINITIONAL_REPRESENTATION('',(#3885),#3889);
#3885 = LINE('',#3886,#3887);
#3886 = CARTESIAN_POINT('',(0.,-0.));
#3887 = VECTOR('',#3888,1.);
#3888 = DIRECTION('',(0.,1.));
#3889 = ( GEOMETRIC_REPRESENTATION_CONTEXT(2) 
PARAMETRIC_REPRESENTATION_CONTEXT() REPRESENTATION_CONTEXT('2D SPACE',''
  ) );
#3890 = ORIENTED_EDGE('',*,*,#3891,.T.);
#3891 = EDGE_CURVE('',#3869,#3869,#3892,.T.);
#3892 = SURFACE_CURVE('',#3893,(#3898,#3905),.PCURVE_S1.);
#3893 = CIRCLE('',#3894,31.7);
#3894 = AXIS2_PLACEMENT_3D('',#3895,#3896,#3897);
#3895 = CARTESIAN_POINT('',(0.,0.,-17.7));
#3896 = DIRECTION('',(0.,0.,1.));
#3897 = DIRECTION('',(1.,0.,-0.));
#3898 = PCURVE('',#3407,#3899);
#3899 = DEFINITIONAL_REPRESENTATION('',(#3900),#3904);
#3900 = LINE('',#3901,#3902);
#3901 = CARTESIAN_POINT('',(0.,0.));
#3902 = VECTOR('',#3903,1.);
#3903 = DIRECTION('',(1.,0.));
#3904 = ( GEOMETRIC_REPRESENTATION_CONTEXT(2) 
PARAMETRIC_REPRESENTATION_CONTEXT() REPRESENTATION_CONTEXT('2D SPACE',''
  ) );
#3905 = PCURVE('',#3906,#3911);
#3906 = PLANE('',#3907);
#3907 = AXIS2_PLACEMENT_3D('',#3908,#3909,#3910);
#3908 = CARTESIAN_POINT('',(0.,0.,-17.7));
#3909 = DIRECTION('',(0.,0.,1.));
#3910 = DIRECTION('',(1.,0.,-0.));
#3911 = DEFINITIONAL_REPRESENTATION('',(#3912),#3916);
#3912 = CIRCLE('',#3913,31.7);
#3913 = AXIS2_PLACEMENT_2D('',#3914,#3915);
#3914 = CARTESIAN_POINT('',(0.,0.));
#3915 = DIRECTION('',(1.,0.));
#3916 = ( GEOMETRIC_REPRESENTATION_CONTEXT(2) 
PARAMETRIC_REPRESENTATION_CONTEXT() REPRESENTATION_CONTEXT('2D SPACE',''
  ) );
#3917 = ORIENTED_EDGE('',*,*,#3868,.T.);
#3918 = ORIENTED_EDGE('',*,*,#3919,.F.);
#3919 = EDGE_CURVE('',#3920,#3840,#3922,.T.);
#3920 = VERTEX_POINT('',#3921);
#3921 = CARTESIAN_POINT('',(27.725444716319,-15.3684649618,-17.3));
#3922 = SURFACE_CURVE('',#3923,(#3928,#3935),.PCURVE_S1.);
#3923 = CIRCLE('',#3924,31.7);
#3924 = AXIS2_PLACEMENT_3D('',#3925,#3926,#3927);
#3925 = CARTESIAN_POINT('',(0.,0.,-17.3));
#3926 = DIRECTION('',(0.,0.,1.));
#3927 = DIRECTION('',(1.,0.,-0.));
#3928 = PCURVE('',#3407,#3929);
#3929 = DEFINITIONAL_REPRESENTATION('',(#3930),#3934);
#3930 = LINE('',#3931,#3932);
#3931 = CARTESIAN_POINT('',(0.,0.4));
#3932 = VECTOR('',#3933,1.);
#3933 = DIRECTION('',(1.,0.));
#3934 = ( GEOMETRIC_REPRESENTATION_CONTEXT(2) 
PARAMETRIC_REPRESENTATION_CONTEXT() REPRESENTATION_CONTEXT('2D SPACE',''
  ) );
#3935 = PCURVE('',#3856,#3936);
#3936 = DEFINITIONAL_REPRESENTATION('',(#3937),#3941);
#3937 = CIRCLE('',#3938,31.7);
#3938 = AXIS2_PLACEMENT_2D('',#3939,#3940);
#3939 = CARTESIAN_POINT('',(0.,0.));
#3940 = DIRECTION('',(0.874619707139,0.484809620246));
#3941 = ( GEOMETRIC_REPRESENTATION_CONTEXT(2) 
PARAMETRIC_REPRESENTATION_CONTEXT() REPRESENTATION_CONTEXT('2D SPACE',''
  ) );
#3942 = ORIENTED_EDGE('',*,*,#3943,.T.);
#3943 = EDGE_CURVE('',#3920,#3477,#3944,.T.);
#3944 = SURFACE_CURVE('',#3945,(#3949,#3955),.PCURVE_S1.);
#3945 = LINE('',#3946,#3947);
#3946 = CARTESIAN_POINT('',(27.725444716319,-15.3684649618,-17.7));
#3947 = VECTOR('',#3948,1.);
#3948 = DIRECTION('',(0.,0.,1.));
#3949 = PCURVE('',#3407,#3950);
#3950 = DEFINITIONAL_REPRESENTATION('',(#3951),#3954);
#3951 = B_SPLINE_CURVE_WITH_KNOTS('',1,(#3952,#3953),.UNSPECIFIED.,.F.,
  .F.,(2,2),(8.E-02,3.6000006),.PIECEWISE_BEZIER_KNOTS.);
#3952 = CARTESIAN_POINT('',(5.777039824101,8.E-02));
#3953 = CARTESIAN_POINT('',(5.777039824101,3.6000006));
#3954 = ( GEOMETRIC_REPRESENTATION_CONTEXT(2) 
PARAMETRIC_REPRESENTATION_CONTEXT() REPRESENTATION_CONTEXT('2D SPACE',''
  ) );
#3955 = PCURVE('',#3492,#3956);
#3956 = DEFINITIONAL_REPRESENTATION('',(#3957),#3960);
#3957 = B_SPLINE_CURVE_WITH_KNOTS('',1,(#3958,#3959),.UNSPECIFIED.,.F.,
  .F.,(2,2),(8.E-02,3.6000006),.PIECEWISE_BEZIER_KNOTS.);
#3958 = CARTESIAN_POINT('',(31.7,-0.32));
#3959 = CARTESIAN_POINT('',(31.7,3.2000006));
#3960 = ( GEOMETRIC_REPRESENTATION_CONTEXT(2) 
PARAMETRIC_REPRESENTATION_CONTEXT() REPRESENTATION_CONTEXT('2D SPACE',''
  ) );
#3961 = ORIENTED_EDGE('',*,*,#3504,.F.);
#3962 = ORIENTED_EDGE('',*,*,#3963,.F.);
#3963 = EDGE_CURVE('',#3964,#3505,#3966,.T.);
#3964 = VERTEX_POINT('',#3965);
#3965 = CARTESIAN_POINT('',(2.487153334573,-31.60227947934,-17.3));
#3966 = SURFACE_CURVE('',#3967,(#3971,#3977),.PCURVE_S1.);
#3967 = LINE('',#3968,#3969);
#3968 = CARTESIAN_POINT('',(2.487153334573,-31.60227947934,-17.7));
#3969 = VECTOR('',#3970,1.);
#3970 = DIRECTION('',(0.,0.,1.));
#3971 = PCURVE('',#3407,#3972);
#3972 = DEFINITIONAL_REPRESENTATION('',(#3973),#3976);
#3973 = B_SPLINE_CURVE_WITH_KNOTS('',1,(#3974,#3975),.UNSPECIFIED.,.F.,
  .F.,(2,2),(8.E-02,3.6000006),.PIECEWISE_BEZIER_KNOTS.);
#3974 = CARTESIAN_POINT('',(4.790928796724,8.E-02));
#3975 = CARTESIAN_POINT('',(4.790928796724,3.6000006));
#3976 = ( GEOMETRIC_REPRESENTATION_CONTEXT(2) 
PARAMETRIC_REPRESENTATION_CONTEXT() REPRESENTATION_CONTEXT('2D SPACE',''
  ) );
#3977 = PCURVE('',#3544,#3978);
#3978 = DEFINITIONAL_REPRESENTATION('',(#3979),#3982);
#3979 = B_SPLINE_CURVE_WITH_KNOTS('',1,(#3980,#3981),.UNSPECIFIED.,.F.,
  .F.,(2,2),(8.E-02,3.6000006),.PIECEWISE_BEZIER_KNOTS.);
#3980 = CARTESIAN_POINT('',(31.7,-0.32));
#3981 = CARTESIAN_POINT('',(31.7,3.2000006));
#3982 = ( GEOMETRIC_REPRESENTATION_CONTEXT(2) 
PARAMETRIC_REPRESENTATION_CONTEXT() REPRESENTATION_CONTEXT('2D SPACE',''
  ) );
#3983 = ORIENTED_EDGE('',*,*,#3984,.F.);
#3984 = EDGE_CURVE('',#3985,#3964,#3987,.T.);
#3985 = VERTEX_POINT('',#3986);
#3986 = CARTESIAN_POINT('',(-27.17220343225,-16.32670697464,-17.3));
#3987 = SURFACE_CURVE('',#3988,(#3993,#4000),.PCURVE_S1.);
#3988 = CIRCLE('',#3989,31.7);
#3989 = AXIS2_PLACEMENT_3D('',#3990,#3991,#3992);
#3990 = CARTESIAN_POINT('',(0.,0.,-17.3));
#3991 = DIRECTION('',(0.,0.,1.));
#3992 = DIRECTION('',(1.,0.,-0.));
#3993 = PCURVE('',#3407,#3994);
#3994 = DEFINITIONAL_REPRESENTATION('',(#3995),#3999);
#3995 = LINE('',#3996,#3997);
#3996 = CARTESIAN_POINT('',(0.,0.4));
#3997 = VECTOR('',#3998,1.);
#3998 = DIRECTION('',(1.,0.));
#3999 = ( GEOMETRIC_REPRESENTATION_CONTEXT(2) 
PARAMETRIC_REPRESENTATION_CONTEXT() REPRESENTATION_CONTEXT('2D SPACE',''
  ) );
#4000 = PCURVE('',#4001,#4006);
#4001 = PLANE('',#4002);
#4002 = AXIS2_PLACEMENT_3D('',#4003,#4004,#4005);
#4003 = CARTESIAN_POINT('',(0.,0.,-17.3));
#4004 = DIRECTION('',(0.,0.,1.));
#4005 = DIRECTION('',(-0.857167300702,-0.51503807491,0.));
#4006 = DEFINITIONAL_REPRESENTATION('',(#4007),#4011);
#4007 = CIRCLE('',#4008,31.7);
#4008 = AXIS2_PLACEMENT_2D('',#4009,#4010);
#4009 = CARTESIAN_POINT('',(0.,0.));
#4010 = DIRECTION('',(-0.857167300702,0.51503807491));
#4011 = ( GEOMETRIC_REPRESENTATION_CONTEXT(2) 
PARAMETRIC_REPRESENTATION_CONTEXT() REPRESENTATION_CONTEXT('2D SPACE',''
  ) );
#4012 = ORIENTED_EDGE('',*,*,#4013,.T.);
#4013 = EDGE_CURVE('',#3985,#3586,#4014,.T.);
#4014 = SURFACE_CURVE('',#4015,(#4019,#4025),.PCURVE_S1.);
#4015 = LINE('',#4016,#4017);
#4016 = CARTESIAN_POINT('',(-27.17220343225,-16.32670697464,-17.7));
#4017 = VECTOR('',#4018,1.);
#4018 = DIRECTION('',(0.,0.,1.));
#4019 = PCURVE('',#3407,#4020);
#4020 = DEFINITIONAL_REPRESENTATION('',(#4021),#4024);
#4021 = B_SPLINE_CURVE_WITH_KNOTS('',1,(#4022,#4023),.UNSPECIFIED.,.F.,
  .F.,(2,2),(8.E-02,3.6000006),.PIECEWISE_BEZIER_KNOTS.);
#4022 = CARTESIAN_POINT('',(3.682644721708,8.E-02));
#4023 = CARTESIAN_POINT('',(3.682644721708,3.6000006));
#4024 = ( GEOMETRIC_REPRESENTATION_CONTEXT(2) 
PARAMETRIC_REPRESENTATION_CONTEXT() REPRESENTATION_CONTEXT('2D SPACE',''
  ) );
#4025 = PCURVE('',#3601,#4026);
#4026 = DEFINITIONAL_REPRESENTATION('',(#4027),#4030);
#4027 = B_SPLINE_CURVE_WITH_KNOTS('',1,(#4028,#4029),.UNSPECIFIED.,.F.,
  .F.,(2,2),(8.E-02,3.6000006),.PIECEWISE_BEZIER_KNOTS.);
#4028 = CARTESIAN_POINT('',(31.7,-0.32));
#4029 = CARTESIAN_POINT('',(31.7,3.2000006));
#4030 = ( GEOMETRIC_REPRESENTATION_CONTEXT(2) 
PARAMETRIC_REPRESENTATION_CONTEXT() REPRESENTATION_CONTEXT('2D SPACE',''
  ) );
#4031 = ORIENTED_EDGE('',*,*,#3613,.F.);
#4032 = ORIENTED_EDGE('',*,*,#4033,.F.);
#4033 = EDGE_CURVE('',#4034,#3614,#4036,.T.);
#4034 = VERTEX_POINT('',#4035);
#4035 = CARTESIAN_POINT('',(-28.61195351389,13.647201768823,-17.3));
#4036 = SURFACE_CURVE('',#4037,(#4041,#4047),.PCURVE_S1.);
#4037 = LINE('',#4038,#4039);
#4038 = CARTESIAN_POINT('',(-28.61195351389,13.647201768823,-17.7));
#4039 = VECTOR('',#4040,1.);
#4040 = DIRECTION('',(0.,0.,1.));
#4041 = PCURVE('',#3407,#4042);
#4042 = DEFINITIONAL_REPRESENTATION('',(#4043),#4046);
#4043 = B_SPLINE_CURVE_WITH_KNOTS('',1,(#4044,#4045),.UNSPECIFIED.,.F.,
  .F.,(2,2),(8.E-02,3.6000006),.PIECEWISE_BEZIER_KNOTS.);
#4044 = CARTESIAN_POINT('',(2.696533694331,8.E-02));
#4045 = CARTESIAN_POINT('',(2.696533694331,3.6000006));
#4046 = ( GEOMETRIC_REPRESENTATION_CONTEXT(2) 
PARAMETRIC_REPRESENTATION_CONTEXT() REPRESENTATION_CONTEXT('2D SPACE',''
  ) );
#4047 = PCURVE('',#3653,#4048);
#4048 = DEFINITIONAL_REPRESENTATION('',(#4049),#4052);
#4049 = B_SPLINE_CURVE_WITH_KNOTS('',1,(#4050,#4051),.UNSPECIFIED.,.F.,
  .F.,(2,2),(8.E-02,3.6000006),.PIECEWISE_BEZIER_KNOTS.);
#4050 = CARTESIAN_POINT('',(31.7,-0.32));
#4051 = CARTESIAN_POINT('',(31.7,3.2000006));
#4052 = ( GEOMETRIC_REPRESENTATION_CONTEXT(2) 
PARAMETRIC_REPRESENTATION_CONTEXT() REPRESENTATION_CONTEXT('2D SPACE',''
  ) );
#4053 = ORIENTED_EDGE('',*,*,#4054,.F.);
#4054 = EDGE_CURVE('',#4055,#4034,#4057,.T.);
#4055 = VERTEX_POINT('',#4056);
#4056 = CARTESIAN_POINT('',(-0.553241284062,31.695171936458,-17.3));
#4057 = SURFACE_CURVE('',#4058,(#4063,#4070),.PCURVE_S1.);
#4058 = CIRCLE('',#4059,31.7);
#4059 = AXIS2_PLACEMENT_3D('',#4060,#4061,#4062);
#4060 = CARTESIAN_POINT('',(0.,0.,-17.3));
#4061 = DIRECTION('',(0.,0.,1.));
#4062 = DIRECTION('',(1.,0.,-0.));
#4063 = PCURVE('',#3407,#4064);
#4064 = DEFINITIONAL_REPRESENTATION('',(#4065),#4069);
#4065 = LINE('',#4066,#4067);
#4066 = CARTESIAN_POINT('',(0.,0.4));
#4067 = VECTOR('',#4068,1.);
#4068 = DIRECTION('',(1.,0.));
#4069 = ( GEOMETRIC_REPRESENTATION_CONTEXT(2) 
PARAMETRIC_REPRESENTATION_CONTEXT() REPRESENTATION_CONTEXT('2D SPACE',''
  ) );
#4070 = PCURVE('',#4071,#4076);
#4071 = PLANE('',#4072);
#4072 = AXIS2_PLACEMENT_3D('',#4073,#4074,#4075);
#4073 = CARTESIAN_POINT('',(0.,0.,-17.3));
#4074 = DIRECTION('',(0.,0.,1.));
#4075 = DIRECTION('',(-1.745240643728E-02,0.999847695156,0.));
#4076 = DEFINITIONAL_REPRESENTATION('',(#4077),#4081);
#4077 = CIRCLE('',#4078,31.7);
#4078 = AXIS2_PLACEMENT_2D('',#4079,#4080);
#4079 = CARTESIAN_POINT('',(0.,0.));
#4080 = DIRECTION('',(-1.745240643728E-02,-0.999847695156));
#4081 = ( GEOMETRIC_REPRESENTATION_CONTEXT(2) 
PARAMETRIC_REPRESENTATION_CONTEXT() REPRESENTATION_CONTEXT('2D SPACE',''
  ) );
#4082 = ORIENTED_EDGE('',*,*,#4083,.T.);
#4083 = EDGE_CURVE('',#4055,#3391,#4084,.T.);
#4084 = SURFACE_CURVE('',#4085,(#4089,#4095),.PCURVE_S1.);
#4085 = LINE('',#4086,#4087);
#4086 = CARTESIAN_POINT('',(-0.553241284062,31.695171936458,-17.7));
#4087 = VECTOR('',#4088,1.);
#4088 = DIRECTION('',(0.,0.,1.));
#4089 = PCURVE('',#3407,#4090);
#4090 = DEFINITIONAL_REPRESENTATION('',(#4091),#4094);
#4091 = B_SPLINE_CURVE_WITH_KNOTS('',1,(#4092,#4093),.UNSPECIFIED.,.F.,
  .F.,(2,2),(8.E-02,3.6000006),.PIECEWISE_BEZIER_KNOTS.);
#4092 = CARTESIAN_POINT('',(1.588249619315,8.E-02));
#4093 = CARTESIAN_POINT('',(1.588249619315,3.6000006));
#4094 = ( GEOMETRIC_REPRESENTATION_CONTEXT(2) 
PARAMETRIC_REPRESENTATION_CONTEXT() REPRESENTATION_CONTEXT('2D SPACE',''
  ) );
#4095 = PCURVE('',#3708,#4096);
#4096 = DEFINITIONAL_REPRESENTATION('',(#4097),#4100);
#4097 = B_SPLINE_CURVE_WITH_KNOTS('',1,(#4098,#4099),.UNSPECIFIED.,.F.,
  .F.,(2,2),(8.E-02,3.6000006),.PIECEWISE_BEZIER_KNOTS.);
#4098 = CARTESIAN_POINT('',(31.7,-0.32));
#4099 = CARTESIAN_POINT('',(31.7,3.2000006));
#4100 = ( GEOMETRIC_REPRESENTATION_CONTEXT(2) 
PARAMETRIC_REPRESENTATION_CONTEXT() REPRESENTATION_CONTEXT('2D SPACE',''
  ) );
#4101 = ADVANCED_FACE('',(#4102),#3708,.F.);
#4102 = FACE_BOUND('',#4103,.F.);
#4103 = EDGE_LOOP('',(#4104,#4105,#4128,#4149));
#4104 = ORIENTED_EDGE('',*,*,#4083,.F.);
#4105 = ORIENTED_EDGE('',*,*,#4106,.T.);
#4106 = EDGE_CURVE('',#4055,#4107,#4109,.T.);
#4107 = VERTEX_POINT('',#4108);
#4108 = CARTESIAN_POINT('',(-0.612579465949,35.094654099989,-17.3));
#4109 = SURFACE_CURVE('',#4110,(#4114,#4121),.PCURVE_S1.);
#4110 = LINE('',#4111,#4112);
#4111 = CARTESIAN_POINT('',(0.,0.,-17.3));
#4112 = VECTOR('',#4113,1.);
#4113 = DIRECTION('',(-1.745240643728E-02,0.999847695156,0.));
#4114 = PCURVE('',#3708,#4115);
#4115 = DEFINITIONAL_REPRESENTATION('',(#4116),#4120);
#4116 = LINE('',#4117,#4118);
#4117 = CARTESIAN_POINT('',(0.,0.));
#4118 = VECTOR('',#4119,1.);
#4119 = DIRECTION('',(1.,0.));
#4120 = ( GEOMETRIC_REPRESENTATION_CONTEXT(2) 
PARAMETRIC_REPRESENTATION_CONTEXT() REPRESENTATION_CONTEXT('2D SPACE',''
  ) );
#4121 = PCURVE('',#4071,#4122);
#4122 = DEFINITIONAL_REPRESENTATION('',(#4123),#4127);
#4123 = LINE('',#4124,#4125);
#4124 = CARTESIAN_POINT('',(0.,0.));
#4125 = VECTOR('',#4126,1.);
#4126 = DIRECTION('',(1.,0.));
#4127 = ( GEOMETRIC_REPRESENTATION_CONTEXT(2) 
PARAMETRIC_REPRESENTATION_CONTEXT() REPRESENTATION_CONTEXT('2D SPACE',''
  ) );
#4128 = ORIENTED_EDGE('',*,*,#4129,.T.);
#4129 = EDGE_CURVE('',#4107,#3666,#4130,.T.);
#4130 = SURFACE_CURVE('',#4131,(#4135,#4142),.PCURVE_S1.);
#4131 = LINE('',#4132,#4133);
#4132 = CARTESIAN_POINT('',(-0.612579465949,35.094654099989,-17.3));
#4133 = VECTOR('',#4134,1.);
#4134 = DIRECTION('',(0.,0.,1.));
#4135 = PCURVE('',#3708,#4136);
#4136 = DEFINITIONAL_REPRESENTATION('',(#4137),#4141);
#4137 = LINE('',#4138,#4139);
#4138 = CARTESIAN_POINT('',(35.1,0.));
#4139 = VECTOR('',#4140,1.);
#4140 = DIRECTION('',(0.,1.));
#4141 = ( GEOMETRIC_REPRESENTATION_CONTEXT(2) 
PARAMETRIC_REPRESENTATION_CONTEXT() REPRESENTATION_CONTEXT('2D SPACE',''
  ) );
#4142 = PCURVE('',#3682,#4143);
#4143 = DEFINITIONAL_REPRESENTATION('',(#4144),#4148);
#4144 = LINE('',#4145,#4146);
#4145 = CARTESIAN_POINT('',(0.,-0.));
#4146 = VECTOR('',#4147,1.);
#4147 = DIRECTION('',(0.,1.));
#4148 = ( GEOMETRIC_REPRESENTATION_CONTEXT(2) 
PARAMETRIC_REPRESENTATION_CONTEXT() REPRESENTATION_CONTEXT('2D SPACE',''
  ) );
#4149 = ORIENTED_EDGE('',*,*,#3694,.F.);
#4150 = ADVANCED_FACE('',(#4151),#3682,.F.);
#4151 = FACE_BOUND('',#4152,.F.);
#4152 = EDGE_LOOP('',(#4153,#4154,#4155,#4179));
#4153 = ORIENTED_EDGE('',*,*,#3665,.F.);
#4154 = ORIENTED_EDGE('',*,*,#4129,.F.);
#4155 = ORIENTED_EDGE('',*,*,#4156,.T.);
#4156 = EDGE_CURVE('',#4107,#4157,#4159,.T.);
#4157 = VERTEX_POINT('',#4158);
#4158 = CARTESIAN_POINT('',(-31.68074348068,15.110939497971,-17.3));
#4159 = SURFACE_CURVE('',#4160,(#4165,#4172),.PCURVE_S1.);
#4160 = CIRCLE('',#4161,35.1);
#4161 = AXIS2_PLACEMENT_3D('',#4162,#4163,#4164);
#4162 = CARTESIAN_POINT('',(0.,0.,-17.3));
#4163 = DIRECTION('',(0.,0.,1.));
#4164 = DIRECTION('',(-1.745240643728E-02,0.999847695156,0.));
#4165 = PCURVE('',#3682,#4166);
#4166 = DEFINITIONAL_REPRESENTATION('',(#4167),#4171);
#4167 = LINE('',#4168,#4169);
#4168 = CARTESIAN_POINT('',(0.,0.));
#4169 = VECTOR('',#4170,1.);
#4170 = DIRECTION('',(1.,0.));
#4171 = ( GEOMETRIC_REPRESENTATION_CONTEXT(2) 
PARAMETRIC_REPRESENTATION_CONTEXT() REPRESENTATION_CONTEXT('2D SPACE',''
  ) );
#4172 = PCURVE('',#4071,#4173);
#4173 = DEFINITIONAL_REPRESENTATION('',(#4174),#4178);
#4174 = CIRCLE('',#4175,35.1);
#4175 = AXIS2_PLACEMENT_2D('',#4176,#4177);
#4176 = CARTESIAN_POINT('',(0.,0.));
#4177 = DIRECTION('',(1.,0.));
#4178 = ( GEOMETRIC_REPRESENTATION_CONTEXT(2) 
PARAMETRIC_REPRESENTATION_CONTEXT() REPRESENTATION_CONTEXT('2D SPACE',''
  ) );
#4179 = ORIENTED_EDGE('',*,*,#4180,.T.);
#4180 = EDGE_CURVE('',#4157,#3638,#4181,.T.);
#4181 = SURFACE_CURVE('',#4182,(#4186,#4193),.PCURVE_S1.);
#4182 = LINE('',#4183,#4184);
#4183 = CARTESIAN_POINT('',(-31.68074348068,15.110939497971,-17.3));
#4184 = VECTOR('',#4185,1.);
#4185 = DIRECTION('',(0.,0.,1.));
#4186 = PCURVE('',#3682,#4187);
#4187 = DEFINITIONAL_REPRESENTATION('',(#4188),#4192);
#4188 = LINE('',#4189,#4190);
#4189 = CARTESIAN_POINT('',(1.108284075016,-0.));
#4190 = VECTOR('',#4191,1.);
#4191 = DIRECTION('',(0.,1.));
#4192 = ( GEOMETRIC_REPRESENTATION_CONTEXT(2) 
PARAMETRIC_REPRESENTATION_CONTEXT() REPRESENTATION_CONTEXT('2D SPACE',''
  ) );
#4193 = PCURVE('',#3653,#4194);
#4194 = DEFINITIONAL_REPRESENTATION('',(#4195),#4199);
#4195 = LINE('',#4196,#4197);
#4196 = CARTESIAN_POINT('',(35.1,0.));
#4197 = VECTOR('',#4198,1.);
#4198 = DIRECTION('',(0.,1.));
#4199 = ( GEOMETRIC_REPRESENTATION_CONTEXT(2) 
PARAMETRIC_REPRESENTATION_CONTEXT() REPRESENTATION_CONTEXT('2D SPACE',''
  ) );
#4200 = ADVANCED_FACE('',(#4201),#3653,.T.);
#4201 = FACE_BOUND('',#4202,.T.);
#4202 = EDGE_LOOP('',(#4203,#4204,#4205,#4226));
#4203 = ORIENTED_EDGE('',*,*,#3637,.F.);
#4204 = ORIENTED_EDGE('',*,*,#4033,.F.);
#4205 = ORIENTED_EDGE('',*,*,#4206,.T.);
#4206 = EDGE_CURVE('',#4034,#4157,#4207,.T.);
#4207 = SURFACE_CURVE('',#4208,(#4212,#4219),.PCURVE_S1.);
#4208 = LINE('',#4209,#4210);
#4209 = CARTESIAN_POINT('',(0.,0.,-17.3));
#4210 = VECTOR('',#4211,1.);
#4211 = DIRECTION('',(-0.90258528435,0.430511096808,0.));
#4212 = PCURVE('',#3653,#4213);
#4213 = DEFINITIONAL_REPRESENTATION('',(#4214),#4218);
#4214 = LINE('',#4215,#4216);
#4215 = CARTESIAN_POINT('',(0.,0.));
#4216 = VECTOR('',#4217,1.);
#4217 = DIRECTION('',(1.,0.));
#4218 = ( GEOMETRIC_REPRESENTATION_CONTEXT(2) 
PARAMETRIC_REPRESENTATION_CONTEXT() REPRESENTATION_CONTEXT('2D SPACE',''
  ) );
#4219 = PCURVE('',#4071,#4220);
#4220 = DEFINITIONAL_REPRESENTATION('',(#4221),#4225);
#4221 = LINE('',#4222,#4223);
#4222 = CARTESIAN_POINT('',(0.,0.));
#4223 = VECTOR('',#4224,1.);
#4224 = DIRECTION('',(0.44619781311,0.894934361602));
#4225 = ( GEOMETRIC_REPRESENTATION_CONTEXT(2) 
PARAMETRIC_REPRESENTATION_CONTEXT() REPRESENTATION_CONTEXT('2D SPACE',''
  ) );
#4226 = ORIENTED_EDGE('',*,*,#4180,.T.);
#4227 = ADVANCED_FACE('',(#4228),#3601,.F.);
#4228 = FACE_BOUND('',#4229,.F.);
#4229 = EDGE_LOOP('',(#4230,#4231,#4254,#4275));
#4230 = ORIENTED_EDGE('',*,*,#4013,.F.);
#4231 = ORIENTED_EDGE('',*,*,#4232,.T.);
#4232 = EDGE_CURVE('',#3985,#4233,#4235,.T.);
#4233 = VERTEX_POINT('',#4234);
#4234 = CARTESIAN_POINT('',(-30.08657225464,-18.07783642934,-17.3));
#4235 = SURFACE_CURVE('',#4236,(#4240,#4247),.PCURVE_S1.);
#4236 = LINE('',#4237,#4238);
#4237 = CARTESIAN_POINT('',(0.,0.,-17.3));
#4238 = VECTOR('',#4239,1.);
#4239 = DIRECTION('',(-0.857167300702,-0.51503807491,0.));
#4240 = PCURVE('',#3601,#4241);
#4241 = DEFINITIONAL_REPRESENTATION('',(#4242),#4246);
#4242 = LINE('',#4243,#4244);
#4243 = CARTESIAN_POINT('',(0.,0.));
#4244 = VECTOR('',#4245,1.);
#4245 = DIRECTION('',(1.,0.));
#4246 = ( GEOMETRIC_REPRESENTATION_CONTEXT(2) 
PARAMETRIC_REPRESENTATION_CONTEXT() REPRESENTATION_CONTEXT('2D SPACE',''
  ) );
#4247 = PCURVE('',#4001,#4248);
#4248 = DEFINITIONAL_REPRESENTATION('',(#4249),#4253);
#4249 = LINE('',#4250,#4251);
#4250 = CARTESIAN_POINT('',(0.,0.));
#4251 = VECTOR('',#4252,1.);
#4252 = DIRECTION('',(1.,0.));
#4253 = ( GEOMETRIC_REPRESENTATION_CONTEXT(2) 
PARAMETRIC_REPRESENTATION_CONTEXT() REPRESENTATION_CONTEXT('2D SPACE',''
  ) );
#4254 = ORIENTED_EDGE('',*,*,#4255,.T.);
#4255 = EDGE_CURVE('',#4233,#3557,#4256,.T.);
#4256 = SURFACE_CURVE('',#4257,(#4261,#4268),.PCURVE_S1.);
#4257 = LINE('',#4258,#4259);
#4258 = CARTESIAN_POINT('',(-30.08657225464,-18.07783642934,-17.3));
#4259 = VECTOR('',#4260,1.);
#4260 = DIRECTION('',(0.,0.,1.));
#4261 = PCURVE('',#3601,#4262);
#4262 = DEFINITIONAL_REPRESENTATION('',(#4263),#4267);
#4263 = LINE('',#4264,#4265);
#4264 = CARTESIAN_POINT('',(35.1,0.));
#4265 = VECTOR('',#4266,1.);
#4266 = DIRECTION('',(0.,1.));
#4267 = ( GEOMETRIC_REPRESENTATION_CONTEXT(2) 
PARAMETRIC_REPRESENTATION_CONTEXT() REPRESENTATION_CONTEXT('2D SPACE',''
  ) );
#4268 = PCURVE('',#3573,#4269);
#4269 = DEFINITIONAL_REPRESENTATION('',(#4270),#4274);
#4270 = LINE('',#4271,#4272);
#4271 = CARTESIAN_POINT('',(0.,-0.));
#4272 = VECTOR('',#4273,1.);
#4273 = DIRECTION('',(0.,1.));
#4274 = ( GEOMETRIC_REPRESENTATION_CONTEXT(2) 
PARAMETRIC_REPRESENTATION_CONTEXT() REPRESENTATION_CONTEXT('2D SPACE',''
  ) );
#4275 = ORIENTED_EDGE('',*,*,#3585,.F.);
#4276 = ADVANCED_FACE('',(#4277),#3573,.F.);
#4277 = FACE_BOUND('',#4278,.F.);
#4278 = EDGE_LOOP('',(#4279,#4280,#4281,#4305));
#4279 = ORIENTED_EDGE('',*,*,#3556,.F.);
#4280 = ORIENTED_EDGE('',*,*,#4255,.F.);
#4281 = ORIENTED_EDGE('',*,*,#4282,.T.);
#4282 = EDGE_CURVE('',#4233,#4283,#4285,.T.);
#4283 = VERTEX_POINT('',#4284);
#4284 = CARTESIAN_POINT('',(2.753914260047,-34.99179841403,-17.3));
#4285 = SURFACE_CURVE('',#4286,(#4291,#4298),.PCURVE_S1.);
#4286 = CIRCLE('',#4287,35.1);
#4287 = AXIS2_PLACEMENT_3D('',#4288,#4289,#4290);
#4288 = CARTESIAN_POINT('',(0.,0.,-17.3));
#4289 = DIRECTION('',(0.,0.,1.));
#4290 = DIRECTION('',(-0.857167300702,-0.51503807491,0.));
#4291 = PCURVE('',#3573,#4292);
#4292 = DEFINITIONAL_REPRESENTATION('',(#4293),#4297);
#4293 = LINE('',#4294,#4295);
#4294 = CARTESIAN_POINT('',(0.,0.));
#4295 = VECTOR('',#4296,1.);
#4296 = DIRECTION('',(1.,0.));
#4297 = ( GEOMETRIC_REPRESENTATION_CONTEXT(2) 
PARAMETRIC_REPRESENTATION_CONTEXT() REPRESENTATION_CONTEXT('2D SPACE',''
  ) );
#4298 = PCURVE('',#4001,#4299);
#4299 = DEFINITIONAL_REPRESENTATION('',(#4300),#4304);
#4300 = CIRCLE('',#4301,35.1);
#4301 = AXIS2_PLACEMENT_2D('',#4302,#4303);
#4302 = CARTESIAN_POINT('',(0.,0.));
#4303 = DIRECTION('',(1.,0.));
#4304 = ( GEOMETRIC_REPRESENTATION_CONTEXT(2) 
PARAMETRIC_REPRESENTATION_CONTEXT() REPRESENTATION_CONTEXT('2D SPACE',''
  ) );
#4305 = ORIENTED_EDGE('',*,*,#4306,.T.);
#4306 = EDGE_CURVE('',#4283,#3529,#4307,.T.);
#4307 = SURFACE_CURVE('',#4308,(#4312,#4319),.PCURVE_S1.);
#4308 = LINE('',#4309,#4310);
#4309 = CARTESIAN_POINT('',(2.753914260047,-34.99179841403,-17.3));
#4310 = VECTOR('',#4311,1.);
#4311 = DIRECTION('',(0.,0.,1.));
#4312 = PCURVE('',#3573,#4313);
#4313 = DEFINITIONAL_REPRESENTATION('',(#4314),#4318);
#4314 = LINE('',#4315,#4316);
#4315 = CARTESIAN_POINT('',(1.108284075016,-0.));
#4316 = VECTOR('',#4317,1.);
#4317 = DIRECTION('',(0.,1.));
#4318 = ( GEOMETRIC_REPRESENTATION_CONTEXT(2) 
PARAMETRIC_REPRESENTATION_CONTEXT() REPRESENTATION_CONTEXT('2D SPACE',''
  ) );
#4319 = PCURVE('',#3544,#4320);
#4320 = DEFINITIONAL_REPRESENTATION('',(#4321),#4325);
#4321 = LINE('',#4322,#4323);
#4322 = CARTESIAN_POINT('',(35.1,0.));
#4323 = VECTOR('',#4324,1.);
#4324 = DIRECTION('',(0.,1.));
#4325 = ( GEOMETRIC_REPRESENTATION_CONTEXT(2) 
PARAMETRIC_REPRESENTATION_CONTEXT() REPRESENTATION_CONTEXT('2D SPACE',''
  ) );
#4326 = ADVANCED_FACE('',(#4327),#3544,.T.);
#4327 = FACE_BOUND('',#4328,.T.);
#4328 = EDGE_LOOP('',(#4329,#4330,#4331,#4352));
#4329 = ORIENTED_EDGE('',*,*,#3528,.F.);
#4330 = ORIENTED_EDGE('',*,*,#3963,.F.);
#4331 = ORIENTED_EDGE('',*,*,#4332,.T.);
#4332 = EDGE_CURVE('',#3964,#4283,#4333,.T.);
#4333 = SURFACE_CURVE('',#4334,(#4338,#4345),.PCURVE_S1.);
#4334 = LINE('',#4335,#4336);
#4335 = CARTESIAN_POINT('',(0.,0.,-17.3));
#4336 = VECTOR('',#4337,1.);
#4337 = DIRECTION('',(7.845909572784E-02,-0.996917333733,0.));
#4338 = PCURVE('',#3544,#4339);
#4339 = DEFINITIONAL_REPRESENTATION('',(#4340),#4344);
#4340 = LINE('',#4341,#4342);
#4341 = CARTESIAN_POINT('',(0.,0.));
#4342 = VECTOR('',#4343,1.);
#4343 = DIRECTION('',(1.,0.));
#4344 = ( GEOMETRIC_REPRESENTATION_CONTEXT(2) 
PARAMETRIC_REPRESENTATION_CONTEXT() REPRESENTATION_CONTEXT('2D SPACE',''
  ) );
#4345 = PCURVE('',#4001,#4346);
#4346 = DEFINITIONAL_REPRESENTATION('',(#4347),#4351);
#4347 = LINE('',#4348,#4349);
#4348 = CARTESIAN_POINT('',(0.,0.));
#4349 = VECTOR('',#4350,1.);
#4350 = DIRECTION('',(0.44619781311,0.894934361602));
#4351 = ( GEOMETRIC_REPRESENTATION_CONTEXT(2) 
PARAMETRIC_REPRESENTATION_CONTEXT() REPRESENTATION_CONTEXT('2D SPACE',''
  ) );
#4352 = ORIENTED_EDGE('',*,*,#4306,.T.);
#4353 = ADVANCED_FACE('',(#4354),#3492,.F.);
#4354 = FACE_BOUND('',#4355,.F.);
#4355 = EDGE_LOOP('',(#4356,#4357,#4380,#4401));
#4356 = ORIENTED_EDGE('',*,*,#3943,.F.);
#4357 = ORIENTED_EDGE('',*,*,#4358,.T.);
#4358 = EDGE_CURVE('',#3920,#4359,#4361,.T.);
#4359 = VERTEX_POINT('',#4360);
#4360 = CARTESIAN_POINT('',(30.699151720593,-17.01681767064,-17.3));
#4361 = SURFACE_CURVE('',#4362,(#4366,#4373),.PCURVE_S1.);
#4362 = LINE('',#4363,#4364);
#4363 = CARTESIAN_POINT('',(0.,0.,-17.3));
#4364 = VECTOR('',#4365,1.);
#4365 = DIRECTION('',(0.874619707139,-0.484809620246,0.));
#4366 = PCURVE('',#3492,#4367);
#4367 = DEFINITIONAL_REPRESENTATION('',(#4368),#4372);
#4368 = LINE('',#4369,#4370);
#4369 = CARTESIAN_POINT('',(0.,0.));
#4370 = VECTOR('',#4371,1.);
#4371 = DIRECTION('',(1.,0.));
#4372 = ( GEOMETRIC_REPRESENTATION_CONTEXT(2) 
PARAMETRIC_REPRESENTATION_CONTEXT() REPRESENTATION_CONTEXT('2D SPACE',''
  ) );
#4373 = PCURVE('',#3856,#4374);
#4374 = DEFINITIONAL_REPRESENTATION('',(#4375),#4379);
#4375 = LINE('',#4376,#4377);
#4376 = CARTESIAN_POINT('',(0.,0.));
#4377 = VECTOR('',#4378,1.);
#4378 = DIRECTION('',(1.,0.));
#4379 = ( GEOMETRIC_REPRESENTATION_CONTEXT(2) 
PARAMETRIC_REPRESENTATION_CONTEXT() REPRESENTATION_CONTEXT('2D SPACE',''
  ) );
#4380 = ORIENTED_EDGE('',*,*,#4381,.T.);
#4381 = EDGE_CURVE('',#4359,#3448,#4382,.T.);
#4382 = SURFACE_CURVE('',#4383,(#4387,#4394),.PCURVE_S1.);
#4383 = LINE('',#4384,#4385);
#4384 = CARTESIAN_POINT('',(30.699151720593,-17.01681767064,-17.3));
#4385 = VECTOR('',#4386,1.);
#4386 = DIRECTION('',(0.,0.,1.));
#4387 = PCURVE('',#3492,#4388);
#4388 = DEFINITIONAL_REPRESENTATION('',(#4389),#4393);
#4389 = LINE('',#4390,#4391);
#4390 = CARTESIAN_POINT('',(35.1,0.));
#4391 = VECTOR('',#4392,1.);
#4392 = DIRECTION('',(0.,1.));
#4393 = ( GEOMETRIC_REPRESENTATION_CONTEXT(2) 
PARAMETRIC_REPRESENTATION_CONTEXT() REPRESENTATION_CONTEXT('2D SPACE',''
  ) );
#4394 = PCURVE('',#3464,#4395);
#4395 = DEFINITIONAL_REPRESENTATION('',(#4396),#4400);
#4396 = LINE('',#4397,#4398);
#4397 = CARTESIAN_POINT('',(0.,-0.));
#4398 = VECTOR('',#4399,1.);
#4399 = DIRECTION('',(0.,1.));
#4400 = ( GEOMETRIC_REPRESENTATION_CONTEXT(2) 
PARAMETRIC_REPRESENTATION_CONTEXT() REPRESENTATION_CONTEXT('2D SPACE',''
  ) );
#4401 = ORIENTED_EDGE('',*,*,#3476,.F.);
#4402 = ADVANCED_FACE('',(#4403),#3464,.F.);
#4403 = FACE_BOUND('',#4404,.F.);
#4404 = EDGE_LOOP('',(#4405,#4406,#4407,#4431));
#4405 = ORIENTED_EDGE('',*,*,#3447,.F.);
#4406 = ORIENTED_EDGE('',*,*,#4381,.F.);
#4407 = ORIENTED_EDGE('',*,*,#4408,.T.);
#4408 = EDGE_CURVE('',#4359,#4409,#4411,.T.);
#4409 = VERTEX_POINT('',#4410);
#4410 = CARTESIAN_POINT('',(28.926829220633,19.880858916062,-17.3));
#4411 = SURFACE_CURVE('',#4412,(#4417,#4424),.PCURVE_S1.);
#4412 = CIRCLE('',#4413,35.1);
#4413 = AXIS2_PLACEMENT_3D('',#4414,#4415,#4416);
#4414 = CARTESIAN_POINT('',(0.,0.,-17.3));
#4415 = DIRECTION('',(-0.,0.,1.));
#4416 = DIRECTION('',(0.874619707139,-0.484809620246,0.));
#4417 = PCURVE('',#3464,#4418);
#4418 = DEFINITIONAL_REPRESENTATION('',(#4419),#4423);
#4419 = LINE('',#4420,#4421);
#4420 = CARTESIAN_POINT('',(0.,0.));
#4421 = VECTOR('',#4422,1.);
#4422 = DIRECTION('',(1.,0.));
#4423 = ( GEOMETRIC_REPRESENTATION_CONTEXT(2) 
PARAMETRIC_REPRESENTATION_CONTEXT() REPRESENTATION_CONTEXT('2D SPACE',''
  ) );
#4424 = PCURVE('',#3856,#4425);
#4425 = DEFINITIONAL_REPRESENTATION('',(#4426),#4430);
#4426 = CIRCLE('',#4427,35.1);
#4427 = AXIS2_PLACEMENT_2D('',#4428,#4429);
#4428 = CARTESIAN_POINT('',(0.,0.));
#4429 = DIRECTION('',(1.,0.));
#4430 = ( GEOMETRIC_REPRESENTATION_CONTEXT(2) 
PARAMETRIC_REPRESENTATION_CONTEXT() REPRESENTATION_CONTEXT('2D SPACE',''
  ) );
#4431 = ORIENTED_EDGE('',*,*,#4432,.T.);
#4432 = EDGE_CURVE('',#4409,#3420,#4433,.T.);
#4433 = SURFACE_CURVE('',#4434,(#4438,#4445),.PCURVE_S1.);
#4434 = LINE('',#4435,#4436);
#4435 = CARTESIAN_POINT('',(28.926829220633,19.880858916062,-17.3));
#4436 = VECTOR('',#4437,1.);
#4437 = DIRECTION('',(0.,0.,1.));
#4438 = PCURVE('',#3464,#4439);
#4439 = DEFINITIONAL_REPRESENTATION('',(#4440),#4444);
#4440 = LINE('',#4441,#4442);
#4441 = CARTESIAN_POINT('',(1.108284075016,-0.));
#4442 = VECTOR('',#4443,1.);
#4443 = DIRECTION('',(0.,1.));
#4444 = ( GEOMETRIC_REPRESENTATION_CONTEXT(2) 
PARAMETRIC_REPRESENTATION_CONTEXT() REPRESENTATION_CONTEXT('2D SPACE',''
  ) );
#4445 = PCURVE('',#3435,#4446);
#4446 = DEFINITIONAL_REPRESENTATION('',(#4447),#4451);
#4447 = LINE('',#4448,#4449);
#4448 = CARTESIAN_POINT('',(35.1,0.));
#4449 = VECTOR('',#4450,1.);
#4450 = DIRECTION('',(0.,1.));
#4451 = ( GEOMETRIC_REPRESENTATION_CONTEXT(2) 
PARAMETRIC_REPRESENTATION_CONTEXT() REPRESENTATION_CONTEXT('2D SPACE',''
  ) );
#4452 = ADVANCED_FACE('',(#4453),#3435,.T.);
#4453 = FACE_BOUND('',#4454,.T.);
#4454 = EDGE_LOOP('',(#4455,#4456,#4457,#4478));
#4455 = ORIENTED_EDGE('',*,*,#3419,.F.);
#4456 = ORIENTED_EDGE('',*,*,#3818,.F.);
#4457 = ORIENTED_EDGE('',*,*,#4458,.T.);
#4458 = EDGE_CURVE('',#3819,#4409,#4459,.T.);
#4459 = SURFACE_CURVE('',#4460,(#4464,#4471),.PCURVE_S1.);
#4460 = LINE('',#4461,#4462);
#4461 = CARTESIAN_POINT('',(0.,0.,-17.3));
#4462 = VECTOR('',#4463,1.);
#4463 = DIRECTION('',(0.824126188622,0.566406236925,0.));
#4464 = PCURVE('',#3435,#4465);
#4465 = DEFINITIONAL_REPRESENTATION('',(#4466),#4470);
#4466 = LINE('',#4467,#4468);
#4467 = CARTESIAN_POINT('',(0.,0.));
#4468 = VECTOR('',#4469,1.);
#4469 = DIRECTION('',(1.,0.));
#4470 = ( GEOMETRIC_REPRESENTATION_CONTEXT(2) 
PARAMETRIC_REPRESENTATION_CONTEXT() REPRESENTATION_CONTEXT('2D SPACE',''
  ) );
#4471 = PCURVE('',#3856,#4472);
#4472 = DEFINITIONAL_REPRESENTATION('',(#4473),#4477);
#4473 = LINE('',#4474,#4475);
#4474 = CARTESIAN_POINT('',(0.,0.));
#4475 = VECTOR('',#4476,1.);
#4476 = DIRECTION('',(0.44619781311,0.894934361602));
#4477 = ( GEOMETRIC_REPRESENTATION_CONTEXT(2) 
PARAMETRIC_REPRESENTATION_CONTEXT() REPRESENTATION_CONTEXT('2D SPACE',''
  ) );
#4478 = ORIENTED_EDGE('',*,*,#4432,.T.);
#4479 = ADVANCED_FACE('',(#4480,#4980),#3775,.T.);
#4480 = FACE_BOUND('',#4481,.T.);
#4481 = EDGE_LOOP('',(#4482,#4513,#4542,#4571,#4595,#4623,#4652,#4681,
    #4705,#4733,#4762,#4791,#4815,#4843,#4872,#4901,#4930,#4954));
#4482 = ORIENTED_EDGE('',*,*,#4483,.T.);
#4483 = EDGE_CURVE('',#4484,#4486,#4488,.T.);
#4484 = VERTEX_POINT('',#4485);
#4485 = CARTESIAN_POINT('',(-50.,-42.,-19.94));
#4486 = VERTEX_POINT('',#4487);
#4487 = CARTESIAN_POINT('',(-49.74997882783,-43.98439617216,-19.94));
#4488 = SURFACE_CURVE('',#4489,(#4494,#4501),.PCURVE_S1.);
#4489 = CIRCLE('',#4490,8.);
#4490 = AXIS2_PLACEMENT_3D('',#4491,#4492,#4493);
#4491 = CARTESIAN_POINT('',(-42.,-42.,-19.94));
#4492 = DIRECTION('',(0.,0.,1.));
#4493 = DIRECTION('',(1.,0.,0.));
#4494 = PCURVE('',#3775,#4495);
#4495 = DEFINITIONAL_REPRESENTATION('',(#4496),#4500);
#4496 = CIRCLE('',#4497,8.);
#4497 = AXIS2_PLACEMENT_2D('',#4498,#4499);
#4498 = CARTESIAN_POINT('',(-41.9999999989,-41.99999999881));
#4499 = DIRECTION('',(1.,0.));
#4500 = ( GEOMETRIC_REPRESENTATION_CONTEXT(2) 
PARAMETRIC_REPRESENTATION_CONTEXT() REPRESENTATION_CONTEXT('2D SPACE',''
  ) );
#4501 = PCURVE('',#4502,#4507);
#4502 = CYLINDRICAL_SURFACE('',#4503,8.);
#4503 = AXIS2_PLACEMENT_3D('',#4504,#4505,#4506);
#4504 = CARTESIAN_POINT('',(-42.,-42.,-24.94));
#4505 = DIRECTION('',(-0.,-0.,-1.));
#4506 = DIRECTION('',(1.,0.,0.));
#4507 = DEFINITIONAL_REPRESENTATION('',(#4508),#4512);
#4508 = LINE('',#4509,#4510);
#4509 = CARTESIAN_POINT('',(-0.,-5.));
#4510 = VECTOR('',#4511,1.);
#4511 = DIRECTION('',(-1.,0.));
#4512 = ( GEOMETRIC_REPRESENTATION_CONTEXT(2) 
PARAMETRIC_REPRESENTATION_CONTEXT() REPRESENTATION_CONTEXT('2D SPACE',''
  ) );
#4513 = ORIENTED_EDGE('',*,*,#4514,.F.);
#4514 = EDGE_CURVE('',#4515,#4486,#4517,.T.);
#4515 = VERTEX_POINT('',#4516);
#4516 = CARTESIAN_POINT('',(-38.25,-44.,-19.94));
#4517 = SURFACE_CURVE('',#4518,(#4523,#4530),.PCURVE_S1.);
#4518 = CIRCLE('',#4519,5.75);
#4519 = AXIS2_PLACEMENT_3D('',#4520,#4521,#4522);
#4520 = CARTESIAN_POINT('',(-44.,-44.,-19.94));
#4521 = DIRECTION('',(0.,0.,1.));
#4522 = DIRECTION('',(1.,0.,-0.));
#4523 = PCURVE('',#3775,#4524);
#4524 = DEFINITIONAL_REPRESENTATION('',(#4525),#4529);
#4525 = CIRCLE('',#4526,5.75);
#4526 = AXIS2_PLACEMENT_2D('',#4527,#4528);
#4527 = CARTESIAN_POINT('',(-43.9999999989,-43.99999999881));
#4528 = DIRECTION('',(1.,0.));
#4529 = ( GEOMETRIC_REPRESENTATION_CONTEXT(2) 
PARAMETRIC_REPRESENTATION_CONTEXT() REPRESENTATION_CONTEXT('2D SPACE',''
  ) );
#4530 = PCURVE('',#4531,#4536);
#4531 = TOROIDAL_SURFACE('',#4532,5.75,0.6);
#4532 = AXIS2_PLACEMENT_3D('',#4533,#4534,#4535);
#4533 = CARTESIAN_POINT('',(-44.,-44.,-19.34));
#4534 = DIRECTION('',(-0.,-0.,-1.));
#4535 = DIRECTION('',(1.,0.,-0.));
#4536 = DEFINITIONAL_REPRESENTATION('',(#4537),#4541);
#4537 = LINE('',#4538,#4539);
#4538 = CARTESIAN_POINT('',(-0.,1.570796326795));
#4539 = VECTOR('',#4540,1.);
#4540 = DIRECTION('',(-1.,0.));
#4541 = ( GEOMETRIC_REPRESENTATION_CONTEXT(2) 
PARAMETRIC_REPRESENTATION_CONTEXT() REPRESENTATION_CONTEXT('2D SPACE',''
  ) );
#4542 = ORIENTED_EDGE('',*,*,#4543,.F.);
#4543 = EDGE_CURVE('',#4544,#4515,#4546,.T.);
#4544 = VERTEX_POINT('',#4545);
#4545 = CARTESIAN_POINT('',(-43.98439617216,-49.74997882783,-19.94));
#4546 = SURFACE_CURVE('',#4547,(#4552,#4559),.PCURVE_S1.);
#4547 = CIRCLE('',#4548,5.75);
#4548 = AXIS2_PLACEMENT_3D('',#4549,#4550,#4551);
#4549 = CARTESIAN_POINT('',(-44.,-44.,-19.94));
#4550 = DIRECTION('',(0.,0.,1.));
#4551 = DIRECTION('',(1.,0.,-0.));
#4552 = PCURVE('',#3775,#4553);
#4553 = DEFINITIONAL_REPRESENTATION('',(#4554),#4558);
#4554 = CIRCLE('',#4555,5.75);
#4555 = AXIS2_PLACEMENT_2D('',#4556,#4557);
#4556 = CARTESIAN_POINT('',(-43.9999999989,-43.99999999881));
#4557 = DIRECTION('',(1.,0.));
#4558 = ( GEOMETRIC_REPRESENTATION_CONTEXT(2) 
PARAMETRIC_REPRESENTATION_CONTEXT() REPRESENTATION_CONTEXT('2D SPACE',''
  ) );
#4559 = PCURVE('',#4560,#4565);
#4560 = TOROIDAL_SURFACE('',#4561,5.75,0.6);
#4561 = AXIS2_PLACEMENT_3D('',#4562,#4563,#4564);
#4562 = CARTESIAN_POINT('',(-44.,-44.,-19.34));
#4563 = DIRECTION('',(-0.,-0.,-1.));
#4564 = DIRECTION('',(1.,0.,-0.));
#4565 = DEFINITIONAL_REPRESENTATION('',(#4566),#4570);
#4566 = LINE('',#4567,#4568);
#4567 = CARTESIAN_POINT('',(-0.,1.570796326795));
#4568 = VECTOR('',#4569,1.);
#4569 = DIRECTION('',(-1.,0.));
#4570 = ( GEOMETRIC_REPRESENTATION_CONTEXT(2) 
PARAMETRIC_REPRESENTATION_CONTEXT() REPRESENTATION_CONTEXT('2D SPACE',''
  ) );
#4571 = ORIENTED_EDGE('',*,*,#4572,.T.);
#4572 = EDGE_CURVE('',#4544,#4573,#4575,.T.);
#4573 = VERTEX_POINT('',#4574);
#4574 = CARTESIAN_POINT('',(-42.,-50.,-19.94));
#4575 = SURFACE_CURVE('',#4576,(#4581,#4588),.PCURVE_S1.);
#4576 = CIRCLE('',#4577,8.);
#4577 = AXIS2_PLACEMENT_3D('',#4578,#4579,#4580);
#4578 = CARTESIAN_POINT('',(-42.,-42.,-19.94));
#4579 = DIRECTION('',(0.,0.,1.));
#4580 = DIRECTION('',(1.,0.,0.));
#4581 = PCURVE('',#3775,#4582);
#4582 = DEFINITIONAL_REPRESENTATION('',(#4583),#4587);
#4583 = CIRCLE('',#4584,8.);
#4584 = AXIS2_PLACEMENT_2D('',#4585,#4586);
#4585 = CARTESIAN_POINT('',(-41.9999999989,-41.99999999881));
#4586 = DIRECTION('',(1.,0.));
#4587 = ( GEOMETRIC_REPRESENTATION_CONTEXT(2) 
PARAMETRIC_REPRESENTATION_CONTEXT() REPRESENTATION_CONTEXT('2D SPACE',''
  ) );
#4588 = PCURVE('',#4502,#4589);
#4589 = DEFINITIONAL_REPRESENTATION('',(#4590),#4594);
#4590 = LINE('',#4591,#4592);
#4591 = CARTESIAN_POINT('',(-0.,-5.));
#4592 = VECTOR('',#4593,1.);
#4593 = DIRECTION('',(-1.,0.));
#4594 = ( GEOMETRIC_REPRESENTATION_CONTEXT(2) 
PARAMETRIC_REPRESENTATION_CONTEXT() REPRESENTATION_CONTEXT('2D SPACE',''
  ) );
#4595 = ORIENTED_EDGE('',*,*,#4596,.T.);
#4596 = EDGE_CURVE('',#4573,#4597,#4599,.T.);
#4597 = VERTEX_POINT('',#4598);
#4598 = CARTESIAN_POINT('',(41.999999992205,-49.99999999999,-19.94));
#4599 = SURFACE_CURVE('',#4600,(#4604,#4611),.PCURVE_S1.);
#4600 = LINE('',#4601,#4602);
#4601 = CARTESIAN_POINT('',(0.,-49.99999999999,-19.94));
#4602 = VECTOR('',#4603,1.);
#4603 = DIRECTION('',(1.,0.,0.));
#4604 = PCURVE('',#3775,#4605);
#4605 = DEFINITIONAL_REPRESENTATION('',(#4606),#4610);
#4606 = LINE('',#4607,#4608);
#4607 = CARTESIAN_POINT('',(1.100073611893E-09,-49.99999999881));
#4608 = VECTOR('',#4609,1.);
#4609 = DIRECTION('',(1.,0.));
#4610 = ( GEOMETRIC_REPRESENTATION_CONTEXT(2) 
PARAMETRIC_REPRESENTATION_CONTEXT() REPRESENTATION_CONTEXT('2D SPACE',''
  ) );
#4611 = PCURVE('',#4612,#4617);
#4612 = PLANE('',#4613);
#4613 = AXIS2_PLACEMENT_3D('',#4614,#4615,#4616);
#4614 = CARTESIAN_POINT('',(-42.,-49.99999999999,-24.94));
#4615 = DIRECTION('',(0.,1.,0.));
#4616 = DIRECTION('',(1.,0.,0.));
#4617 = DEFINITIONAL_REPRESENTATION('',(#4618),#4622);
#4618 = LINE('',#4619,#4620);
#4619 = CARTESIAN_POINT('',(42.,-5.));
#4620 = VECTOR('',#4621,1.);
#4621 = DIRECTION('',(1.,0.));
#4622 = ( GEOMETRIC_REPRESENTATION_CONTEXT(2) 
PARAMETRIC_REPRESENTATION_CONTEXT() REPRESENTATION_CONTEXT('2D SPACE',''
  ) );
#4623 = ORIENTED_EDGE('',*,*,#4624,.T.);
#4624 = EDGE_CURVE('',#4597,#4625,#4627,.T.);
#4625 = VERTEX_POINT('',#4626);
#4626 = CARTESIAN_POINT('',(43.984396164449,-49.74997882781,-19.94));
#4627 = SURFACE_CURVE('',#4628,(#4633,#4640),.PCURVE_S1.);
#4628 = CIRCLE('',#4629,8.);
#4629 = AXIS2_PLACEMENT_3D('',#4630,#4631,#4632);
#4630 = CARTESIAN_POINT('',(41.999999992205,-41.99999999999,-19.94));
#4631 = DIRECTION('',(0.,0.,1.));
#4632 = DIRECTION('',(1.,0.,0.));
#4633 = PCURVE('',#3775,#4634);
#4634 = DEFINITIONAL_REPRESENTATION('',(#4635),#4639);
#4635 = CIRCLE('',#4636,8.);
#4636 = AXIS2_PLACEMENT_2D('',#4637,#4638);
#4637 = CARTESIAN_POINT('',(41.999999993305,-41.99999999881));
#4638 = DIRECTION('',(1.,0.));
#4639 = ( GEOMETRIC_REPRESENTATION_CONTEXT(2) 
PARAMETRIC_REPRESENTATION_CONTEXT() REPRESENTATION_CONTEXT('2D SPACE',''
  ) );
#4640 = PCURVE('',#4641,#4646);
#4641 = CYLINDRICAL_SURFACE('',#4642,8.);
#4642 = AXIS2_PLACEMENT_3D('',#4643,#4644,#4645);
#4643 = CARTESIAN_POINT('',(41.999999992205,-41.99999999999,-24.94));
#4644 = DIRECTION('',(-0.,-0.,-1.));
#4645 = DIRECTION('',(1.,0.,0.));
#4646 = DEFINITIONAL_REPRESENTATION('',(#4647),#4651);
#4647 = LINE('',#4648,#4649);
#4648 = CARTESIAN_POINT('',(-0.,-5.));
#4649 = VECTOR('',#4650,1.);
#4650 = DIRECTION('',(-1.,0.));
#4651 = ( GEOMETRIC_REPRESENTATION_CONTEXT(2) 
PARAMETRIC_REPRESENTATION_CONTEXT() REPRESENTATION_CONTEXT('2D SPACE',''
  ) );
#4652 = ORIENTED_EDGE('',*,*,#4653,.F.);
#4653 = EDGE_CURVE('',#4654,#4625,#4656,.T.);
#4654 = VERTEX_POINT('',#4655);
#4655 = CARTESIAN_POINT('',(49.749978827754,-43.98439614204,-19.94));
#4656 = SURFACE_CURVE('',#4657,(#4662,#4669),.PCURVE_S1.);
#4657 = CIRCLE('',#4658,5.75);
#4658 = AXIS2_PLACEMENT_3D('',#4659,#4660,#4661);
#4659 = CARTESIAN_POINT('',(44.,-44.,-19.94));
#4660 = DIRECTION('',(0.,0.,1.));
#4661 = DIRECTION('',(1.,0.,-0.));
#4662 = PCURVE('',#3775,#4663);
#4663 = DEFINITIONAL_REPRESENTATION('',(#4664),#4668);
#4664 = CIRCLE('',#4665,5.75);
#4665 = AXIS2_PLACEMENT_2D('',#4666,#4667);
#4666 = CARTESIAN_POINT('',(44.0000000011,-43.99999999881));
#4667 = DIRECTION('',(1.,0.));
#4668 = ( GEOMETRIC_REPRESENTATION_CONTEXT(2) 
PARAMETRIC_REPRESENTATION_CONTEXT() REPRESENTATION_CONTEXT('2D SPACE',''
  ) );
#4669 = PCURVE('',#4670,#4675);
#4670 = TOROIDAL_SURFACE('',#4671,5.75,0.6);
#4671 = AXIS2_PLACEMENT_3D('',#4672,#4673,#4674);
#4672 = CARTESIAN_POINT('',(44.,-44.,-19.34));
#4673 = DIRECTION('',(-0.,-0.,-1.));
#4674 = DIRECTION('',(1.,0.,-0.));
#4675 = DEFINITIONAL_REPRESENTATION('',(#4676),#4680);
#4676 = LINE('',#4677,#4678);
#4677 = CARTESIAN_POINT('',(-0.,1.570796326795));
#4678 = VECTOR('',#4679,1.);
#4679 = DIRECTION('',(-1.,0.));
#4680 = ( GEOMETRIC_REPRESENTATION_CONTEXT(2) 
PARAMETRIC_REPRESENTATION_CONTEXT() REPRESENTATION_CONTEXT('2D SPACE',''
  ) );
#4681 = ORIENTED_EDGE('',*,*,#4682,.T.);
#4682 = EDGE_CURVE('',#4654,#4683,#4685,.T.);
#4683 = VERTEX_POINT('',#4684);
#4684 = CARTESIAN_POINT('',(49.999999996102,-41.99999999999,-19.94));
#4685 = SURFACE_CURVE('',#4686,(#4691,#4698),.PCURVE_S1.);
#4686 = CIRCLE('',#4687,8.);
#4687 = AXIS2_PLACEMENT_3D('',#4688,#4689,#4690);
#4688 = CARTESIAN_POINT('',(41.999999992205,-41.99999999999,-19.94));
#4689 = DIRECTION('',(0.,0.,1.));
#4690 = DIRECTION('',(1.,0.,0.));
#4691 = PCURVE('',#3775,#4692);
#4692 = DEFINITIONAL_REPRESENTATION('',(#4693),#4697);
#4693 = CIRCLE('',#4694,8.);
#4694 = AXIS2_PLACEMENT_2D('',#4695,#4696);
#4695 = CARTESIAN_POINT('',(41.999999993305,-41.99999999881));
#4696 = DIRECTION('',(1.,0.));
#4697 = ( GEOMETRIC_REPRESENTATION_CONTEXT(2) 
PARAMETRIC_REPRESENTATION_CONTEXT() REPRESENTATION_CONTEXT('2D SPACE',''
  ) );
#4698 = PCURVE('',#4641,#4699);
#4699 = DEFINITIONAL_REPRESENTATION('',(#4700),#4704);
#4700 = LINE('',#4701,#4702);
#4701 = CARTESIAN_POINT('',(-0.,-5.));
#4702 = VECTOR('',#4703,1.);
#4703 = DIRECTION('',(-1.,0.));
#4704 = ( GEOMETRIC_REPRESENTATION_CONTEXT(2) 
PARAMETRIC_REPRESENTATION_CONTEXT() REPRESENTATION_CONTEXT('2D SPACE',''
  ) );
#4705 = ORIENTED_EDGE('',*,*,#4706,.T.);
#4706 = EDGE_CURVE('',#4683,#4707,#4709,.T.);
#4707 = VERTEX_POINT('',#4708);
#4708 = CARTESIAN_POINT('',(50.,41.999999992206,-19.94));
#4709 = SURFACE_CURVE('',#4710,(#4714,#4721),.PCURVE_S1.);
#4710 = LINE('',#4711,#4712);
#4711 = CARTESIAN_POINT('',(50.,6.110667527537E-13,-19.94));
#4712 = VECTOR('',#4713,1.);
#4713 = DIRECTION('',(0.,1.,0.));
#4714 = PCURVE('',#3775,#4715);
#4715 = DEFINITIONAL_REPRESENTATION('',(#4716),#4720);
#4716 = LINE('',#4717,#4718);
#4717 = CARTESIAN_POINT('',(50.0000000011,1.189485842225E-09));
#4718 = VECTOR('',#4719,1.);
#4719 = DIRECTION('',(0.,1.));
#4720 = ( GEOMETRIC_REPRESENTATION_CONTEXT(2) 
PARAMETRIC_REPRESENTATION_CONTEXT() REPRESENTATION_CONTEXT('2D SPACE',''
  ) );
#4721 = PCURVE('',#4722,#4727);
#4722 = PLANE('',#4723);
#4723 = AXIS2_PLACEMENT_3D('',#4724,#4725,#4726);
#4724 = CARTESIAN_POINT('',(50.,-41.99999999999,-24.94));
#4725 = DIRECTION('',(-1.,0.,0.));
#4726 = DIRECTION('',(0.,1.,0.));
#4727 = DEFINITIONAL_REPRESENTATION('',(#4728),#4732);
#4728 = LINE('',#4729,#4730);
#4729 = CARTESIAN_POINT('',(42.,-5.));
#4730 = VECTOR('',#4731,1.);
#4731 = DIRECTION('',(1.,0.));
#4732 = ( GEOMETRIC_REPRESENTATION_CONTEXT(2) 
PARAMETRIC_REPRESENTATION_CONTEXT() REPRESENTATION_CONTEXT('2D SPACE',''
  ) );
#4733 = ORIENTED_EDGE('',*,*,#4734,.T.);
#4734 = EDGE_CURVE('',#4707,#4735,#4737,.T.);
#4735 = VERTEX_POINT('',#4736);
#4736 = CARTESIAN_POINT('',(49.749978827815,43.984396164452,-19.94));
#4737 = SURFACE_CURVE('',#4738,(#4743,#4750),.PCURVE_S1.);
#4738 = CIRCLE('',#4739,8.);
#4739 = AXIS2_PLACEMENT_3D('',#4740,#4741,#4742);
#4740 = CARTESIAN_POINT('',(42.,41.999999992206,-19.94));
#4741 = DIRECTION('',(0.,0.,1.));
#4742 = DIRECTION('',(1.,0.,0.));
#4743 = PCURVE('',#3775,#4744);
#4744 = DEFINITIONAL_REPRESENTATION('',(#4745),#4749);
#4745 = CIRCLE('',#4746,8.);
#4746 = AXIS2_PLACEMENT_2D('',#4747,#4748);
#4747 = CARTESIAN_POINT('',(42.0000000011,41.999999993394));
#4748 = DIRECTION('',(1.,0.));
#4749 = ( GEOMETRIC_REPRESENTATION_CONTEXT(2) 
PARAMETRIC_REPRESENTATION_CONTEXT() REPRESENTATION_CONTEXT('2D SPACE',''
  ) );
#4750 = PCURVE('',#4751,#4756);
#4751 = CYLINDRICAL_SURFACE('',#4752,8.);
#4752 = AXIS2_PLACEMENT_3D('',#4753,#4754,#4755);
#4753 = CARTESIAN_POINT('',(42.,41.999999992206,-24.94));
#4754 = DIRECTION('',(-0.,-0.,-1.));
#4755 = DIRECTION('',(1.,0.,0.));
#4756 = DEFINITIONAL_REPRESENTATION('',(#4757),#4761);
#4757 = LINE('',#4758,#4759);
#4758 = CARTESIAN_POINT('',(-0.,-5.));
#4759 = VECTOR('',#4760,1.);
#4760 = DIRECTION('',(-1.,0.));
#4761 = ( GEOMETRIC_REPRESENTATION_CONTEXT(2) 
PARAMETRIC_REPRESENTATION_CONTEXT() REPRESENTATION_CONTEXT('2D SPACE',''
  ) );
#4762 = ORIENTED_EDGE('',*,*,#4763,.F.);
#4763 = EDGE_CURVE('',#4764,#4735,#4766,.T.);
#4764 = VERTEX_POINT('',#4765);
#4765 = CARTESIAN_POINT('',(43.984396142043,49.749978827754,-19.94));
#4766 = SURFACE_CURVE('',#4767,(#4772,#4779),.PCURVE_S1.);
#4767 = CIRCLE('',#4768,5.75);
#4768 = AXIS2_PLACEMENT_3D('',#4769,#4770,#4771);
#4769 = CARTESIAN_POINT('',(44.,44.,-19.94));
#4770 = DIRECTION('',(0.,0.,1.));
#4771 = DIRECTION('',(1.,0.,-0.));
#4772 = PCURVE('',#3775,#4773);
#4773 = DEFINITIONAL_REPRESENTATION('',(#4774),#4778);
#4774 = CIRCLE('',#4775,5.75);
#4775 = AXIS2_PLACEMENT_2D('',#4776,#4777);
#4776 = CARTESIAN_POINT('',(44.0000000011,44.000000001189));
#4777 = DIRECTION('',(1.,0.));
#4778 = ( GEOMETRIC_REPRESENTATION_CONTEXT(2) 
PARAMETRIC_REPRESENTATION_CONTEXT() REPRESENTATION_CONTEXT('2D SPACE',''
  ) );
#4779 = PCURVE('',#4780,#4785);
#4780 = TOROIDAL_SURFACE('',#4781,5.75,0.6);
#4781 = AXIS2_PLACEMENT_3D('',#4782,#4783,#4784);
#4782 = CARTESIAN_POINT('',(44.,44.,-19.34));
#4783 = DIRECTION('',(-0.,-0.,-1.));
#4784 = DIRECTION('',(1.,0.,-0.));
#4785 = DEFINITIONAL_REPRESENTATION('',(#4786),#4790);
#4786 = LINE('',#4787,#4788);
#4787 = CARTESIAN_POINT('',(-0.,1.570796326795));
#4788 = VECTOR('',#4789,1.);
#4789 = DIRECTION('',(-1.,0.));
#4790 = ( GEOMETRIC_REPRESENTATION_CONTEXT(2) 
PARAMETRIC_REPRESENTATION_CONTEXT() REPRESENTATION_CONTEXT('2D SPACE',''
  ) );
#4791 = ORIENTED_EDGE('',*,*,#4792,.T.);
#4792 = EDGE_CURVE('',#4764,#4793,#4795,.T.);
#4793 = VERTEX_POINT('',#4794);
#4794 = CARTESIAN_POINT('',(42.,49.999999996103,-19.94));
#4795 = SURFACE_CURVE('',#4796,(#4801,#4808),.PCURVE_S1.);
#4796 = CIRCLE('',#4797,8.);
#4797 = AXIS2_PLACEMENT_3D('',#4798,#4799,#4800);
#4798 = CARTESIAN_POINT('',(42.,41.999999992206,-19.94));
#4799 = DIRECTION('',(0.,0.,1.));
#4800 = DIRECTION('',(1.,0.,0.));
#4801 = PCURVE('',#3775,#4802);
#4802 = DEFINITIONAL_REPRESENTATION('',(#4803),#4807);
#4803 = CIRCLE('',#4804,8.);
#4804 = AXIS2_PLACEMENT_2D('',#4805,#4806);
#4805 = CARTESIAN_POINT('',(42.0000000011,41.999999993394));
#4806 = DIRECTION('',(1.,0.));
#4807 = ( GEOMETRIC_REPRESENTATION_CONTEXT(2) 
PARAMETRIC_REPRESENTATION_CONTEXT() REPRESENTATION_CONTEXT('2D SPACE',''
  ) );
#4808 = PCURVE('',#4751,#4809);
#4809 = DEFINITIONAL_REPRESENTATION('',(#4810),#4814);
#4810 = LINE('',#4811,#4812);
#4811 = CARTESIAN_POINT('',(-0.,-5.));
#4812 = VECTOR('',#4813,1.);
#4813 = DIRECTION('',(-1.,0.));
#4814 = ( GEOMETRIC_REPRESENTATION_CONTEXT(2) 
PARAMETRIC_REPRESENTATION_CONTEXT() REPRESENTATION_CONTEXT('2D SPACE',''
  ) );
#4815 = ORIENTED_EDGE('',*,*,#4816,.F.);
#4816 = EDGE_CURVE('',#4817,#4793,#4819,.T.);
#4817 = VERTEX_POINT('',#4818);
#4818 = CARTESIAN_POINT('',(-42.,49.999999996103,-19.94));
#4819 = SURFACE_CURVE('',#4820,(#4824,#4831),.PCURVE_S1.);
#4820 = LINE('',#4821,#4822);
#4821 = CARTESIAN_POINT('',(0.,50.000000000001,-19.94));
#4822 = VECTOR('',#4823,1.);
#4823 = DIRECTION('',(1.,0.,0.));
#4824 = PCURVE('',#3775,#4825);
#4825 = DEFINITIONAL_REPRESENTATION('',(#4826),#4830);
#4826 = LINE('',#4827,#4828);
#4827 = CARTESIAN_POINT('',(1.100073611893E-09,50.000000001189));
#4828 = VECTOR('',#4829,1.);
#4829 = DIRECTION('',(1.,0.));
#4830 = ( GEOMETRIC_REPRESENTATION_CONTEXT(2) 
PARAMETRIC_REPRESENTATION_CONTEXT() REPRESENTATION_CONTEXT('2D SPACE',''
  ) );
#4831 = PCURVE('',#4832,#4837);
#4832 = PLANE('',#4833);
#4833 = AXIS2_PLACEMENT_3D('',#4834,#4835,#4836);
#4834 = CARTESIAN_POINT('',(-42.,50.000000000001,-24.94));
#4835 = DIRECTION('',(0.,1.,0.));
#4836 = DIRECTION('',(1.,0.,0.));
#4837 = DEFINITIONAL_REPRESENTATION('',(#4838),#4842);
#4838 = LINE('',#4839,#4840);
#4839 = CARTESIAN_POINT('',(42.,-5.));
#4840 = VECTOR('',#4841,1.);
#4841 = DIRECTION('',(1.,0.));
#4842 = ( GEOMETRIC_REPRESENTATION_CONTEXT(2) 
PARAMETRIC_REPRESENTATION_CONTEXT() REPRESENTATION_CONTEXT('2D SPACE',''
  ) );
#4843 = ORIENTED_EDGE('',*,*,#4844,.T.);
#4844 = EDGE_CURVE('',#4817,#4845,#4847,.T.);
#4845 = VERTEX_POINT('',#4846);
#4846 = CARTESIAN_POINT('',(-43.98439614204,49.749978827754,-19.94));
#4847 = SURFACE_CURVE('',#4848,(#4853,#4860),.PCURVE_S1.);
#4848 = CIRCLE('',#4849,8.);
#4849 = AXIS2_PLACEMENT_3D('',#4850,#4851,#4852);
#4850 = CARTESIAN_POINT('',(-42.,41.999999992206,-19.94));
#4851 = DIRECTION('',(0.,0.,1.));
#4852 = DIRECTION('',(1.,0.,0.));
#4853 = PCURVE('',#3775,#4854);
#4854 = DEFINITIONAL_REPRESENTATION('',(#4855),#4859);
#4855 = CIRCLE('',#4856,8.);
#4856 = AXIS2_PLACEMENT_2D('',#4857,#4858);
#4857 = CARTESIAN_POINT('',(-41.9999999989,41.999999993394));
#4858 = DIRECTION('',(1.,0.));
#4859 = ( GEOMETRIC_REPRESENTATION_CONTEXT(2) 
PARAMETRIC_REPRESENTATION_CONTEXT() REPRESENTATION_CONTEXT('2D SPACE',''
  ) );
#4860 = PCURVE('',#4861,#4866);
#4861 = CYLINDRICAL_SURFACE('',#4862,8.);
#4862 = AXIS2_PLACEMENT_3D('',#4863,#4864,#4865);
#4863 = CARTESIAN_POINT('',(-42.,41.999999992206,-24.94));
#4864 = DIRECTION('',(-0.,-0.,-1.));
#4865 = DIRECTION('',(1.,0.,0.));
#4866 = DEFINITIONAL_REPRESENTATION('',(#4867),#4871);
#4867 = LINE('',#4868,#4869);
#4868 = CARTESIAN_POINT('',(-0.,-5.));
#4869 = VECTOR('',#4870,1.);
#4870 = DIRECTION('',(-1.,0.));
#4871 = ( GEOMETRIC_REPRESENTATION_CONTEXT(2) 
PARAMETRIC_REPRESENTATION_CONTEXT() REPRESENTATION_CONTEXT('2D SPACE',''
  ) );
#4872 = ORIENTED_EDGE('',*,*,#4873,.F.);
#4873 = EDGE_CURVE('',#4874,#4845,#4876,.T.);
#4874 = VERTEX_POINT('',#4875);
#4875 = CARTESIAN_POINT('',(-38.25,44.,-19.94));
#4876 = SURFACE_CURVE('',#4877,(#4882,#4889),.PCURVE_S1.);
#4877 = CIRCLE('',#4878,5.75);
#4878 = AXIS2_PLACEMENT_3D('',#4879,#4880,#4881);
#4879 = CARTESIAN_POINT('',(-44.,44.,-19.94));
#4880 = DIRECTION('',(0.,0.,1.));
#4881 = DIRECTION('',(1.,0.,-0.));
#4882 = PCURVE('',#3775,#4883);
#4883 = DEFINITIONAL_REPRESENTATION('',(#4884),#4888);
#4884 = CIRCLE('',#4885,5.75);
#4885 = AXIS2_PLACEMENT_2D('',#4886,#4887);
#4886 = CARTESIAN_POINT('',(-43.9999999989,44.000000001189));
#4887 = DIRECTION('',(1.,0.));
#4888 = ( GEOMETRIC_REPRESENTATION_CONTEXT(2) 
PARAMETRIC_REPRESENTATION_CONTEXT() REPRESENTATION_CONTEXT('2D SPACE',''
  ) );
#4889 = PCURVE('',#4890,#4895);
#4890 = TOROIDAL_SURFACE('',#4891,5.75,0.6);
#4891 = AXIS2_PLACEMENT_3D('',#4892,#4893,#4894);
#4892 = CARTESIAN_POINT('',(-44.,44.,-19.34));
#4893 = DIRECTION('',(-0.,-0.,-1.));
#4894 = DIRECTION('',(1.,0.,-0.));
#4895 = DEFINITIONAL_REPRESENTATION('',(#4896),#4900);
#4896 = LINE('',#4897,#4898);
#4897 = CARTESIAN_POINT('',(-0.,1.570796326795));
#4898 = VECTOR('',#4899,1.);
#4899 = DIRECTION('',(-1.,0.));
#4900 = ( GEOMETRIC_REPRESENTATION_CONTEXT(2) 
PARAMETRIC_REPRESENTATION_CONTEXT() REPRESENTATION_CONTEXT('2D SPACE',''
  ) );
#4901 = ORIENTED_EDGE('',*,*,#4902,.F.);
#4902 = EDGE_CURVE('',#4903,#4874,#4905,.T.);
#4903 = VERTEX_POINT('',#4904);
#4904 = CARTESIAN_POINT('',(-49.74997882781,43.984396164452,-19.94));
#4905 = SURFACE_CURVE('',#4906,(#4911,#4918),.PCURVE_S1.);
#4906 = CIRCLE('',#4907,5.75);
#4907 = AXIS2_PLACEMENT_3D('',#4908,#4909,#4910);
#4908 = CARTESIAN_POINT('',(-44.,44.,-19.94));
#4909 = DIRECTION('',(0.,0.,1.));
#4910 = DIRECTION('',(1.,0.,-0.));
#4911 = PCURVE('',#3775,#4912);
#4912 = DEFINITIONAL_REPRESENTATION('',(#4913),#4917);
#4913 = CIRCLE('',#4914,5.75);
#4914 = AXIS2_PLACEMENT_2D('',#4915,#4916);
#4915 = CARTESIAN_POINT('',(-43.9999999989,44.000000001189));
#4916 = DIRECTION('',(1.,0.));
#4917 = ( GEOMETRIC_REPRESENTATION_CONTEXT(2) 
PARAMETRIC_REPRESENTATION_CONTEXT() REPRESENTATION_CONTEXT('2D SPACE',''
  ) );
#4918 = PCURVE('',#4919,#4924);
#4919 = TOROIDAL_SURFACE('',#4920,5.75,0.6);
#4920 = AXIS2_PLACEMENT_3D('',#4921,#4922,#4923);
#4921 = CARTESIAN_POINT('',(-44.,44.,-19.34));
#4922 = DIRECTION('',(-0.,-0.,-1.));
#4923 = DIRECTION('',(1.,0.,-0.));
#4924 = DEFINITIONAL_REPRESENTATION('',(#4925),#4929);
#4925 = LINE('',#4926,#4927);
#4926 = CARTESIAN_POINT('',(-0.,1.570796326795));
#4927 = VECTOR('',#4928,1.);
#4928 = DIRECTION('',(-1.,0.));
#4929 = ( GEOMETRIC_REPRESENTATION_CONTEXT(2) 
PARAMETRIC_REPRESENTATION_CONTEXT() REPRESENTATION_CONTEXT('2D SPACE',''
  ) );
#4930 = ORIENTED_EDGE('',*,*,#4931,.T.);
#4931 = EDGE_CURVE('',#4903,#4932,#4934,.T.);
#4932 = VERTEX_POINT('',#4933);
#4933 = CARTESIAN_POINT('',(-50.,41.999999992206,-19.94));
#4934 = SURFACE_CURVE('',#4935,(#4940,#4947),.PCURVE_S1.);
#4935 = CIRCLE('',#4936,8.);
#4936 = AXIS2_PLACEMENT_3D('',#4937,#4938,#4939);
#4937 = CARTESIAN_POINT('',(-42.,41.999999992206,-19.94));
#4938 = DIRECTION('',(0.,0.,1.));
#4939 = DIRECTION('',(1.,0.,0.));
#4940 = PCURVE('',#3775,#4941);
#4941 = DEFINITIONAL_REPRESENTATION('',(#4942),#4946);
#4942 = CIRCLE('',#4943,8.);
#4943 = AXIS2_PLACEMENT_2D('',#4944,#4945);
#4944 = CARTESIAN_POINT('',(-41.9999999989,41.999999993394));
#4945 = DIRECTION('',(1.,0.));
#4946 = ( GEOMETRIC_REPRESENTATION_CONTEXT(2) 
PARAMETRIC_REPRESENTATION_CONTEXT() REPRESENTATION_CONTEXT('2D SPACE',''
  ) );
#4947 = PCURVE('',#4861,#4948);
#4948 = DEFINITIONAL_REPRESENTATION('',(#4949),#4953);
#4949 = LINE('',#4950,#4951);
#4950 = CARTESIAN_POINT('',(-0.,-5.));
#4951 = VECTOR('',#4952,1.);
#4952 = DIRECTION('',(-1.,0.));
#4953 = ( GEOMETRIC_REPRESENTATION_CONTEXT(2) 
PARAMETRIC_REPRESENTATION_CONTEXT() REPRESENTATION_CONTEXT('2D SPACE',''
  ) );
#4954 = ORIENTED_EDGE('',*,*,#4955,.F.);
#4955 = EDGE_CURVE('',#4484,#4932,#4956,.T.);
#4956 = SURFACE_CURVE('',#4957,(#4961,#4968),.PCURVE_S1.);
#4957 = LINE('',#4958,#4959);
#4958 = CARTESIAN_POINT('',(-50.,6.110667527537E-13,-19.94));
#4959 = VECTOR('',#4960,1.);
#4960 = DIRECTION('',(0.,1.,0.));
#4961 = PCURVE('',#3775,#4962);
#4962 = DEFINITIONAL_REPRESENTATION('',(#4963),#4967);
#4963 = LINE('',#4964,#4965);
#4964 = CARTESIAN_POINT('',(-49.9999999989,1.189485842225E-09));
#4965 = VECTOR('',#4966,1.);
#4966 = DIRECTION('',(0.,1.));
#4967 = ( GEOMETRIC_REPRESENTATION_CONTEXT(2) 
PARAMETRIC_REPRESENTATION_CONTEXT() REPRESENTATION_CONTEXT('2D SPACE',''
  ) );
#4968 = PCURVE('',#4969,#4974);
#4969 = PLANE('',#4970);
#4970 = AXIS2_PLACEMENT_3D('',#4971,#4972,#4973);
#4971 = CARTESIAN_POINT('',(-50.,-42.,-24.94));
#4972 = DIRECTION('',(-1.,0.,0.));
#4973 = DIRECTION('',(0.,1.,0.));
#4974 = DEFINITIONAL_REPRESENTATION('',(#4975),#4979);
#4975 = LINE('',#4976,#4977);
#4976 = CARTESIAN_POINT('',(42.000000000001,-5.));
#4977 = VECTOR('',#4978,1.);
#4978 = DIRECTION('',(1.,0.));
#4979 = ( GEOMETRIC_REPRESENTATION_CONTEXT(2) 
PARAMETRIC_REPRESENTATION_CONTEXT() REPRESENTATION_CONTEXT('2D SPACE',''
  ) );
#4980 = FACE_BOUND('',#4981,.T.);
#4981 = EDGE_LOOP('',(#4982));
#4982 = ORIENTED_EDGE('',*,*,#3760,.F.);
#4983 = ADVANCED_FACE('',(#4984),#4071,.T.);
#4984 = FACE_BOUND('',#4985,.T.);
#4985 = EDGE_LOOP('',(#4986,#4987,#4988,#4989));
#4986 = ORIENTED_EDGE('',*,*,#4156,.T.);
#4987 = ORIENTED_EDGE('',*,*,#4206,.F.);
#4988 = ORIENTED_EDGE('',*,*,#4054,.F.);
#4989 = ORIENTED_EDGE('',*,*,#4106,.T.);
#4990 = ADVANCED_FACE('',(#4991),#4001,.T.);
#4991 = FACE_BOUND('',#4992,.T.);
#4992 = EDGE_LOOP('',(#4993,#4994,#4995,#4996));
#4993 = ORIENTED_EDGE('',*,*,#4282,.T.);
#4994 = ORIENTED_EDGE('',*,*,#4332,.F.);
#4995 = ORIENTED_EDGE('',*,*,#3984,.F.);
#4996 = ORIENTED_EDGE('',*,*,#4232,.T.);
#4997 = ADVANCED_FACE('',(#4998),#3856,.T.);
#4998 = FACE_BOUND('',#4999,.T.);
#4999 = EDGE_LOOP('',(#5000,#5001,#5002,#5003,#5004));
#5000 = ORIENTED_EDGE('',*,*,#4408,.T.);
#5001 = ORIENTED_EDGE('',*,*,#4458,.F.);
#5002 = ORIENTED_EDGE('',*,*,#3839,.F.);
#5003 = ORIENTED_EDGE('',*,*,#3919,.F.);
#5004 = ORIENTED_EDGE('',*,*,#4358,.T.);
#5005 = ADVANCED_FACE('',(#5006,#5009),#3906,.T.);
#5006 = FACE_BOUND('',#5007,.T.);
#5007 = EDGE_LOOP('',(#5008));
#5008 = ORIENTED_EDGE('',*,*,#3891,.T.);
#5009 = FACE_BOUND('',#5010,.T.);
#5010 = EDGE_LOOP('',(#5011));
#5011 = ORIENTED_EDGE('',*,*,#5012,.F.);
#5012 = EDGE_CURVE('',#5013,#5013,#5015,.T.);
#5013 = VERTEX_POINT('',#5014);
#5014 = CARTESIAN_POINT('',(31.3,-7.666288962662E-15,-17.7));
#5015 = SURFACE_CURVE('',#5016,(#5021,#5028),.PCURVE_S1.);
#5016 = CIRCLE('',#5017,31.3);
#5017 = AXIS2_PLACEMENT_3D('',#5018,#5019,#5020);
#5018 = CARTESIAN_POINT('',(0.,0.,-17.7));
#5019 = DIRECTION('',(0.,0.,1.));
#5020 = DIRECTION('',(1.,0.,-0.));
#5021 = PCURVE('',#3906,#5022);
#5022 = DEFINITIONAL_REPRESENTATION('',(#5023),#5027);
#5023 = CIRCLE('',#5024,31.3);
#5024 = AXIS2_PLACEMENT_2D('',#5025,#5026);
#5025 = CARTESIAN_POINT('',(0.,0.));
#5026 = DIRECTION('',(1.,0.));
#5027 = ( GEOMETRIC_REPRESENTATION_CONTEXT(2) 
PARAMETRIC_REPRESENTATION_CONTEXT() REPRESENTATION_CONTEXT('2D SPACE',''
  ) );
#5028 = PCURVE('',#5029,#5034);
#5029 = CYLINDRICAL_SURFACE('',#5030,31.3);
#5030 = AXIS2_PLACEMENT_3D('',#5031,#5032,#5033);
#5031 = CARTESIAN_POINT('',(0.,0.,-19.94));
#5032 = DIRECTION('',(0.,0.,1.));
#5033 = DIRECTION('',(1.,0.,-0.));
#5034 = DEFINITIONAL_REPRESENTATION('',(#5035),#5039);
#5035 = LINE('',#5036,#5037);
#5036 = CARTESIAN_POINT('',(0.,2.24));
#5037 = VECTOR('',#5038,1.);
#5038 = DIRECTION('',(1.,0.));
#5039 = ( GEOMETRIC_REPRESENTATION_CONTEXT(2) 
PARAMETRIC_REPRESENTATION_CONTEXT() REPRESENTATION_CONTEXT('2D SPACE',''
  ) );
#5040 = ADVANCED_FACE('',(#5041),#4502,.T.);
#5041 = FACE_BOUND('',#5042,.F.);
#5042 = EDGE_LOOP('',(#5043,#5044,#5160,#5161,#5184,#5213));
#5043 = ORIENTED_EDGE('',*,*,#4483,.T.);
#5044 = ORIENTED_EDGE('',*,*,#5045,.T.);
#5045 = EDGE_CURVE('',#4486,#4544,#5046,.T.);
#5046 = SURFACE_CURVE('',#5047,(#5068,#5092),.PCURVE_S1.);
#5047 = ( BOUNDED_CURVE() B_SPLINE_CURVE(10,(#5048,#5049,#5050,#5051,
    #5052,#5053,#5054,#5055,#5056,#5057,#5058,#5059,#5060,#5061,#5062,
    #5063,#5064,#5065,#5066,#5067),.UNSPECIFIED.,.F.,.F.) 
B_SPLINE_CURVE_WITH_KNOTS((11,9,11),(16.165226546512,20.224002707484,
24.282778868455),.UNSPECIFIED.) CURVE() GEOMETRIC_REPRESENTATION_ITEM() 
RATIONAL_B_SPLINE_CURVE((1.,1.,1.,1.,1.,1.,1.,1.,1.,1.,1.,1.,1.,1.,1.,1.
,1.,1.,1.,1.)) REPRESENTATION_ITEM('') );
#5048 = CARTESIAN_POINT('',(-49.74997882783,-43.98439617216,-19.94));
#5049 = CARTESIAN_POINT('',(-49.63386471017,-44.43787515287,-19.94));
#5050 = CARTESIAN_POINT('',(-49.49157796648,-44.87087653674,-19.94));
#5051 = CARTESIAN_POINT('',(-49.32611852371,-45.28348969739,-19.94));
#5052 = CARTESIAN_POINT('',(-49.13991295229,-45.67624664412,-19.94));
#5053 = CARTESIAN_POINT('',(-48.93480395232,-46.04990716207,-19.94));
#5054 = CARTESIAN_POINT('',(-48.71210388507,-46.40528916569,-19.94));
#5055 = CARTESIAN_POINT('',(-48.47266467244,-46.74315688455,-19.94));
#5056 = CARTESIAN_POINT('',(-48.21694180944,-47.06413770478,-19.94));
#5057 = CARTESIAN_POINT('',(-47.94505527574,-47.36865322324,-19.94));
#5058 = CARTESIAN_POINT('',(-47.36865322324,-47.94505527574,-19.94));
#5059 = CARTESIAN_POINT('',(-47.06413770478,-48.21694180944,-19.94));
#5060 = CARTESIAN_POINT('',(-46.74315688455,-48.47266467244,-19.94));
#5061 = CARTESIAN_POINT('',(-46.40528916569,-48.71210388507,-19.94));
#5062 = CARTESIAN_POINT('',(-46.04990716207,-48.93480395232,-19.94));
#5063 = CARTESIAN_POINT('',(-45.67624664412,-49.13991295229,-19.94));
#5064 = CARTESIAN_POINT('',(-45.28348969739,-49.32611852371,-19.94));
#5065 = CARTESIAN_POINT('',(-44.87087653674,-49.49157796648,-19.94));
#5066 = CARTESIAN_POINT('',(-44.43787515287,-49.63386471017,-19.94));
#5067 = CARTESIAN_POINT('',(-43.98439617216,-49.74997882783,-19.94));
#5068 = PCURVE('',#4502,#5069);
#5069 = DEFINITIONAL_REPRESENTATION('',(#5070),#5091);
#5070 = B_SPLINE_CURVE_WITH_KNOTS('',10,(#5071,#5072,#5073,#5074,#5075,
    #5076,#5077,#5078,#5079,#5080,#5081,#5082,#5083,#5084,#5085,#5086,
    #5087,#5088,#5089,#5090),.UNSPECIFIED.,.F.,.F.,(11,9,11),(
    16.165226546512,20.224002707484,24.282778868455),.UNSPECIFIED.);
#5071 = CARTESIAN_POINT('',(-3.392258985472,-5.));
#5072 = CARTESIAN_POINT('',(-3.45077256219,-5.));
#5073 = CARTESIAN_POINT('',(-3.507617950098,-5.));
#5074 = CARTESIAN_POINT('',(-3.562991207001,-5.));
#5075 = CARTESIAN_POINT('',(-3.617098572341,-5.));
#5076 = CARTESIAN_POINT('',(-3.670151032818,-5.));
#5077 = CARTESIAN_POINT('',(-3.7223606105,-5.));
#5078 = CARTESIAN_POINT('',(-3.773938815422,-5.));
#5079 = CARTESIAN_POINT('',(-3.825096366979,-5.));
#5080 = CARTESIAN_POINT('',(-3.876043591985,-5.));
#5081 = CARTESIAN_POINT('',(-3.977938041989,-5.));
#5082 = CARTESIAN_POINT('',(-4.028885266995,-5.));
#5083 = CARTESIAN_POINT('',(-4.080042818551,-5.));
#5084 = CARTESIAN_POINT('',(-4.131621023476,-5.));
#5085 = CARTESIAN_POINT('',(-4.183830601155,-4.999999999999));
#5086 = CARTESIAN_POINT('',(-4.236883061634,-5.));
#5087 = CARTESIAN_POINT('',(-4.290990426973,-5.));
#5088 = CARTESIAN_POINT('',(-4.346363683877,-5.));
#5089 = CARTESIAN_POINT('',(-4.403209071784,-5.));
#5090 = CARTESIAN_POINT('',(-4.461722648503,-5.));
#5091 = ( GEOMETRIC_REPRESENTATION_CONTEXT(2) 
PARAMETRIC_REPRESENTATION_CONTEXT() REPRESENTATION_CONTEXT('2D SPACE',''
  ) );
#5092 = PCURVE('',#5093,#5154);
#5093 = ( BOUNDED_SURFACE() B_SPLINE_SURFACE(2,10,(
    (#5094,#5095,#5096,#5097,#5098,#5099,#5100,#5101,#5102,#5103,#5104
      ,#5105,#5106,#5107,#5108,#5109,#5110,#5111,#5112,#5113)
    ,(#5114,#5115,#5116,#5117,#5118,#5119,#5120,#5121,#5122,#5123,#5124
      ,#5125,#5126,#5127,#5128,#5129,#5130,#5131,#5132,#5133)
    ,(#5134,#5135,#5136,#5137,#5138,#5139,#5140,#5141,#5142,#5143,#5144
      ,#5145,#5146,#5147,#5148,#5149,#5150,#5151,#5152,#5153
)),.UNSPECIFIED.,.F.,.F.,.F.) B_SPLINE_SURFACE_WITH_KNOTS((3,3),(11,9,11
    ),(0.,8.117552321942),(16.165226546512,20.224002707484,
24.282778868455),.UNSPECIFIED.) GEOMETRIC_REPRESENTATION_ITEM() 
RATIONAL_B_SPLINE_SURFACE((
    (1.,1.,1.,1.,1.,1.,1.,1.,1.,1.,1.,1.,1.,1.,1.,1.,1.,1.,1.,1.)
    ,(0.707106781187,0.776252573185,0.829895844258,0.873705759355
      ,0.908834753245,0.93715640921,0.958944626612,0.975063779929
      ,0.985663087423,0.990970536371,0.990970536371,0.985663087423
      ,0.97506377993,0.958944626612,0.93715640921,0.908834753244
      ,0.873705759355,0.829895844258,0.776252573185,0.707106781187)
    ,(1.,1.,1.,1.,1.,1.,1.,1.,1.,1.,1.,1.,1.,1.,1.,1.,1.,1.,1.,1.
))) REPRESENTATION_ITEM('') SURFACE() );
#5094 = CARTESIAN_POINT('',(-49.1499810371,-43.98602439767,-19.34));
#5095 = CARTESIAN_POINT('',(-49.15108246577,-44.39189862261,-19.34));
#5096 = CARTESIAN_POINT('',(-49.11664247822,-44.79787159466,
    -19.36593903159));
#5097 = CARTESIAN_POINT('',(-49.04665088863,-45.20044007521,
    -19.40405466432));
#5098 = CARTESIAN_POINT('',(-48.94149258475,-45.59610088848,
    -19.46703735829));
#5099 = CARTESIAN_POINT('',(-48.80194685578,-45.98140231406,
    -19.5075564233));
#5100 = CARTESIAN_POINT('',(-48.62917910361,-46.35299534173,
    -19.60473839549));
#5101 = CARTESIAN_POINT('',(-48.42472479795,-46.7076835987,
    -19.64022249346));
#5102 = CARTESIAN_POINT('',(-48.19046564421,-47.04247038552,
    -19.73477186278));
#5103 = CARTESIAN_POINT('',(-47.92859873778,-47.35460110843,
    -19.78055702788));
#5104 = CARTESIAN_POINT('',(-47.35460110843,-47.92859873778,
    -19.78055702788));
#5105 = CARTESIAN_POINT('',(-47.04247038552,-48.19046564421,
    -19.73477186278));
#5106 = CARTESIAN_POINT('',(-46.7076835987,-48.42472479795,
    -19.64022249346));
#5107 = CARTESIAN_POINT('',(-46.35299534173,-48.62917910361,
    -19.60473839549));
#5108 = CARTESIAN_POINT('',(-45.98140231407,-48.80194685578,
    -19.5075564233));
#5109 = CARTESIAN_POINT('',(-45.59610088848,-48.94149258475,
    -19.46703735829));
#5110 = CARTESIAN_POINT('',(-45.20044007521,-49.04665088863,
    -19.40405466432));
#5111 = CARTESIAN_POINT('',(-44.79787159466,-49.11664247822,
    -19.36593903159));
#5112 = CARTESIAN_POINT('',(-44.39189862261,-49.15108246577,-19.34));
#5113 = CARTESIAN_POINT('',(-43.98602439768,-49.1499810371,-19.34));
#5114 = CARTESIAN_POINT('',(-49.1499810371,-43.98602439767,-19.94));
#5115 = CARTESIAN_POINT('',(-49.15098435446,-44.35574480399,
    -19.83310830873));
#5116 = CARTESIAN_POINT('',(-49.12177689733,-44.75289196948,
    -19.77358650728));
#5117 = CARTESIAN_POINT('',(-49.05632868627,-45.15609782099,
    -19.74420098971));
#5118 = CARTESIAN_POINT('',(-48.9538673735,-45.55945348519,
    -19.74450373678));
#5119 = CARTESIAN_POINT('',(-48.81445104556,-45.95363071143,
    -19.74446226559));
#5120 = CARTESIAN_POINT('',(-48.63965268001,-46.33529737717,
    -19.78268079826));
#5121 = CARTESIAN_POINT('',(-48.43165468486,-46.69824353948,
    -19.79422098857));
#5122 = CARTESIAN_POINT('',(-48.19341925402,-47.03925485556,
    -19.84003121602));
#5123 = CARTESIAN_POINT('',(-47.92859873778,-47.35460110843,
    -19.86173793526));
#5124 = CARTESIAN_POINT('',(-47.35460110843,-47.92859873778,
    -19.86173793526));
#5125 = CARTESIAN_POINT('',(-47.03925485556,-48.19341925402,
    -19.84003121602));
#5126 = CARTESIAN_POINT('',(-46.69824353948,-48.43165468486,
    -19.79422098857));
#5127 = CARTESIAN_POINT('',(-46.33529737717,-48.63965268001,
    -19.78268079826));
#5128 = CARTESIAN_POINT('',(-45.95363071143,-48.81445104556,
    -19.74446226559));
#5129 = CARTESIAN_POINT('',(-45.55945348519,-48.9538673735,
    -19.74450373678));
#5130 = CARTESIAN_POINT('',(-45.15609782099,-49.05632868627,
    -19.74420098971));
#5131 = CARTESIAN_POINT('',(-44.75289196949,-49.12177689733,
    -19.77358650728));
#5132 = CARTESIAN_POINT('',(-44.35574480399,-49.15098435446,
    -19.83310830873));
#5133 = CARTESIAN_POINT('',(-43.98602439768,-49.1499810371,-19.94));
#5134 = CARTESIAN_POINT('',(-49.74997882783,-43.98439617216,-19.94));
#5135 = CARTESIAN_POINT('',(-49.63386471017,-44.43787515287,-19.94));
#5136 = CARTESIAN_POINT('',(-49.49157796648,-44.87087653674,-19.94));
#5137 = CARTESIAN_POINT('',(-49.32611852371,-45.28348969739,-19.94));
#5138 = CARTESIAN_POINT('',(-49.13991295229,-45.67624664412,-19.94));
#5139 = CARTESIAN_POINT('',(-48.93480395232,-46.04990716207,-19.94));
#5140 = CARTESIAN_POINT('',(-48.71210388507,-46.40528916569,-19.94));
#5141 = CARTESIAN_POINT('',(-48.47266467244,-46.74315688455,-19.94));
#5142 = CARTESIAN_POINT('',(-48.21694180944,-47.06413770478,-19.94));
#5143 = CARTESIAN_POINT('',(-47.94505527574,-47.36865322324,-19.94));
#5144 = CARTESIAN_POINT('',(-47.36865322324,-47.94505527574,-19.94));
#5145 = CARTESIAN_POINT('',(-47.06413770478,-48.21694180944,-19.94));
#5146 = CARTESIAN_POINT('',(-46.74315688455,-48.47266467244,-19.94));
#5147 = CARTESIAN_POINT('',(-46.40528916569,-48.71210388507,-19.94));
#5148 = CARTESIAN_POINT('',(-46.04990716207,-48.93480395232,-19.94));
#5149 = CARTESIAN_POINT('',(-45.67624664412,-49.13991295229,-19.94));
#5150 = CARTESIAN_POINT('',(-45.28348969739,-49.32611852371,-19.94));
#5151 = CARTESIAN_POINT('',(-44.87087653674,-49.49157796648,-19.94));
#5152 = CARTESIAN_POINT('',(-44.43787515287,-49.63386471017,-19.94));
#5153 = CARTESIAN_POINT('',(-43.98439617216,-49.74997882783,-19.94));
#5154 = DEFINITIONAL_REPRESENTATION('',(#5155),#5159);
#5155 = LINE('',#5156,#5157);
#5156 = CARTESIAN_POINT('',(8.117552321942,0.));
#5157 = VECTOR('',#5158,1.);
#5158 = DIRECTION('',(0.,1.));
#5159 = ( GEOMETRIC_REPRESENTATION_CONTEXT(2) 
PARAMETRIC_REPRESENTATION_CONTEXT() REPRESENTATION_CONTEXT('2D SPACE',''
  ) );
#5160 = ORIENTED_EDGE('',*,*,#4572,.T.);
#5161 = ORIENTED_EDGE('',*,*,#5162,.F.);
#5162 = EDGE_CURVE('',#5163,#4573,#5165,.T.);
#5163 = VERTEX_POINT('',#5164);
#5164 = CARTESIAN_POINT('',(-42.,-50.,-24.94));
#5165 = SURFACE_CURVE('',#5166,(#5170,#5177),.PCURVE_S1.);
#5166 = LINE('',#5167,#5168);
#5167 = CARTESIAN_POINT('',(-42.,-50.,-24.94));
#5168 = VECTOR('',#5169,1.);
#5169 = DIRECTION('',(0.,0.,1.));
#5170 = PCURVE('',#4502,#5171);
#5171 = DEFINITIONAL_REPRESENTATION('',(#5172),#5176);
#5172 = LINE('',#5173,#5174);
#5173 = CARTESIAN_POINT('',(-4.712388980385,0.));
#5174 = VECTOR('',#5175,1.);
#5175 = DIRECTION('',(-0.,-1.));
#5176 = ( GEOMETRIC_REPRESENTATION_CONTEXT(2) 
PARAMETRIC_REPRESENTATION_CONTEXT() REPRESENTATION_CONTEXT('2D SPACE',''
  ) );
#5177 = PCURVE('',#4612,#5178);
#5178 = DEFINITIONAL_REPRESENTATION('',(#5179),#5183);
#5179 = LINE('',#5180,#5181);
#5180 = CARTESIAN_POINT('',(0.,0.));
#5181 = VECTOR('',#5182,1.);
#5182 = DIRECTION('',(0.,-1.));
#5183 = ( GEOMETRIC_REPRESENTATION_CONTEXT(2) 
PARAMETRIC_REPRESENTATION_CONTEXT() REPRESENTATION_CONTEXT('2D SPACE',''
  ) );
#5184 = ORIENTED_EDGE('',*,*,#5185,.F.);
#5185 = EDGE_CURVE('',#5186,#5163,#5188,.T.);
#5186 = VERTEX_POINT('',#5187);
#5187 = CARTESIAN_POINT('',(-50.,-42.,-24.94));
#5188 = SURFACE_CURVE('',#5189,(#5194,#5201),.PCURVE_S1.);
#5189 = CIRCLE('',#5190,8.);
#5190 = AXIS2_PLACEMENT_3D('',#5191,#5192,#5193);
#5191 = CARTESIAN_POINT('',(-42.,-42.,-24.94));
#5192 = DIRECTION('',(0.,0.,1.));
#5193 = DIRECTION('',(1.,0.,0.));
#5194 = PCURVE('',#4502,#5195);
#5195 = DEFINITIONAL_REPRESENTATION('',(#5196),#5200);
#5196 = LINE('',#5197,#5198);
#5197 = CARTESIAN_POINT('',(-0.,0.));
#5198 = VECTOR('',#5199,1.);
#5199 = DIRECTION('',(-1.,0.));
#5200 = ( GEOMETRIC_REPRESENTATION_CONTEXT(2) 
PARAMETRIC_REPRESENTATION_CONTEXT() REPRESENTATION_CONTEXT('2D SPACE',''
  ) );
#5201 = PCURVE('',#5202,#5207);
#5202 = PLANE('',#5203);
#5203 = AXIS2_PLACEMENT_3D('',#5204,#5205,#5206);
#5204 = CARTESIAN_POINT('',(-1.100073611893E-09,-1.188874775473E-09,
    -24.94));
#5205 = DIRECTION('',(0.,0.,1.));
#5206 = DIRECTION('',(1.,0.,-0.));
#5207 = DEFINITIONAL_REPRESENTATION('',(#5208),#5212);
#5208 = CIRCLE('',#5209,8.);
#5209 = AXIS2_PLACEMENT_2D('',#5210,#5211);
#5210 = CARTESIAN_POINT('',(-41.9999999989,-41.99999999881));
#5211 = DIRECTION('',(1.,0.));
#5212 = ( GEOMETRIC_REPRESENTATION_CONTEXT(2) 
PARAMETRIC_REPRESENTATION_CONTEXT() REPRESENTATION_CONTEXT('2D SPACE',''
  ) );
#5213 = ORIENTED_EDGE('',*,*,#5214,.T.);
#5214 = EDGE_CURVE('',#5186,#4484,#5215,.T.);
#5215 = SURFACE_CURVE('',#5216,(#5220,#5227),.PCURVE_S1.);
#5216 = LINE('',#5217,#5218);
#5217 = CARTESIAN_POINT('',(-50.,-42.,-24.94));
#5218 = VECTOR('',#5219,1.);
#5219 = DIRECTION('',(0.,0.,1.));
#5220 = PCURVE('',#4502,#5221);
#5221 = DEFINITIONAL_REPRESENTATION('',(#5222),#5226);
#5222 = LINE('',#5223,#5224);
#5223 = CARTESIAN_POINT('',(-3.14159265359,0.));
#5224 = VECTOR('',#5225,1.);
#5225 = DIRECTION('',(-0.,-1.));
#5226 = ( GEOMETRIC_REPRESENTATION_CONTEXT(2) 
PARAMETRIC_REPRESENTATION_CONTEXT() REPRESENTATION_CONTEXT('2D SPACE',''
  ) );
#5227 = PCURVE('',#4969,#5228);
#5228 = DEFINITIONAL_REPRESENTATION('',(#5229),#5233);
#5229 = LINE('',#5230,#5231);
#5230 = CARTESIAN_POINT('',(0.,0.));
#5231 = VECTOR('',#5232,1.);
#5232 = DIRECTION('',(0.,-1.));
#5233 = ( GEOMETRIC_REPRESENTATION_CONTEXT(2) 
PARAMETRIC_REPRESENTATION_CONTEXT() REPRESENTATION_CONTEXT('2D SPACE',''
  ) );
#5234 = ADVANCED_FACE('',(#5235),#4531,.F.);
#5235 = FACE_BOUND('',#5236,.T.);
#5236 = EDGE_LOOP('',(#5237,#5259,#5260,#5318));
#5237 = ORIENTED_EDGE('',*,*,#5238,.F.);
#5238 = EDGE_CURVE('',#4515,#5239,#5241,.T.);
#5239 = VERTEX_POINT('',#5240);
#5240 = CARTESIAN_POINT('',(-38.85,-44.,-19.34));
#5241 = SURFACE_CURVE('',#5242,(#5247,#5253),.PCURVE_S1.);
#5242 = CIRCLE('',#5243,0.6);
#5243 = AXIS2_PLACEMENT_3D('',#5244,#5245,#5246);
#5244 = CARTESIAN_POINT('',(-38.25,-44.,-19.34));
#5245 = DIRECTION('',(0.,1.,0.));
#5246 = DIRECTION('',(1.,0.,-0.));
#5247 = PCURVE('',#4531,#5248);
#5248 = DEFINITIONAL_REPRESENTATION('',(#5249),#5252);
#5249 = B_SPLINE_CURVE_WITH_KNOTS('',1,(#5250,#5251),.UNSPECIFIED.,.F.,
  .F.,(2,2),(1.570796326795,3.14159265359),.PIECEWISE_BEZIER_KNOTS.);
#5250 = CARTESIAN_POINT('',(0.,1.570796326795));
#5251 = CARTESIAN_POINT('',(0.,3.14159265359));
#5252 = ( GEOMETRIC_REPRESENTATION_CONTEXT(2) 
PARAMETRIC_REPRESENTATION_CONTEXT() REPRESENTATION_CONTEXT('2D SPACE',''
  ) );
#5253 = PCURVE('',#4560,#5254);
#5254 = DEFINITIONAL_REPRESENTATION('',(#5255),#5258);
#5255 = B_SPLINE_CURVE_WITH_KNOTS('',1,(#5256,#5257),.UNSPECIFIED.,.F.,
  .F.,(2,2),(1.570796326795,3.14159265359),.PIECEWISE_BEZIER_KNOTS.);
#5256 = CARTESIAN_POINT('',(-6.28318530718,1.570796326795));
#5257 = CARTESIAN_POINT('',(-6.28318530718,3.14159265359));
#5258 = ( GEOMETRIC_REPRESENTATION_CONTEXT(2) 
PARAMETRIC_REPRESENTATION_CONTEXT() REPRESENTATION_CONTEXT('2D SPACE',''
  ) );
#5259 = ORIENTED_EDGE('',*,*,#4514,.T.);
#5260 = ORIENTED_EDGE('',*,*,#5261,.T.);
#5261 = EDGE_CURVE('',#4486,#5262,#5264,.T.);
#5262 = VERTEX_POINT('',#5263);
#5263 = CARTESIAN_POINT('',(-49.1499810371,-43.98602439767,-19.34));
#5264 = SURFACE_CURVE('',#5265,(#5270,#5276),.PCURVE_S1.);
#5265 = CIRCLE('',#5266,0.6);
#5266 = AXIS2_PLACEMENT_3D('',#5267,#5268,#5269);
#5267 = CARTESIAN_POINT('',(-49.74997882783,-43.98439617216,-19.34));
#5268 = DIRECTION('',(-2.713709188683E-03,-0.999996317884,0.));
#5269 = DIRECTION('',(-0.999996317884,2.713709188683E-03,0.));
#5270 = PCURVE('',#4531,#5271);
#5271 = DEFINITIONAL_REPRESENTATION('',(#5272),#5275);
#5272 = B_SPLINE_CURVE_WITH_KNOTS('',1,(#5273,#5274),.UNSPECIFIED.,.F.,
  .F.,(2,2),(1.570796326795,3.14159265359),.PIECEWISE_BEZIER_KNOTS.);
#5273 = CARTESIAN_POINT('',(-3.13887894107,1.570796326795));
#5274 = CARTESIAN_POINT('',(-3.13887894107,3.14159265359));
#5275 = ( GEOMETRIC_REPRESENTATION_CONTEXT(2) 
PARAMETRIC_REPRESENTATION_CONTEXT() REPRESENTATION_CONTEXT('2D SPACE',''
  ) );
#5276 = PCURVE('',#5093,#5277);
#5277 = DEFINITIONAL_REPRESENTATION('',(#5278),#5317);
#5278 = B_SPLINE_CURVE_WITH_KNOTS('',7,(#5279,#5280,#5281,#5282,#5283,
    #5284,#5285,#5286,#5287,#5288,#5289,#5290,#5291,#5292,#5293,#5294,
    #5295,#5296,#5297,#5298,#5299,#5300,#5301,#5302,#5303,#5304,#5305,
    #5306,#5307,#5308,#5309,#5310,#5311,#5312,#5313,#5314,#5315,#5316),
  .UNSPECIFIED.,.F.,.F.,(8,6,6,6,6,6,8),(1.570796326795,1.767145867644,
    1.963495408494,2.356194490192,2.748893571891,2.94524311274,
    3.14159265359),.UNSPECIFIED.);
#5279 = CARTESIAN_POINT('',(8.117552321942,16.165226546512));
#5280 = CARTESIAN_POINT('',(7.956546363412,16.165226546512));
#5281 = CARTESIAN_POINT('',(7.797722325276,16.165226546512));
#5282 = CARTESIAN_POINT('',(7.640925991737,16.165226546512));
#5283 = CARTESIAN_POINT('',(7.486006149942,16.165226546512));
#5284 = CARTESIAN_POINT('',(7.332831552045,16.165226546512));
#5285 = CARTESIAN_POINT('',(7.181268292635,16.165226546512));
#5286 = CARTESIAN_POINT('',(6.881122112586,16.165226546512));
#5287 = CARTESIAN_POINT('',(6.732538730512,16.165226546512));
#5288 = CARTESIAN_POINT('',(6.58532212206,16.165226546513));
#5289 = CARTESIAN_POINT('',(6.439355721395,16.165226546512));
#5290 = CARTESIAN_POINT('',(6.294528453967,16.165226546513));
#5291 = CARTESIAN_POINT('',(6.150733859299,16.165226546512));
#5292 = CARTESIAN_POINT('',(5.722139922742,16.165226546512));
#5293 = CARTESIAN_POINT('',(5.440130456385,16.165226546512));
#5294 = CARTESIAN_POINT('',(5.161019431784,16.165226546513));
#5295 = CARTESIAN_POINT('',(4.884045612923,16.165226546512));
#5296 = CARTESIAN_POINT('',(4.608484916097,16.165226546513));
#5297 = CARTESIAN_POINT('',(4.333630531495,16.165226546512));
#5298 = CARTESIAN_POINT('',(3.783921790447,16.165226546512));
#5299 = CARTESIAN_POINT('',(3.509067405845,16.165226546512));
#5300 = CARTESIAN_POINT('',(3.233506709018,16.165226546513));
#5301 = CARTESIAN_POINT('',(2.956532890157,16.165226546512));
#5302 = CARTESIAN_POINT('',(2.677421865557,16.165226546513));
#5303 = CARTESIAN_POINT('',(2.395412399199,16.165226546512));
#5304 = CARTESIAN_POINT('',(1.966818462642,16.165226546512));
#5305 = CARTESIAN_POINT('',(1.823023867975,16.165226546512));
#5306 = CARTESIAN_POINT('',(1.678196600547,16.165226546512));
#5307 = CARTESIAN_POINT('',(1.532230199882,16.165226546512));
#5308 = CARTESIAN_POINT('',(1.38501359143,16.165226546513));
#5309 = CARTESIAN_POINT('',(1.236430209356,16.165226546512));
#5310 = CARTESIAN_POINT('',(0.936284029307,16.165226546512));
#5311 = CARTESIAN_POINT('',(0.784720769897,16.165226546513));
#5312 = CARTESIAN_POINT('',(0.631546172,16.165226546512));
#5313 = CARTESIAN_POINT('',(0.476626330205,16.165226546512));
#5314 = CARTESIAN_POINT('',(0.319829996666,16.165226546512));
#5315 = CARTESIAN_POINT('',(0.16100595853,16.165226546512));
#5316 = CARTESIAN_POINT('',(0.,16.165226546512));
#5317 = ( GEOMETRIC_REPRESENTATION_CONTEXT(2) 
PARAMETRIC_REPRESENTATION_CONTEXT() REPRESENTATION_CONTEXT('2D SPACE',''
  ) );
#5318 = ORIENTED_EDGE('',*,*,#5319,.F.);
#5319 = EDGE_CURVE('',#5239,#5262,#5320,.T.);
#5320 = SURFACE_CURVE('',#5321,(#5326,#5333),.PCURVE_S1.);
#5321 = CIRCLE('',#5322,5.15);
#5322 = AXIS2_PLACEMENT_3D('',#5323,#5324,#5325);
#5323 = CARTESIAN_POINT('',(-44.,-44.,-19.34));
#5324 = DIRECTION('',(0.,0.,1.));
#5325 = DIRECTION('',(1.,0.,-0.));
#5326 = PCURVE('',#4531,#5327);
#5327 = DEFINITIONAL_REPRESENTATION('',(#5328),#5332);
#5328 = LINE('',#5329,#5330);
#5329 = CARTESIAN_POINT('',(-0.,3.14159265359));
#5330 = VECTOR('',#5331,1.);
#5331 = DIRECTION('',(-1.,0.));
#5332 = ( GEOMETRIC_REPRESENTATION_CONTEXT(2) 
PARAMETRIC_REPRESENTATION_CONTEXT() REPRESENTATION_CONTEXT('2D SPACE',''
  ) );
#5333 = PCURVE('',#5334,#5339);
#5334 = CYLINDRICAL_SURFACE('',#5335,5.15);
#5335 = AXIS2_PLACEMENT_3D('',#5336,#5337,#5338);
#5336 = CARTESIAN_POINT('',(-44.,-44.,-19.94));
#5337 = DIRECTION('',(0.,0.,1.));
#5338 = DIRECTION('',(1.,0.,-0.));
#5339 = DEFINITIONAL_REPRESENTATION('',(#5340),#5344);
#5340 = LINE('',#5341,#5342);
#5341 = CARTESIAN_POINT('',(0.,0.6));
#5342 = VECTOR('',#5343,1.);
#5343 = DIRECTION('',(1.,0.));
#5344 = ( GEOMETRIC_REPRESENTATION_CONTEXT(2) 
PARAMETRIC_REPRESENTATION_CONTEXT() REPRESENTATION_CONTEXT('2D SPACE',''
  ) );
#5345 = ADVANCED_FACE('',(#5346),#4969,.T.);
#5346 = FACE_BOUND('',#5347,.T.);
#5347 = EDGE_LOOP('',(#5348,#5349,#5350,#5373));
#5348 = ORIENTED_EDGE('',*,*,#5214,.T.);
#5349 = ORIENTED_EDGE('',*,*,#4955,.T.);
#5350 = ORIENTED_EDGE('',*,*,#5351,.F.);
#5351 = EDGE_CURVE('',#5352,#4932,#5354,.T.);
#5352 = VERTEX_POINT('',#5353);
#5353 = CARTESIAN_POINT('',(-50.,41.999999992206,-24.94));
#5354 = SURFACE_CURVE('',#5355,(#5359,#5366),.PCURVE_S1.);
#5355 = LINE('',#5356,#5357);
#5356 = CARTESIAN_POINT('',(-50.,41.999999992206,-24.94));
#5357 = VECTOR('',#5358,1.);
#5358 = DIRECTION('',(0.,0.,1.));
#5359 = PCURVE('',#4969,#5360);
#5360 = DEFINITIONAL_REPRESENTATION('',(#5361),#5365);
#5361 = LINE('',#5362,#5363);
#5362 = CARTESIAN_POINT('',(83.999999992206,0.));
#5363 = VECTOR('',#5364,1.);
#5364 = DIRECTION('',(0.,-1.));
#5365 = ( GEOMETRIC_REPRESENTATION_CONTEXT(2) 
PARAMETRIC_REPRESENTATION_CONTEXT() REPRESENTATION_CONTEXT('2D SPACE',''
  ) );
#5366 = PCURVE('',#4861,#5367);
#5367 = DEFINITIONAL_REPRESENTATION('',(#5368),#5372);
#5368 = LINE('',#5369,#5370);
#5369 = CARTESIAN_POINT('',(-3.14159265359,0.));
#5370 = VECTOR('',#5371,1.);
#5371 = DIRECTION('',(-0.,-1.));
#5372 = ( GEOMETRIC_REPRESENTATION_CONTEXT(2) 
PARAMETRIC_REPRESENTATION_CONTEXT() REPRESENTATION_CONTEXT('2D SPACE',''
  ) );
#5373 = ORIENTED_EDGE('',*,*,#5374,.F.);
#5374 = EDGE_CURVE('',#5186,#5352,#5375,.T.);
#5375 = SURFACE_CURVE('',#5376,(#5380,#5387),.PCURVE_S1.);
#5376 = LINE('',#5377,#5378);
#5377 = CARTESIAN_POINT('',(-50.,6.110667527537E-13,-24.94));
#5378 = VECTOR('',#5379,1.);
#5379 = DIRECTION('',(0.,1.,0.));
#5380 = PCURVE('',#4969,#5381);
#5381 = DEFINITIONAL_REPRESENTATION('',(#5382),#5386);
#5382 = LINE('',#5383,#5384);
#5383 = CARTESIAN_POINT('',(42.000000000001,0.));
#5384 = VECTOR('',#5385,1.);
#5385 = DIRECTION('',(1.,0.));
#5386 = ( GEOMETRIC_REPRESENTATION_CONTEXT(2) 
PARAMETRIC_REPRESENTATION_CONTEXT() REPRESENTATION_CONTEXT('2D SPACE',''
  ) );
#5387 = PCURVE('',#5202,#5388);
#5388 = DEFINITIONAL_REPRESENTATION('',(#5389),#5393);
#5389 = LINE('',#5390,#5391);
#5390 = CARTESIAN_POINT('',(-49.9999999989,1.189485842225E-09));
#5391 = VECTOR('',#5392,1.);
#5392 = DIRECTION('',(0.,1.));
#5393 = ( GEOMETRIC_REPRESENTATION_CONTEXT(2) 
PARAMETRIC_REPRESENTATION_CONTEXT() REPRESENTATION_CONTEXT('2D SPACE',''
  ) );
#5394 = ADVANCED_FACE('',(#5395),#4560,.F.);
#5395 = FACE_BOUND('',#5396,.T.);
#5396 = EDGE_LOOP('',(#5397,#5426,#5427,#5428));
#5397 = ORIENTED_EDGE('',*,*,#5398,.F.);
#5398 = EDGE_CURVE('',#4544,#5399,#5401,.T.);
#5399 = VERTEX_POINT('',#5400);
#5400 = CARTESIAN_POINT('',(-43.98602439768,-49.1499810371,-19.34));
#5401 = SURFACE_CURVE('',#5402,(#5406,#5420),.PCURVE_S1.);
#5402 = ( BOUNDED_CURVE() B_SPLINE_CURVE(2,(#5403,#5404,#5405),
.UNSPECIFIED.,.F.,.F.) B_SPLINE_CURVE_WITH_KNOTS((3,3),(0.,
8.117552321942),.PIECEWISE_BEZIER_KNOTS.) CURVE() 
GEOMETRIC_REPRESENTATION_ITEM() RATIONAL_B_SPLINE_CURVE((1.,
0.707106781187,1.)) REPRESENTATION_ITEM('') );
#5403 = CARTESIAN_POINT('',(-43.98439617216,-49.74997882783,-19.94));
#5404 = CARTESIAN_POINT('',(-43.98602439768,-49.1499810371,-19.94));
#5405 = CARTESIAN_POINT('',(-43.98602439768,-49.1499810371,-19.34));
#5406 = PCURVE('',#4560,#5407);
#5407 = DEFINITIONAL_REPRESENTATION('',(#5408),#5419);
#5408 = B_SPLINE_CURVE_WITH_KNOTS('',9,(#5409,#5410,#5411,#5412,#5413,
    #5414,#5415,#5416,#5417,#5418),.UNSPECIFIED.,.F.,.F.,(10,10),(0.,
    8.117552321942),.PIECEWISE_BEZIER_KNOTS.);
#5409 = CARTESIAN_POINT('',(-4.715102692904,1.570796326795));
#5410 = CARTESIAN_POINT('',(-4.715102692904,1.727931167059));
#5411 = CARTESIAN_POINT('',(-4.715102692904,1.896571043616));
#5412 = CARTESIAN_POINT('',(-4.715102692903,2.075362713665));
#5413 = CARTESIAN_POINT('',(-4.715102692904,2.261541178407));
#5414 = CARTESIAN_POINT('',(-4.715102692903,2.450847801978));
#5415 = CARTESIAN_POINT('',(-4.715102692904,2.63702626672));
#5416 = CARTESIAN_POINT('',(-4.715102692904,2.815817936769));
#5417 = CARTESIAN_POINT('',(-4.715102692904,2.984457813326));
#5418 = CARTESIAN_POINT('',(-4.715102692904,3.14159265359));
#5419 = ( GEOMETRIC_REPRESENTATION_CONTEXT(2) 
PARAMETRIC_REPRESENTATION_CONTEXT() REPRESENTATION_CONTEXT('2D SPACE',''
  ) );
#5420 = PCURVE('',#5093,#5421);
#5421 = DEFINITIONAL_REPRESENTATION('',(#5422),#5425);
#5422 = B_SPLINE_CURVE_WITH_KNOTS('',1,(#5423,#5424),.UNSPECIFIED.,.F.,
  .F.,(2,2),(0.,8.117552321942),.PIECEWISE_BEZIER_KNOTS.);
#5423 = CARTESIAN_POINT('',(8.117552321942,24.282778868455));
#5424 = CARTESIAN_POINT('',(0.,24.282778868455));
#5425 = ( GEOMETRIC_REPRESENTATION_CONTEXT(2) 
PARAMETRIC_REPRESENTATION_CONTEXT() REPRESENTATION_CONTEXT('2D SPACE',''
  ) );
#5426 = ORIENTED_EDGE('',*,*,#4543,.T.);
#5427 = ORIENTED_EDGE('',*,*,#5238,.T.);
#5428 = ORIENTED_EDGE('',*,*,#5429,.F.);
#5429 = EDGE_CURVE('',#5399,#5239,#5430,.T.);
#5430 = SURFACE_CURVE('',#5431,(#5436,#5443),.PCURVE_S1.);
#5431 = CIRCLE('',#5432,5.15);
#5432 = AXIS2_PLACEMENT_3D('',#5433,#5434,#5435);
#5433 = CARTESIAN_POINT('',(-44.,-44.,-19.34));
#5434 = DIRECTION('',(0.,0.,1.));
#5435 = DIRECTION('',(1.,0.,-0.));
#5436 = PCURVE('',#4560,#5437);
#5437 = DEFINITIONAL_REPRESENTATION('',(#5438),#5442);
#5438 = LINE('',#5439,#5440);
#5439 = CARTESIAN_POINT('',(-0.,3.14159265359));
#5440 = VECTOR('',#5441,1.);
#5441 = DIRECTION('',(-1.,0.));
#5442 = ( GEOMETRIC_REPRESENTATION_CONTEXT(2) 
PARAMETRIC_REPRESENTATION_CONTEXT() REPRESENTATION_CONTEXT('2D SPACE',''
  ) );
#5443 = PCURVE('',#5334,#5444);
#5444 = DEFINITIONAL_REPRESENTATION('',(#5445),#5449);
#5445 = LINE('',#5446,#5447);
#5446 = CARTESIAN_POINT('',(0.,0.6));
#5447 = VECTOR('',#5448,1.);
#5448 = DIRECTION('',(1.,0.));
#5449 = ( GEOMETRIC_REPRESENTATION_CONTEXT(2) 
PARAMETRIC_REPRESENTATION_CONTEXT() REPRESENTATION_CONTEXT('2D SPACE',''
  ) );
#5450 = ADVANCED_FACE('',(#5451),#4861,.T.);
#5451 = FACE_BOUND('',#5452,.F.);
#5452 = EDGE_LOOP('',(#5453,#5454,#5570,#5571,#5572,#5596));
#5453 = ORIENTED_EDGE('',*,*,#4844,.T.);
#5454 = ORIENTED_EDGE('',*,*,#5455,.T.);
#5455 = EDGE_CURVE('',#4845,#4903,#5456,.T.);
#5456 = SURFACE_CURVE('',#5457,(#5478,#5502),.PCURVE_S1.);
#5457 = ( BOUNDED_CURVE() B_SPLINE_CURVE(10,(#5458,#5459,#5460,#5461,
    #5462,#5463,#5464,#5465,#5466,#5467,#5468,#5469,#5470,#5471,#5472,
    #5473,#5474,#5475,#5476,#5477),.UNSPECIFIED.,.F.,.F.) 
B_SPLINE_CURVE_WITH_KNOTS((11,9,11),(8.07562543654,12.134401614455,
16.193177792371),.UNSPECIFIED.) CURVE() GEOMETRIC_REPRESENTATION_ITEM() 
RATIONAL_B_SPLINE_CURVE((1.,1.,1.,1.,1.,1.,1.,1.,1.,1.,1.,1.,1.,1.,1.,1.
,1.,1.,1.,1.)) REPRESENTATION_ITEM('') );
#5458 = CARTESIAN_POINT('',(-43.98439614204,49.749978827754,-19.94));
#5459 = CARTESIAN_POINT('',(-44.43787512525,49.633864711332,-19.94));
#5460 = CARTESIAN_POINT('',(-44.87087651147,49.491577968575,-19.94));
#5461 = CARTESIAN_POINT('',(-45.28348967432,49.326118526503,-19.94));
#5462 = CARTESIAN_POINT('',(-45.6762466231,49.139912955572,-19.94));
#5463 = CARTESIAN_POINT('',(-46.04990714297,48.934803955927,-19.94));
#5464 = CARTESIAN_POINT('',(-46.40528914839,48.712103888865,-19.94));
#5465 = CARTESIAN_POINT('',(-46.74315686894,48.472664676286,-19.94));
#5466 = CARTESIAN_POINT('',(-47.06413769077,48.21694181321,-19.94));
#5467 = CARTESIAN_POINT('',(-47.36865321076,47.945055279308,-19.94));
#5468 = CARTESIAN_POINT('',(-47.94505526617,47.368653226134,-19.94));
#5469 = CARTESIAN_POINT('',(-48.21694180126,47.064137707211,-19.94));
#5470 = CARTESIAN_POINT('',(-48.47266466559,46.74315688637,-19.94));
#5471 = CARTESIAN_POINT('',(-48.71210387949,46.405289166757,-19.94));
#5472 = CARTESIAN_POINT('',(-48.93480394793,46.049907162208,-19.94));
#5473 = CARTESIAN_POINT('',(-49.13991294903,45.67624664314,-19.94));
#5474 = CARTESIAN_POINT('',(-49.3261185215,45.283489695082,-19.94));
#5475 = CARTESIAN_POINT('',(-49.49157796518,44.87087653288,-19.94));
#5476 = CARTESIAN_POINT('',(-49.63386470962,44.43787514721,-19.94));
#5477 = CARTESIAN_POINT('',(-49.74997882781,43.984396164452,-19.94));
#5478 = PCURVE('',#4861,#5479);
#5479 = DEFINITIONAL_REPRESENTATION('',(#5480),#5501);
#5480 = B_SPLINE_CURVE_WITH_KNOTS('',10,(#5481,#5482,#5483,#5484,#5485,
    #5486,#5487,#5488,#5489,#5490,#5491,#5492,#5493,#5494,#5495,#5496,
    #5497,#5498,#5499,#5500),.UNSPECIFIED.,.F.,.F.,(11,9,11),(
    8.07562543654,12.134401614455,16.193177792371),.UNSPECIFIED.);
#5481 = CARTESIAN_POINT('',(-1.82146265479,-5.));
#5482 = CARTESIAN_POINT('',(-1.879976231773,-5.));
#5483 = CARTESIAN_POINT('',(-1.936821619922,-5.));
#5484 = CARTESIAN_POINT('',(-1.992194877047,-5.));
#5485 = CARTESIAN_POINT('',(-2.046302242588,-4.999999999999));
#5486 = CARTESIAN_POINT('',(-2.099354703254,-5.000000000001));
#5487 = CARTESIAN_POINT('',(-2.15156428111,-4.999999999999));
#5488 = CARTESIAN_POINT('',(-2.203142486202,-5.));
#5489 = CARTESIAN_POINT('',(-2.254300037919,-5.));
#5490 = CARTESIAN_POINT('',(-2.305247263083,-5.));
#5491 = CARTESIAN_POINT('',(-2.407141713404,-5.));
#5492 = CARTESIAN_POINT('',(-2.458088938569,-5.000000000001));
#5493 = CARTESIAN_POINT('',(-2.509246490286,-4.999999999999));
#5494 = CARTESIAN_POINT('',(-2.560824695378,-5.000000000002));
#5495 = CARTESIAN_POINT('',(-2.613034273233,-4.999999999998));
#5496 = CARTESIAN_POINT('',(-2.6660867339,-5.000000000001));
#5497 = CARTESIAN_POINT('',(-2.720194099441,-4.999999999999));
#5498 = CARTESIAN_POINT('',(-2.775567356566,-5.));
#5499 = CARTESIAN_POINT('',(-2.832412744714,-5.));
#5500 = CARTESIAN_POINT('',(-2.890926321697,-5.));
#5501 = ( GEOMETRIC_REPRESENTATION_CONTEXT(2) 
PARAMETRIC_REPRESENTATION_CONTEXT() REPRESENTATION_CONTEXT('2D SPACE',''
  ) );
#5502 = PCURVE('',#5503,#5564);
#5503 = ( BOUNDED_SURFACE() B_SPLINE_SURFACE(2,10,(
    (#5504,#5505,#5506,#5507,#5508,#5509,#5510,#5511,#5512,#5513,#5514
      ,#5515,#5516,#5517,#5518,#5519,#5520,#5521,#5522,#5523)
    ,(#5524,#5525,#5526,#5527,#5528,#5529,#5530,#5531,#5532,#5533,#5534
      ,#5535,#5536,#5537,#5538,#5539,#5540,#5541,#5542,#5543)
    ,(#5544,#5545,#5546,#5547,#5548,#5549,#5550,#5551,#5552,#5553,#5554
      ,#5555,#5556,#5557,#5558,#5559,#5560,#5561,#5562,#5563
)),.UNSPECIFIED.,.F.,.F.,.F.) B_SPLINE_SURFACE_WITH_KNOTS((3,3),(11,9,11
    ),(0.,8.117552355831),(8.07562543654,12.134401614455,16.193177792371
),.UNSPECIFIED.) GEOMETRIC_REPRESENTATION_ITEM() 
RATIONAL_B_SPLINE_SURFACE((
    (1.,1.,1.,1.,1.,1.,1.,1.,1.,1.,1.,1.,1.,1.,1.,1.,1.,1.,1.,1.)
    ,(0.707106781187,0.776252573859,0.829895845377,0.873705760829
      ,0.908834754976,0.937156411155,0.958944628706,0.975063782138
      ,0.985663089704,0.990970538688,0.990970538688,0.985663089704
      ,0.975063782138,0.958944628707,0.937156411153,0.908834754977
      ,0.873705760828,0.829895845377,0.776252573859,0.707106781187)
    ,(1.,1.,1.,1.,1.,1.,1.,1.,1.,1.,1.,1.,1.,1.,1.,1.,1.,1.,1.,1.
))) REPRESENTATION_ITEM('') SURFACE() );
#5504 = CARTESIAN_POINT('',(-43.98602437069,49.149981037032,-19.34));
#5505 = CARTESIAN_POINT('',(-44.39189859732,49.151082467832,-19.34));
#5506 = CARTESIAN_POINT('',(-44.79787157124,49.11664248212,
    -19.3659390324));
#5507 = CARTESIAN_POINT('',(-45.20044005382,49.04665089405,
    -19.4040546639));
#5508 = CARTESIAN_POINT('',(-45.5961008692,48.941492591358,
    -19.46703736529));
#5509 = CARTESIAN_POINT('',(-45.98140229695,48.801946863251,
    -19.5075564195));
#5510 = CARTESIAN_POINT('',(-46.35299532678,48.629179111612,
    -19.60473840955));
#5511 = CARTESIAN_POINT('',(-46.70768358589,48.424724806167,
    -19.64022249573));
#5512 = CARTESIAN_POINT('',(-47.04247037475,48.19046565233,
    -19.73477187561));
#5513 = CARTESIAN_POINT('',(-47.35460109958,47.92859874552,
    -19.78055704787));
#5514 = CARTESIAN_POINT('',(-47.92859873244,47.354601114894,
    -19.78055704787));
#5515 = CARTESIAN_POINT('',(-48.19046564047,47.042470391086,
    -19.73477187561));
#5516 = CARTESIAN_POINT('',(-48.42472479561,46.707683603133,
    -19.64022249573));
#5517 = CARTESIAN_POINT('',(-48.62917910244,46.35299534483,
    -19.60473840955));
#5518 = CARTESIAN_POINT('',(-48.80194685552,45.981402315668,
    -19.5075564195));
#5519 = CARTESIAN_POINT('',(-48.94149258513,45.596100888466,
    -19.46703736529));
#5520 = CARTESIAN_POINT('',(-49.04665088937,45.200440073488,
    -19.4040546639));
#5521 = CARTESIAN_POINT('',(-49.11664247901,44.797871591191,
    -19.3659390324));
#5522 = CARTESIAN_POINT('',(-49.1510824663,44.391898617396,-19.34));
#5523 = CARTESIAN_POINT('',(-49.14998103708,43.98602439077,-19.34));
#5524 = CARTESIAN_POINT('',(-43.98602437069,49.149981037032,-19.94));
#5525 = CARTESIAN_POINT('',(-44.35574477822,49.15098435633,
    -19.83310830778));
#5526 = CARTESIAN_POINT('',(-44.75289194555,49.121776901072,
    -19.77358650629));
#5527 = CARTESIAN_POINT('',(-45.15609779908,49.056328691592,
    -19.74420098776));
#5528 = CARTESIAN_POINT('',(-45.55945346552,48.953867380094,
    -19.74450373894));
#5529 = CARTESIAN_POINT('',(-45.953630694,48.814451053056,-19.7444622619
    ));
#5530 = CARTESIAN_POINT('',(-46.33529736204,48.63965268806,
    -19.78268080425));
#5531 = CARTESIAN_POINT('',(-46.69824352656,48.431654693109,
    -19.7942209885));
#5532 = CARTESIAN_POINT('',(-47.03925484476,48.193419262158,
    -19.84003122169));
#5533 = CARTESIAN_POINT('',(-47.35460109958,47.92859874552,
    -19.86173794469));
#5534 = CARTESIAN_POINT('',(-47.92859873244,47.354601114894,
    -19.86173794469));
#5535 = CARTESIAN_POINT('',(-48.19341925031,47.039254861106,
    -19.84003122169));
#5536 = CARTESIAN_POINT('',(-48.43165468259,46.698243543837,
    -19.7942209885));
#5537 = CARTESIAN_POINT('',(-48.63965267895,46.335297380129,
    -19.78268080425));
#5538 = CARTESIAN_POINT('',(-48.81445104544,45.953630712771,
    -19.7444622619));
#5539 = CARTESIAN_POINT('',(-48.95386737401,45.559453484833,
    -19.74450373894));
#5540 = CARTESIAN_POINT('',(-49.05632868708,45.156097818792,
    -19.74420098777));
#5541 = CARTESIAN_POINT('',(-49.12177689813,44.752891965518,
    -19.77358650629));
#5542 = CARTESIAN_POINT('',(-49.15098435494,44.355744798304,
    -19.83310830778));
#5543 = CARTESIAN_POINT('',(-49.14998103708,43.98602439077,-19.94));
#5544 = CARTESIAN_POINT('',(-43.98439614204,49.749978827754,-19.94));
#5545 = CARTESIAN_POINT('',(-44.43787512525,49.633864711332,-19.94));
#5546 = CARTESIAN_POINT('',(-44.87087651147,49.491577968575,-19.94));
#5547 = CARTESIAN_POINT('',(-45.28348967432,49.326118526503,-19.94));
#5548 = CARTESIAN_POINT('',(-45.6762466231,49.139912955572,-19.94));
#5549 = CARTESIAN_POINT('',(-46.04990714297,48.934803955927,-19.94));
#5550 = CARTESIAN_POINT('',(-46.40528914839,48.712103888865,-19.94));
#5551 = CARTESIAN_POINT('',(-46.74315686894,48.472664676286,-19.94));
#5552 = CARTESIAN_POINT('',(-47.06413769077,48.21694181321,-19.94));
#5553 = CARTESIAN_POINT('',(-47.36865321076,47.945055279308,-19.94));
#5554 = CARTESIAN_POINT('',(-47.94505526617,47.368653226134,-19.94));
#5555 = CARTESIAN_POINT('',(-48.21694180126,47.064137707211,-19.94));
#5556 = CARTESIAN_POINT('',(-48.47266466559,46.74315688637,-19.94));
#5557 = CARTESIAN_POINT('',(-48.71210387949,46.405289166757,-19.94));
#5558 = CARTESIAN_POINT('',(-48.93480394793,46.049907162208,-19.94));
#5559 = CARTESIAN_POINT('',(-49.13991294903,45.67624664314,-19.94));
#5560 = CARTESIAN_POINT('',(-49.3261185215,45.283489695082,-19.94));
#5561 = CARTESIAN_POINT('',(-49.49157796518,44.87087653288,-19.94));
#5562 = CARTESIAN_POINT('',(-49.63386470962,44.43787514721,-19.94));
#5563 = CARTESIAN_POINT('',(-49.74997882781,43.984396164452,-19.94));
#5564 = DEFINITIONAL_REPRESENTATION('',(#5565),#5569);
#5565 = LINE('',#5566,#5567);
#5566 = CARTESIAN_POINT('',(8.117552355831,0.));
#5567 = VECTOR('',#5568,1.);
#5568 = DIRECTION('',(0.,1.));
#5569 = ( GEOMETRIC_REPRESENTATION_CONTEXT(2) 
PARAMETRIC_REPRESENTATION_CONTEXT() REPRESENTATION_CONTEXT('2D SPACE',''
  ) );
#5570 = ORIENTED_EDGE('',*,*,#4931,.T.);
#5571 = ORIENTED_EDGE('',*,*,#5351,.F.);
#5572 = ORIENTED_EDGE('',*,*,#5573,.F.);
#5573 = EDGE_CURVE('',#5574,#5352,#5576,.T.);
#5574 = VERTEX_POINT('',#5575);
#5575 = CARTESIAN_POINT('',(-42.,49.999999996103,-24.94));
#5576 = SURFACE_CURVE('',#5577,(#5582,#5589),.PCURVE_S1.);
#5577 = CIRCLE('',#5578,8.);
#5578 = AXIS2_PLACEMENT_3D('',#5579,#5580,#5581);
#5579 = CARTESIAN_POINT('',(-42.,41.999999992206,-24.94));
#5580 = DIRECTION('',(0.,0.,1.));
#5581 = DIRECTION('',(1.,0.,0.));
#5582 = PCURVE('',#4861,#5583);
#5583 = DEFINITIONAL_REPRESENTATION('',(#5584),#5588);
#5584 = LINE('',#5585,#5586);
#5585 = CARTESIAN_POINT('',(-0.,0.));
#5586 = VECTOR('',#5587,1.);
#5587 = DIRECTION('',(-1.,0.));
#5588 = ( GEOMETRIC_REPRESENTATION_CONTEXT(2) 
PARAMETRIC_REPRESENTATION_CONTEXT() REPRESENTATION_CONTEXT('2D SPACE',''
  ) );
#5589 = PCURVE('',#5202,#5590);
#5590 = DEFINITIONAL_REPRESENTATION('',(#5591),#5595);
#5591 = CIRCLE('',#5592,8.);
#5592 = AXIS2_PLACEMENT_2D('',#5593,#5594);
#5593 = CARTESIAN_POINT('',(-41.9999999989,41.999999993394));
#5594 = DIRECTION('',(1.,0.));
#5595 = ( GEOMETRIC_REPRESENTATION_CONTEXT(2) 
PARAMETRIC_REPRESENTATION_CONTEXT() REPRESENTATION_CONTEXT('2D SPACE',''
  ) );
#5596 = ORIENTED_EDGE('',*,*,#5597,.T.);
#5597 = EDGE_CURVE('',#5574,#4817,#5598,.T.);
#5598 = SURFACE_CURVE('',#5599,(#5603,#5610),.PCURVE_S1.);
#5599 = LINE('',#5600,#5601);
#5600 = CARTESIAN_POINT('',(-42.,49.999999996103,-24.94));
#5601 = VECTOR('',#5602,1.);
#5602 = DIRECTION('',(0.,0.,1.));
#5603 = PCURVE('',#4861,#5604);
#5604 = DEFINITIONAL_REPRESENTATION('',(#5605),#5609);
#5605 = LINE('',#5606,#5607);
#5606 = CARTESIAN_POINT('',(-1.570796326795,0.));
#5607 = VECTOR('',#5608,1.);
#5608 = DIRECTION('',(-0.,-1.));
#5609 = ( GEOMETRIC_REPRESENTATION_CONTEXT(2) 
PARAMETRIC_REPRESENTATION_CONTEXT() REPRESENTATION_CONTEXT('2D SPACE',''
  ) );
#5610 = PCURVE('',#4832,#5611);
#5611 = DEFINITIONAL_REPRESENTATION('',(#5612),#5616);
#5612 = LINE('',#5613,#5614);
#5613 = CARTESIAN_POINT('',(0.,0.));
#5614 = VECTOR('',#5615,1.);
#5615 = DIRECTION('',(0.,-1.));
#5616 = ( GEOMETRIC_REPRESENTATION_CONTEXT(2) 
PARAMETRIC_REPRESENTATION_CONTEXT() REPRESENTATION_CONTEXT('2D SPACE',''
  ) );
#5617 = ADVANCED_FACE('',(#5618),#4919,.F.);
#5618 = FACE_BOUND('',#5619,.T.);
#5619 = EDGE_LOOP('',(#5620,#5649,#5650,#5672));
#5620 = ORIENTED_EDGE('',*,*,#5621,.F.);
#5621 = EDGE_CURVE('',#4903,#5622,#5624,.T.);
#5622 = VERTEX_POINT('',#5623);
#5623 = CARTESIAN_POINT('',(-49.14998103708,43.98602439077,-19.34));
#5624 = SURFACE_CURVE('',#5625,(#5629,#5643),.PCURVE_S1.);
#5625 = ( BOUNDED_CURVE() B_SPLINE_CURVE(2,(#5626,#5627,#5628),
.UNSPECIFIED.,.F.,.F.) B_SPLINE_CURVE_WITH_KNOTS((3,3),(0.,
8.117552355831),.PIECEWISE_BEZIER_KNOTS.) CURVE() 
GEOMETRIC_REPRESENTATION_ITEM() RATIONAL_B_SPLINE_CURVE((1.,
0.707106781187,1.)) REPRESENTATION_ITEM('') );
#5626 = CARTESIAN_POINT('',(-49.74997882781,43.984396164452,-19.94));
#5627 = CARTESIAN_POINT('',(-49.14998103708,43.98602439077,-19.94));
#5628 = CARTESIAN_POINT('',(-49.14998103708,43.98602439077,-19.34));
#5629 = PCURVE('',#4919,#5630);
#5630 = DEFINITIONAL_REPRESENTATION('',(#5631),#5642);
#5631 = B_SPLINE_CURVE_WITH_KNOTS('',9,(#5632,#5633,#5634,#5635,#5636,
    #5637,#5638,#5639,#5640,#5641),.UNSPECIFIED.,.F.,.F.,(10,10),(0.,
    8.117552355831),.PIECEWISE_BEZIER_KNOTS.);
#5632 = CARTESIAN_POINT('',(-3.144306367451,1.570796326795));
#5633 = CARTESIAN_POINT('',(-3.144306367451,1.727931167059));
#5634 = CARTESIAN_POINT('',(-3.144306367451,1.896571043616));
#5635 = CARTESIAN_POINT('',(-3.14430636745,2.075362713666));
#5636 = CARTESIAN_POINT('',(-3.144306367451,2.261541178406));
#5637 = CARTESIAN_POINT('',(-3.14430636745,2.450847801978));
#5638 = CARTESIAN_POINT('',(-3.144306367451,2.637026266719));
#5639 = CARTESIAN_POINT('',(-3.144306367451,2.815817936769));
#5640 = CARTESIAN_POINT('',(-3.144306367451,2.984457813326));
#5641 = CARTESIAN_POINT('',(-3.144306367451,3.14159265359));
#5642 = ( GEOMETRIC_REPRESENTATION_CONTEXT(2) 
PARAMETRIC_REPRESENTATION_CONTEXT() REPRESENTATION_CONTEXT('2D SPACE',''
  ) );
#5643 = PCURVE('',#5503,#5644);
#5644 = DEFINITIONAL_REPRESENTATION('',(#5645),#5648);
#5645 = B_SPLINE_CURVE_WITH_KNOTS('',1,(#5646,#5647),.UNSPECIFIED.,.F.,
  .F.,(2,2),(0.,8.117552355831),.PIECEWISE_BEZIER_KNOTS.);
#5646 = CARTESIAN_POINT('',(8.117552355831,16.193177792371));
#5647 = CARTESIAN_POINT('',(0.,16.193177792371));
#5648 = ( GEOMETRIC_REPRESENTATION_CONTEXT(2) 
PARAMETRIC_REPRESENTATION_CONTEXT() REPRESENTATION_CONTEXT('2D SPACE',''
  ) );
#5649 = ORIENTED_EDGE('',*,*,#4902,.T.);
#5650 = ORIENTED_EDGE('',*,*,#5651,.T.);
#5651 = EDGE_CURVE('',#4874,#5652,#5654,.T.);
#5652 = VERTEX_POINT('',#5653);
#5653 = CARTESIAN_POINT('',(-38.85,44.,-19.34));
#5654 = SURFACE_CURVE('',#5655,(#5660,#5666),.PCURVE_S1.);
#5655 = CIRCLE('',#5656,0.6);
#5656 = AXIS2_PLACEMENT_3D('',#5657,#5658,#5659);
#5657 = CARTESIAN_POINT('',(-38.25,44.,-19.34));
#5658 = DIRECTION('',(0.,1.,0.));
#5659 = DIRECTION('',(1.,0.,-0.));
#5660 = PCURVE('',#4919,#5661);
#5661 = DEFINITIONAL_REPRESENTATION('',(#5662),#5665);
#5662 = B_SPLINE_CURVE_WITH_KNOTS('',1,(#5663,#5664),.UNSPECIFIED.,.F.,
  .F.,(2,2),(1.570796326795,3.14159265359),.PIECEWISE_BEZIER_KNOTS.);
#5663 = CARTESIAN_POINT('',(-6.28318530718,1.570796326795));
#5664 = CARTESIAN_POINT('',(-6.28318530718,3.14159265359));
#5665 = ( GEOMETRIC_REPRESENTATION_CONTEXT(2) 
PARAMETRIC_REPRESENTATION_CONTEXT() REPRESENTATION_CONTEXT('2D SPACE',''
  ) );
#5666 = PCURVE('',#4890,#5667);
#5667 = DEFINITIONAL_REPRESENTATION('',(#5668),#5671);
#5668 = B_SPLINE_CURVE_WITH_KNOTS('',1,(#5669,#5670),.UNSPECIFIED.,.F.,
  .F.,(2,2),(1.570796326795,3.14159265359),.PIECEWISE_BEZIER_KNOTS.);
#5669 = CARTESIAN_POINT('',(0.,1.570796326795));
#5670 = CARTESIAN_POINT('',(0.,3.14159265359));
#5671 = ( GEOMETRIC_REPRESENTATION_CONTEXT(2) 
PARAMETRIC_REPRESENTATION_CONTEXT() REPRESENTATION_CONTEXT('2D SPACE',''
  ) );
#5672 = ORIENTED_EDGE('',*,*,#5673,.F.);
#5673 = EDGE_CURVE('',#5622,#5652,#5674,.T.);
#5674 = SURFACE_CURVE('',#5675,(#5680,#5687),.PCURVE_S1.);
#5675 = CIRCLE('',#5676,5.15);
#5676 = AXIS2_PLACEMENT_3D('',#5677,#5678,#5679);
#5677 = CARTESIAN_POINT('',(-44.,44.,-19.34));
#5678 = DIRECTION('',(0.,0.,1.));
#5679 = DIRECTION('',(1.,0.,-0.));
#5680 = PCURVE('',#4919,#5681);
#5681 = DEFINITIONAL_REPRESENTATION('',(#5682),#5686);
#5682 = LINE('',#5683,#5684);
#5683 = CARTESIAN_POINT('',(-0.,3.14159265359));
#5684 = VECTOR('',#5685,1.);
#5685 = DIRECTION('',(-1.,0.));
#5686 = ( GEOMETRIC_REPRESENTATION_CONTEXT(2) 
PARAMETRIC_REPRESENTATION_CONTEXT() REPRESENTATION_CONTEXT('2D SPACE',''
  ) );
#5687 = PCURVE('',#5688,#5693);
#5688 = CYLINDRICAL_SURFACE('',#5689,5.15);
#5689 = AXIS2_PLACEMENT_3D('',#5690,#5691,#5692);
#5690 = CARTESIAN_POINT('',(-44.,44.,-19.94));
#5691 = DIRECTION('',(0.,0.,1.));
#5692 = DIRECTION('',(1.,0.,-0.));
#5693 = DEFINITIONAL_REPRESENTATION('',(#5694),#5698);
#5694 = LINE('',#5695,#5696);
#5695 = CARTESIAN_POINT('',(0.,0.6));
#5696 = VECTOR('',#5697,1.);
#5697 = DIRECTION('',(1.,0.));
#5698 = ( GEOMETRIC_REPRESENTATION_CONTEXT(2) 
PARAMETRIC_REPRESENTATION_CONTEXT() REPRESENTATION_CONTEXT('2D SPACE',''
  ) );
#5699 = ADVANCED_FACE('',(#5700),#4612,.F.);
#5700 = FACE_BOUND('',#5701,.F.);
#5701 = EDGE_LOOP('',(#5702,#5703,#5704,#5727));
#5702 = ORIENTED_EDGE('',*,*,#5162,.T.);
#5703 = ORIENTED_EDGE('',*,*,#4596,.T.);
#5704 = ORIENTED_EDGE('',*,*,#5705,.F.);
#5705 = EDGE_CURVE('',#5706,#4597,#5708,.T.);
#5706 = VERTEX_POINT('',#5707);
#5707 = CARTESIAN_POINT('',(41.999999992205,-49.99999999999,-24.94));
#5708 = SURFACE_CURVE('',#5709,(#5713,#5720),.PCURVE_S1.);
#5709 = LINE('',#5710,#5711);
#5710 = CARTESIAN_POINT('',(41.999999992205,-49.99999999999,-24.94));
#5711 = VECTOR('',#5712,1.);
#5712 = DIRECTION('',(0.,0.,1.));
#5713 = PCURVE('',#4612,#5714);
#5714 = DEFINITIONAL_REPRESENTATION('',(#5715),#5719);
#5715 = LINE('',#5716,#5717);
#5716 = CARTESIAN_POINT('',(83.999999992205,0.));
#5717 = VECTOR('',#5718,1.);
#5718 = DIRECTION('',(0.,-1.));
#5719 = ( GEOMETRIC_REPRESENTATION_CONTEXT(2) 
PARAMETRIC_REPRESENTATION_CONTEXT() REPRESENTATION_CONTEXT('2D SPACE',''
  ) );
#5720 = PCURVE('',#4641,#5721);
#5721 = DEFINITIONAL_REPRESENTATION('',(#5722),#5726);
#5722 = LINE('',#5723,#5724);
#5723 = CARTESIAN_POINT('',(-4.712388980385,0.));
#5724 = VECTOR('',#5725,1.);
#5725 = DIRECTION('',(-0.,-1.));
#5726 = ( GEOMETRIC_REPRESENTATION_CONTEXT(2) 
PARAMETRIC_REPRESENTATION_CONTEXT() REPRESENTATION_CONTEXT('2D SPACE',''
  ) );
#5727 = ORIENTED_EDGE('',*,*,#5728,.F.);
#5728 = EDGE_CURVE('',#5163,#5706,#5729,.T.);
#5729 = SURFACE_CURVE('',#5730,(#5734,#5741),.PCURVE_S1.);
#5730 = LINE('',#5731,#5732);
#5731 = CARTESIAN_POINT('',(0.,-49.99999999999,-24.94));
#5732 = VECTOR('',#5733,1.);
#5733 = DIRECTION('',(1.,0.,0.));
#5734 = PCURVE('',#4612,#5735);
#5735 = DEFINITIONAL_REPRESENTATION('',(#5736),#5740);
#5736 = LINE('',#5737,#5738);
#5737 = CARTESIAN_POINT('',(42.,0.));
#5738 = VECTOR('',#5739,1.);
#5739 = DIRECTION('',(1.,0.));
#5740 = ( GEOMETRIC_REPRESENTATION_CONTEXT(2) 
PARAMETRIC_REPRESENTATION_CONTEXT() REPRESENTATION_CONTEXT('2D SPACE',''
  ) );
#5741 = PCURVE('',#5202,#5742);
#5742 = DEFINITIONAL_REPRESENTATION('',(#5743),#5747);
#5743 = LINE('',#5744,#5745);
#5744 = CARTESIAN_POINT('',(1.100073611893E-09,-49.99999999881));
#5745 = VECTOR('',#5746,1.);
#5746 = DIRECTION('',(1.,0.));
#5747 = ( GEOMETRIC_REPRESENTATION_CONTEXT(2) 
PARAMETRIC_REPRESENTATION_CONTEXT() REPRESENTATION_CONTEXT('2D SPACE',''
  ) );
#5748 = ADVANCED_FACE('',(#5749),#4890,.F.);
#5749 = FACE_BOUND('',#5750,.T.);
#5750 = EDGE_LOOP('',(#5751,#5752,#5753,#5811));
#5751 = ORIENTED_EDGE('',*,*,#5651,.F.);
#5752 = ORIENTED_EDGE('',*,*,#4873,.T.);
#5753 = ORIENTED_EDGE('',*,*,#5754,.T.);
#5754 = EDGE_CURVE('',#4845,#5755,#5757,.T.);
#5755 = VERTEX_POINT('',#5756);
#5756 = CARTESIAN_POINT('',(-43.98602437069,49.149981037032,-19.34));
#5757 = SURFACE_CURVE('',#5758,(#5763,#5769),.PCURVE_S1.);
#5758 = CIRCLE('',#5759,0.6);
#5759 = AXIS2_PLACEMENT_3D('',#5760,#5761,#5762);
#5760 = CARTESIAN_POINT('',(-43.98439614204,49.749978827754,-19.34));
#5761 = DIRECTION('',(-0.99999631787,2.713714427333E-03,0.));
#5762 = DIRECTION('',(2.713714427333E-03,0.99999631787,-0.));
#5763 = PCURVE('',#4890,#5764);
#5764 = DEFINITIONAL_REPRESENTATION('',(#5765),#5768);
#5765 = B_SPLINE_CURVE_WITH_KNOTS('',1,(#5766,#5767),.UNSPECIFIED.,.F.,
  .F.,(2,2),(1.570796326795,3.14159265359),.PIECEWISE_BEZIER_KNOTS.);
#5766 = CARTESIAN_POINT('',(-1.568082609037,1.570796326795));
#5767 = CARTESIAN_POINT('',(-1.568082609037,3.14159265359));
#5768 = ( GEOMETRIC_REPRESENTATION_CONTEXT(2) 
PARAMETRIC_REPRESENTATION_CONTEXT() REPRESENTATION_CONTEXT('2D SPACE',''
  ) );
#5769 = PCURVE('',#5503,#5770);
#5770 = DEFINITIONAL_REPRESENTATION('',(#5771),#5810);
#5771 = B_SPLINE_CURVE_WITH_KNOTS('',7,(#5772,#5773,#5774,#5775,#5776,
    #5777,#5778,#5779,#5780,#5781,#5782,#5783,#5784,#5785,#5786,#5787,
    #5788,#5789,#5790,#5791,#5792,#5793,#5794,#5795,#5796,#5797,#5798,
    #5799,#5800,#5801,#5802,#5803,#5804,#5805,#5806,#5807,#5808,#5809),
  .UNSPECIFIED.,.F.,.F.,(8,6,6,6,6,6,8),(1.570796326795,1.767145867644,
    1.963495408494,2.356194490192,2.748893571891,2.94524311274,
    3.14159265359),.UNSPECIFIED.);
#5772 = CARTESIAN_POINT('',(8.117552355831,8.07562543654));
#5773 = CARTESIAN_POINT('',(7.956546396629,8.07562543654));
#5774 = CARTESIAN_POINT('',(7.79772235783,8.075625436539));
#5775 = CARTESIAN_POINT('',(7.640926023637,8.07562543654));
#5776 = CARTESIAN_POINT('',(7.486006181195,8.075625436539));
#5777 = CARTESIAN_POINT('',(7.332831582659,8.07562543654));
#5778 = CARTESIAN_POINT('',(7.181268322615,8.07562543654));
#5779 = CARTESIAN_POINT('',(6.881122141314,8.07562543654));
#5780 = CARTESIAN_POINT('',(6.732538758619,8.075625436539));
#5781 = CARTESIAN_POINT('',(6.585322149553,8.07562543654));
#5782 = CARTESIAN_POINT('',(6.439355748278,8.075625436539));
#5783 = CARTESIAN_POINT('',(6.294528480246,8.07562543654));
#5784 = CARTESIAN_POINT('',(6.150733884978,8.07562543654));
#5785 = CARTESIAN_POINT('',(5.722139946631,8.07562543654));
#5786 = CARTESIAN_POINT('',(5.440130479097,8.075625436539));
#5787 = CARTESIAN_POINT('',(5.161019453331,8.07562543654));
#5788 = CARTESIAN_POINT('',(4.884045633314,8.075625436539));
#5789 = CARTESIAN_POINT('',(4.608484935336,8.07562543654));
#5790 = CARTESIAN_POINT('',(4.333630549587,8.07562543654));
#5791 = CARTESIAN_POINT('',(3.783921806244,8.07562543654));
#5792 = CARTESIAN_POINT('',(3.509067420495,8.075625436539));
#5793 = CARTESIAN_POINT('',(3.233506722518,8.07562543654));
#5794 = CARTESIAN_POINT('',(2.956532902501,8.075625436539));
#5795 = CARTESIAN_POINT('',(2.677421876735,8.07562543654));
#5796 = CARTESIAN_POINT('',(2.3954124092,8.07562543654));
#5797 = CARTESIAN_POINT('',(1.966818470854,8.07562543654));
#5798 = CARTESIAN_POINT('',(1.823023875586,8.07562543654));
#5799 = CARTESIAN_POINT('',(1.678196607553,8.07562543654));
#5800 = CARTESIAN_POINT('',(1.532230206279,8.075625436539));
#5801 = CARTESIAN_POINT('',(1.385013597212,8.07562543654));
#5802 = CARTESIAN_POINT('',(1.236430214518,8.07562543654));
#5803 = CARTESIAN_POINT('',(0.936284033216,8.07562543654));
#5804 = CARTESIAN_POINT('',(0.784720773173,8.07562543654));
#5805 = CARTESIAN_POINT('',(0.631546174636,8.075625436539));
#5806 = CARTESIAN_POINT('',(0.476626332195,8.07562543654));
#5807 = CARTESIAN_POINT('',(0.319829998002,8.075625436539));
#5808 = CARTESIAN_POINT('',(0.161005959202,8.07562543654));
#5809 = CARTESIAN_POINT('',(1.110223024625E-16,8.07562543654));
#5810 = ( GEOMETRIC_REPRESENTATION_CONTEXT(2) 
PARAMETRIC_REPRESENTATION_CONTEXT() REPRESENTATION_CONTEXT('2D SPACE',''
  ) );
#5811 = ORIENTED_EDGE('',*,*,#5812,.F.);
#5812 = EDGE_CURVE('',#5652,#5755,#5813,.T.);
#5813 = SURFACE_CURVE('',#5814,(#5819,#5826),.PCURVE_S1.);
#5814 = CIRCLE('',#5815,5.15);
#5815 = AXIS2_PLACEMENT_3D('',#5816,#5817,#5818);
#5816 = CARTESIAN_POINT('',(-44.,44.,-19.34));
#5817 = DIRECTION('',(0.,0.,1.));
#5818 = DIRECTION('',(1.,0.,-0.));
#5819 = PCURVE('',#4890,#5820);
#5820 = DEFINITIONAL_REPRESENTATION('',(#5821),#5825);
#5821 = LINE('',#5822,#5823);
#5822 = CARTESIAN_POINT('',(-0.,3.14159265359));
#5823 = VECTOR('',#5824,1.);
#5824 = DIRECTION('',(-1.,0.));
#5825 = ( GEOMETRIC_REPRESENTATION_CONTEXT(2) 
PARAMETRIC_REPRESENTATION_CONTEXT() REPRESENTATION_CONTEXT('2D SPACE',''
  ) );
#5826 = PCURVE('',#5688,#5827);
#5827 = DEFINITIONAL_REPRESENTATION('',(#5828),#5832);
#5828 = LINE('',#5829,#5830);
#5829 = CARTESIAN_POINT('',(0.,0.6));
#5830 = VECTOR('',#5831,1.);
#5831 = DIRECTION('',(1.,0.));
#5832 = ( GEOMETRIC_REPRESENTATION_CONTEXT(2) 
PARAMETRIC_REPRESENTATION_CONTEXT() REPRESENTATION_CONTEXT('2D SPACE',''
  ) );
#5833 = ADVANCED_FACE('',(#5834),#4641,.T.);
#5834 = FACE_BOUND('',#5835,.F.);
#5835 = EDGE_LOOP('',(#5836,#5837,#5955,#5991,#5992,#6015,#6037));
#5836 = ORIENTED_EDGE('',*,*,#4624,.T.);
#5837 = ORIENTED_EDGE('',*,*,#5838,.T.);
#5838 = EDGE_CURVE('',#4625,#5839,#5841,.T.);
#5839 = VERTEX_POINT('',#5840);
#5840 = CARTESIAN_POINT('',(49.74596668466,-43.99999999984,-19.94));
#5841 = SURFACE_CURVE('',#5842,(#5863,#5887),.PCURVE_S1.);
#5842 = ( BOUNDED_CURVE() B_SPLINE_CURVE(10,(#5843,#5844,#5845,#5846,
    #5847,#5848,#5849,#5850,#5851,#5852,#5853,#5854,#5855,#5856,#5857,
    #5858,#5859,#5860,#5861,#5862),.UNSPECIFIED.,.F.,.F.) 
B_SPLINE_CURVE_WITH_KNOTS((11,9,11),(24.254827622595,28.306615945028,
32.35840426746),.UNSPECIFIED.) CURVE() GEOMETRIC_REPRESENTATION_ITEM() 
RATIONAL_B_SPLINE_CURVE((1.,1.,1.,1.,1.,1.,1.,1.,1.,1.,1.,1.,1.,1.,1.,1.
,1.,1.,1.,1.)) REPRESENTATION_ITEM('') );
#5843 = CARTESIAN_POINT('',(43.984396164449,-49.74997882781,-19.94));
#5844 = CARTESIAN_POINT('',(44.437094433263,-49.63406461285,-19.94));
#5845 = CARTESIAN_POINT('',(44.869385531441,-49.49206781771,-19.94));
#5846 = CARTESIAN_POINT('',(45.2813583896,-49.3269729026,-19.94));
#5847 = CARTESIAN_POINT('',(45.673541522988,-49.14119490528,-19.94));
#5848 = CARTESIAN_POINT('',(46.046690020431,-48.93656902379,-19.94));
#5849 = CARTESIAN_POINT('',(46.401617277029,-48.71440357646,-19.94));
#5850 = CARTESIAN_POINT('',(46.739083948017,-48.4755492503,-19.94));
#5851 = CARTESIAN_POINT('',(47.059715351088,-48.22046258819,-19.94));
#5852 = CARTESIAN_POINT('',(47.363933019583,-47.94926640584,-19.94));
#5853 = CARTESIAN_POINT('',(47.93984743515,-47.37436141736,-19.94));
#5854 = CARTESIAN_POINT('',(48.211544181876,-47.07065261156,-19.94));
#5855 = CARTESIAN_POINT('',(48.467133753475,-46.75054071477,-19.94));
#5856 = CARTESIAN_POINT('',(48.706501162159,-46.41360935371,-19.94));
#5857 = CARTESIAN_POINT('',(48.929198950496,-46.05923696383,-19.94));
#5858 = CARTESIAN_POINT('',(49.134386821414,-45.68666503063,-19.94));
#5859 = CARTESIAN_POINT('',(49.320768215766,-45.29508028794,-19.94));
#5860 = CARTESIAN_POINT('',(49.486521009396,-44.88372506674,-19.94));
#5861 = CARTESIAN_POINT('',(49.629244072542,-44.45206473274,-19.94));
#5862 = CARTESIAN_POINT('',(49.74596668466,-43.99999999984,-19.94));
#5863 = PCURVE('',#4641,#5864);
#5864 = DEFINITIONAL_REPRESENTATION('',(#5865),#5886);
#5865 = B_SPLINE_CURVE_WITH_KNOTS('',10,(#5866,#5867,#5868,#5869,#5870,
    #5871,#5872,#5873,#5874,#5875,#5876,#5877,#5878,#5879,#5880,#5881,
    #5882,#5883,#5884,#5885),.UNSPECIFIED.,.F.,.F.,(11,9,11),(
    24.254827622595,28.306615945028,32.35840426746),.UNSPECIFIED.);
#5866 = CARTESIAN_POINT('',(-4.963055312277,-5.));
#5867 = CARTESIAN_POINT('',(-5.021468151701,-5.));
#5868 = CARTESIAN_POINT('',(-5.078218538487,-5.));
#5869 = CARTESIAN_POINT('',(-5.13350152171,-4.999999999999));
#5870 = CARTESIAN_POINT('',(-5.187522260893,-5.000000000001));
#5871 = CARTESIAN_POINT('',(-5.240490638851,-4.999999999999));
#5872 = CARTESIAN_POINT('',(-5.292617579007,-5.000000000001));
#5873 = CARTESIAN_POINT('',(-5.344113504224,-5.));
#5874 = CARTESIAN_POINT('',(-5.395188053885,-5.));
#5875 = CARTESIAN_POINT('',(-5.446050473958,-5.));
#5876 = CARTESIAN_POINT('',(-5.547769538653,-5.));
#5877 = CARTESIAN_POINT('',(-5.598626183285,-5.000000000001));
#5878 = CARTESIAN_POINT('',(-5.649689182048,-4.999999999998));
#5879 = CARTESIAN_POINT('',(-5.701167773266,-5.000000000003));
#5880 = CARTESIAN_POINT('',(-5.753271580737,-4.999999999997));
#5881 = CARTESIAN_POINT('',(-5.806211014036,-5.000000000002));
#5882 = CARTESIAN_POINT('',(-5.860197002914,-4.999999999999));
#5883 = CARTESIAN_POINT('',(-5.915439485133,-5.000000000001));
#5884 = CARTESIAN_POINT('',(-5.972143745994,-5.));
#5885 = CARTESIAN_POINT('',(-6.030505052057,-5.));
#5886 = ( GEOMETRIC_REPRESENTATION_CONTEXT(2) 
PARAMETRIC_REPRESENTATION_CONTEXT() REPRESENTATION_CONTEXT('2D SPACE',''
  ) );
#5887 = PCURVE('',#5888,#5949);
#5888 = ( BOUNDED_SURFACE() B_SPLINE_SURFACE(2,10,(
    (#5889,#5890,#5891,#5892,#5893,#5894,#5895,#5896,#5897,#5898,#5899
      ,#5900,#5901,#5902,#5903,#5904,#5905,#5906,#5907,#5908)
    ,(#5909,#5910,#5911,#5912,#5913,#5914,#5915,#5916,#5917,#5918,#5919
      ,#5920,#5921,#5922,#5923,#5924,#5925,#5926,#5927,#5928)
    ,(#5929,#5930,#5931,#5932,#5933,#5934,#5935,#5936,#5937,#5938,#5939
      ,#5940,#5941,#5942,#5943,#5944,#5945,#5946,#5947,#5948
)),.UNSPECIFIED.,.F.,.F.,.F.) B_SPLINE_SURFACE_WITH_KNOTS((3,3),(11,9,11
    ),(0.,8.103576644865),(24.254827622595,28.306615945028,
32.35840426746),.UNSPECIFIED.) GEOMETRIC_REPRESENTATION_ITEM() 
RATIONAL_B_SPLINE_SURFACE((
    (1.,1.,1.,1.,1.,1.,1.,1.,1.,1.,1.,1.,1.,1.,1.,1.,1.,1.,1.,1.)
    ,(0.707106781187,0.776133531772,0.829711061243,0.873479547211
      ,0.908592307187,0.936912976205,0.958718703831,0.974869530887
      ,0.985516502068,0.990887761554,0.991051900428,0.985844859117
      ,0.975365398661,0.959392137967,0.937770878969,0.909661947832
      ,0.874774429476,0.831284094704,0.778028897763,0.70947945433)
    ,(1.,1.,1.,1.,1.,1.,1.,1.,1.,1.,1.,1.,1.,1.,1.,1.,1.,1.,1.,1.
))) REPRESENTATION_ITEM('') SURFACE() );
#5889 = CARTESIAN_POINT('',(43.986024390767,-49.14998103708,-19.34));
#5890 = CARTESIAN_POINT('',(44.391199860274,-49.15108057007,-19.34));
#5891 = CARTESIAN_POINT('',(44.796473717794,-49.11676095806,
    -19.36584665967));
#5892 = CARTESIAN_POINT('',(45.198360800063,-49.04701207351,
    -19.4038734967));
#5893 = CARTESIAN_POINT('',(45.593376001244,-48.94221614304,
    -19.46656672597));
#5894 = CARTESIAN_POINT('',(45.978085224648,-48.80314708474,
    -19.50726080475));
#5895 = CARTESIAN_POINT('',(46.349156199969,-48.6309623066,
    -19.60368780432));
#5896 = CARTESIAN_POINT('',(46.703407989153,-48.42718682514,
    -19.63981869881));
#5897 = CARTESIAN_POINT('',(47.037857632681,-48.19368967911,
    -19.73346640974));
#5898 = CARTESIAN_POINT('',(47.349762251873,-47.93265339621,
    -19.77984286805));
#5899 = CARTESIAN_POINT('',(47.923548605184,-47.36042203028,
    -19.78125901578));
#5900 = CARTESIAN_POINT('',(48.185430339294,-47.04922694724,
    -19.73640844979));
#5901 = CARTESIAN_POINT('',(48.419834212587,-46.71541220084,
    -19.64153565993));
#5902 = CARTESIAN_POINT('',(48.624570266723,-46.36171473717,
    -19.60644743974));
#5903 = CARTESIAN_POINT('',(48.797761381251,-45.99111242968,
    -19.50926234747));
#5904 = CARTESIAN_POINT('',(48.937873919947,-45.60678205597,
    -19.46861621904));
#5905 = CARTESIAN_POINT('',(49.043741446719,-45.21205270904,
    -19.40558078727));
#5906 = CARTESIAN_POINT('',(49.114580716444,-44.81035632705,
    -19.36715781126));
#5907 = CARTESIAN_POINT('',(49.15,-44.4051769728,-19.34079820607));
#5908 = CARTESIAN_POINT('',(49.15,-44.,-19.34001355651));
#5909 = CARTESIAN_POINT('',(43.986024390767,-49.14998103708,-19.94));
#5910 = CARTESIAN_POINT('',(44.355164893439,-49.15098278124,
    -19.83327596694));
#5911 = CARTESIAN_POINT('',(44.751612961388,-49.1218709119,
    -19.77377664719));
#5912 = CARTESIAN_POINT('',(45.154119116583,-49.0566494263,-19.74435337)
  );
#5913 = CARTESIAN_POINT('',(45.556784607998,-48.95454523785,
    -19.74448397426));
#5914 = CARTESIAN_POINT('',(45.950337343202,-48.81561378355,
    -19.74448786527));
#5915 = CARTESIAN_POINT('',(46.331446574238,-48.64141576797,
    -19.78227440049));
#5916 = CARTESIAN_POINT('',(46.693938993752,-48.43411795992,
    -19.794094517));
#5917 = CARTESIAN_POINT('',(47.034607746224,-48.19666257067,
    -19.83940668906));
#5918 = CARTESIAN_POINT('',(47.349738490189,-47.9326770935,
    -19.86140092755));
#5919 = CARTESIAN_POINT('',(47.923524847436,-47.36044572364,
    -19.86206914424));
#5920 = CARTESIAN_POINT('',(48.188334506454,-47.04607886719,
    -19.84081469126));
#5921 = CARTESIAN_POINT('',(48.426694862034,-46.70610592799,
    -19.79479255947));
#5922 = CARTESIAN_POINT('',(48.634966993342,-46.34421924049,
    -19.78333914086));
#5923 = CARTESIAN_POINT('',(48.810198328854,-45.96365118366,
    -19.74497159555));
#5924 = CARTESIAN_POINT('',(48.95020640964,-45.57050590868,
    -19.74467614025));
#5925 = CARTESIAN_POINT('',(49.053425436383,-45.16818904334,
    -19.74396199047));
#5926 = CARTESIAN_POINT('',(49.119768492775,-44.76585736068,
    -19.77259888196));
#5927 = CARTESIAN_POINT('',(49.149999999999,-44.36947822683,
    -19.83097897253));
#5928 = CARTESIAN_POINT('',(49.15,-44.00000000001,-19.93599370686));
#5929 = CARTESIAN_POINT('',(43.984396164449,-49.74997882781,-19.94));
#5930 = CARTESIAN_POINT('',(44.437094433263,-49.63406461285,-19.94));
#5931 = CARTESIAN_POINT('',(44.869385531441,-49.49206781771,-19.94));
#5932 = CARTESIAN_POINT('',(45.2813583896,-49.3269729026,-19.94));
#5933 = CARTESIAN_POINT('',(45.673541522988,-49.14119490528,-19.94));
#5934 = CARTESIAN_POINT('',(46.046690020431,-48.93656902379,-19.94));
#5935 = CARTESIAN_POINT('',(46.401617277029,-48.71440357646,-19.94));
#5936 = CARTESIAN_POINT('',(46.739083948017,-48.4755492503,-19.94));
#5937 = CARTESIAN_POINT('',(47.059715351088,-48.22046258819,-19.94));
#5938 = CARTESIAN_POINT('',(47.363933019583,-47.94926640584,-19.94));
#5939 = CARTESIAN_POINT('',(47.93984743515,-47.37436141736,-19.94));
#5940 = CARTESIAN_POINT('',(48.211544181876,-47.07065261156,-19.94));
#5941 = CARTESIAN_POINT('',(48.467133753475,-46.75054071477,-19.94));
#5942 = CARTESIAN_POINT('',(48.706501162159,-46.41360935371,-19.94));
#5943 = CARTESIAN_POINT('',(48.929198950496,-46.05923696383,-19.94));
#5944 = CARTESIAN_POINT('',(49.134386821414,-45.68666503063,-19.94));
#5945 = CARTESIAN_POINT('',(49.320768215766,-45.29508028794,-19.94));
#5946 = CARTESIAN_POINT('',(49.486521009396,-44.88372506674,-19.94));
#5947 = CARTESIAN_POINT('',(49.629244072542,-44.45206473274,-19.94));
#5948 = CARTESIAN_POINT('',(49.74596668466,-43.99999999984,-19.94));
#5949 = DEFINITIONAL_REPRESENTATION('',(#5950),#5954);
#5950 = LINE('',#5951,#5952);
#5951 = CARTESIAN_POINT('',(8.103576644865,0.));
#5952 = VECTOR('',#5953,1.);
#5953 = DIRECTION('',(0.,1.));
#5954 = ( GEOMETRIC_REPRESENTATION_CONTEXT(2) 
PARAMETRIC_REPRESENTATION_CONTEXT() REPRESENTATION_CONTEXT('2D SPACE',''
  ) );
#5955 = ORIENTED_EDGE('',*,*,#5956,.T.);
#5956 = EDGE_CURVE('',#5839,#4654,#5957,.T.);
#5957 = SURFACE_CURVE('',#5958,(#5963,#5971),.PCURVE_S1.);
#5958 = ( BOUNDED_CURVE() B_SPLINE_CURVE(3,(#5959,#5960,#5961,#5962),
.UNSPECIFIED.,.F.,.F.) B_SPLINE_CURVE_WITH_KNOTS((4,4),(32.35840426746,
32.372379978456),.PIECEWISE_BEZIER_KNOTS.) CURVE() 
GEOMETRIC_REPRESENTATION_ITEM() RATIONAL_B_SPLINE_CURVE((1.,1.,1.,1.)) 
REPRESENTATION_ITEM('') );
#5959 = CARTESIAN_POINT('',(49.74596668466,-43.99999999984,-19.94));
#5960 = CARTESIAN_POINT('',(49.747308710586,-43.99480235578,-19.94));
#5961 = CARTESIAN_POINT('',(49.748646096592,-43.98960106966,-19.94));
#5962 = CARTESIAN_POINT('',(49.749978827754,-43.98439614204,-19.94));
#5963 = PCURVE('',#4641,#5964);
#5964 = DEFINITIONAL_REPRESENTATION('',(#5965),#5970);
#5965 = B_SPLINE_CURVE_WITH_KNOTS('',3,(#5966,#5967,#5968,#5969),
  .UNSPECIFIED.,.F.,.F.,(4,4),(32.35840426746,32.372379978456),
  .PIECEWISE_BEZIER_KNOTS.);
#5966 = CARTESIAN_POINT('',(-6.030505052057,-5.));
#5967 = CARTESIAN_POINT('',(-6.031176065021,-5.));
#5968 = CARTESIAN_POINT('',(-6.031847373786,-5.));
#5969 = CARTESIAN_POINT('',(-6.032518979185,-5.));
#5970 = ( GEOMETRIC_REPRESENTATION_CONTEXT(2) 
PARAMETRIC_REPRESENTATION_CONTEXT() REPRESENTATION_CONTEXT('2D SPACE',''
  ) );
#5971 = PCURVE('',#5972,#5985);
#5972 = ( BOUNDED_SURFACE() B_SPLINE_SURFACE(2,3,(
    (#5973,#5974,#5975,#5976)
    ,(#5977,#5978,#5979,#5980)
    ,(#5981,#5982,#5983,#5984
)),.UNSPECIFIED.,.F.,.F.,.F.) B_SPLINE_SURFACE_WITH_KNOTS((3,3),(4,4),(
    0.,1.397571099609E-02),(32.35840426746,32.372379978456),
.PIECEWISE_BEZIER_KNOTS.) GEOMETRIC_REPRESENTATION_ITEM() 
RATIONAL_B_SPLINE_SURFACE((
    (1.,1.,1.,1.)
    ,(0.70947945433,0.708691302586,0.707900420715,0.707106781187)
,(1.,1.,1.,1.))) REPRESENTATION_ITEM('') SURFACE() );
#5973 = CARTESIAN_POINT('',(49.15,-44.,-19.34001355651));
#5974 = CARTESIAN_POINT('',(49.15,-43.99534145104,-19.34000453495));
#5975 = CARTESIAN_POINT('',(49.149993679004,-43.99068290267,-19.34));
#5976 = CARTESIAN_POINT('',(49.149981037032,-43.98602437064,-19.34));
#5977 = CARTESIAN_POINT('',(49.15,-44.00000000001,-19.93599370686));
#5978 = CARTESIAN_POINT('',(49.15,-43.99533627017,-19.93731925276));
#5979 = CARTESIAN_POINT('',(49.14999366483,-43.99067767957,
    -19.93865465903));
#5980 = CARTESIAN_POINT('',(49.149981037032,-43.98602437067,-19.94));
#5981 = CARTESIAN_POINT('',(49.74596668466,-43.99999999984,-19.94));
#5982 = CARTESIAN_POINT('',(49.747308710586,-43.99480235578,-19.94));
#5983 = CARTESIAN_POINT('',(49.748646096592,-43.98960106966,-19.94));
#5984 = CARTESIAN_POINT('',(49.749978827754,-43.98439614204,-19.94));
#5985 = DEFINITIONAL_REPRESENTATION('',(#5986),#5990);
#5986 = LINE('',#5987,#5988);
#5987 = CARTESIAN_POINT('',(1.397571099609E-02,0.));
#5988 = VECTOR('',#5989,1.);
#5989 = DIRECTION('',(0.,1.));
#5990 = ( GEOMETRIC_REPRESENTATION_CONTEXT(2) 
PARAMETRIC_REPRESENTATION_CONTEXT() REPRESENTATION_CONTEXT('2D SPACE',''
  ) );
#5991 = ORIENTED_EDGE('',*,*,#4682,.T.);
#5992 = ORIENTED_EDGE('',*,*,#5993,.F.);
#5993 = EDGE_CURVE('',#5994,#4683,#5996,.T.);
#5994 = VERTEX_POINT('',#5995);
#5995 = CARTESIAN_POINT('',(49.999999996102,-41.99999999999,-24.94));
#5996 = SURFACE_CURVE('',#5997,(#6001,#6008),.PCURVE_S1.);
#5997 = LINE('',#5998,#5999);
#5998 = CARTESIAN_POINT('',(49.999999996102,-41.99999999999,-24.94));
#5999 = VECTOR('',#6000,1.);
#6000 = DIRECTION('',(0.,0.,1.));
#6001 = PCURVE('',#4641,#6002);
#6002 = DEFINITIONAL_REPRESENTATION('',(#6003),#6007);
#6003 = LINE('',#6004,#6005);
#6004 = CARTESIAN_POINT('',(-6.28318530718,0.));
#6005 = VECTOR('',#6006,1.);
#6006 = DIRECTION('',(-0.,-1.));
#6007 = ( GEOMETRIC_REPRESENTATION_CONTEXT(2) 
PARAMETRIC_REPRESENTATION_CONTEXT() REPRESENTATION_CONTEXT('2D SPACE',''
  ) );
#6008 = PCURVE('',#4722,#6009);
#6009 = DEFINITIONAL_REPRESENTATION('',(#6010),#6014);
#6010 = LINE('',#6011,#6012);
#6011 = CARTESIAN_POINT('',(0.,0.));
#6012 = VECTOR('',#6013,1.);
#6013 = DIRECTION('',(0.,-1.));
#6014 = ( GEOMETRIC_REPRESENTATION_CONTEXT(2) 
PARAMETRIC_REPRESENTATION_CONTEXT() REPRESENTATION_CONTEXT('2D SPACE',''
  ) );
#6015 = ORIENTED_EDGE('',*,*,#6016,.F.);
#6016 = EDGE_CURVE('',#5706,#5994,#6017,.T.);
#6017 = SURFACE_CURVE('',#6018,(#6023,#6030),.PCURVE_S1.);
#6018 = CIRCLE('',#6019,8.);
#6019 = AXIS2_PLACEMENT_3D('',#6020,#6021,#6022);
#6020 = CARTESIAN_POINT('',(41.999999992205,-41.99999999999,-24.94));
#6021 = DIRECTION('',(0.,0.,1.));
#6022 = DIRECTION('',(1.,0.,0.));
#6023 = PCURVE('',#4641,#6024);
#6024 = DEFINITIONAL_REPRESENTATION('',(#6025),#6029);
#6025 = LINE('',#6026,#6027);
#6026 = CARTESIAN_POINT('',(-0.,0.));
#6027 = VECTOR('',#6028,1.);
#6028 = DIRECTION('',(-1.,0.));
#6029 = ( GEOMETRIC_REPRESENTATION_CONTEXT(2) 
PARAMETRIC_REPRESENTATION_CONTEXT() REPRESENTATION_CONTEXT('2D SPACE',''
  ) );
#6030 = PCURVE('',#5202,#6031);
#6031 = DEFINITIONAL_REPRESENTATION('',(#6032),#6036);
#6032 = CIRCLE('',#6033,8.);
#6033 = AXIS2_PLACEMENT_2D('',#6034,#6035);
#6034 = CARTESIAN_POINT('',(41.999999993305,-41.99999999881));
#6035 = DIRECTION('',(1.,0.));
#6036 = ( GEOMETRIC_REPRESENTATION_CONTEXT(2) 
PARAMETRIC_REPRESENTATION_CONTEXT() REPRESENTATION_CONTEXT('2D SPACE',''
  ) );
#6037 = ORIENTED_EDGE('',*,*,#5705,.T.);
#6038 = ADVANCED_FACE('',(#6039),#4670,.F.);
#6039 = FACE_BOUND('',#6040,.T.);
#6040 = EDGE_LOOP('',(#6041,#6071,#6072,#6130));
#6041 = ORIENTED_EDGE('',*,*,#6042,.F.);
#6042 = EDGE_CURVE('',#4654,#6043,#6045,.T.);
#6043 = VERTEX_POINT('',#6044);
#6044 = CARTESIAN_POINT('',(49.149981037032,-43.98602437069,-19.34));
#6045 = SURFACE_CURVE('',#6046,(#6051,#6057),.PCURVE_S1.);
#6046 = CIRCLE('',#6047,0.6);
#6047 = AXIS2_PLACEMENT_3D('',#6048,#6049,#6050);
#6048 = CARTESIAN_POINT('',(49.749978827754,-43.98439614204,-19.34));
#6049 = DIRECTION('',(-2.71371442784E-03,0.99999631787,0.));
#6050 = DIRECTION('',(0.99999631787,2.71371442784E-03,-0.));
#6051 = PCURVE('',#4670,#6052);
#6052 = DEFINITIONAL_REPRESENTATION('',(#6053),#6056);
#6053 = B_SPLINE_CURVE_WITH_KNOTS('',1,(#6054,#6055),.UNSPECIFIED.,.F.,
  .F.,(2,2),(1.570796326795,3.14159265359),.PIECEWISE_BEZIER_KNOTS.);
#6054 = CARTESIAN_POINT('',(-2.713717758595E-03,1.570796326795));
#6055 = CARTESIAN_POINT('',(-2.713717758595E-03,3.14159265359));
#6056 = ( GEOMETRIC_REPRESENTATION_CONTEXT(2) 
PARAMETRIC_REPRESENTATION_CONTEXT() REPRESENTATION_CONTEXT('2D SPACE',''
  ) );
#6057 = PCURVE('',#5972,#6058);
#6058 = DEFINITIONAL_REPRESENTATION('',(#6059),#6070);
#6059 = B_SPLINE_CURVE_WITH_KNOTS('',9,(#6060,#6061,#6062,#6063,#6064,
    #6065,#6066,#6067,#6068,#6069),.UNSPECIFIED.,.F.,.F.,(10,10),(
    1.570796326795,3.14159265359),.PIECEWISE_BEZIER_KNOTS.);
#6060 = CARTESIAN_POINT('',(1.397571099609E-02,32.372379978456));
#6061 = CARTESIAN_POINT('',(1.225092077572E-02,32.372379978456));
#6062 = CARTESIAN_POINT('',(1.066640749848E-02,32.372379978457));
#6063 = CARTESIAN_POINT('',(9.164626771685E-03,32.372379978456));
#6064 = CARTESIAN_POINT('',(7.708692834196E-03,32.372379978456));
#6065 = CARTESIAN_POINT('',(6.267018161891E-03,32.372379978457));
#6066 = CARTESIAN_POINT('',(4.811084224399E-03,32.372379978456));
#6067 = CARTESIAN_POINT('',(3.30930349761E-03,32.372379978457));
#6068 = CARTESIAN_POINT('',(1.724790220365E-03,32.372379978456));
#6069 = CARTESIAN_POINT('',(0.,32.372379978456));
#6070 = ( GEOMETRIC_REPRESENTATION_CONTEXT(2) 
PARAMETRIC_REPRESENTATION_CONTEXT() REPRESENTATION_CONTEXT('2D SPACE',''
  ) );
#6071 = ORIENTED_EDGE('',*,*,#4653,.T.);
#6072 = ORIENTED_EDGE('',*,*,#6073,.T.);
#6073 = EDGE_CURVE('',#4625,#6074,#6076,.T.);
#6074 = VERTEX_POINT('',#6075);
#6075 = CARTESIAN_POINT('',(43.986024390767,-49.14998103708,-19.34));
#6076 = SURFACE_CURVE('',#6077,(#6082,#6088),.PCURVE_S1.);
#6077 = CIRCLE('',#6078,0.6);
#6078 = AXIS2_PLACEMENT_3D('',#6079,#6080,#6081);
#6079 = CARTESIAN_POINT('',(43.984396164449,-49.74997882781,-19.34));
#6080 = DIRECTION('',(0.999996317881,-2.713710530641E-03,0.));
#6081 = DIRECTION('',(-2.713710530641E-03,-0.999996317881,0.));
#6082 = PCURVE('',#4670,#6083);
#6083 = DEFINITIONAL_REPRESENTATION('',(#6084),#6087);
#6084 = B_SPLINE_CURVE_WITH_KNOTS('',1,(#6085,#6086),.UNSPECIFIED.,.F.,
  .F.,(2,2),(1.570796326795,3.14159265359),.PIECEWISE_BEZIER_KNOTS.);
#6085 = CARTESIAN_POINT('',(-4.709675266523,1.570796326795));
#6086 = CARTESIAN_POINT('',(-4.709675266523,3.14159265359));
#6087 = ( GEOMETRIC_REPRESENTATION_CONTEXT(2) 
PARAMETRIC_REPRESENTATION_CONTEXT() REPRESENTATION_CONTEXT('2D SPACE',''
  ) );
#6088 = PCURVE('',#5888,#6089);
#6089 = DEFINITIONAL_REPRESENTATION('',(#6090),#6129);
#6090 = B_SPLINE_CURVE_WITH_KNOTS('',7,(#6091,#6092,#6093,#6094,#6095,
    #6096,#6097,#6098,#6099,#6100,#6101,#6102,#6103,#6104,#6105,#6106,
    #6107,#6108,#6109,#6110,#6111,#6112,#6113,#6114,#6115,#6116,#6117,
    #6118,#6119,#6120,#6121,#6122,#6123,#6124,#6125,#6126,#6127,#6128),
  .UNSPECIFIED.,.F.,.F.,(8,6,6,6,6,6,8),(1.570796326795,1.767145867644,
    1.963495408494,2.356194490192,2.748893571891,2.94524311274,
    3.14159265359),.UNSPECIFIED.);
#6091 = CARTESIAN_POINT('',(8.103576644865,24.254827622595));
#6092 = CARTESIAN_POINT('',(7.942847884091,24.254827622595));
#6093 = CARTESIAN_POINT('',(7.784297287182,24.254827622595));
#6094 = CARTESIAN_POINT('',(7.627770903851,24.254827622595));
#6095 = CARTESIAN_POINT('',(7.473117781578,24.254827622595));
#6096 = CARTESIAN_POINT('',(7.320206898485,24.254827622595));
#6097 = CARTESIAN_POINT('',(7.168904579699,24.254827622595));
#6098 = CARTESIAN_POINT('',(6.869275149764,24.254827622595));
#6099 = CARTESIAN_POINT('',(6.720947577974,24.254827622595));
#6100 = CARTESIAN_POINT('',(6.573984426685,24.254827622596));
#6101 = CARTESIAN_POINT('',(6.428269330748,24.254827622594));
#6102 = CARTESIAN_POINT('',(6.283691406847,24.254827622595));
#6103 = CARTESIAN_POINT('',(6.140144377792,24.254827622595));
#6104 = CARTESIAN_POINT('',(5.712288334903,24.254827622595));
#6105 = CARTESIAN_POINT('',(5.430764393378,24.254827622595));
#6106 = CARTESIAN_POINT('',(5.152133903475,24.254827622596));
#6107 = CARTESIAN_POINT('',(4.875636939767,24.254827622594));
#6108 = CARTESIAN_POINT('',(4.600550665175,24.254827622595));
#6109 = CARTESIAN_POINT('',(4.326169486777,24.254827622595));
#6110 = CARTESIAN_POINT('',(3.777407158089,24.254827622595));
#6111 = CARTESIAN_POINT('',(3.503025979691,24.254827622595));
#6112 = CARTESIAN_POINT('',(3.2279397051,24.254827622596));
#6113 = CARTESIAN_POINT('',(2.951442741391,24.254827622595));
#6114 = CARTESIAN_POINT('',(2.672812251488,24.254827622595));
#6115 = CARTESIAN_POINT('',(2.391288309963,24.254827622595));
#6116 = CARTESIAN_POINT('',(1.963432267074,24.254827622595));
#6117 = CARTESIAN_POINT('',(1.81988523802,24.254827622595));
#6118 = CARTESIAN_POINT('',(1.675307314118,24.254827622595));
#6119 = CARTESIAN_POINT('',(1.529592218181,24.254827622595));
#6120 = CARTESIAN_POINT('',(1.382629066892,24.254827622595));
#6121 = CARTESIAN_POINT('',(1.234301495102,24.254827622595));
#6122 = CARTESIAN_POINT('',(0.934672065168,24.254827622595));
#6123 = CARTESIAN_POINT('',(0.783369746381,24.254827622595));
#6124 = CARTESIAN_POINT('',(0.630458863288,24.254827622595));
#6125 = CARTESIAN_POINT('',(0.475805741016,24.254827622595));
#6126 = CARTESIAN_POINT('',(0.319279357684,24.254827622595));
#6127 = CARTESIAN_POINT('',(0.160728760775,24.254827622595));
#6128 = CARTESIAN_POINT('',(-8.881784197001E-16,24.254827622595));
#6129 = ( GEOMETRIC_REPRESENTATION_CONTEXT(2) 
PARAMETRIC_REPRESENTATION_CONTEXT() REPRESENTATION_CONTEXT('2D SPACE',''
  ) );
#6130 = ORIENTED_EDGE('',*,*,#6131,.F.);
#6131 = EDGE_CURVE('',#6043,#6074,#6132,.T.);
#6132 = SURFACE_CURVE('',#6133,(#6138,#6145),.PCURVE_S1.);
#6133 = CIRCLE('',#6134,5.15);
#6134 = AXIS2_PLACEMENT_3D('',#6135,#6136,#6137);
#6135 = CARTESIAN_POINT('',(44.,-44.,-19.34));
#6136 = DIRECTION('',(0.,0.,1.));
#6137 = DIRECTION('',(1.,0.,-0.));
#6138 = PCURVE('',#4670,#6139);
#6139 = DEFINITIONAL_REPRESENTATION('',(#6140),#6144);
#6140 = LINE('',#6141,#6142);
#6141 = CARTESIAN_POINT('',(-0.,3.14159265359));
#6142 = VECTOR('',#6143,1.);
#6143 = DIRECTION('',(-1.,0.));
#6144 = ( GEOMETRIC_REPRESENTATION_CONTEXT(2) 
PARAMETRIC_REPRESENTATION_CONTEXT() REPRESENTATION_CONTEXT('2D SPACE',''
  ) );
#6145 = PCURVE('',#6146,#6151);
#6146 = CYLINDRICAL_SURFACE('',#6147,5.15);
#6147 = AXIS2_PLACEMENT_3D('',#6148,#6149,#6150);
#6148 = CARTESIAN_POINT('',(44.,-44.,-19.94));
#6149 = DIRECTION('',(0.,0.,1.));
#6150 = DIRECTION('',(1.,0.,-0.));
#6151 = DEFINITIONAL_REPRESENTATION('',(#6152),#6156);
#6152 = LINE('',#6153,#6154);
#6153 = CARTESIAN_POINT('',(0.,0.6));
#6154 = VECTOR('',#6155,1.);
#6155 = DIRECTION('',(1.,0.));
#6156 = ( GEOMETRIC_REPRESENTATION_CONTEXT(2) 
PARAMETRIC_REPRESENTATION_CONTEXT() REPRESENTATION_CONTEXT('2D SPACE',''
  ) );
#6157 = ADVANCED_FACE('',(#6158),#4832,.T.);
#6158 = FACE_BOUND('',#6159,.T.);
#6159 = EDGE_LOOP('',(#6160,#6161,#6162,#6185));
#6160 = ORIENTED_EDGE('',*,*,#5597,.T.);
#6161 = ORIENTED_EDGE('',*,*,#4816,.T.);
#6162 = ORIENTED_EDGE('',*,*,#6163,.F.);
#6163 = EDGE_CURVE('',#6164,#4793,#6166,.T.);
#6164 = VERTEX_POINT('',#6165);
#6165 = CARTESIAN_POINT('',(42.,49.999999996103,-24.94));
#6166 = SURFACE_CURVE('',#6167,(#6171,#6178),.PCURVE_S1.);
#6167 = LINE('',#6168,#6169);
#6168 = CARTESIAN_POINT('',(42.,49.999999996103,-24.94));
#6169 = VECTOR('',#6170,1.);
#6170 = DIRECTION('',(0.,0.,1.));
#6171 = PCURVE('',#4832,#6172);
#6172 = DEFINITIONAL_REPRESENTATION('',(#6173),#6177);
#6173 = LINE('',#6174,#6175);
#6174 = CARTESIAN_POINT('',(84.,0.));
#6175 = VECTOR('',#6176,1.);
#6176 = DIRECTION('',(0.,-1.));
#6177 = ( GEOMETRIC_REPRESENTATION_CONTEXT(2) 
PARAMETRIC_REPRESENTATION_CONTEXT() REPRESENTATION_CONTEXT('2D SPACE',''
  ) );
#6178 = PCURVE('',#4751,#6179);
#6179 = DEFINITIONAL_REPRESENTATION('',(#6180),#6184);
#6180 = LINE('',#6181,#6182);
#6181 = CARTESIAN_POINT('',(-1.570796326795,0.));
#6182 = VECTOR('',#6183,1.);
#6183 = DIRECTION('',(-0.,-1.));
#6184 = ( GEOMETRIC_REPRESENTATION_CONTEXT(2) 
PARAMETRIC_REPRESENTATION_CONTEXT() REPRESENTATION_CONTEXT('2D SPACE',''
  ) );
#6185 = ORIENTED_EDGE('',*,*,#6186,.F.);
#6186 = EDGE_CURVE('',#5574,#6164,#6187,.T.);
#6187 = SURFACE_CURVE('',#6188,(#6192,#6199),.PCURVE_S1.);
#6188 = LINE('',#6189,#6190);
#6189 = CARTESIAN_POINT('',(0.,50.000000000001,-24.94));
#6190 = VECTOR('',#6191,1.);
#6191 = DIRECTION('',(1.,0.,0.));
#6192 = PCURVE('',#4832,#6193);
#6193 = DEFINITIONAL_REPRESENTATION('',(#6194),#6198);
#6194 = LINE('',#6195,#6196);
#6195 = CARTESIAN_POINT('',(42.,0.));
#6196 = VECTOR('',#6197,1.);
#6197 = DIRECTION('',(1.,0.));
#6198 = ( GEOMETRIC_REPRESENTATION_CONTEXT(2) 
PARAMETRIC_REPRESENTATION_CONTEXT() REPRESENTATION_CONTEXT('2D SPACE',''
  ) );
#6199 = PCURVE('',#5202,#6200);
#6200 = DEFINITIONAL_REPRESENTATION('',(#6201),#6205);
#6201 = LINE('',#6202,#6203);
#6202 = CARTESIAN_POINT('',(1.100073611893E-09,50.000000001189));
#6203 = VECTOR('',#6204,1.);
#6204 = DIRECTION('',(1.,0.));
#6205 = ( GEOMETRIC_REPRESENTATION_CONTEXT(2) 
PARAMETRIC_REPRESENTATION_CONTEXT() REPRESENTATION_CONTEXT('2D SPACE',''
  ) );
#6206 = ADVANCED_FACE('',(#6207),#4751,.T.);
#6207 = FACE_BOUND('',#6208,.F.);
#6208 = EDGE_LOOP('',(#6209,#6210,#6248,#6364,#6365,#6366,#6390));
#6209 = ORIENTED_EDGE('',*,*,#4734,.T.);
#6210 = ORIENTED_EDGE('',*,*,#6211,.T.);
#6211 = EDGE_CURVE('',#4735,#6212,#6214,.T.);
#6212 = VERTEX_POINT('',#6213);
#6213 = CARTESIAN_POINT('',(49.745966690403,43.999999999996,-19.94));
#6214 = SURFACE_CURVE('',#6215,(#6220,#6228),.PCURVE_S1.);
#6215 = ( BOUNDED_CURVE() B_SPLINE_CURVE(3,(#6216,#6217,#6218,#6219),
.UNSPECIFIED.,.F.,.F.) B_SPLINE_CURVE_WITH_KNOTS((4,4),(32.344428705595,
32.358404396503),.PIECEWISE_BEZIER_KNOTS.) CURVE() 
GEOMETRIC_REPRESENTATION_ITEM() RATIONAL_B_SPLINE_CURVE((1.,1.,1.,1.)) 
REPRESENTATION_ITEM('') );
#6216 = CARTESIAN_POINT('',(49.749978827815,43.984396164452,-19.94));
#6217 = CARTESIAN_POINT('',(49.748646098406,43.989601085146,-19.94));
#6218 = CARTESIAN_POINT('',(49.74730871439,43.994802363468,-19.94));
#6219 = CARTESIAN_POINT('',(49.745966690403,43.999999999996,-19.94));
#6220 = PCURVE('',#4751,#6221);
#6221 = DEFINITIONAL_REPRESENTATION('',(#6222),#6227);
#6222 = B_SPLINE_CURVE_WITH_KNOTS('',3,(#6223,#6224,#6225,#6226),
  .UNSPECIFIED.,.F.,.F.,(4,4),(32.344428705595,32.358404396503),
  .PIECEWISE_BEZIER_KNOTS.);
#6223 = CARTESIAN_POINT('',(-0.250666331892,-5.));
#6224 = CARTESIAN_POINT('',(-0.251337936397,-5.));
#6225 = CARTESIAN_POINT('',(-0.252009244157,-5.));
#6226 = CARTESIAN_POINT('',(-0.252680256148,-5.));
#6227 = ( GEOMETRIC_REPRESENTATION_CONTEXT(2) 
PARAMETRIC_REPRESENTATION_CONTEXT() REPRESENTATION_CONTEXT('2D SPACE',''
  ) );
#6228 = PCURVE('',#6229,#6242);
#6229 = ( BOUNDED_SURFACE() B_SPLINE_SURFACE(2,3,(
    (#6230,#6231,#6232,#6233)
    ,(#6234,#6235,#6236,#6237)
    ,(#6238,#6239,#6240,#6241
)),.UNSPECIFIED.,.F.,.F.,.F.) B_SPLINE_SURFACE_WITH_KNOTS((3,3),(4,4),(
    0.,1.397569090791E-02),(32.344428705595,32.358404396503),
.PIECEWISE_BEZIER_KNOTS.) GEOMETRIC_REPRESENTATION_ITEM() 
RATIONAL_B_SPLINE_SURFACE((
    (1.,1.,1.,1.)
    ,(0.707106781187,0.707900419659,0.708691300349,0.709479450957)
,(1.,1.,1.,1.))) REPRESENTATION_ITEM('') SURFACE() );
#6230 = CARTESIAN_POINT('',(49.149981037086,43.986024390771,-19.34));
#6231 = CARTESIAN_POINT('',(49.149993679021,43.990682915755,-19.34));
#6232 = CARTESIAN_POINT('',(49.15,43.995341457847,-19.34000453494));
#6233 = CARTESIAN_POINT('',(49.15,44.,-19.34001355647));
#6234 = CARTESIAN_POINT('',(49.149981037086,43.986024390773,-19.94));
#6235 = CARTESIAN_POINT('',(49.149993664848,43.990677692999,
    -19.93865466082));
#6236 = CARTESIAN_POINT('',(49.15,43.995336276982,-19.93731925653));
#6237 = CARTESIAN_POINT('',(49.15,43.999999999998,-19.93599371252));
#6238 = CARTESIAN_POINT('',(49.749978827815,43.984396164452,-19.94));
#6239 = CARTESIAN_POINT('',(49.748646098406,43.989601085146,-19.94));
#6240 = CARTESIAN_POINT('',(49.74730871439,43.994802363468,-19.94));
#6241 = CARTESIAN_POINT('',(49.745966690403,43.999999999996,-19.94));
#6242 = DEFINITIONAL_REPRESENTATION('',(#6243),#6247);
#6243 = LINE('',#6244,#6245);
#6244 = CARTESIAN_POINT('',(1.397569090791E-02,0.));
#6245 = VECTOR('',#6246,1.);
#6246 = DIRECTION('',(0.,1.));
#6247 = ( GEOMETRIC_REPRESENTATION_CONTEXT(2) 
PARAMETRIC_REPRESENTATION_CONTEXT() REPRESENTATION_CONTEXT('2D SPACE',''
  ) );
#6248 = ORIENTED_EDGE('',*,*,#6249,.T.);
#6249 = EDGE_CURVE('',#6212,#4764,#6250,.T.);
#6250 = SURFACE_CURVE('',#6251,(#6272,#6296),.PCURVE_S1.);
#6251 = ( BOUNDED_CURVE() B_SPLINE_CURVE(10,(#6252,#6253,#6254,#6255,
    #6256,#6257,#6258,#6259,#6260,#6261,#6262,#6263,#6264,#6265,#6266,
    #6267,#6268,#6269,#6270,#6271),.UNSPECIFIED.,.F.,.F.) 
B_SPLINE_CURVE_WITH_KNOTS((11,9,11),(32.358404396503,36.410192729001,
40.461981061499),.UNSPECIFIED.) CURVE() GEOMETRIC_REPRESENTATION_ITEM() 
RATIONAL_B_SPLINE_CURVE((1.,1.,1.,1.,1.,1.,1.,1.,1.,1.,1.,1.,1.,1.,1.,1.
,1.,1.,1.,1.)) REPRESENTATION_ITEM('') );
#6252 = CARTESIAN_POINT('',(49.745966690403,43.999999999996,-19.94));
#6253 = CARTESIAN_POINT('',(49.629244079,44.452064728207,-19.94));
#6254 = CARTESIAN_POINT('',(49.486521909456,44.883721599524,-19.94));
#6255 = CARTESIAN_POINT('',(49.320770428499,45.295074883587,-19.94));
#6256 = CARTESIAN_POINT('',(49.13438957596,45.686660023348,-19.94));
#6257 = CARTESIAN_POINT('',(48.929201449859,46.059233043622,-19.94));
#6258 = CARTESIAN_POINT('',(48.706503166112,46.41360662387,-19.94));
#6259 = CARTESIAN_POINT('',(48.467135200711,46.750538916923,-19.94));
#6260 = CARTESIAN_POINT('',(48.211545173576,47.070651482047,-19.94));
#6261 = CARTESIAN_POINT('',(47.939848084222,47.374360728512,-19.94));
#6262 = CARTESIAN_POINT('',(47.363933191864,47.949266274766,-19.94));
#6263 = CARTESIAN_POINT('',(47.059715388787,48.220462573996,-19.94));
#6264 = CARTESIAN_POINT('',(46.73908394264,48.475549254067,-19.94));
#6265 = CARTESIAN_POINT('',(46.401617267692,48.714403580469,-19.94));
#6266 = CARTESIAN_POINT('',(46.046690004316,48.936569030628,-19.94));
#6267 = CARTESIAN_POINT('',(45.673541507371,49.141194909293,-19.94));
#6268 = CARTESIAN_POINT('',(45.281358371758,49.326972906586,-19.94));
#6269 = CARTESIAN_POINT('',(44.8693855122,49.492067820364,-19.94));
#6270 = CARTESIAN_POINT('',(44.437094412429,49.634064614267,-19.94));
#6271 = CARTESIAN_POINT('',(43.984396142043,49.749978827754,-19.94));
#6272 = PCURVE('',#4751,#6273);
#6273 = DEFINITIONAL_REPRESENTATION('',(#6274),#6295);
#6274 = B_SPLINE_CURVE_WITH_KNOTS('',10,(#6275,#6276,#6277,#6278,#6279,
    #6280,#6281,#6282,#6283,#6284,#6285,#6286,#6287,#6288,#6289,#6290,
    #6291,#6292,#6293,#6294),.UNSPECIFIED.,.F.,.F.,(11,9,11),(
    32.358404396503,36.410192729001,40.461981061499),.UNSPECIFIED.);
#6275 = CARTESIAN_POINT('',(-0.252680256148,-5.));
#6276 = CARTESIAN_POINT('',(-0.311041561622,-5.));
#6277 = CARTESIAN_POINT('',(-0.367745375454,-5.));
#6278 = CARTESIAN_POINT('',(-0.422987582326,-4.999999999999));
#6279 = CARTESIAN_POINT('',(-0.476973585474,-5.));
#6280 = CARTESIAN_POINT('',(-0.529913148484,-5.));
#6281 = CARTESIAN_POINT('',(-0.582017113735,-5.));
#6282 = CARTESIAN_POINT('',(-0.633495838381,-5.));
#6283 = CARTESIAN_POINT('',(-0.684558937626,-5.));
#6284 = CARTESIAN_POINT('',(-0.73541565165,-5.));
#6285 = CARTESIAN_POINT('',(-0.837134807782,-5.));
#6286 = CARTESIAN_POINT('',(-0.887997249878,-5.));
#6287 = CARTESIAN_POINT('',(-0.939071805024,-4.999999999999));
#6288 = CARTESIAN_POINT('',(-0.990567730804,-5.000000000001));
#6289 = CARTESIAN_POINT('',(-1.042694671793,-4.999999999999));
#6290 = CARTESIAN_POINT('',(-1.09566304956,-5.000000000001));
#6291 = CARTESIAN_POINT('',(-1.149683788981,-5.));
#6292 = CARTESIAN_POINT('',(-1.204966772305,-5.));
#6293 = CARTESIAN_POINT('',(-1.26171715923,-5.));
#6294 = CARTESIAN_POINT('',(-1.3201299988,-5.));
#6295 = ( GEOMETRIC_REPRESENTATION_CONTEXT(2) 
PARAMETRIC_REPRESENTATION_CONTEXT() REPRESENTATION_CONTEXT('2D SPACE',''
  ) );
#6296 = PCURVE('',#6297,#6358);
#6297 = ( BOUNDED_SURFACE() B_SPLINE_SURFACE(2,10,(
    (#6298,#6299,#6300,#6301,#6302,#6303,#6304,#6305,#6306,#6307,#6308
      ,#6309,#6310,#6311,#6312,#6313,#6314,#6315,#6316,#6317)
    ,(#6318,#6319,#6320,#6321,#6322,#6323,#6324,#6325,#6326,#6327,#6328
      ,#6329,#6330,#6331,#6332,#6333,#6334,#6335,#6336,#6337)
    ,(#6338,#6339,#6340,#6341,#6342,#6343,#6344,#6345,#6346,#6347,#6348
      ,#6349,#6350,#6351,#6352,#6353,#6354,#6355,#6356,#6357
)),.UNSPECIFIED.,.F.,.F.,.F.) B_SPLINE_SURFACE_WITH_KNOTS((3,3),(11,9,11
    ),(0.,8.103576664997),(32.358404396503,36.410192729001,
40.461981061499),.UNSPECIFIED.) GEOMETRIC_REPRESENTATION_ITEM() 
RATIONAL_B_SPLINE_SURFACE((
    (1.,1.,1.,1.,1.,1.,1.,1.,1.,1.,1.,1.,1.,1.,1.,1.,1.,1.,1.,1.)
    ,(0.709479450957,0.778028894288,0.831283568104,0.874773914504
      ,0.909661541786,0.93777066356,0.959392007372,0.975365344142
      ,0.985844835343,0.9910518936,0.990887768623,0.985516506625
      ,0.974869531806,0.958718704452,0.936912976543,0.90859230751
      ,0.873479547548,0.829711061505,0.776133531943,0.707106781187)
    ,(1.,1.,1.,1.,1.,1.,1.,1.,1.,1.,1.,1.,1.,1.,1.,1.,1.,1.,1.,1.
))) REPRESENTATION_ITEM('') SURFACE() );
#6298 = CARTESIAN_POINT('',(49.15,44.,-19.34001355647));
#6299 = CARTESIAN_POINT('',(49.15,44.405176964748,-19.34079820491));
#6300 = CARTESIAN_POINT('',(49.114580717702,44.810352646075,
    -19.36715780345));
#6301 = CARTESIAN_POINT('',(49.043742533122,45.212047195281,
    -19.40558012343));
#6302 = CARTESIAN_POINT('',(48.937875775531,45.606776869286,
    -19.46861543824));
#6303 = CARTESIAN_POINT('',(48.797763346706,45.991108381111,
    -19.50926152201));
#6304 = CARTESIAN_POINT('',(48.624571979782,46.361711908338,
    -19.60644693307));
#6305 = CARTESIAN_POINT('',(48.419835528659,46.71541035244,
    -19.64153524832));
#6306 = CARTESIAN_POINT('',(48.185431276078,47.049225796739,
    -19.73640824412));
#6307 = CARTESIAN_POINT('',(47.923549234573,47.360421339118,
    -19.78125895687));
#6308 = CARTESIAN_POINT('',(47.349762431547,47.932653280512,
    -19.77984292904));
#6309 = CARTESIAN_POINT('',(47.037857669922,48.1936896795,
    -19.73346644539));
#6310 = CARTESIAN_POINT('',(46.70340797568,48.427186836208,
    -19.63981863725));
#6311 = CARTESIAN_POINT('',(46.349156187871,48.630962310806,
    -19.60368788521));
#6312 = CARTESIAN_POINT('',(45.978085210728,48.803147092044,
    -19.50726073761));
#6313 = CARTESIAN_POINT('',(45.593375985809,48.942216147632,
    -19.46656676567));
#6314 = CARTESIAN_POINT('',(45.19836078342,49.047012077851,
    -19.40387348276));
#6315 = CARTESIAN_POINT('',(44.796473699853,49.116760960973,
    -19.36584666238));
#6316 = CARTESIAN_POINT('',(44.391199841205,49.1510805716,-19.34));
#6317 = CARTESIAN_POINT('',(43.986024370699,49.149981037032,-19.34));
#6318 = CARTESIAN_POINT('',(49.15,43.999999999998,-19.93599371252));
#6319 = CARTESIAN_POINT('',(49.15,44.369478219383,-19.83097897686));
#6320 = CARTESIAN_POINT('',(49.119768472845,44.765854695624,
    -19.77259953603));
#6321 = CARTESIAN_POINT('',(49.053426274383,45.168183288861,
    -19.74396228342));
#6322 = CARTESIAN_POINT('',(48.950208384132,45.570500487167,
    -19.74467595025));
#6323 = CARTESIAN_POINT('',(48.810200352965,45.963646813775,
    -19.74497131305));
#6324 = CARTESIAN_POINT('',(48.634968789802,46.344216330848,
    -19.78333890665));
#6325 = CARTESIAN_POINT('',(48.426696207447,46.706104015159,
    -19.79479236909));
#6326 = CARTESIAN_POINT('',(48.188335455169,47.046077705996,
    -19.84081459207));
#6327 = CARTESIAN_POINT('',(47.923525478818,47.3604450305,
    -19.86206911645));
#6328 = CARTESIAN_POINT('',(47.349738671856,47.932676975817,
    -19.86140095633));
#6329 = CARTESIAN_POINT('',(47.03460777969,48.19666257528,
    -19.83940670596));
#6330 = CARTESIAN_POINT('',(46.693938974945,48.434117973532,
    -19.79409448201));
#6331 = CARTESIAN_POINT('',(46.331446563548,48.641415770288,
    -19.78227444419));
#6332 = CARTESIAN_POINT('',(45.950337328323,48.815613792157,
    -19.74448782784));
#6333 = CARTESIAN_POINT('',(45.556784592765,48.95454524167,
    -19.74448399646));
#6334 = CARTESIAN_POINT('',(45.154119099679,49.05664943076,
    -19.74435336141));
#6335 = CARTESIAN_POINT('',(44.751612943266,49.121870914629,
    -19.7737766485));
#6336 = CARTESIAN_POINT('',(44.355164874199,49.15098278263,
    -19.8332759667));
#6337 = CARTESIAN_POINT('',(43.986024370699,49.149981037032,-19.94));
#6338 = CARTESIAN_POINT('',(49.745966690403,43.999999999996,-19.94));
#6339 = CARTESIAN_POINT('',(49.629244079,44.452064728207,-19.94));
#6340 = CARTESIAN_POINT('',(49.486521909456,44.883721599524,-19.94));
#6341 = CARTESIAN_POINT('',(49.320770428499,45.295074883587,-19.94));
#6342 = CARTESIAN_POINT('',(49.13438957596,45.686660023348,-19.94));
#6343 = CARTESIAN_POINT('',(48.929201449859,46.059233043622,-19.94));
#6344 = CARTESIAN_POINT('',(48.706503166112,46.41360662387,-19.94));
#6345 = CARTESIAN_POINT('',(48.467135200711,46.750538916923,-19.94));
#6346 = CARTESIAN_POINT('',(48.211545173576,47.070651482047,-19.94));
#6347 = CARTESIAN_POINT('',(47.939848084222,47.374360728512,-19.94));
#6348 = CARTESIAN_POINT('',(47.363933191864,47.949266274766,-19.94));
#6349 = CARTESIAN_POINT('',(47.059715388787,48.220462573996,-19.94));
#6350 = CARTESIAN_POINT('',(46.73908394264,48.475549254067,-19.94));
#6351 = CARTESIAN_POINT('',(46.401617267692,48.714403580469,-19.94));
#6352 = CARTESIAN_POINT('',(46.046690004316,48.936569030628,-19.94));
#6353 = CARTESIAN_POINT('',(45.673541507371,49.141194909293,-19.94));
#6354 = CARTESIAN_POINT('',(45.281358371758,49.326972906586,-19.94));
#6355 = CARTESIAN_POINT('',(44.8693855122,49.492067820364,-19.94));
#6356 = CARTESIAN_POINT('',(44.437094412429,49.634064614267,-19.94));
#6357 = CARTESIAN_POINT('',(43.984396142043,49.749978827754,-19.94));
#6358 = DEFINITIONAL_REPRESENTATION('',(#6359),#6363);
#6359 = LINE('',#6360,#6361);
#6360 = CARTESIAN_POINT('',(8.103576664997,0.));
#6361 = VECTOR('',#6362,1.);
#6362 = DIRECTION('',(0.,1.));
#6363 = ( GEOMETRIC_REPRESENTATION_CONTEXT(2) 
PARAMETRIC_REPRESENTATION_CONTEXT() REPRESENTATION_CONTEXT('2D SPACE',''
  ) );
#6364 = ORIENTED_EDGE('',*,*,#4792,.T.);
#6365 = ORIENTED_EDGE('',*,*,#6163,.F.);
#6366 = ORIENTED_EDGE('',*,*,#6367,.F.);
#6367 = EDGE_CURVE('',#6368,#6164,#6370,.T.);
#6368 = VERTEX_POINT('',#6369);
#6369 = CARTESIAN_POINT('',(50.,41.999999992206,-24.94));
#6370 = SURFACE_CURVE('',#6371,(#6376,#6383),.PCURVE_S1.);
#6371 = CIRCLE('',#6372,8.);
#6372 = AXIS2_PLACEMENT_3D('',#6373,#6374,#6375);
#6373 = CARTESIAN_POINT('',(42.,41.999999992206,-24.94));
#6374 = DIRECTION('',(0.,0.,1.));
#6375 = DIRECTION('',(1.,0.,0.));
#6376 = PCURVE('',#4751,#6377);
#6377 = DEFINITIONAL_REPRESENTATION('',(#6378),#6382);
#6378 = LINE('',#6379,#6380);
#6379 = CARTESIAN_POINT('',(-0.,0.));
#6380 = VECTOR('',#6381,1.);
#6381 = DIRECTION('',(-1.,0.));
#6382 = ( GEOMETRIC_REPRESENTATION_CONTEXT(2) 
PARAMETRIC_REPRESENTATION_CONTEXT() REPRESENTATION_CONTEXT('2D SPACE',''
  ) );
#6383 = PCURVE('',#5202,#6384);
#6384 = DEFINITIONAL_REPRESENTATION('',(#6385),#6389);
#6385 = CIRCLE('',#6386,8.);
#6386 = AXIS2_PLACEMENT_2D('',#6387,#6388);
#6387 = CARTESIAN_POINT('',(42.0000000011,41.999999993394));
#6388 = DIRECTION('',(1.,0.));
#6389 = ( GEOMETRIC_REPRESENTATION_CONTEXT(2) 
PARAMETRIC_REPRESENTATION_CONTEXT() REPRESENTATION_CONTEXT('2D SPACE',''
  ) );
#6390 = ORIENTED_EDGE('',*,*,#6391,.T.);
#6391 = EDGE_CURVE('',#6368,#4707,#6392,.T.);
#6392 = SURFACE_CURVE('',#6393,(#6397,#6404),.PCURVE_S1.);
#6393 = LINE('',#6394,#6395);
#6394 = CARTESIAN_POINT('',(50.,41.999999992206,-24.94));
#6395 = VECTOR('',#6396,1.);
#6396 = DIRECTION('',(0.,0.,1.));
#6397 = PCURVE('',#4751,#6398);
#6398 = DEFINITIONAL_REPRESENTATION('',(#6399),#6403);
#6399 = LINE('',#6400,#6401);
#6400 = CARTESIAN_POINT('',(-0.,0.));
#6401 = VECTOR('',#6402,1.);
#6402 = DIRECTION('',(-0.,-1.));
#6403 = ( GEOMETRIC_REPRESENTATION_CONTEXT(2) 
PARAMETRIC_REPRESENTATION_CONTEXT() REPRESENTATION_CONTEXT('2D SPACE',''
  ) );
#6404 = PCURVE('',#4722,#6405);
#6405 = DEFINITIONAL_REPRESENTATION('',(#6406),#6410);
#6406 = LINE('',#6407,#6408);
#6407 = CARTESIAN_POINT('',(83.999999992205,0.));
#6408 = VECTOR('',#6409,1.);
#6409 = DIRECTION('',(0.,-1.));
#6410 = ( GEOMETRIC_REPRESENTATION_CONTEXT(2) 
PARAMETRIC_REPRESENTATION_CONTEXT() REPRESENTATION_CONTEXT('2D SPACE',''
  ) );
#6411 = ADVANCED_FACE('',(#6412),#4722,.F.);
#6412 = FACE_BOUND('',#6413,.F.);
#6413 = EDGE_LOOP('',(#6414,#6415,#6416,#6417));
#6414 = ORIENTED_EDGE('',*,*,#5993,.T.);
#6415 = ORIENTED_EDGE('',*,*,#4706,.T.);
#6416 = ORIENTED_EDGE('',*,*,#6391,.F.);
#6417 = ORIENTED_EDGE('',*,*,#6418,.F.);
#6418 = EDGE_CURVE('',#5994,#6368,#6419,.T.);
#6419 = SURFACE_CURVE('',#6420,(#6424,#6431),.PCURVE_S1.);
#6420 = LINE('',#6421,#6422);
#6421 = CARTESIAN_POINT('',(50.,6.110667527537E-13,-24.94));
#6422 = VECTOR('',#6423,1.);
#6423 = DIRECTION('',(0.,1.,0.));
#6424 = PCURVE('',#4722,#6425);
#6425 = DEFINITIONAL_REPRESENTATION('',(#6426),#6430);
#6426 = LINE('',#6427,#6428);
#6427 = CARTESIAN_POINT('',(42.,0.));
#6428 = VECTOR('',#6429,1.);
#6429 = DIRECTION('',(1.,0.));
#6430 = ( GEOMETRIC_REPRESENTATION_CONTEXT(2) 
PARAMETRIC_REPRESENTATION_CONTEXT() REPRESENTATION_CONTEXT('2D SPACE',''
  ) );
#6431 = PCURVE('',#5202,#6432);
#6432 = DEFINITIONAL_REPRESENTATION('',(#6433),#6437);
#6433 = LINE('',#6434,#6435);
#6434 = CARTESIAN_POINT('',(50.0000000011,1.189485842225E-09));
#6435 = VECTOR('',#6436,1.);
#6436 = DIRECTION('',(0.,1.));
#6437 = ( GEOMETRIC_REPRESENTATION_CONTEXT(2) 
PARAMETRIC_REPRESENTATION_CONTEXT() REPRESENTATION_CONTEXT('2D SPACE',''
  ) );
#6438 = ADVANCED_FACE('',(#6439),#4780,.F.);
#6439 = FACE_BOUND('',#6440,.T.);
#6440 = EDGE_LOOP('',(#6441,#6473,#6474,#6504));
#6441 = ORIENTED_EDGE('',*,*,#6442,.F.);
#6442 = EDGE_CURVE('',#4764,#6443,#6445,.T.);
#6443 = VERTEX_POINT('',#6444);
#6444 = CARTESIAN_POINT('',(43.986024370699,49.149981037032,-19.34));
#6445 = SURFACE_CURVE('',#6446,(#6451,#6457),.PCURVE_S1.);
#6446 = CIRCLE('',#6447,0.6);
#6447 = AXIS2_PLACEMENT_3D('',#6448,#6449,#6450);
#6448 = CARTESIAN_POINT('',(43.984396142043,49.749978827754,-19.34));
#6449 = DIRECTION('',(-0.99999631787,-2.713714427305E-03,0.));
#6450 = DIRECTION('',(-2.713714427305E-03,0.99999631787,0.));
#6451 = PCURVE('',#4780,#6452);
#6452 = DEFINITIONAL_REPRESENTATION('',(#6453),#6456);
#6453 = B_SPLINE_CURVE_WITH_KNOTS('',1,(#6454,#6455),.UNSPECIFIED.,.F.,
  .F.,(2,2),(1.570796326795,3.14159265359),.PIECEWISE_BEZIER_KNOTS.);
#6454 = CARTESIAN_POINT('',(-1.573510044553,1.570796326795));
#6455 = CARTESIAN_POINT('',(-1.573510044553,3.14159265359));
#6456 = ( GEOMETRIC_REPRESENTATION_CONTEXT(2) 
PARAMETRIC_REPRESENTATION_CONTEXT() REPRESENTATION_CONTEXT('2D SPACE',''
  ) );
#6457 = PCURVE('',#6297,#6458);
#6458 = DEFINITIONAL_REPRESENTATION('',(#6459),#6472);
#6459 = B_SPLINE_CURVE_WITH_KNOTS('',11,(#6460,#6461,#6462,#6463,#6464,
    #6465,#6466,#6467,#6468,#6469,#6470,#6471),.UNSPECIFIED.,.F.,.F.,(12
    ,12),(1.570796326795,3.14159265359),.PIECEWISE_BEZIER_KNOTS.);
#6460 = CARTESIAN_POINT('',(8.103576664997,40.461981061499));
#6461 = CARTESIAN_POINT('',(7.285321153566,40.461981061501));
#6462 = CARTESIAN_POINT('',(6.52030443173,40.461981061493));
#6463 = CARTESIAN_POINT('',(5.791540868867,40.461981061513));
#6464 = CARTESIAN_POINT('',(5.08661477036,40.461981061479));
#6465 = CARTESIAN_POINT('',(4.395264960618,40.461981061524));
#6466 = CARTESIAN_POINT('',(3.708311704377,40.461981061477));
#6467 = CARTESIAN_POINT('',(3.016961894638,40.461981061516));
#6468 = CARTESIAN_POINT('',(2.312035796129,40.461981061491));
#6469 = CARTESIAN_POINT('',(1.583272233267,40.461981061503));
#6470 = CARTESIAN_POINT('',(0.818255511431,40.461981061499));
#6471 = CARTESIAN_POINT('',(5.548415197037E-16,40.461981061499));
#6472 = ( GEOMETRIC_REPRESENTATION_CONTEXT(2) 
PARAMETRIC_REPRESENTATION_CONTEXT() REPRESENTATION_CONTEXT('2D SPACE',''
  ) );
#6473 = ORIENTED_EDGE('',*,*,#4763,.T.);
#6474 = ORIENTED_EDGE('',*,*,#6475,.T.);
#6475 = EDGE_CURVE('',#4735,#6476,#6478,.T.);
#6476 = VERTEX_POINT('',#6477);
#6477 = CARTESIAN_POINT('',(49.149981037086,43.98602439077,-19.34));
#6478 = SURFACE_CURVE('',#6479,(#6484,#6490),.PCURVE_S1.);
#6479 = CIRCLE('',#6480,0.6);
#6480 = AXIS2_PLACEMENT_3D('',#6481,#6482,#6483);
#6481 = CARTESIAN_POINT('',(49.749978827815,43.984396164452,-19.34));
#6482 = DIRECTION('',(2.71371053012E-03,0.999996317881,0.));
#6483 = DIRECTION('',(0.999996317881,-2.71371053012E-03,0.));
#6484 = PCURVE('',#4780,#6485);
#6485 = DEFINITIONAL_REPRESENTATION('',(#6486),#6489);
#6486 = B_SPLINE_CURVE_WITH_KNOTS('',1,(#6487,#6488),.UNSPECIFIED.,.F.,
  .F.,(2,2),(1.570796326795,3.14159265359),.PIECEWISE_BEZIER_KNOTS.);
#6487 = CARTESIAN_POINT('',(-6.280471593319,1.570796326795));
#6488 = CARTESIAN_POINT('',(-6.280471593319,3.14159265359));
#6489 = ( GEOMETRIC_REPRESENTATION_CONTEXT(2) 
PARAMETRIC_REPRESENTATION_CONTEXT() REPRESENTATION_CONTEXT('2D SPACE',''
  ) );
#6490 = PCURVE('',#6229,#6491);
#6491 = DEFINITIONAL_REPRESENTATION('',(#6492),#6503);
#6492 = B_SPLINE_CURVE_WITH_KNOTS('',9,(#6493,#6494,#6495,#6496,#6497,
    #6498,#6499,#6500,#6501,#6502),.UNSPECIFIED.,.F.,.F.,(10,10),(
    1.570796326795,3.14159265359),.PIECEWISE_BEZIER_KNOTS.);
#6493 = CARTESIAN_POINT('',(1.397569090791E-02,32.344428705595));
#6494 = CARTESIAN_POINT('',(1.225090316669E-02,32.344428705594));
#6495 = CARTESIAN_POINT('',(1.066639216697E-02,32.344428705596));
#6496 = CARTESIAN_POINT('',(9.164613598787E-03,32.344428705592));
#6497 = CARTESIAN_POINT('',(7.708681753996E-03,32.344428705598));
#6498 = CARTESIAN_POINT('',(6.267009153909E-03,32.344428705593));
#6499 = CARTESIAN_POINT('',(4.81107730912E-03,32.344428705596));
#6500 = CARTESIAN_POINT('',(3.309298740938E-03,32.344428705594));
#6501 = CARTESIAN_POINT('',(1.724787741214E-03,32.344428705595));
#6502 = CARTESIAN_POINT('',(0.,32.344428705595));
#6503 = ( GEOMETRIC_REPRESENTATION_CONTEXT(2) 
PARAMETRIC_REPRESENTATION_CONTEXT() REPRESENTATION_CONTEXT('2D SPACE',''
  ) );
#6504 = ORIENTED_EDGE('',*,*,#6505,.F.);
#6505 = EDGE_CURVE('',#6443,#6476,#6506,.T.);
#6506 = SURFACE_CURVE('',#6507,(#6512,#6519),.PCURVE_S1.);
#6507 = CIRCLE('',#6508,5.15);
#6508 = AXIS2_PLACEMENT_3D('',#6509,#6510,#6511);
#6509 = CARTESIAN_POINT('',(44.,44.,-19.34));
#6510 = DIRECTION('',(0.,0.,1.));
#6511 = DIRECTION('',(1.,0.,-0.));
#6512 = PCURVE('',#4780,#6513);
#6513 = DEFINITIONAL_REPRESENTATION('',(#6514),#6518);
#6514 = LINE('',#6515,#6516);
#6515 = CARTESIAN_POINT('',(-0.,3.14159265359));
#6516 = VECTOR('',#6517,1.);
#6517 = DIRECTION('',(-1.,0.));
#6518 = ( GEOMETRIC_REPRESENTATION_CONTEXT(2) 
PARAMETRIC_REPRESENTATION_CONTEXT() REPRESENTATION_CONTEXT('2D SPACE',''
  ) );
#6519 = PCURVE('',#6520,#6525);
#6520 = CYLINDRICAL_SURFACE('',#6521,5.15);
#6521 = AXIS2_PLACEMENT_3D('',#6522,#6523,#6524);
#6522 = CARTESIAN_POINT('',(44.,44.,-19.94));
#6523 = DIRECTION('',(0.,0.,1.));
#6524 = DIRECTION('',(1.,0.,-0.));
#6525 = DEFINITIONAL_REPRESENTATION('',(#6526),#6530);
#6526 = LINE('',#6527,#6528);
#6527 = CARTESIAN_POINT('',(0.,0.6));
#6528 = VECTOR('',#6529,1.);
#6529 = DIRECTION('',(1.,0.));
#6530 = ( GEOMETRIC_REPRESENTATION_CONTEXT(2) 
PARAMETRIC_REPRESENTATION_CONTEXT() REPRESENTATION_CONTEXT('2D SPACE',''
  ) );
#6531 = ADVANCED_FACE('',(#6532),#5029,.F.);
#6532 = FACE_BOUND('',#6533,.F.);
#6533 = EDGE_LOOP('',(#6534,#6535,#6558,#6585));
#6534 = ORIENTED_EDGE('',*,*,#5012,.F.);
#6535 = ORIENTED_EDGE('',*,*,#6536,.F.);
#6536 = EDGE_CURVE('',#6537,#5013,#6539,.T.);
#6537 = VERTEX_POINT('',#6538);
#6538 = CARTESIAN_POINT('',(31.3,-7.666288962662E-15,-19.94));
#6539 = SEAM_CURVE('',#6540,(#6544,#6551),.PCURVE_S1.);
#6540 = LINE('',#6541,#6542);
#6541 = CARTESIAN_POINT('',(31.3,-7.666288962662E-15,-19.94));
#6542 = VECTOR('',#6543,1.);
#6543 = DIRECTION('',(0.,0.,1.));
#6544 = PCURVE('',#5029,#6545);
#6545 = DEFINITIONAL_REPRESENTATION('',(#6546),#6550);
#6546 = LINE('',#6547,#6548);
#6547 = CARTESIAN_POINT('',(6.28318530718,-0.));
#6548 = VECTOR('',#6549,1.);
#6549 = DIRECTION('',(0.,1.));
#6550 = ( GEOMETRIC_REPRESENTATION_CONTEXT(2) 
PARAMETRIC_REPRESENTATION_CONTEXT() REPRESENTATION_CONTEXT('2D SPACE',''
  ) );
#6551 = PCURVE('',#5029,#6552);
#6552 = DEFINITIONAL_REPRESENTATION('',(#6553),#6557);
#6553 = LINE('',#6554,#6555);
#6554 = CARTESIAN_POINT('',(0.,-0.));
#6555 = VECTOR('',#6556,1.);
#6556 = DIRECTION('',(0.,1.));
#6557 = ( GEOMETRIC_REPRESENTATION_CONTEXT(2) 
PARAMETRIC_REPRESENTATION_CONTEXT() REPRESENTATION_CONTEXT('2D SPACE',''
  ) );
#6558 = ORIENTED_EDGE('',*,*,#6559,.T.);
#6559 = EDGE_CURVE('',#6537,#6537,#6560,.T.);
#6560 = SURFACE_CURVE('',#6561,(#6566,#6573),.PCURVE_S1.);
#6561 = CIRCLE('',#6562,31.3);
#6562 = AXIS2_PLACEMENT_3D('',#6563,#6564,#6565);
#6563 = CARTESIAN_POINT('',(0.,0.,-19.94));
#6564 = DIRECTION('',(0.,0.,1.));
#6565 = DIRECTION('',(1.,0.,-0.));
#6566 = PCURVE('',#5029,#6567);
#6567 = DEFINITIONAL_REPRESENTATION('',(#6568),#6572);
#6568 = LINE('',#6569,#6570);
#6569 = CARTESIAN_POINT('',(0.,0.));
#6570 = VECTOR('',#6571,1.);
#6571 = DIRECTION('',(1.,0.));
#6572 = ( GEOMETRIC_REPRESENTATION_CONTEXT(2) 
PARAMETRIC_REPRESENTATION_CONTEXT() REPRESENTATION_CONTEXT('2D SPACE',''
  ) );
#6573 = PCURVE('',#6574,#6579);
#6574 = PLANE('',#6575);
#6575 = AXIS2_PLACEMENT_3D('',#6576,#6577,#6578);
#6576 = CARTESIAN_POINT('',(0.,0.,-19.94));
#6577 = DIRECTION('',(0.,0.,1.));
#6578 = DIRECTION('',(1.,0.,-0.));
#6579 = DEFINITIONAL_REPRESENTATION('',(#6580),#6584);
#6580 = CIRCLE('',#6581,31.3);
#6581 = AXIS2_PLACEMENT_2D('',#6582,#6583);
#6582 = CARTESIAN_POINT('',(0.,0.));
#6583 = DIRECTION('',(1.,0.));
#6584 = ( GEOMETRIC_REPRESENTATION_CONTEXT(2) 
PARAMETRIC_REPRESENTATION_CONTEXT() REPRESENTATION_CONTEXT('2D SPACE',''
  ) );
#6585 = ORIENTED_EDGE('',*,*,#6536,.T.);
#6586 = ADVANCED_FACE('',(#6587),#5093,.T.);
#6587 = FACE_BOUND('',#6588,.T.);
#6588 = EDGE_LOOP('',(#6589,#6590,#6591,#6592));
#6589 = ORIENTED_EDGE('',*,*,#5261,.F.);
#6590 = ORIENTED_EDGE('',*,*,#5045,.T.);
#6591 = ORIENTED_EDGE('',*,*,#5398,.T.);
#6592 = ORIENTED_EDGE('',*,*,#6593,.F.);
#6593 = EDGE_CURVE('',#5262,#5399,#6594,.T.);
#6594 = SURFACE_CURVE('',#6595,(#6616,#6623),.PCURVE_S1.);
#6595 = ( BOUNDED_CURVE() B_SPLINE_CURVE(10,(#6596,#6597,#6598,#6599,
    #6600,#6601,#6602,#6603,#6604,#6605,#6606,#6607,#6608,#6609,#6610,
    #6611,#6612,#6613,#6614,#6615),.UNSPECIFIED.,.F.,.F.) 
B_SPLINE_CURVE_WITH_KNOTS((11,9,11),(16.165226546512,20.224002707484,
24.282778868455),.UNSPECIFIED.) CURVE() GEOMETRIC_REPRESENTATION_ITEM() 
RATIONAL_B_SPLINE_CURVE((1.,1.,1.,1.,1.,1.,1.,1.,1.,1.,1.,1.,1.,1.,1.,1.
,1.,1.,1.,1.)) REPRESENTATION_ITEM('') );
#6596 = CARTESIAN_POINT('',(-49.1499810371,-43.98602439767,-19.34));
#6597 = CARTESIAN_POINT('',(-49.15108246577,-44.39189862261,-19.34));
#6598 = CARTESIAN_POINT('',(-49.11664247822,-44.79787159466,
    -19.36593903159));
#6599 = CARTESIAN_POINT('',(-49.04665088863,-45.20044007521,
    -19.40405466432));
#6600 = CARTESIAN_POINT('',(-48.94149258475,-45.59610088848,
    -19.46703735829));
#6601 = CARTESIAN_POINT('',(-48.80194685578,-45.98140231406,
    -19.5075564233));
#6602 = CARTESIAN_POINT('',(-48.62917910361,-46.35299534173,
    -19.60473839549));
#6603 = CARTESIAN_POINT('',(-48.42472479795,-46.7076835987,
    -19.64022249346));
#6604 = CARTESIAN_POINT('',(-48.19046564421,-47.04247038552,
    -19.73477186278));
#6605 = CARTESIAN_POINT('',(-47.92859873778,-47.35460110843,
    -19.78055702788));
#6606 = CARTESIAN_POINT('',(-47.35460110843,-47.92859873778,
    -19.78055702788));
#6607 = CARTESIAN_POINT('',(-47.04247038552,-48.19046564421,
    -19.73477186278));
#6608 = CARTESIAN_POINT('',(-46.7076835987,-48.42472479795,
    -19.64022249346));
#6609 = CARTESIAN_POINT('',(-46.35299534173,-48.62917910361,
    -19.60473839549));
#6610 = CARTESIAN_POINT('',(-45.98140231407,-48.80194685578,
    -19.5075564233));
#6611 = CARTESIAN_POINT('',(-45.59610088848,-48.94149258475,
    -19.46703735829));
#6612 = CARTESIAN_POINT('',(-45.20044007521,-49.04665088863,
    -19.40405466432));
#6613 = CARTESIAN_POINT('',(-44.79787159466,-49.11664247822,
    -19.36593903159));
#6614 = CARTESIAN_POINT('',(-44.39189862261,-49.15108246577,-19.34));
#6615 = CARTESIAN_POINT('',(-43.98602439768,-49.1499810371,-19.34));
#6616 = PCURVE('',#5093,#6617);
#6617 = DEFINITIONAL_REPRESENTATION('',(#6618),#6622);
#6618 = LINE('',#6619,#6620);
#6619 = CARTESIAN_POINT('',(0.,0.));
#6620 = VECTOR('',#6621,1.);
#6621 = DIRECTION('',(0.,1.));
#6622 = ( GEOMETRIC_REPRESENTATION_CONTEXT(2) 
PARAMETRIC_REPRESENTATION_CONTEXT() REPRESENTATION_CONTEXT('2D SPACE',''
  ) );
#6623 = PCURVE('',#5334,#6624);
#6624 = DEFINITIONAL_REPRESENTATION('',(#6625),#6646);
#6625 = B_SPLINE_CURVE_WITH_KNOTS('',10,(#6626,#6627,#6628,#6629,#6630,
    #6631,#6632,#6633,#6634,#6635,#6636,#6637,#6638,#6639,#6640,#6641,
    #6642,#6643,#6644,#6645),.UNSPECIFIED.,.F.,.F.,(11,9,11),(
    16.165226546512,20.224002707484,24.282778868455),.UNSPECIFIED.);
#6626 = CARTESIAN_POINT('',(3.13887894107,0.6));
#6627 = CARTESIAN_POINT('',(3.217689760374,0.6));
#6628 = CARTESIAN_POINT('',(3.296501025833,0.574060968406));
#6629 = CARTESIAN_POINT('',(3.375312362731,0.535945335674));
#6630 = CARTESIAN_POINT('',(3.454123646522,0.472962641703));
#6631 = CARTESIAN_POINT('',(3.532934871541,0.432443576695));
#6632 = CARTESIAN_POINT('',(3.611746066621,0.335261604502));
#6633 = CARTESIAN_POINT('',(3.690557254212,0.299777506535));
#6634 = CARTESIAN_POINT('',(3.769368441804,0.205228137217));
#6635 = CARTESIAN_POINT('',(3.848179629395,0.15944297212));
#6636 = CARTESIAN_POINT('',(4.005802004579,0.15944297212));
#6637 = CARTESIAN_POINT('',(4.08461319217,0.205228137217));
#6638 = CARTESIAN_POINT('',(4.163424379763,0.299777506535));
#6639 = CARTESIAN_POINT('',(4.242235567353,0.335261604502));
#6640 = CARTESIAN_POINT('',(4.321046762433,0.432443576695));
#6641 = CARTESIAN_POINT('',(4.399857987453,0.472962641703));
#6642 = CARTESIAN_POINT('',(4.478669271243,0.535945335674));
#6643 = CARTESIAN_POINT('',(4.557480608141,0.574060968406));
#6644 = CARTESIAN_POINT('',(4.6362918736,0.6));
#6645 = CARTESIAN_POINT('',(4.715102692904,0.6));
#6646 = ( GEOMETRIC_REPRESENTATION_CONTEXT(2) 
PARAMETRIC_REPRESENTATION_CONTEXT() REPRESENTATION_CONTEXT('2D SPACE',''
  ) );
#6647 = ADVANCED_FACE('',(#6648,#6658,#6689,#6720,#6751,#6782,#6813,
    #6931),#5202,.F.);
#6648 = FACE_BOUND('',#6649,.F.);
#6649 = EDGE_LOOP('',(#6650,#6651,#6652,#6653,#6654,#6655,#6656,#6657));
#6650 = ORIENTED_EDGE('',*,*,#5374,.F.);
#6651 = ORIENTED_EDGE('',*,*,#5185,.T.);
#6652 = ORIENTED_EDGE('',*,*,#5728,.T.);
#6653 = ORIENTED_EDGE('',*,*,#6016,.T.);
#6654 = ORIENTED_EDGE('',*,*,#6418,.T.);
#6655 = ORIENTED_EDGE('',*,*,#6367,.T.);
#6656 = ORIENTED_EDGE('',*,*,#6186,.F.);
#6657 = ORIENTED_EDGE('',*,*,#5573,.T.);
#6658 = FACE_BOUND('',#6659,.F.);
#6659 = EDGE_LOOP('',(#6660));
#6660 = ORIENTED_EDGE('',*,*,#6661,.F.);
#6661 = EDGE_CURVE('',#6662,#6662,#6664,.T.);
#6662 = VERTEX_POINT('',#6663);
#6663 = CARTESIAN_POINT('',(-42.,-44.,-24.94));
#6664 = SURFACE_CURVE('',#6665,(#6670,#6677),.PCURVE_S1.);
#6665 = CIRCLE('',#6666,2.);
#6666 = AXIS2_PLACEMENT_3D('',#6667,#6668,#6669);
#6667 = CARTESIAN_POINT('',(-44.,-44.,-24.94));
#6668 = DIRECTION('',(0.,0.,1.));
#6669 = DIRECTION('',(1.,0.,-0.));
#6670 = PCURVE('',#5202,#6671);
#6671 = DEFINITIONAL_REPRESENTATION('',(#6672),#6676);
#6672 = CIRCLE('',#6673,2.);
#6673 = AXIS2_PLACEMENT_2D('',#6674,#6675);
#6674 = CARTESIAN_POINT('',(-43.9999999989,-43.99999999881));
#6675 = DIRECTION('',(1.,0.));
#6676 = ( GEOMETRIC_REPRESENTATION_CONTEXT(2) 
PARAMETRIC_REPRESENTATION_CONTEXT() REPRESENTATION_CONTEXT('2D SPACE',''
  ) );
#6677 = PCURVE('',#6678,#6683);
#6678 = CYLINDRICAL_SURFACE('',#6679,2.);
#6679 = AXIS2_PLACEMENT_3D('',#6680,#6681,#6682);
#6680 = CARTESIAN_POINT('',(-44.,-44.,-24.94));
#6681 = DIRECTION('',(0.,0.,1.));
#6682 = DIRECTION('',(1.,0.,-0.));
#6683 = DEFINITIONAL_REPRESENTATION('',(#6684),#6688);
#6684 = LINE('',#6685,#6686);
#6685 = CARTESIAN_POINT('',(0.,0.));
#6686 = VECTOR('',#6687,1.);
#6687 = DIRECTION('',(1.,0.));
#6688 = ( GEOMETRIC_REPRESENTATION_CONTEXT(2) 
PARAMETRIC_REPRESENTATION_CONTEXT() REPRESENTATION_CONTEXT('2D SPACE',''
  ) );
#6689 = FACE_BOUND('',#6690,.F.);
#6690 = EDGE_LOOP('',(#6691));
#6691 = ORIENTED_EDGE('',*,*,#6692,.F.);
#6692 = EDGE_CURVE('',#6693,#6693,#6695,.T.);
#6693 = VERTEX_POINT('',#6694);
#6694 = CARTESIAN_POINT('',(46.,-44.,-24.94));
#6695 = SURFACE_CURVE('',#6696,(#6701,#6708),.PCURVE_S1.);
#6696 = CIRCLE('',#6697,2.);
#6697 = AXIS2_PLACEMENT_3D('',#6698,#6699,#6700);
#6698 = CARTESIAN_POINT('',(44.,-44.,-24.94));
#6699 = DIRECTION('',(0.,0.,1.));
#6700 = DIRECTION('',(1.,0.,-0.));
#6701 = PCURVE('',#5202,#6702);
#6702 = DEFINITIONAL_REPRESENTATION('',(#6703),#6707);
#6703 = CIRCLE('',#6704,2.);
#6704 = AXIS2_PLACEMENT_2D('',#6705,#6706);
#6705 = CARTESIAN_POINT('',(44.0000000011,-43.99999999881));
#6706 = DIRECTION('',(1.,0.));
#6707 = ( GEOMETRIC_REPRESENTATION_CONTEXT(2) 
PARAMETRIC_REPRESENTATION_CONTEXT() REPRESENTATION_CONTEXT('2D SPACE',''
  ) );
#6708 = PCURVE('',#6709,#6714);
#6709 = CYLINDRICAL_SURFACE('',#6710,2.);
#6710 = AXIS2_PLACEMENT_3D('',#6711,#6712,#6713);
#6711 = CARTESIAN_POINT('',(44.,-44.,-24.94));
#6712 = DIRECTION('',(0.,0.,1.));
#6713 = DIRECTION('',(1.,0.,-0.));
#6714 = DEFINITIONAL_REPRESENTATION('',(#6715),#6719);
#6715 = LINE('',#6716,#6717);
#6716 = CARTESIAN_POINT('',(0.,0.));
#6717 = VECTOR('',#6718,1.);
#6718 = DIRECTION('',(1.,0.));
#6719 = ( GEOMETRIC_REPRESENTATION_CONTEXT(2) 
PARAMETRIC_REPRESENTATION_CONTEXT() REPRESENTATION_CONTEXT('2D SPACE',''
  ) );
#6720 = FACE_BOUND('',#6721,.F.);
#6721 = EDGE_LOOP('',(#6722));
#6722 = ORIENTED_EDGE('',*,*,#6723,.F.);
#6723 = EDGE_CURVE('',#6724,#6724,#6726,.T.);
#6724 = VERTEX_POINT('',#6725);
#6725 = CARTESIAN_POINT('',(12.541440953048,-15.77658500572,-24.94));
#6726 = SURFACE_CURVE('',#6727,(#6732,#6739),.PCURVE_S1.);
#6727 = CIRCLE('',#6728,1.9);
#6728 = AXIS2_PLACEMENT_3D('',#6729,#6730,#6731);
#6729 = CARTESIAN_POINT('',(10.641440953048,-15.77658500572,-24.94));
#6730 = DIRECTION('',(0.,0.,1.));
#6731 = DIRECTION('',(1.,0.,-0.));
#6732 = PCURVE('',#5202,#6733);
#6733 = DEFINITIONAL_REPRESENTATION('',(#6734),#6738);
#6734 = CIRCLE('',#6735,1.9);
#6735 = AXIS2_PLACEMENT_2D('',#6736,#6737);
#6736 = CARTESIAN_POINT('',(10.641440954148,-15.77658500453));
#6737 = DIRECTION('',(1.,0.));
#6738 = ( GEOMETRIC_REPRESENTATION_CONTEXT(2) 
PARAMETRIC_REPRESENTATION_CONTEXT() REPRESENTATION_CONTEXT('2D SPACE',''
  ) );
#6739 = PCURVE('',#6740,#6745);
#6740 = CYLINDRICAL_SURFACE('',#6741,1.9);
#6741 = AXIS2_PLACEMENT_3D('',#6742,#6743,#6744);
#6742 = CARTESIAN_POINT('',(10.641440953048,-15.77658500572,-24.94));
#6743 = DIRECTION('',(0.,0.,1.));
#6744 = DIRECTION('',(1.,0.,-0.));
#6745 = DEFINITIONAL_REPRESENTATION('',(#6746),#6750);
#6746 = LINE('',#6747,#6748);
#6747 = CARTESIAN_POINT('',(0.,0.));
#6748 = VECTOR('',#6749,1.);
#6749 = DIRECTION('',(1.,0.));
#6750 = ( GEOMETRIC_REPRESENTATION_CONTEXT(2) 
PARAMETRIC_REPRESENTATION_CONTEXT() REPRESENTATION_CONTEXT('2D SPACE',''
  ) );
#6751 = FACE_BOUND('',#6752,.F.);
#6752 = EDGE_LOOP('',(#6753));
#6753 = ORIENTED_EDGE('',*,*,#6754,.F.);
#6754 = EDGE_CURVE('',#6755,#6755,#6757,.T.);
#6755 = VERTEX_POINT('',#6756);
#6756 = CARTESIAN_POINT('',(-7.412948056781,16.595478254383,-24.94));
#6757 = SURFACE_CURVE('',#6758,(#6763,#6770),.PCURVE_S1.);
#6758 = CIRCLE('',#6759,1.9);
#6759 = AXIS2_PLACEMENT_3D('',#6760,#6761,#6762);
#6760 = CARTESIAN_POINT('',(-9.312948056781,16.595478254383,-24.94));
#6761 = DIRECTION('',(0.,0.,1.));
#6762 = DIRECTION('',(1.,0.,-0.));
#6763 = PCURVE('',#5202,#6764);
#6764 = DEFINITIONAL_REPRESENTATION('',(#6765),#6769);
#6765 = CIRCLE('',#6766,1.9);
#6766 = AXIS2_PLACEMENT_2D('',#6767,#6768);
#6767 = CARTESIAN_POINT('',(-9.31294805568,16.595478255572));
#6768 = DIRECTION('',(1.,0.));
#6769 = ( GEOMETRIC_REPRESENTATION_CONTEXT(2) 
PARAMETRIC_REPRESENTATION_CONTEXT() REPRESENTATION_CONTEXT('2D SPACE',''
  ) );
#6770 = PCURVE('',#6771,#6776);
#6771 = CYLINDRICAL_SURFACE('',#6772,1.9);
#6772 = AXIS2_PLACEMENT_3D('',#6773,#6774,#6775);
#6773 = CARTESIAN_POINT('',(-9.312948056781,16.595478254383,-24.94));
#6774 = DIRECTION('',(0.,0.,1.));
#6775 = DIRECTION('',(1.,0.,-0.));
#6776 = DEFINITIONAL_REPRESENTATION('',(#6777),#6781);
#6777 = LINE('',#6778,#6779);
#6778 = CARTESIAN_POINT('',(0.,0.));
#6779 = VECTOR('',#6780,1.);
#6780 = DIRECTION('',(1.,0.));
#6781 = ( GEOMETRIC_REPRESENTATION_CONTEXT(2) 
PARAMETRIC_REPRESENTATION_CONTEXT() REPRESENTATION_CONTEXT('2D SPACE',''
  ) );
#6782 = FACE_BOUND('',#6783,.F.);
#6783 = EDGE_LOOP('',(#6784));
#6784 = ORIENTED_EDGE('',*,*,#6785,.F.);
#6785 = EDGE_CURVE('',#6786,#6786,#6788,.T.);
#6786 = VERTEX_POINT('',#6787);
#6787 = CARTESIAN_POINT('',(-42.,44.,-24.94));
#6788 = SURFACE_CURVE('',#6789,(#6794,#6801),.PCURVE_S1.);
#6789 = CIRCLE('',#6790,2.);
#6790 = AXIS2_PLACEMENT_3D('',#6791,#6792,#6793);
#6791 = CARTESIAN_POINT('',(-44.,44.,-24.94));
#6792 = DIRECTION('',(0.,0.,1.));
#6793 = DIRECTION('',(1.,0.,-0.));
#6794 = PCURVE('',#5202,#6795);
#6795 = DEFINITIONAL_REPRESENTATION('',(#6796),#6800);
#6796 = CIRCLE('',#6797,2.);
#6797 = AXIS2_PLACEMENT_2D('',#6798,#6799);
#6798 = CARTESIAN_POINT('',(-43.9999999989,44.000000001189));
#6799 = DIRECTION('',(1.,0.));
#6800 = ( GEOMETRIC_REPRESENTATION_CONTEXT(2) 
PARAMETRIC_REPRESENTATION_CONTEXT() REPRESENTATION_CONTEXT('2D SPACE',''
  ) );
#6801 = PCURVE('',#6802,#6807);
#6802 = CYLINDRICAL_SURFACE('',#6803,2.);
#6803 = AXIS2_PLACEMENT_3D('',#6804,#6805,#6806);
#6804 = CARTESIAN_POINT('',(-44.,44.,-24.94));
#6805 = DIRECTION('',(0.,0.,1.));
#6806 = DIRECTION('',(1.,0.,-0.));
#6807 = DEFINITIONAL_REPRESENTATION('',(#6808),#6812);
#6808 = LINE('',#6809,#6810);
#6809 = CARTESIAN_POINT('',(0.,0.));
#6810 = VECTOR('',#6811,1.);
#6811 = DIRECTION('',(1.,0.));
#6812 = ( GEOMETRIC_REPRESENTATION_CONTEXT(2) 
PARAMETRIC_REPRESENTATION_CONTEXT() REPRESENTATION_CONTEXT('2D SPACE',''
  ) );
#6813 = FACE_BOUND('',#6814,.F.);
#6814 = EDGE_LOOP('',(#6815,#6846,#6875,#6904));
#6815 = ORIENTED_EDGE('',*,*,#6816,.F.);
#6816 = EDGE_CURVE('',#6817,#6819,#6821,.T.);
#6817 = VERTEX_POINT('',#6818);
#6818 = CARTESIAN_POINT('',(16.457170783316,4.261634640458,-24.94));
#6819 = VERTEX_POINT('',#6820);
#6820 = CARTESIAN_POINT('',(-16.33997473222,4.690972793592,-24.94));
#6821 = SURFACE_CURVE('',#6822,(#6827,#6834),.PCURVE_S1.);
#6822 = CIRCLE('',#6823,17.);
#6823 = AXIS2_PLACEMENT_3D('',#6824,#6825,#6826);
#6824 = CARTESIAN_POINT('',(0.,0.,-24.94));
#6825 = DIRECTION('',(0.,0.,1.));
#6826 = DIRECTION('',(1.,0.,-0.));
#6827 = PCURVE('',#5202,#6828);
#6828 = DEFINITIONAL_REPRESENTATION('',(#6829),#6833);
#6829 = CIRCLE('',#6830,17.);
#6830 = AXIS2_PLACEMENT_2D('',#6831,#6832);
#6831 = CARTESIAN_POINT('',(1.100073611893E-09,1.188874775473E-09));
#6832 = DIRECTION('',(1.,0.));
#6833 = ( GEOMETRIC_REPRESENTATION_CONTEXT(2) 
PARAMETRIC_REPRESENTATION_CONTEXT() REPRESENTATION_CONTEXT('2D SPACE',''
  ) );
#6834 = PCURVE('',#6835,#6840);
#6835 = CYLINDRICAL_SURFACE('',#6836,17.);
#6836 = AXIS2_PLACEMENT_3D('',#6837,#6838,#6839);
#6837 = CARTESIAN_POINT('',(0.,0.,-24.94));
#6838 = DIRECTION('',(0.,0.,1.));
#6839 = DIRECTION('',(1.,0.,-0.));
#6840 = DEFINITIONAL_REPRESENTATION('',(#6841),#6845);
#6841 = LINE('',#6842,#6843);
#6842 = CARTESIAN_POINT('',(0.,0.));
#6843 = VECTOR('',#6844,1.);
#6844 = DIRECTION('',(1.,0.));
#6845 = ( GEOMETRIC_REPRESENTATION_CONTEXT(2) 
PARAMETRIC_REPRESENTATION_CONTEXT() REPRESENTATION_CONTEXT('2D SPACE',''
  ) );
#6846 = ORIENTED_EDGE('',*,*,#6847,.F.);
#6847 = EDGE_CURVE('',#6848,#6817,#6850,.T.);
#6848 = VERTEX_POINT('',#6849);
#6849 = CARTESIAN_POINT('',(16.380288496662,-4.548202806178,-24.94));
#6850 = SURFACE_CURVE('',#6851,(#6856,#6863),.PCURVE_S1.);
#6851 = CIRCLE('',#6852,4.5);
#6852 = AXIS2_PLACEMENT_3D('',#6853,#6854,#6855);
#6853 = CARTESIAN_POINT('',(15.499409807495,-0.135261300225,-24.94));
#6854 = DIRECTION('',(0.,0.,1.));
#6855 = DIRECTION('',(0.195750819815,-0.98065366799,0.));
#6856 = PCURVE('',#5202,#6857);
#6857 = DEFINITIONAL_REPRESENTATION('',(#6858),#6862);
#6858 = CIRCLE('',#6859,4.5);
#6859 = AXIS2_PLACEMENT_2D('',#6860,#6861);
#6860 = CARTESIAN_POINT('',(15.499409808595,-0.135261299036));
#6861 = DIRECTION('',(0.195750819815,-0.98065366799));
#6862 = ( GEOMETRIC_REPRESENTATION_CONTEXT(2) 
PARAMETRIC_REPRESENTATION_CONTEXT() REPRESENTATION_CONTEXT('2D SPACE',''
  ) );
#6863 = PCURVE('',#6864,#6869);
#6864 = CYLINDRICAL_SURFACE('',#6865,4.5);
#6865 = AXIS2_PLACEMENT_3D('',#6866,#6867,#6868);
#6866 = CARTESIAN_POINT('',(15.499409807495,-0.135261300225,-24.94));
#6867 = DIRECTION('',(0.,0.,1.));
#6868 = DIRECTION('',(1.,0.,-0.));
#6869 = DEFINITIONAL_REPRESENTATION('',(#6870),#6874);
#6870 = LINE('',#6871,#6872);
#6871 = CARTESIAN_POINT('',(4.909412004112,0.));
#6872 = VECTOR('',#6873,1.);
#6873 = DIRECTION('',(1.,0.));
#6874 = ( GEOMETRIC_REPRESENTATION_CONTEXT(2) 
PARAMETRIC_REPRESENTATION_CONTEXT() REPRESENTATION_CONTEXT('2D SPACE',''
  ) );
#6875 = ORIENTED_EDGE('',*,*,#6876,.F.);
#6876 = EDGE_CURVE('',#6877,#6848,#6879,.T.);
#6877 = VERTEX_POINT('',#6878);
#6878 = CARTESIAN_POINT('',(-16.49373345065,-4.117858285426,-24.94));
#6879 = SURFACE_CURVE('',#6880,(#6885,#6892),.PCURVE_S1.);
#6880 = CIRCLE('',#6881,17.);
#6881 = AXIS2_PLACEMENT_3D('',#6882,#6883,#6884);
#6882 = CARTESIAN_POINT('',(0.,0.,-24.94));
#6883 = DIRECTION('',(0.,0.,1.));
#6884 = DIRECTION('',(1.,0.,-0.));
#6885 = PCURVE('',#5202,#6886);
#6886 = DEFINITIONAL_REPRESENTATION('',(#6887),#6891);
#6887 = CIRCLE('',#6888,17.);
#6888 = AXIS2_PLACEMENT_2D('',#6889,#6890);
#6889 = CARTESIAN_POINT('',(1.100073611893E-09,1.188874775473E-09));
#6890 = DIRECTION('',(1.,0.));
#6891 = ( GEOMETRIC_REPRESENTATION_CONTEXT(2) 
PARAMETRIC_REPRESENTATION_CONTEXT() REPRESENTATION_CONTEXT('2D SPACE',''
  ) );
#6892 = PCURVE('',#6893,#6898);
#6893 = CYLINDRICAL_SURFACE('',#6894,17.);
#6894 = AXIS2_PLACEMENT_3D('',#6895,#6896,#6897);
#6895 = CARTESIAN_POINT('',(0.,0.,-24.94));
#6896 = DIRECTION('',(0.,0.,1.));
#6897 = DIRECTION('',(1.,0.,-0.));
#6898 = DEFINITIONAL_REPRESENTATION('',(#6899),#6903);
#6899 = LINE('',#6900,#6901);
#6900 = CARTESIAN_POINT('',(0.,0.));
#6901 = VECTOR('',#6902,1.);
#6902 = DIRECTION('',(1.,0.));
#6903 = ( GEOMETRIC_REPRESENTATION_CONTEXT(2) 
PARAMETRIC_REPRESENTATION_CONTEXT() REPRESENTATION_CONTEXT('2D SPACE',''
  ) );
#6904 = ORIENTED_EDGE('',*,*,#6905,.F.);
#6905 = EDGE_CURVE('',#6819,#6877,#6906,.T.);
#6906 = SURFACE_CURVE('',#6907,(#6912,#6919),.PCURVE_S1.);
#6907 = CIRCLE('',#6908,4.5);
#6908 = AXIS2_PLACEMENT_3D('',#6909,#6910,#6911);
#6909 = CARTESIAN_POINT('',(-15.49763927492,0.270512299778,-24.94));
#6910 = DIRECTION('',(0.,0.,1.));
#6911 = DIRECTION('',(1.,0.,-0.));
#6912 = PCURVE('',#5202,#6913);
#6913 = DEFINITIONAL_REPRESENTATION('',(#6914),#6918);
#6914 = CIRCLE('',#6915,4.5);
#6915 = AXIS2_PLACEMENT_2D('',#6916,#6917);
#6916 = CARTESIAN_POINT('',(-15.49763927382,0.270512300967));
#6917 = DIRECTION('',(1.,0.));
#6918 = ( GEOMETRIC_REPRESENTATION_CONTEXT(2) 
PARAMETRIC_REPRESENTATION_CONTEXT() REPRESENTATION_CONTEXT('2D SPACE',''
  ) );
#6919 = PCURVE('',#6920,#6925);
#6920 = CYLINDRICAL_SURFACE('',#6921,4.5);
#6921 = AXIS2_PLACEMENT_3D('',#6922,#6923,#6924);
#6922 = CARTESIAN_POINT('',(-15.49763927492,0.270512299778,-24.94));
#6923 = DIRECTION('',(0.,0.,1.));
#6924 = DIRECTION('',(1.,0.,-0.));
#6925 = DEFINITIONAL_REPRESENTATION('',(#6926),#6930);
#6926 = LINE('',#6927,#6928);
#6927 = CARTESIAN_POINT('',(0.,0.));
#6928 = VECTOR('',#6929,1.);
#6929 = DIRECTION('',(1.,0.));
#6930 = ( GEOMETRIC_REPRESENTATION_CONTEXT(2) 
PARAMETRIC_REPRESENTATION_CONTEXT() REPRESENTATION_CONTEXT('2D SPACE',''
  ) );
#6931 = FACE_BOUND('',#6932,.F.);
#6932 = EDGE_LOOP('',(#6933));
#6933 = ORIENTED_EDGE('',*,*,#6934,.F.);
#6934 = EDGE_CURVE('',#6935,#6935,#6937,.T.);
#6935 = VERTEX_POINT('',#6936);
#6936 = CARTESIAN_POINT('',(46.,44.,-24.94));
#6937 = SURFACE_CURVE('',#6938,(#6943,#6950),.PCURVE_S1.);
#6938 = CIRCLE('',#6939,2.);
#6939 = AXIS2_PLACEMENT_3D('',#6940,#6941,#6942);
#6940 = CARTESIAN_POINT('',(44.,44.,-24.94));
#6941 = DIRECTION('',(0.,0.,1.));
#6942 = DIRECTION('',(1.,0.,-0.));
#6943 = PCURVE('',#5202,#6944);
#6944 = DEFINITIONAL_REPRESENTATION('',(#6945),#6949);
#6945 = CIRCLE('',#6946,2.);
#6946 = AXIS2_PLACEMENT_2D('',#6947,#6948);
#6947 = CARTESIAN_POINT('',(44.0000000011,44.000000001189));
#6948 = DIRECTION('',(1.,0.));
#6949 = ( GEOMETRIC_REPRESENTATION_CONTEXT(2) 
PARAMETRIC_REPRESENTATION_CONTEXT() REPRESENTATION_CONTEXT('2D SPACE',''
  ) );
#6950 = PCURVE('',#6951,#6956);
#6951 = CYLINDRICAL_SURFACE('',#6952,2.);
#6952 = AXIS2_PLACEMENT_3D('',#6953,#6954,#6955);
#6953 = CARTESIAN_POINT('',(44.,44.,-24.94));
#6954 = DIRECTION('',(0.,0.,1.));
#6955 = DIRECTION('',(1.,0.,-0.));
#6956 = DEFINITIONAL_REPRESENTATION('',(#6957),#6961);
#6957 = LINE('',#6958,#6959);
#6958 = CARTESIAN_POINT('',(0.,0.));
#6959 = VECTOR('',#6960,1.);
#6960 = DIRECTION('',(1.,0.));
#6961 = ( GEOMETRIC_REPRESENTATION_CONTEXT(2) 
PARAMETRIC_REPRESENTATION_CONTEXT() REPRESENTATION_CONTEXT('2D SPACE',''
  ) );
#6962 = ADVANCED_FACE('',(#6963),#5334,.T.);
#6963 = FACE_BOUND('',#6964,.T.);
#6964 = EDGE_LOOP('',(#6965,#6988,#7015,#7016,#7017,#7018));
#6965 = ORIENTED_EDGE('',*,*,#6966,.T.);
#6966 = EDGE_CURVE('',#5239,#6967,#6969,.T.);
#6967 = VERTEX_POINT('',#6968);
#6968 = CARTESIAN_POINT('',(-38.85,-44.,-19.24));
#6969 = SEAM_CURVE('',#6970,(#6974,#6981),.PCURVE_S1.);
#6970 = LINE('',#6971,#6972);
#6971 = CARTESIAN_POINT('',(-38.85,-44.,-19.94));
#6972 = VECTOR('',#6973,1.);
#6973 = DIRECTION('',(0.,0.,1.));
#6974 = PCURVE('',#5334,#6975);
#6975 = DEFINITIONAL_REPRESENTATION('',(#6976),#6980);
#6976 = LINE('',#6977,#6978);
#6977 = CARTESIAN_POINT('',(6.28318530718,-0.));
#6978 = VECTOR('',#6979,1.);
#6979 = DIRECTION('',(0.,1.));
#6980 = ( GEOMETRIC_REPRESENTATION_CONTEXT(2) 
PARAMETRIC_REPRESENTATION_CONTEXT() REPRESENTATION_CONTEXT('2D SPACE',''
  ) );
#6981 = PCURVE('',#5334,#6982);
#6982 = DEFINITIONAL_REPRESENTATION('',(#6983),#6987);
#6983 = LINE('',#6984,#6985);
#6984 = CARTESIAN_POINT('',(0.,-0.));
#6985 = VECTOR('',#6986,1.);
#6986 = DIRECTION('',(0.,1.));
#6987 = ( GEOMETRIC_REPRESENTATION_CONTEXT(2) 
PARAMETRIC_REPRESENTATION_CONTEXT() REPRESENTATION_CONTEXT('2D SPACE',''
  ) );
#6988 = ORIENTED_EDGE('',*,*,#6989,.F.);
#6989 = EDGE_CURVE('',#6967,#6967,#6990,.T.);
#6990 = SURFACE_CURVE('',#6991,(#6996,#7003),.PCURVE_S1.);
#6991 = CIRCLE('',#6992,5.15);
#6992 = AXIS2_PLACEMENT_3D('',#6993,#6994,#6995);
#6993 = CARTESIAN_POINT('',(-44.,-44.,-19.24));
#6994 = DIRECTION('',(0.,0.,1.));
#6995 = DIRECTION('',(1.,0.,-0.));
#6996 = PCURVE('',#5334,#6997);
#6997 = DEFINITIONAL_REPRESENTATION('',(#6998),#7002);
#6998 = LINE('',#6999,#7000);
#6999 = CARTESIAN_POINT('',(0.,0.7));
#7000 = VECTOR('',#7001,1.);
#7001 = DIRECTION('',(1.,0.));
#7002 = ( GEOMETRIC_REPRESENTATION_CONTEXT(2) 
PARAMETRIC_REPRESENTATION_CONTEXT() REPRESENTATION_CONTEXT('2D SPACE',''
  ) );
#7003 = PCURVE('',#7004,#7009);
#7004 = PLANE('',#7005);
#7005 = AXIS2_PLACEMENT_3D('',#7006,#7007,#7008);
#7006 = CARTESIAN_POINT('',(-44.,-44.,-19.24));
#7007 = DIRECTION('',(0.,0.,1.));
#7008 = DIRECTION('',(1.,0.,-0.));
#7009 = DEFINITIONAL_REPRESENTATION('',(#7010),#7014);
#7010 = CIRCLE('',#7011,5.15);
#7011 = AXIS2_PLACEMENT_2D('',#7012,#7013);
#7012 = CARTESIAN_POINT('',(0.,0.));
#7013 = DIRECTION('',(1.,0.));
#7014 = ( GEOMETRIC_REPRESENTATION_CONTEXT(2) 
PARAMETRIC_REPRESENTATION_CONTEXT() REPRESENTATION_CONTEXT('2D SPACE',''
  ) );
#7015 = ORIENTED_EDGE('',*,*,#6966,.F.);
#7016 = ORIENTED_EDGE('',*,*,#5319,.T.);
#7017 = ORIENTED_EDGE('',*,*,#6593,.T.);
#7018 = ORIENTED_EDGE('',*,*,#5429,.T.);
#7019 = ADVANCED_FACE('',(#7020),#5503,.T.);
#7020 = FACE_BOUND('',#7021,.T.);
#7021 = EDGE_LOOP('',(#7022,#7023,#7024,#7025));
#7022 = ORIENTED_EDGE('',*,*,#5754,.F.);
#7023 = ORIENTED_EDGE('',*,*,#5455,.T.);
#7024 = ORIENTED_EDGE('',*,*,#5621,.T.);
#7025 = ORIENTED_EDGE('',*,*,#7026,.F.);
#7026 = EDGE_CURVE('',#5755,#5622,#7027,.T.);
#7027 = SURFACE_CURVE('',#7028,(#7049,#7056),.PCURVE_S1.);
#7028 = ( BOUNDED_CURVE() B_SPLINE_CURVE(10,(#7029,#7030,#7031,#7032,
    #7033,#7034,#7035,#7036,#7037,#7038,#7039,#7040,#7041,#7042,#7043,
    #7044,#7045,#7046,#7047,#7048),.UNSPECIFIED.,.F.,.F.) 
B_SPLINE_CURVE_WITH_KNOTS((11,9,11),(8.07562543654,12.134401614455,
16.193177792371),.UNSPECIFIED.) CURVE() GEOMETRIC_REPRESENTATION_ITEM() 
RATIONAL_B_SPLINE_CURVE((1.,1.,1.,1.,1.,1.,1.,1.,1.,1.,1.,1.,1.,1.,1.,1.
,1.,1.,1.,1.)) REPRESENTATION_ITEM('') );
#7029 = CARTESIAN_POINT('',(-43.98602437069,49.149981037032,-19.34));
#7030 = CARTESIAN_POINT('',(-44.39189859732,49.151082467832,-19.34));
#7031 = CARTESIAN_POINT('',(-44.79787157124,49.11664248212,
    -19.3659390324));
#7032 = CARTESIAN_POINT('',(-45.20044005382,49.04665089405,
    -19.4040546639));
#7033 = CARTESIAN_POINT('',(-45.5961008692,48.941492591358,
    -19.46703736529));
#7034 = CARTESIAN_POINT('',(-45.98140229695,48.801946863251,
    -19.5075564195));
#7035 = CARTESIAN_POINT('',(-46.35299532678,48.629179111612,
    -19.60473840955));
#7036 = CARTESIAN_POINT('',(-46.70768358589,48.424724806167,
    -19.64022249573));
#7037 = CARTESIAN_POINT('',(-47.04247037475,48.19046565233,
    -19.73477187561));
#7038 = CARTESIAN_POINT('',(-47.35460109958,47.92859874552,
    -19.78055704787));
#7039 = CARTESIAN_POINT('',(-47.92859873244,47.354601114894,
    -19.78055704787));
#7040 = CARTESIAN_POINT('',(-48.19046564047,47.042470391086,
    -19.73477187561));
#7041 = CARTESIAN_POINT('',(-48.42472479561,46.707683603133,
    -19.64022249573));
#7042 = CARTESIAN_POINT('',(-48.62917910244,46.35299534483,
    -19.60473840955));
#7043 = CARTESIAN_POINT('',(-48.80194685552,45.981402315668,
    -19.5075564195));
#7044 = CARTESIAN_POINT('',(-48.94149258513,45.596100888466,
    -19.46703736529));
#7045 = CARTESIAN_POINT('',(-49.04665088937,45.200440073488,
    -19.4040546639));
#7046 = CARTESIAN_POINT('',(-49.11664247901,44.797871591191,
    -19.3659390324));
#7047 = CARTESIAN_POINT('',(-49.1510824663,44.391898617396,-19.34));
#7048 = CARTESIAN_POINT('',(-49.14998103708,43.98602439077,-19.34));
#7049 = PCURVE('',#5503,#7050);
#7050 = DEFINITIONAL_REPRESENTATION('',(#7051),#7055);
#7051 = LINE('',#7052,#7053);
#7052 = CARTESIAN_POINT('',(0.,0.));
#7053 = VECTOR('',#7054,1.);
#7054 = DIRECTION('',(0.,1.));
#7055 = ( GEOMETRIC_REPRESENTATION_CONTEXT(2) 
PARAMETRIC_REPRESENTATION_CONTEXT() REPRESENTATION_CONTEXT('2D SPACE',''
  ) );
#7056 = PCURVE('',#5688,#7057);
#7057 = DEFINITIONAL_REPRESENTATION('',(#7058),#7079);
#7058 = B_SPLINE_CURVE_WITH_KNOTS('',10,(#7059,#7060,#7061,#7062,#7063,
    #7064,#7065,#7066,#7067,#7068,#7069,#7070,#7071,#7072,#7073,#7074,
    #7075,#7076,#7077,#7078),.UNSPECIFIED.,.F.,.F.,(11,9,11),(
    8.07562543654,12.134401614455,16.193177792371),.UNSPECIFIED.);
#7059 = CARTESIAN_POINT('',(1.568082609037,0.6));
#7060 = CARTESIAN_POINT('',(1.64689342867,0.6));
#7061 = CARTESIAN_POINT('',(1.725704694457,0.574060967594));
#7062 = CARTESIAN_POINT('',(1.804516031685,0.535945336092));
#7063 = CARTESIAN_POINT('',(1.883327315803,0.472962634708));
#7064 = CARTESIAN_POINT('',(1.962138541154,0.432443580494));
#7065 = CARTESIAN_POINT('',(2.040949736561,0.335261590446));
#7066 = CARTESIAN_POINT('',(2.119760924482,0.299777504267));
#7067 = CARTESIAN_POINT('',(2.198572112402,0.205228124382));
#7068 = CARTESIAN_POINT('',(2.277383300323,0.159442952123));
#7069 = CARTESIAN_POINT('',(2.435005676164,0.159442952123));
#7070 = CARTESIAN_POINT('',(2.513816864085,0.205228124382));
#7071 = CARTESIAN_POINT('',(2.592628052006,0.299777504267));
#7072 = CARTESIAN_POINT('',(2.671439239926,0.335261590446));
#7073 = CARTESIAN_POINT('',(2.750250435334,0.432443580494));
#7074 = CARTESIAN_POINT('',(2.829061660684,0.472962634708));
#7075 = CARTESIAN_POINT('',(2.907872944802,0.535945336092));
#7076 = CARTESIAN_POINT('',(2.98668428203,0.574060967594));
#7077 = CARTESIAN_POINT('',(3.065495547818,0.6));
#7078 = CARTESIAN_POINT('',(3.144306367451,0.6));
#7079 = ( GEOMETRIC_REPRESENTATION_CONTEXT(2) 
PARAMETRIC_REPRESENTATION_CONTEXT() REPRESENTATION_CONTEXT('2D SPACE',''
  ) );
#7080 = ADVANCED_FACE('',(#7081),#5688,.T.);
#7081 = FACE_BOUND('',#7082,.T.);
#7082 = EDGE_LOOP('',(#7083,#7106,#7133,#7134,#7135,#7136));
#7083 = ORIENTED_EDGE('',*,*,#7084,.T.);
#7084 = EDGE_CURVE('',#5652,#7085,#7087,.T.);
#7085 = VERTEX_POINT('',#7086);
#7086 = CARTESIAN_POINT('',(-38.85,44.,-19.24));
#7087 = SEAM_CURVE('',#7088,(#7092,#7099),.PCURVE_S1.);
#7088 = LINE('',#7089,#7090);
#7089 = CARTESIAN_POINT('',(-38.85,44.,-19.94));
#7090 = VECTOR('',#7091,1.);
#7091 = DIRECTION('',(0.,0.,1.));
#7092 = PCURVE('',#5688,#7093);
#7093 = DEFINITIONAL_REPRESENTATION('',(#7094),#7098);
#7094 = LINE('',#7095,#7096);
#7095 = CARTESIAN_POINT('',(6.28318530718,-0.));
#7096 = VECTOR('',#7097,1.);
#7097 = DIRECTION('',(0.,1.));
#7098 = ( GEOMETRIC_REPRESENTATION_CONTEXT(2) 
PARAMETRIC_REPRESENTATION_CONTEXT() REPRESENTATION_CONTEXT('2D SPACE',''
  ) );
#7099 = PCURVE('',#5688,#7100);
#7100 = DEFINITIONAL_REPRESENTATION('',(#7101),#7105);
#7101 = LINE('',#7102,#7103);
#7102 = CARTESIAN_POINT('',(0.,-0.));
#7103 = VECTOR('',#7104,1.);
#7104 = DIRECTION('',(0.,1.));
#7105 = ( GEOMETRIC_REPRESENTATION_CONTEXT(2) 
PARAMETRIC_REPRESENTATION_CONTEXT() REPRESENTATION_CONTEXT('2D SPACE',''
  ) );
#7106 = ORIENTED_EDGE('',*,*,#7107,.F.);
#7107 = EDGE_CURVE('',#7085,#7085,#7108,.T.);
#7108 = SURFACE_CURVE('',#7109,(#7114,#7121),.PCURVE_S1.);
#7109 = CIRCLE('',#7110,5.15);
#7110 = AXIS2_PLACEMENT_3D('',#7111,#7112,#7113);
#7111 = CARTESIAN_POINT('',(-44.,44.,-19.24));
#7112 = DIRECTION('',(0.,0.,1.));
#7113 = DIRECTION('',(1.,0.,-0.));
#7114 = PCURVE('',#5688,#7115);
#7115 = DEFINITIONAL_REPRESENTATION('',(#7116),#7120);
#7116 = LINE('',#7117,#7118);
#7117 = CARTESIAN_POINT('',(0.,0.7));
#7118 = VECTOR('',#7119,1.);
#7119 = DIRECTION('',(1.,0.));
#7120 = ( GEOMETRIC_REPRESENTATION_CONTEXT(2) 
PARAMETRIC_REPRESENTATION_CONTEXT() REPRESENTATION_CONTEXT('2D SPACE',''
  ) );
#7121 = PCURVE('',#7122,#7127);
#7122 = PLANE('',#7123);
#7123 = AXIS2_PLACEMENT_3D('',#7124,#7125,#7126);
#7124 = CARTESIAN_POINT('',(-44.,44.,-19.24));
#7125 = DIRECTION('',(0.,0.,1.));
#7126 = DIRECTION('',(1.,0.,-0.));
#7127 = DEFINITIONAL_REPRESENTATION('',(#7128),#7132);
#7128 = CIRCLE('',#7129,5.15);
#7129 = AXIS2_PLACEMENT_2D('',#7130,#7131);
#7130 = CARTESIAN_POINT('',(0.,0.));
#7131 = DIRECTION('',(1.,0.));
#7132 = ( GEOMETRIC_REPRESENTATION_CONTEXT(2) 
PARAMETRIC_REPRESENTATION_CONTEXT() REPRESENTATION_CONTEXT('2D SPACE',''
  ) );
#7133 = ORIENTED_EDGE('',*,*,#7084,.F.);
#7134 = ORIENTED_EDGE('',*,*,#5812,.T.);
#7135 = ORIENTED_EDGE('',*,*,#7026,.T.);
#7136 = ORIENTED_EDGE('',*,*,#5673,.T.);
#7137 = ADVANCED_FACE('',(#7138),#5888,.T.);
#7138 = FACE_BOUND('',#7139,.T.);
#7139 = EDGE_LOOP('',(#7140,#7141,#7142,#7163));
#7140 = ORIENTED_EDGE('',*,*,#6073,.F.);
#7141 = ORIENTED_EDGE('',*,*,#5838,.T.);
#7142 = ORIENTED_EDGE('',*,*,#7143,.T.);
#7143 = EDGE_CURVE('',#5839,#7144,#7146,.T.);
#7144 = VERTEX_POINT('',#7145);
#7145 = CARTESIAN_POINT('',(49.15,-44.,-19.34001355651));
#7146 = SURFACE_CURVE('',#7147,(#7151,#7157),.PCURVE_S1.);
#7147 = ( BOUNDED_CURVE() B_SPLINE_CURVE(2,(#7148,#7149,#7150),
.UNSPECIFIED.,.F.,.F.) B_SPLINE_CURVE_WITH_KNOTS((3,3),(0.,
8.103576644865),.PIECEWISE_BEZIER_KNOTS.) CURVE() 
GEOMETRIC_REPRESENTATION_ITEM() RATIONAL_B_SPLINE_CURVE((1.,
0.70947945433,1.)) REPRESENTATION_ITEM('') );
#7148 = CARTESIAN_POINT('',(49.74596668466,-43.99999999984,-19.94));
#7149 = CARTESIAN_POINT('',(49.15,-44.00000000001,-19.93599370686));
#7150 = CARTESIAN_POINT('',(49.15,-44.,-19.34001355651));
#7151 = PCURVE('',#5888,#7152);
#7152 = DEFINITIONAL_REPRESENTATION('',(#7153),#7156);
#7153 = B_SPLINE_CURVE_WITH_KNOTS('',1,(#7154,#7155),.UNSPECIFIED.,.F.,
  .F.,(2,2),(0.,8.103576644865),.PIECEWISE_BEZIER_KNOTS.);
#7154 = CARTESIAN_POINT('',(8.103576644865,32.35840426746));
#7155 = CARTESIAN_POINT('',(0.,32.35840426746));
#7156 = ( GEOMETRIC_REPRESENTATION_CONTEXT(2) 
PARAMETRIC_REPRESENTATION_CONTEXT() REPRESENTATION_CONTEXT('2D SPACE',''
  ) );
#7157 = PCURVE('',#5972,#7158);
#7158 = DEFINITIONAL_REPRESENTATION('',(#7159),#7162);
#7159 = B_SPLINE_CURVE_WITH_KNOTS('',1,(#7160,#7161),.UNSPECIFIED.,.F.,
  .F.,(2,2),(0.,8.103576644865),.PIECEWISE_BEZIER_KNOTS.);
#7160 = CARTESIAN_POINT('',(1.397571099609E-02,32.35840426746));
#7161 = CARTESIAN_POINT('',(0.,32.35840426746));
#7162 = ( GEOMETRIC_REPRESENTATION_CONTEXT(2) 
PARAMETRIC_REPRESENTATION_CONTEXT() REPRESENTATION_CONTEXT('2D SPACE',''
  ) );
#7163 = ORIENTED_EDGE('',*,*,#7164,.F.);
#7164 = EDGE_CURVE('',#6074,#7144,#7165,.T.);
#7165 = SURFACE_CURVE('',#7166,(#7187,#7194),.PCURVE_S1.);
#7166 = ( BOUNDED_CURVE() B_SPLINE_CURVE(10,(#7167,#7168,#7169,#7170,
    #7171,#7172,#7173,#7174,#7175,#7176,#7177,#7178,#7179,#7180,#7181,
    #7182,#7183,#7184,#7185,#7186),.UNSPECIFIED.,.F.,.F.) 
B_SPLINE_CURVE_WITH_KNOTS((11,9,11),(24.254827622595,28.306615945028,
32.35840426746),.UNSPECIFIED.) CURVE() GEOMETRIC_REPRESENTATION_ITEM() 
RATIONAL_B_SPLINE_CURVE((1.,1.,1.,1.,1.,1.,1.,1.,1.,1.,1.,1.,1.,1.,1.,1.
,1.,1.,1.,1.)) REPRESENTATION_ITEM('') );
#7167 = CARTESIAN_POINT('',(43.986024390767,-49.14998103708,-19.34));
#7168 = CARTESIAN_POINT('',(44.391199860274,-49.15108057007,-19.34));
#7169 = CARTESIAN_POINT('',(44.796473717794,-49.11676095806,
    -19.36584665967));
#7170 = CARTESIAN_POINT('',(45.198360800063,-49.04701207351,
    -19.4038734967));
#7171 = CARTESIAN_POINT('',(45.593376001244,-48.94221614304,
    -19.46656672597));
#7172 = CARTESIAN_POINT('',(45.978085224648,-48.80314708474,
    -19.50726080475));
#7173 = CARTESIAN_POINT('',(46.349156199969,-48.6309623066,
    -19.60368780432));
#7174 = CARTESIAN_POINT('',(46.703407989153,-48.42718682514,
    -19.63981869881));
#7175 = CARTESIAN_POINT('',(47.037857632681,-48.19368967911,
    -19.73346640974));
#7176 = CARTESIAN_POINT('',(47.349762251873,-47.93265339621,
    -19.77984286805));
#7177 = CARTESIAN_POINT('',(47.923548605184,-47.36042203028,
    -19.78125901578));
#7178 = CARTESIAN_POINT('',(48.185430339294,-47.04922694724,
    -19.73640844979));
#7179 = CARTESIAN_POINT('',(48.419834212587,-46.71541220084,
    -19.64153565993));
#7180 = CARTESIAN_POINT('',(48.624570266723,-46.36171473717,
    -19.60644743974));
#7181 = CARTESIAN_POINT('',(48.797761381251,-45.99111242968,
    -19.50926234747));
#7182 = CARTESIAN_POINT('',(48.937873919947,-45.60678205597,
    -19.46861621904));
#7183 = CARTESIAN_POINT('',(49.043741446719,-45.21205270904,
    -19.40558078727));
#7184 = CARTESIAN_POINT('',(49.114580716444,-44.81035632705,
    -19.36715781126));
#7185 = CARTESIAN_POINT('',(49.15,-44.4051769728,-19.34079820607));
#7186 = CARTESIAN_POINT('',(49.15,-44.,-19.34001355651));
#7187 = PCURVE('',#5888,#7188);
#7188 = DEFINITIONAL_REPRESENTATION('',(#7189),#7193);
#7189 = LINE('',#7190,#7191);
#7190 = CARTESIAN_POINT('',(0.,0.));
#7191 = VECTOR('',#7192,1.);
#7192 = DIRECTION('',(0.,1.));
#7193 = ( GEOMETRIC_REPRESENTATION_CONTEXT(2) 
PARAMETRIC_REPRESENTATION_CONTEXT() REPRESENTATION_CONTEXT('2D SPACE',''
  ) );
#7194 = PCURVE('',#6146,#7195);
#7195 = DEFINITIONAL_REPRESENTATION('',(#7196),#7217);
#7196 = B_SPLINE_CURVE_WITH_KNOTS('',10,(#7197,#7198,#7199,#7200,#7201,
    #7202,#7203,#7204,#7205,#7206,#7207,#7208,#7209,#7210,#7211,#7212,
    #7213,#7214,#7215,#7216),.UNSPECIFIED.,.F.,.F.,(11,9,11),(
    24.254827622595,28.306615945028,32.35840426746),.UNSPECIFIED.);
#7197 = CARTESIAN_POINT('',(4.709675266523,0.6));
#7198 = CARTESIAN_POINT('',(4.788350404662,0.6));
#7199 = CARTESIAN_POINT('',(4.867025983647,0.574153340321));
#7200 = CARTESIAN_POINT('',(4.945701633203,0.536126503292));
#7201 = CARTESIAN_POINT('',(5.024377230278,0.473433274028));
#7202 = CARTESIAN_POINT('',(5.103052769293,0.432739195243));
#7203 = CARTESIAN_POINT('',(5.181728278716,0.336312195674));
#7204 = CARTESIAN_POINT('',(5.260403780766,0.300181301189));
#7205 = CARTESIAN_POINT('',(5.339079282517,0.206533590254));
#7206 = CARTESIAN_POINT('',(5.417754783397,0.160157131942));
#7207 = CARTESIAN_POINT('',(5.575105782737,0.158740984218));
#7208 = CARTESIAN_POINT('',(5.653781281198,0.203591550201));
#7209 = CARTESIAN_POINT('',(5.732456778109,0.298464340066));
#7210 = CARTESIAN_POINT('',(5.811132273373,0.333552560259));
#7211 = CARTESIAN_POINT('',(5.889807774966,0.430737652522));
#7212 = CARTESIAN_POINT('',(5.968483307253,0.471383780958));
#7213 = CARTESIAN_POINT('',(6.047158903223,0.53441921273));
#7214 = CARTESIAN_POINT('',(6.125834564062,0.572842188739));
#7215 = CARTESIAN_POINT('',(6.20451016683,0.599201793921));
#7216 = CARTESIAN_POINT('',(6.28318530718,0.599986443486));
#7217 = ( GEOMETRIC_REPRESENTATION_CONTEXT(2) 
PARAMETRIC_REPRESENTATION_CONTEXT() REPRESENTATION_CONTEXT('2D SPACE',''
  ) );
#7218 = ADVANCED_FACE('',(#7219),#5972,.T.);
#7219 = FACE_BOUND('',#7220,.T.);
#7220 = EDGE_LOOP('',(#7221,#7222,#7223,#7224));
#7221 = ORIENTED_EDGE('',*,*,#7143,.F.);
#7222 = ORIENTED_EDGE('',*,*,#5956,.T.);
#7223 = ORIENTED_EDGE('',*,*,#6042,.T.);
#7224 = ORIENTED_EDGE('',*,*,#7225,.F.);
#7225 = EDGE_CURVE('',#7144,#6043,#7226,.T.);
#7226 = SURFACE_CURVE('',#7227,(#7232,#7239),.PCURVE_S1.);
#7227 = ( BOUNDED_CURVE() B_SPLINE_CURVE(3,(#7228,#7229,#7230,#7231),
.UNSPECIFIED.,.F.,.F.) B_SPLINE_CURVE_WITH_KNOTS((4,4),(32.35840426746,
32.372379978456),.PIECEWISE_BEZIER_KNOTS.) CURVE() 
GEOMETRIC_REPRESENTATION_ITEM() RATIONAL_B_SPLINE_CURVE((1.,1.,1.,1.)) 
REPRESENTATION_ITEM('') );
#7228 = CARTESIAN_POINT('',(49.15,-44.,-19.34001355651));
#7229 = CARTESIAN_POINT('',(49.15,-43.99534145104,-19.34000453495));
#7230 = CARTESIAN_POINT('',(49.149993679004,-43.99068290267,-19.34));
#7231 = CARTESIAN_POINT('',(49.149981037032,-43.98602437064,-19.34));
#7232 = PCURVE('',#5972,#7233);
#7233 = DEFINITIONAL_REPRESENTATION('',(#7234),#7238);
#7234 = LINE('',#7235,#7236);
#7235 = CARTESIAN_POINT('',(0.,0.));
#7236 = VECTOR('',#7237,1.);
#7237 = DIRECTION('',(0.,1.));
#7238 = ( GEOMETRIC_REPRESENTATION_CONTEXT(2) 
PARAMETRIC_REPRESENTATION_CONTEXT() REPRESENTATION_CONTEXT('2D SPACE',''
  ) );
#7239 = PCURVE('',#6146,#7240);
#7240 = DEFINITIONAL_REPRESENTATION('',(#7241),#7246);
#7241 = B_SPLINE_CURVE_WITH_KNOTS('',3,(#7242,#7243,#7244,#7245),
  .UNSPECIFIED.,.F.,.F.,(4,4),(32.35840426746,32.372379978456),
  .PIECEWISE_BEZIER_KNOTS.);
#7242 = CARTESIAN_POINT('',(-2.759728209845E-15,0.599986443486));
#7243 = CARTESIAN_POINT('',(9.045726122228E-04,0.599995465046));
#7244 = CARTESIAN_POINT('',(1.809145110996E-03,0.6));
#7245 = CARTESIAN_POINT('',(2.713717767849E-03,0.6));
#7246 = ( GEOMETRIC_REPRESENTATION_CONTEXT(2) 
PARAMETRIC_REPRESENTATION_CONTEXT() REPRESENTATION_CONTEXT('2D SPACE',''
  ) );
#7247 = ADVANCED_FACE('',(#7248),#6146,.T.);
#7248 = FACE_BOUND('',#7249,.T.);
#7249 = EDGE_LOOP('',(#7250,#7273,#7300,#7301,#7302,#7303));
#7250 = ORIENTED_EDGE('',*,*,#7251,.T.);
#7251 = EDGE_CURVE('',#7144,#7252,#7254,.T.);
#7252 = VERTEX_POINT('',#7253);
#7253 = CARTESIAN_POINT('',(49.15,-44.,-19.24));
#7254 = SEAM_CURVE('',#7255,(#7259,#7266),.PCURVE_S1.);
#7255 = LINE('',#7256,#7257);
#7256 = CARTESIAN_POINT('',(49.15,-44.,-19.94));
#7257 = VECTOR('',#7258,1.);
#7258 = DIRECTION('',(0.,0.,1.));
#7259 = PCURVE('',#6146,#7260);
#7260 = DEFINITIONAL_REPRESENTATION('',(#7261),#7265);
#7261 = LINE('',#7262,#7263);
#7262 = CARTESIAN_POINT('',(6.28318530718,-0.));
#7263 = VECTOR('',#7264,1.);
#7264 = DIRECTION('',(0.,1.));
#7265 = ( GEOMETRIC_REPRESENTATION_CONTEXT(2) 
PARAMETRIC_REPRESENTATION_CONTEXT() REPRESENTATION_CONTEXT('2D SPACE',''
  ) );
#7266 = PCURVE('',#6146,#7267);
#7267 = DEFINITIONAL_REPRESENTATION('',(#7268),#7272);
#7268 = LINE('',#7269,#7270);
#7269 = CARTESIAN_POINT('',(0.,-0.));
#7270 = VECTOR('',#7271,1.);
#7271 = DIRECTION('',(0.,1.));
#7272 = ( GEOMETRIC_REPRESENTATION_CONTEXT(2) 
PARAMETRIC_REPRESENTATION_CONTEXT() REPRESENTATION_CONTEXT('2D SPACE',''
  ) );
#7273 = ORIENTED_EDGE('',*,*,#7274,.F.);
#7274 = EDGE_CURVE('',#7252,#7252,#7275,.T.);
#7275 = SURFACE_CURVE('',#7276,(#7281,#7288),.PCURVE_S1.);
#7276 = CIRCLE('',#7277,5.15);
#7277 = AXIS2_PLACEMENT_3D('',#7278,#7279,#7280);
#7278 = CARTESIAN_POINT('',(44.,-44.,-19.24));
#7279 = DIRECTION('',(0.,0.,1.));
#7280 = DIRECTION('',(1.,0.,-0.));
#7281 = PCURVE('',#6146,#7282);
#7282 = DEFINITIONAL_REPRESENTATION('',(#7283),#7287);
#7283 = LINE('',#7284,#7285);
#7284 = CARTESIAN_POINT('',(0.,0.7));
#7285 = VECTOR('',#7286,1.);
#7286 = DIRECTION('',(1.,0.));
#7287 = ( GEOMETRIC_REPRESENTATION_CONTEXT(2) 
PARAMETRIC_REPRESENTATION_CONTEXT() REPRESENTATION_CONTEXT('2D SPACE',''
  ) );
#7288 = PCURVE('',#7289,#7294);
#7289 = PLANE('',#7290);
#7290 = AXIS2_PLACEMENT_3D('',#7291,#7292,#7293);
#7291 = CARTESIAN_POINT('',(44.,-44.,-19.24));
#7292 = DIRECTION('',(0.,0.,1.));
#7293 = DIRECTION('',(1.,0.,-0.));
#7294 = DEFINITIONAL_REPRESENTATION('',(#7295),#7299);
#7295 = CIRCLE('',#7296,5.15);
#7296 = AXIS2_PLACEMENT_2D('',#7297,#7298);
#7297 = CARTESIAN_POINT('',(0.,0.));
#7298 = DIRECTION('',(1.,0.));
#7299 = ( GEOMETRIC_REPRESENTATION_CONTEXT(2) 
PARAMETRIC_REPRESENTATION_CONTEXT() REPRESENTATION_CONTEXT('2D SPACE',''
  ) );
#7300 = ORIENTED_EDGE('',*,*,#7251,.F.);
#7301 = ORIENTED_EDGE('',*,*,#7225,.T.);
#7302 = ORIENTED_EDGE('',*,*,#6131,.T.);
#7303 = ORIENTED_EDGE('',*,*,#7164,.T.);
#7304 = ADVANCED_FACE('',(#7305),#6229,.T.);
#7305 = FACE_BOUND('',#7306,.T.);
#7306 = EDGE_LOOP('',(#7307,#7308,#7309,#7330));
#7307 = ORIENTED_EDGE('',*,*,#6475,.F.);
#7308 = ORIENTED_EDGE('',*,*,#6211,.T.);
#7309 = ORIENTED_EDGE('',*,*,#7310,.T.);
#7310 = EDGE_CURVE('',#6212,#7311,#7313,.T.);
#7311 = VERTEX_POINT('',#7312);
#7312 = CARTESIAN_POINT('',(49.15,44.,-19.34001355647));
#7313 = SURFACE_CURVE('',#7314,(#7318,#7324),.PCURVE_S1.);
#7314 = ( BOUNDED_CURVE() B_SPLINE_CURVE(2,(#7315,#7316,#7317),
.UNSPECIFIED.,.F.,.F.) B_SPLINE_CURVE_WITH_KNOTS((3,3),(0.,
1.397569090791E-02),.PIECEWISE_BEZIER_KNOTS.) CURVE() 
GEOMETRIC_REPRESENTATION_ITEM() RATIONAL_B_SPLINE_CURVE((1.,
0.709479450957,1.)) REPRESENTATION_ITEM('') );
#7315 = CARTESIAN_POINT('',(49.745966690403,43.999999999996,-19.94));
#7316 = CARTESIAN_POINT('',(49.15,43.999999999998,-19.93599371252));
#7317 = CARTESIAN_POINT('',(49.15,44.,-19.34001355647));
#7318 = PCURVE('',#6229,#7319);
#7319 = DEFINITIONAL_REPRESENTATION('',(#7320),#7323);
#7320 = B_SPLINE_CURVE_WITH_KNOTS('',1,(#7321,#7322),.UNSPECIFIED.,.F.,
  .F.,(2,2),(0.,1.397569090791E-02),.PIECEWISE_BEZIER_KNOTS.);
#7321 = CARTESIAN_POINT('',(1.397569090791E-02,32.358404396503));
#7322 = CARTESIAN_POINT('',(0.,32.358404396503));
#7323 = ( GEOMETRIC_REPRESENTATION_CONTEXT(2) 
PARAMETRIC_REPRESENTATION_CONTEXT() REPRESENTATION_CONTEXT('2D SPACE',''
  ) );
#7324 = PCURVE('',#6297,#7325);
#7325 = DEFINITIONAL_REPRESENTATION('',(#7326),#7329);
#7326 = B_SPLINE_CURVE_WITH_KNOTS('',1,(#7327,#7328),.UNSPECIFIED.,.F.,
  .F.,(2,2),(0.,1.397569090791E-02),.PIECEWISE_BEZIER_KNOTS.);
#7327 = CARTESIAN_POINT('',(8.103576664997,32.358404396503));
#7328 = CARTESIAN_POINT('',(0.,32.358404396503));
#7329 = ( GEOMETRIC_REPRESENTATION_CONTEXT(2) 
PARAMETRIC_REPRESENTATION_CONTEXT() REPRESENTATION_CONTEXT('2D SPACE',''
  ) );
#7330 = ORIENTED_EDGE('',*,*,#7331,.F.);
#7331 = EDGE_CURVE('',#6476,#7311,#7332,.T.);
#7332 = SURFACE_CURVE('',#7333,(#7338,#7345),.PCURVE_S1.);
#7333 = ( BOUNDED_CURVE() B_SPLINE_CURVE(3,(#7334,#7335,#7336,#7337),
.UNSPECIFIED.,.F.,.F.) B_SPLINE_CURVE_WITH_KNOTS((4,4),(32.344428705595,
32.358404396503),.PIECEWISE_BEZIER_KNOTS.) CURVE() 
GEOMETRIC_REPRESENTATION_ITEM() RATIONAL_B_SPLINE_CURVE((1.,1.,1.,1.)) 
REPRESENTATION_ITEM('') );
#7334 = CARTESIAN_POINT('',(49.149981037086,43.986024390771,-19.34));
#7335 = CARTESIAN_POINT('',(49.149993679021,43.990682915755,-19.34));
#7336 = CARTESIAN_POINT('',(49.15,43.995341457847,-19.34000453494));
#7337 = CARTESIAN_POINT('',(49.15,44.,-19.34001355647));
#7338 = PCURVE('',#6229,#7339);
#7339 = DEFINITIONAL_REPRESENTATION('',(#7340),#7344);
#7340 = LINE('',#7341,#7342);
#7341 = CARTESIAN_POINT('',(0.,0.));
#7342 = VECTOR('',#7343,1.);
#7343 = DIRECTION('',(0.,1.));
#7344 = ( GEOMETRIC_REPRESENTATION_CONTEXT(2) 
PARAMETRIC_REPRESENTATION_CONTEXT() REPRESENTATION_CONTEXT('2D SPACE',''
  ) );
#7345 = PCURVE('',#6520,#7346);
#7346 = DEFINITIONAL_REPRESENTATION('',(#7347),#7352);
#7347 = B_SPLINE_CURVE_WITH_KNOTS('',3,(#7348,#7349,#7350,#7351),
  .UNSPECIFIED.,.F.,.F.,(4,4),(32.344428705595,32.358404396503),
  .PIECEWISE_BEZIER_KNOTS.);
#7348 = CARTESIAN_POINT('',(6.280471593319,0.6));
#7349 = CARTESIAN_POINT('',(6.281376164608,0.6));
#7350 = CARTESIAN_POINT('',(6.282280735888,0.599995465059));
#7351 = CARTESIAN_POINT('',(6.28318530718,0.599986443525));
#7352 = ( GEOMETRIC_REPRESENTATION_CONTEXT(2) 
PARAMETRIC_REPRESENTATION_CONTEXT() REPRESENTATION_CONTEXT('2D SPACE',''
  ) );
#7353 = ADVANCED_FACE('',(#7354),#6297,.T.);
#7354 = FACE_BOUND('',#7355,.T.);
#7355 = EDGE_LOOP('',(#7356,#7357,#7358,#7359));
#7356 = ORIENTED_EDGE('',*,*,#7310,.F.);
#7357 = ORIENTED_EDGE('',*,*,#6249,.T.);
#7358 = ORIENTED_EDGE('',*,*,#6442,.T.);
#7359 = ORIENTED_EDGE('',*,*,#7360,.F.);
#7360 = EDGE_CURVE('',#7311,#6443,#7361,.T.);
#7361 = SURFACE_CURVE('',#7362,(#7383,#7390),.PCURVE_S1.);
#7362 = ( BOUNDED_CURVE() B_SPLINE_CURVE(10,(#7363,#7364,#7365,#7366,
    #7367,#7368,#7369,#7370,#7371,#7372,#7373,#7374,#7375,#7376,#7377,
    #7378,#7379,#7380,#7381,#7382),.UNSPECIFIED.,.F.,.F.) 
B_SPLINE_CURVE_WITH_KNOTS((11,9,11),(32.358404396503,36.410192729001,
40.461981061499),.UNSPECIFIED.) CURVE() GEOMETRIC_REPRESENTATION_ITEM() 
RATIONAL_B_SPLINE_CURVE((1.,1.,1.,1.,1.,1.,1.,1.,1.,1.,1.,1.,1.,1.,1.,1.
,1.,1.,1.,1.)) REPRESENTATION_ITEM('') );
#7363 = CARTESIAN_POINT('',(49.15,44.,-19.34001355647));
#7364 = CARTESIAN_POINT('',(49.15,44.405176964748,-19.34079820491));
#7365 = CARTESIAN_POINT('',(49.114580717702,44.810352646075,
    -19.36715780345));
#7366 = CARTESIAN_POINT('',(49.043742533122,45.212047195281,
    -19.40558012343));
#7367 = CARTESIAN_POINT('',(48.937875775531,45.606776869286,
    -19.46861543824));
#7368 = CARTESIAN_POINT('',(48.797763346706,45.991108381111,
    -19.50926152201));
#7369 = CARTESIAN_POINT('',(48.624571979782,46.361711908338,
    -19.60644693307));
#7370 = CARTESIAN_POINT('',(48.419835528659,46.71541035244,
    -19.64153524832));
#7371 = CARTESIAN_POINT('',(48.185431276078,47.049225796739,
    -19.73640824412));
#7372 = CARTESIAN_POINT('',(47.923549234573,47.360421339118,
    -19.78125895687));
#7373 = CARTESIAN_POINT('',(47.349762431547,47.932653280512,
    -19.77984292904));
#7374 = CARTESIAN_POINT('',(47.037857669922,48.1936896795,
    -19.73346644539));
#7375 = CARTESIAN_POINT('',(46.70340797568,48.427186836208,
    -19.63981863725));
#7376 = CARTESIAN_POINT('',(46.349156187871,48.630962310806,
    -19.60368788521));
#7377 = CARTESIAN_POINT('',(45.978085210728,48.803147092044,
    -19.50726073761));
#7378 = CARTESIAN_POINT('',(45.593375985809,48.942216147632,
    -19.46656676567));
#7379 = CARTESIAN_POINT('',(45.19836078342,49.047012077851,
    -19.40387348276));
#7380 = CARTESIAN_POINT('',(44.796473699853,49.116760960973,
    -19.36584666238));
#7381 = CARTESIAN_POINT('',(44.391199841205,49.1510805716,-19.34));
#7382 = CARTESIAN_POINT('',(43.986024370699,49.149981037032,-19.34));
#7383 = PCURVE('',#6297,#7384);
#7384 = DEFINITIONAL_REPRESENTATION('',(#7385),#7389);
#7385 = LINE('',#7386,#7387);
#7386 = CARTESIAN_POINT('',(0.,0.));
#7387 = VECTOR('',#7388,1.);
#7388 = DIRECTION('',(0.,1.));
#7389 = ( GEOMETRIC_REPRESENTATION_CONTEXT(2) 
PARAMETRIC_REPRESENTATION_CONTEXT() REPRESENTATION_CONTEXT('2D SPACE',''
  ) );
#7390 = PCURVE('',#6520,#7391);
#7391 = DEFINITIONAL_REPRESENTATION('',(#7392),#7413);
#7392 = B_SPLINE_CURVE_WITH_KNOTS('',10,(#7393,#7394,#7395,#7396,#7397,
    #7398,#7399,#7400,#7401,#7402,#7403,#7404,#7405,#7406,#7407,#7408,
    #7409,#7410,#7411,#7412),.UNSPECIFIED.,.F.,.F.,(11,9,11),(
    32.358404396503,36.410192729001,40.461981061499),.UNSPECIFIED.);
#7393 = CARTESIAN_POINT('',(-2.767467050797E-15,0.599986443525));
#7394 = CARTESIAN_POINT('',(7.867513878604E-02,0.599201795082));
#7395 = CARTESIAN_POINT('',(0.157350028367,0.572842196547));
#7396 = CARTESIAN_POINT('',(0.236025333282,0.534419876569));
#7397 = CARTESIAN_POINT('',(0.314700945417,0.471384561758));
#7398 = CARTESIAN_POINT('',(0.393376667413,0.430738477989));
#7399 = CARTESIAN_POINT('',(0.472052396481,0.33355306692));
#7400 = CARTESIAN_POINT('',(0.550728090485,0.298464751675));
#7401 = CARTESIAN_POINT('',(0.629403738684,0.203591755874));
#7402 = CARTESIAN_POINT('',(0.708079343139,0.158741043123));
#7403 = CARTESIAN_POINT('',(0.865430483215,0.160157070953));
#7404 = CARTESIAN_POINT('',(0.944106018832,0.206533554603));
#7405 = CARTESIAN_POINT('',(1.022781529309,0.300181362749));
#7406 = CARTESIAN_POINT('',(1.101457031035,0.336312114781));
#7407 = CARTESIAN_POINT('',(1.180132540882,0.432739262384));
#7408 = CARTESIAN_POINT('',(1.25880807999,0.473433234326));
#7409 = CARTESIAN_POINT('',(1.337483677298,0.53612651724));
#7410 = CARTESIAN_POINT('',(1.416159327039,0.574153337617));
#7411 = CARTESIAN_POINT('',(1.494834906219,0.6));
#7412 = CARTESIAN_POINT('',(1.573510044553,0.6));
#7413 = ( GEOMETRIC_REPRESENTATION_CONTEXT(2) 
PARAMETRIC_REPRESENTATION_CONTEXT() REPRESENTATION_CONTEXT('2D SPACE',''
  ) );
#7414 = ADVANCED_FACE('',(#7415),#6520,.T.);
#7415 = FACE_BOUND('',#7416,.T.);
#7416 = EDGE_LOOP('',(#7417,#7440,#7467,#7468,#7469,#7470));
#7417 = ORIENTED_EDGE('',*,*,#7418,.T.);
#7418 = EDGE_CURVE('',#7311,#7419,#7421,.T.);
#7419 = VERTEX_POINT('',#7420);
#7420 = CARTESIAN_POINT('',(49.15,44.,-19.24));
#7421 = SEAM_CURVE('',#7422,(#7426,#7433),.PCURVE_S1.);
#7422 = LINE('',#7423,#7424);
#7423 = CARTESIAN_POINT('',(49.15,44.,-19.94));
#7424 = VECTOR('',#7425,1.);
#7425 = DIRECTION('',(0.,0.,1.));
#7426 = PCURVE('',#6520,#7427);
#7427 = DEFINITIONAL_REPRESENTATION('',(#7428),#7432);
#7428 = LINE('',#7429,#7430);
#7429 = CARTESIAN_POINT('',(6.28318530718,-0.));
#7430 = VECTOR('',#7431,1.);
#7431 = DIRECTION('',(0.,1.));
#7432 = ( GEOMETRIC_REPRESENTATION_CONTEXT(2) 
PARAMETRIC_REPRESENTATION_CONTEXT() REPRESENTATION_CONTEXT('2D SPACE',''
  ) );
#7433 = PCURVE('',#6520,#7434);
#7434 = DEFINITIONAL_REPRESENTATION('',(#7435),#7439);
#7435 = LINE('',#7436,#7437);
#7436 = CARTESIAN_POINT('',(0.,-0.));
#7437 = VECTOR('',#7438,1.);
#7438 = DIRECTION('',(0.,1.));
#7439 = ( GEOMETRIC_REPRESENTATION_CONTEXT(2) 
PARAMETRIC_REPRESENTATION_CONTEXT() REPRESENTATION_CONTEXT('2D SPACE',''
  ) );
#7440 = ORIENTED_EDGE('',*,*,#7441,.F.);
#7441 = EDGE_CURVE('',#7419,#7419,#7442,.T.);
#7442 = SURFACE_CURVE('',#7443,(#7448,#7455),.PCURVE_S1.);
#7443 = CIRCLE('',#7444,5.15);
#7444 = AXIS2_PLACEMENT_3D('',#7445,#7446,#7447);
#7445 = CARTESIAN_POINT('',(44.,44.,-19.24));
#7446 = DIRECTION('',(0.,0.,1.));
#7447 = DIRECTION('',(1.,0.,-0.));
#7448 = PCURVE('',#6520,#7449);
#7449 = DEFINITIONAL_REPRESENTATION('',(#7450),#7454);
#7450 = LINE('',#7451,#7452);
#7451 = CARTESIAN_POINT('',(0.,0.7));
#7452 = VECTOR('',#7453,1.);
#7453 = DIRECTION('',(1.,0.));
#7454 = ( GEOMETRIC_REPRESENTATION_CONTEXT(2) 
PARAMETRIC_REPRESENTATION_CONTEXT() REPRESENTATION_CONTEXT('2D SPACE',''
  ) );
#7455 = PCURVE('',#7456,#7461);
#7456 = PLANE('',#7457);
#7457 = AXIS2_PLACEMENT_3D('',#7458,#7459,#7460);
#7458 = CARTESIAN_POINT('',(44.,44.,-19.24));
#7459 = DIRECTION('',(0.,0.,1.));
#7460 = DIRECTION('',(1.,0.,-0.));
#7461 = DEFINITIONAL_REPRESENTATION('',(#7462),#7466);
#7462 = CIRCLE('',#7463,5.15);
#7463 = AXIS2_PLACEMENT_2D('',#7464,#7465);
#7464 = CARTESIAN_POINT('',(0.,0.));
#7465 = DIRECTION('',(1.,0.));
#7466 = ( GEOMETRIC_REPRESENTATION_CONTEXT(2) 
PARAMETRIC_REPRESENTATION_CONTEXT() REPRESENTATION_CONTEXT('2D SPACE',''
  ) );
#7467 = ORIENTED_EDGE('',*,*,#7418,.F.);
#7468 = ORIENTED_EDGE('',*,*,#7360,.T.);
#7469 = ORIENTED_EDGE('',*,*,#6505,.T.);
#7470 = ORIENTED_EDGE('',*,*,#7331,.T.);
#7471 = ADVANCED_FACE('',(#7472,#7475,#7506,#7614),#6574,.T.);
#7472 = FACE_BOUND('',#7473,.T.);
#7473 = EDGE_LOOP('',(#7474));
#7474 = ORIENTED_EDGE('',*,*,#6559,.T.);
#7475 = FACE_BOUND('',#7476,.T.);
#7476 = EDGE_LOOP('',(#7477));
#7477 = ORIENTED_EDGE('',*,*,#7478,.F.);
#7478 = EDGE_CURVE('',#7479,#7479,#7481,.T.);
#7479 = VERTEX_POINT('',#7480);
#7480 = CARTESIAN_POINT('',(15.141440953048,-15.77658500572,-19.94));
#7481 = SURFACE_CURVE('',#7482,(#7487,#7494),.PCURVE_S1.);
#7482 = CIRCLE('',#7483,4.5);
#7483 = AXIS2_PLACEMENT_3D('',#7484,#7485,#7486);
#7484 = CARTESIAN_POINT('',(10.641440953048,-15.77658500572,-19.94));
#7485 = DIRECTION('',(0.,0.,1.));
#7486 = DIRECTION('',(1.,0.,-0.));
#7487 = PCURVE('',#6574,#7488);
#7488 = DEFINITIONAL_REPRESENTATION('',(#7489),#7493);
#7489 = CIRCLE('',#7490,4.5);
#7490 = AXIS2_PLACEMENT_2D('',#7491,#7492);
#7491 = CARTESIAN_POINT('',(10.641440953048,-15.77658500572));
#7492 = DIRECTION('',(1.,0.));
#7493 = ( GEOMETRIC_REPRESENTATION_CONTEXT(2) 
PARAMETRIC_REPRESENTATION_CONTEXT() REPRESENTATION_CONTEXT('2D SPACE',''
  ) );
#7494 = PCURVE('',#7495,#7500);
#7495 = CYLINDRICAL_SURFACE('',#7496,4.5);
#7496 = AXIS2_PLACEMENT_3D('',#7497,#7498,#7499);
#7497 = CARTESIAN_POINT('',(10.641440953048,-15.77658500572,-22.24));
#7498 = DIRECTION('',(0.,0.,1.));
#7499 = DIRECTION('',(1.,0.,-0.));
#7500 = DEFINITIONAL_REPRESENTATION('',(#7501),#7505);
#7501 = LINE('',#7502,#7503);
#7502 = CARTESIAN_POINT('',(0.,2.3));
#7503 = VECTOR('',#7504,1.);
#7504 = DIRECTION('',(1.,0.));
#7505 = ( GEOMETRIC_REPRESENTATION_CONTEXT(2) 
PARAMETRIC_REPRESENTATION_CONTEXT() REPRESENTATION_CONTEXT('2D SPACE',''
  ) );
#7506 = FACE_BOUND('',#7507,.T.);
#7507 = EDGE_LOOP('',(#7508,#7539,#7563,#7592));
#7508 = ORIENTED_EDGE('',*,*,#7509,.F.);
#7509 = EDGE_CURVE('',#7510,#7512,#7514,.T.);
#7510 = VERTEX_POINT('',#7511);
#7511 = CARTESIAN_POINT('',(12.577551242924,3.287127124347,-19.94));
#7512 = VERTEX_POINT('',#7513);
#7513 = CARTESIAN_POINT('',(-12.48719427342,3.615242616705,-19.94));
#7514 = SURFACE_CURVE('',#7515,(#7520,#7527),.PCURVE_S1.);
#7515 = CIRCLE('',#7516,13.);
#7516 = AXIS2_PLACEMENT_3D('',#7517,#7518,#7519);
#7517 = CARTESIAN_POINT('',(0.,0.,-19.94));
#7518 = DIRECTION('',(0.,0.,1.));
#7519 = DIRECTION('',(1.,0.,-0.));
#7520 = PCURVE('',#6574,#7521);
#7521 = DEFINITIONAL_REPRESENTATION('',(#7522),#7526);
#7522 = CIRCLE('',#7523,13.);
#7523 = AXIS2_PLACEMENT_2D('',#7524,#7525);
#7524 = CARTESIAN_POINT('',(0.,0.));
#7525 = DIRECTION('',(1.,0.));
#7526 = ( GEOMETRIC_REPRESENTATION_CONTEXT(2) 
PARAMETRIC_REPRESENTATION_CONTEXT() REPRESENTATION_CONTEXT('2D SPACE',''
  ) );
#7527 = PCURVE('',#7528,#7533);
#7528 = CYLINDRICAL_SURFACE('',#7529,13.);
#7529 = AXIS2_PLACEMENT_3D('',#7530,#7531,#7532);
#7530 = CARTESIAN_POINT('',(0.,0.,-22.44));
#7531 = DIRECTION('',(0.,0.,1.));
#7532 = DIRECTION('',(1.,0.,-0.));
#7533 = DEFINITIONAL_REPRESENTATION('',(#7534),#7538);
#7534 = LINE('',#7535,#7536);
#7535 = CARTESIAN_POINT('',(0.,2.5));
#7536 = VECTOR('',#7537,1.);
#7537 = DIRECTION('',(1.,0.));
#7538 = ( GEOMETRIC_REPRESENTATION_CONTEXT(2) 
PARAMETRIC_REPRESENTATION_CONTEXT() REPRESENTATION_CONTEXT('2D SPACE',''
  ) );
#7539 = ORIENTED_EDGE('',*,*,#7540,.F.);
#7540 = EDGE_CURVE('',#7541,#7510,#7543,.T.);
#7541 = VERTEX_POINT('',#7542);
#7542 = CARTESIAN_POINT('',(12.518267342364,-3.506135015242,-19.94));
#7543 = SURFACE_CURVE('',#7544,(#7549,#7556),.PCURVE_S1.);
#7544 = CIRCLE('',#7545,4.5);
#7545 = AXIS2_PLACEMENT_3D('',#7546,#7547,#7548);
#7546 = CARTESIAN_POINT('',(15.499409807495,-0.135261300225,-19.94));
#7547 = DIRECTION('',(0.,0.,1.));
#7548 = DIRECTION('',(-0.662476103362,-0.749083047782,0.));
#7549 = PCURVE('',#6574,#7550);
#7550 = DEFINITIONAL_REPRESENTATION('',(#7551),#7555);
#7551 = CIRCLE('',#7552,4.5);
#7552 = AXIS2_PLACEMENT_2D('',#7553,#7554);
#7553 = CARTESIAN_POINT('',(15.499409807495,-0.135261300225));
#7554 = DIRECTION('',(-0.662476103362,-0.749083047782));
#7555 = ( GEOMETRIC_REPRESENTATION_CONTEXT(2) 
PARAMETRIC_REPRESENTATION_CONTEXT() REPRESENTATION_CONTEXT('2D SPACE',''
  ) );
#7556 = PCURVE('',#6864,#7557);
#7557 = DEFINITIONAL_REPRESENTATION('',(#7558),#7562);
#7558 = LINE('',#7559,#7560);
#7559 = CARTESIAN_POINT('',(3.988269518548,5.));
#7560 = VECTOR('',#7561,1.);
#7561 = DIRECTION('',(1.,0.));
#7562 = ( GEOMETRIC_REPRESENTATION_CONTEXT(2) 
PARAMETRIC_REPRESENTATION_CONTEXT() REPRESENTATION_CONTEXT('2D SPACE',''
  ) );
#7563 = ORIENTED_EDGE('',*,*,#7564,.F.);
#7564 = EDGE_CURVE('',#7565,#7541,#7567,.T.);
#7565 = VERTEX_POINT('',#7566);
#7566 = CARTESIAN_POINT('',(-12.60575755985,-3.177243513215,-19.94));
#7567 = SURFACE_CURVE('',#7568,(#7573,#7580),.PCURVE_S1.);
#7568 = CIRCLE('',#7569,13.);
#7569 = AXIS2_PLACEMENT_3D('',#7570,#7571,#7572);
#7570 = CARTESIAN_POINT('',(0.,0.,-19.94));
#7571 = DIRECTION('',(0.,0.,1.));
#7572 = DIRECTION('',(1.,0.,-0.));
#7573 = PCURVE('',#6574,#7574);
#7574 = DEFINITIONAL_REPRESENTATION('',(#7575),#7579);
#7575 = CIRCLE('',#7576,13.);
#7576 = AXIS2_PLACEMENT_2D('',#7577,#7578);
#7577 = CARTESIAN_POINT('',(0.,0.));
#7578 = DIRECTION('',(1.,0.));
#7579 = ( GEOMETRIC_REPRESENTATION_CONTEXT(2) 
PARAMETRIC_REPRESENTATION_CONTEXT() REPRESENTATION_CONTEXT('2D SPACE',''
  ) );
#7580 = PCURVE('',#7581,#7586);
#7581 = CYLINDRICAL_SURFACE('',#7582,13.);
#7582 = AXIS2_PLACEMENT_3D('',#7583,#7584,#7585);
#7583 = CARTESIAN_POINT('',(0.,0.,-22.44));
#7584 = DIRECTION('',(0.,0.,1.));
#7585 = DIRECTION('',(1.,0.,-0.));
#7586 = DEFINITIONAL_REPRESENTATION('',(#7587),#7591);
#7587 = LINE('',#7588,#7589);
#7588 = CARTESIAN_POINT('',(0.,2.5));
#7589 = VECTOR('',#7590,1.);
#7590 = DIRECTION('',(1.,0.));
#7591 = ( GEOMETRIC_REPRESENTATION_CONTEXT(2) 
PARAMETRIC_REPRESENTATION_CONTEXT() REPRESENTATION_CONTEXT('2D SPACE',''
  ) );
#7592 = ORIENTED_EDGE('',*,*,#7593,.F.);
#7593 = EDGE_CURVE('',#7512,#7565,#7594,.T.);
#7594 = SURFACE_CURVE('',#7595,(#7600,#7607),.PCURVE_S1.);
#7595 = CIRCLE('',#7596,4.5);
#7596 = AXIS2_PLACEMENT_3D('',#7597,#7598,#7599);
#7597 = CARTESIAN_POINT('',(-15.49763927492,0.270512299778,-19.94));
#7598 = DIRECTION('',(0.,0.,1.));
#7599 = DIRECTION('',(1.,0.,-0.));
#7600 = PCURVE('',#6574,#7601);
#7601 = DEFINITIONAL_REPRESENTATION('',(#7602),#7606);
#7602 = CIRCLE('',#7603,4.5);
#7603 = AXIS2_PLACEMENT_2D('',#7604,#7605);
#7604 = CARTESIAN_POINT('',(-15.49763927492,0.270512299778));
#7605 = DIRECTION('',(1.,0.));
#7606 = ( GEOMETRIC_REPRESENTATION_CONTEXT(2) 
PARAMETRIC_REPRESENTATION_CONTEXT() REPRESENTATION_CONTEXT('2D SPACE',''
  ) );
#7607 = PCURVE('',#6920,#7608);
#7608 = DEFINITIONAL_REPRESENTATION('',(#7609),#7613);
#7609 = LINE('',#7610,#7611);
#7610 = CARTESIAN_POINT('',(0.,5.));
#7611 = VECTOR('',#7612,1.);
#7612 = DIRECTION('',(1.,0.));
#7613 = ( GEOMETRIC_REPRESENTATION_CONTEXT(2) 
PARAMETRIC_REPRESENTATION_CONTEXT() REPRESENTATION_CONTEXT('2D SPACE',''
  ) );
#7614 = FACE_BOUND('',#7615,.T.);
#7615 = EDGE_LOOP('',(#7616));
#7616 = ORIENTED_EDGE('',*,*,#7617,.F.);
#7617 = EDGE_CURVE('',#7618,#7618,#7620,.T.);
#7618 = VERTEX_POINT('',#7619);
#7619 = CARTESIAN_POINT('',(-4.812948056781,16.595478254383,-19.94));
#7620 = SURFACE_CURVE('',#7621,(#7626,#7633),.PCURVE_S1.);
#7621 = CIRCLE('',#7622,4.5);
#7622 = AXIS2_PLACEMENT_3D('',#7623,#7624,#7625);
#7623 = CARTESIAN_POINT('',(-9.312948056781,16.595478254383,-19.94));
#7624 = DIRECTION('',(0.,0.,1.));
#7625 = DIRECTION('',(1.,0.,-0.));
#7626 = PCURVE('',#6574,#7627);
#7627 = DEFINITIONAL_REPRESENTATION('',(#7628),#7632);
#7628 = CIRCLE('',#7629,4.5);
#7629 = AXIS2_PLACEMENT_2D('',#7630,#7631);
#7630 = CARTESIAN_POINT('',(-9.312948056781,16.595478254383));
#7631 = DIRECTION('',(1.,0.));
#7632 = ( GEOMETRIC_REPRESENTATION_CONTEXT(2) 
PARAMETRIC_REPRESENTATION_CONTEXT() REPRESENTATION_CONTEXT('2D SPACE',''
  ) );
#7633 = PCURVE('',#7634,#7639);
#7634 = CYLINDRICAL_SURFACE('',#7635,4.5);
#7635 = AXIS2_PLACEMENT_3D('',#7636,#7637,#7638);
#7636 = CARTESIAN_POINT('',(-9.312948056781,16.595478254383,-22.24));
#7637 = DIRECTION('',(0.,0.,1.));
#7638 = DIRECTION('',(1.,0.,-0.));
#7639 = DEFINITIONAL_REPRESENTATION('',(#7640),#7644);
#7640 = LINE('',#7641,#7642);
#7641 = CARTESIAN_POINT('',(0.,2.3));
#7642 = VECTOR('',#7643,1.);
#7643 = DIRECTION('',(1.,0.));
#7644 = ( GEOMETRIC_REPRESENTATION_CONTEXT(2) 
PARAMETRIC_REPRESENTATION_CONTEXT() REPRESENTATION_CONTEXT('2D SPACE',''
  ) );
#7645 = ADVANCED_FACE('',(#7646),#6678,.F.);
#7646 = FACE_BOUND('',#7647,.F.);
#7647 = EDGE_LOOP('',(#7648,#7672,#7693,#7694));
#7648 = ORIENTED_EDGE('',*,*,#7649,.F.);
#7649 = EDGE_CURVE('',#7650,#7650,#7652,.T.);
#7650 = VERTEX_POINT('',#7651);
#7651 = CARTESIAN_POINT('',(-42.,-44.,-19.24));
#7652 = SURFACE_CURVE('',#7653,(#7658,#7665),.PCURVE_S1.);
#7653 = CIRCLE('',#7654,2.);
#7654 = AXIS2_PLACEMENT_3D('',#7655,#7656,#7657);
#7655 = CARTESIAN_POINT('',(-44.,-44.,-19.24));
#7656 = DIRECTION('',(0.,0.,1.));
#7657 = DIRECTION('',(1.,0.,-0.));
#7658 = PCURVE('',#6678,#7659);
#7659 = DEFINITIONAL_REPRESENTATION('',(#7660),#7664);
#7660 = LINE('',#7661,#7662);
#7661 = CARTESIAN_POINT('',(0.,5.7));
#7662 = VECTOR('',#7663,1.);
#7663 = DIRECTION('',(1.,0.));
#7664 = ( GEOMETRIC_REPRESENTATION_CONTEXT(2) 
PARAMETRIC_REPRESENTATION_CONTEXT() REPRESENTATION_CONTEXT('2D SPACE',''
  ) );
#7665 = PCURVE('',#7004,#7666);
#7666 = DEFINITIONAL_REPRESENTATION('',(#7667),#7671);
#7667 = CIRCLE('',#7668,2.);
#7668 = AXIS2_PLACEMENT_2D('',#7669,#7670);
#7669 = CARTESIAN_POINT('',(0.,0.));
#7670 = DIRECTION('',(1.,0.));
#7671 = ( GEOMETRIC_REPRESENTATION_CONTEXT(2) 
PARAMETRIC_REPRESENTATION_CONTEXT() REPRESENTATION_CONTEXT('2D SPACE',''
  ) );
#7672 = ORIENTED_EDGE('',*,*,#7673,.F.);
#7673 = EDGE_CURVE('',#6662,#7650,#7674,.T.);
#7674 = SEAM_CURVE('',#7675,(#7679,#7686),.PCURVE_S1.);
#7675 = LINE('',#7676,#7677);
#7676 = CARTESIAN_POINT('',(-42.,-44.,-24.94));
#7677 = VECTOR('',#7678,1.);
#7678 = DIRECTION('',(0.,0.,1.));
#7679 = PCURVE('',#6678,#7680);
#7680 = DEFINITIONAL_REPRESENTATION('',(#7681),#7685);
#7681 = LINE('',#7682,#7683);
#7682 = CARTESIAN_POINT('',(6.28318530718,-0.));
#7683 = VECTOR('',#7684,1.);
#7684 = DIRECTION('',(0.,1.));
#7685 = ( GEOMETRIC_REPRESENTATION_CONTEXT(2) 
PARAMETRIC_REPRESENTATION_CONTEXT() REPRESENTATION_CONTEXT('2D SPACE',''
  ) );
#7686 = PCURVE('',#6678,#7687);
#7687 = DEFINITIONAL_REPRESENTATION('',(#7688),#7692);
#7688 = LINE('',#7689,#7690);
#7689 = CARTESIAN_POINT('',(0.,-0.));
#7690 = VECTOR('',#7691,1.);
#7691 = DIRECTION('',(0.,1.));
#7692 = ( GEOMETRIC_REPRESENTATION_CONTEXT(2) 
PARAMETRIC_REPRESENTATION_CONTEXT() REPRESENTATION_CONTEXT('2D SPACE',''
  ) );
#7693 = ORIENTED_EDGE('',*,*,#6661,.T.);
#7694 = ORIENTED_EDGE('',*,*,#7673,.T.);
#7695 = ADVANCED_FACE('',(#7696),#6709,.F.);
#7696 = FACE_BOUND('',#7697,.F.);
#7697 = EDGE_LOOP('',(#7698,#7722,#7743,#7744));
#7698 = ORIENTED_EDGE('',*,*,#7699,.F.);
#7699 = EDGE_CURVE('',#7700,#7700,#7702,.T.);
#7700 = VERTEX_POINT('',#7701);
#7701 = CARTESIAN_POINT('',(46.,-44.,-19.24));
#7702 = SURFACE_CURVE('',#7703,(#7708,#7715),.PCURVE_S1.);
#7703 = CIRCLE('',#7704,2.);
#7704 = AXIS2_PLACEMENT_3D('',#7705,#7706,#7707);
#7705 = CARTESIAN_POINT('',(44.,-44.,-19.24));
#7706 = DIRECTION('',(0.,0.,1.));
#7707 = DIRECTION('',(1.,0.,-0.));
#7708 = PCURVE('',#6709,#7709);
#7709 = DEFINITIONAL_REPRESENTATION('',(#7710),#7714);
#7710 = LINE('',#7711,#7712);
#7711 = CARTESIAN_POINT('',(0.,5.7));
#7712 = VECTOR('',#7713,1.);
#7713 = DIRECTION('',(1.,0.));
#7714 = ( GEOMETRIC_REPRESENTATION_CONTEXT(2) 
PARAMETRIC_REPRESENTATION_CONTEXT() REPRESENTATION_CONTEXT('2D SPACE',''
  ) );
#7715 = PCURVE('',#7289,#7716);
#7716 = DEFINITIONAL_REPRESENTATION('',(#7717),#7721);
#7717 = CIRCLE('',#7718,2.);
#7718 = AXIS2_PLACEMENT_2D('',#7719,#7720);
#7719 = CARTESIAN_POINT('',(0.,0.));
#7720 = DIRECTION('',(1.,0.));
#7721 = ( GEOMETRIC_REPRESENTATION_CONTEXT(2) 
PARAMETRIC_REPRESENTATION_CONTEXT() REPRESENTATION_CONTEXT('2D SPACE',''
  ) );
#7722 = ORIENTED_EDGE('',*,*,#7723,.F.);
#7723 = EDGE_CURVE('',#6693,#7700,#7724,.T.);
#7724 = SEAM_CURVE('',#7725,(#7729,#7736),.PCURVE_S1.);
#7725 = LINE('',#7726,#7727);
#7726 = CARTESIAN_POINT('',(46.,-44.,-24.94));
#7727 = VECTOR('',#7728,1.);
#7728 = DIRECTION('',(0.,0.,1.));
#7729 = PCURVE('',#6709,#7730);
#7730 = DEFINITIONAL_REPRESENTATION('',(#7731),#7735);
#7731 = LINE('',#7732,#7733);
#7732 = CARTESIAN_POINT('',(6.28318530718,-0.));
#7733 = VECTOR('',#7734,1.);
#7734 = DIRECTION('',(0.,1.));
#7735 = ( GEOMETRIC_REPRESENTATION_CONTEXT(2) 
PARAMETRIC_REPRESENTATION_CONTEXT() REPRESENTATION_CONTEXT('2D SPACE',''
  ) );
#7736 = PCURVE('',#6709,#7737);
#7737 = DEFINITIONAL_REPRESENTATION('',(#7738),#7742);
#7738 = LINE('',#7739,#7740);
#7739 = CARTESIAN_POINT('',(0.,-0.));
#7740 = VECTOR('',#7741,1.);
#7741 = DIRECTION('',(0.,1.));
#7742 = ( GEOMETRIC_REPRESENTATION_CONTEXT(2) 
PARAMETRIC_REPRESENTATION_CONTEXT() REPRESENTATION_CONTEXT('2D SPACE',''
  ) );
#7743 = ORIENTED_EDGE('',*,*,#6692,.T.);
#7744 = ORIENTED_EDGE('',*,*,#7723,.T.);
#7745 = ADVANCED_FACE('',(#7746),#6740,.F.);
#7746 = FACE_BOUND('',#7747,.F.);
#7747 = EDGE_LOOP('',(#7748,#7777,#7798,#7799));
#7748 = ORIENTED_EDGE('',*,*,#7749,.F.);
#7749 = EDGE_CURVE('',#7750,#7750,#7752,.T.);
#7750 = VERTEX_POINT('',#7751);
#7751 = CARTESIAN_POINT('',(12.541440953048,-15.77658500572,-22.24));
#7752 = SURFACE_CURVE('',#7753,(#7758,#7765),.PCURVE_S1.);
#7753 = CIRCLE('',#7754,1.9);
#7754 = AXIS2_PLACEMENT_3D('',#7755,#7756,#7757);
#7755 = CARTESIAN_POINT('',(10.641440953048,-15.77658500572,-22.24));
#7756 = DIRECTION('',(0.,0.,1.));
#7757 = DIRECTION('',(1.,0.,-0.));
#7758 = PCURVE('',#6740,#7759);
#7759 = DEFINITIONAL_REPRESENTATION('',(#7760),#7764);
#7760 = LINE('',#7761,#7762);
#7761 = CARTESIAN_POINT('',(0.,2.7));
#7762 = VECTOR('',#7763,1.);
#7763 = DIRECTION('',(1.,0.));
#7764 = ( GEOMETRIC_REPRESENTATION_CONTEXT(2) 
PARAMETRIC_REPRESENTATION_CONTEXT() REPRESENTATION_CONTEXT('2D SPACE',''
  ) );
#7765 = PCURVE('',#7766,#7771);
#7766 = PLANE('',#7767);
#7767 = AXIS2_PLACEMENT_3D('',#7768,#7769,#7770);
#7768 = CARTESIAN_POINT('',(10.641440953048,-15.77658500572,-22.24));
#7769 = DIRECTION('',(0.,0.,1.));
#7770 = DIRECTION('',(1.,0.,-0.));
#7771 = DEFINITIONAL_REPRESENTATION('',(#7772),#7776);
#7772 = CIRCLE('',#7773,1.9);
#7773 = AXIS2_PLACEMENT_2D('',#7774,#7775);
#7774 = CARTESIAN_POINT('',(0.,0.));
#7775 = DIRECTION('',(1.,0.));
#7776 = ( GEOMETRIC_REPRESENTATION_CONTEXT(2) 
PARAMETRIC_REPRESENTATION_CONTEXT() REPRESENTATION_CONTEXT('2D SPACE',''
  ) );
#7777 = ORIENTED_EDGE('',*,*,#7778,.F.);
#7778 = EDGE_CURVE('',#6724,#7750,#7779,.T.);
#7779 = SEAM_CURVE('',#7780,(#7784,#7791),.PCURVE_S1.);
#7780 = LINE('',#7781,#7782);
#7781 = CARTESIAN_POINT('',(12.541440953048,-15.77658500572,-24.94));
#7782 = VECTOR('',#7783,1.);
#7783 = DIRECTION('',(0.,0.,1.));
#7784 = PCURVE('',#6740,#7785);
#7785 = DEFINITIONAL_REPRESENTATION('',(#7786),#7790);
#7786 = LINE('',#7787,#7788);
#7787 = CARTESIAN_POINT('',(6.28318530718,-0.));
#7788 = VECTOR('',#7789,1.);
#7789 = DIRECTION('',(0.,1.));
#7790 = ( GEOMETRIC_REPRESENTATION_CONTEXT(2) 
PARAMETRIC_REPRESENTATION_CONTEXT() REPRESENTATION_CONTEXT('2D SPACE',''
  ) );
#7791 = PCURVE('',#6740,#7792);
#7792 = DEFINITIONAL_REPRESENTATION('',(#7793),#7797);
#7793 = LINE('',#7794,#7795);
#7794 = CARTESIAN_POINT('',(0.,-0.));
#7795 = VECTOR('',#7796,1.);
#7796 = DIRECTION('',(0.,1.));
#7797 = ( GEOMETRIC_REPRESENTATION_CONTEXT(2) 
PARAMETRIC_REPRESENTATION_CONTEXT() REPRESENTATION_CONTEXT('2D SPACE',''
  ) );
#7798 = ORIENTED_EDGE('',*,*,#6723,.T.);
#7799 = ORIENTED_EDGE('',*,*,#7778,.T.);
#7800 = ADVANCED_FACE('',(#7801),#6771,.F.);
#7801 = FACE_BOUND('',#7802,.F.);
#7802 = EDGE_LOOP('',(#7803,#7832,#7853,#7854));
#7803 = ORIENTED_EDGE('',*,*,#7804,.F.);
#7804 = EDGE_CURVE('',#7805,#7805,#7807,.T.);
#7805 = VERTEX_POINT('',#7806);
#7806 = CARTESIAN_POINT('',(-7.412948056781,16.595478254383,-22.24));
#7807 = SURFACE_CURVE('',#7808,(#7813,#7820),.PCURVE_S1.);
#7808 = CIRCLE('',#7809,1.9);
#7809 = AXIS2_PLACEMENT_3D('',#7810,#7811,#7812);
#7810 = CARTESIAN_POINT('',(-9.312948056781,16.595478254383,-22.24));
#7811 = DIRECTION('',(0.,0.,1.));
#7812 = DIRECTION('',(1.,0.,-0.));
#7813 = PCURVE('',#6771,#7814);
#7814 = DEFINITIONAL_REPRESENTATION('',(#7815),#7819);
#7815 = LINE('',#7816,#7817);
#7816 = CARTESIAN_POINT('',(0.,2.7));
#7817 = VECTOR('',#7818,1.);
#7818 = DIRECTION('',(1.,0.));
#7819 = ( GEOMETRIC_REPRESENTATION_CONTEXT(2) 
PARAMETRIC_REPRESENTATION_CONTEXT() REPRESENTATION_CONTEXT('2D SPACE',''
  ) );
#7820 = PCURVE('',#7821,#7826);
#7821 = PLANE('',#7822);
#7822 = AXIS2_PLACEMENT_3D('',#7823,#7824,#7825);
#7823 = CARTESIAN_POINT('',(-9.312948056781,16.595478254383,-22.24));
#7824 = DIRECTION('',(0.,0.,1.));
#7825 = DIRECTION('',(1.,0.,-0.));
#7826 = DEFINITIONAL_REPRESENTATION('',(#7827),#7831);
#7827 = CIRCLE('',#7828,1.9);
#7828 = AXIS2_PLACEMENT_2D('',#7829,#7830);
#7829 = CARTESIAN_POINT('',(0.,0.));
#7830 = DIRECTION('',(1.,0.));
#7831 = ( GEOMETRIC_REPRESENTATION_CONTEXT(2) 
PARAMETRIC_REPRESENTATION_CONTEXT() REPRESENTATION_CONTEXT('2D SPACE',''
  ) );
#7832 = ORIENTED_EDGE('',*,*,#7833,.F.);
#7833 = EDGE_CURVE('',#6755,#7805,#7834,.T.);
#7834 = SEAM_CURVE('',#7835,(#7839,#7846),.PCURVE_S1.);
#7835 = LINE('',#7836,#7837);
#7836 = CARTESIAN_POINT('',(-7.412948056781,16.595478254383,-24.94));
#7837 = VECTOR('',#7838,1.);
#7838 = DIRECTION('',(0.,0.,1.));
#7839 = PCURVE('',#6771,#7840);
#7840 = DEFINITIONAL_REPRESENTATION('',(#7841),#7845);
#7841 = LINE('',#7842,#7843);
#7842 = CARTESIAN_POINT('',(6.28318530718,-0.));
#7843 = VECTOR('',#7844,1.);
#7844 = DIRECTION('',(0.,1.));
#7845 = ( GEOMETRIC_REPRESENTATION_CONTEXT(2) 
PARAMETRIC_REPRESENTATION_CONTEXT() REPRESENTATION_CONTEXT('2D SPACE',''
  ) );
#7846 = PCURVE('',#6771,#7847);
#7847 = DEFINITIONAL_REPRESENTATION('',(#7848),#7852);
#7848 = LINE('',#7849,#7850);
#7849 = CARTESIAN_POINT('',(0.,-0.));
#7850 = VECTOR('',#7851,1.);
#7851 = DIRECTION('',(0.,1.));
#7852 = ( GEOMETRIC_REPRESENTATION_CONTEXT(2) 
PARAMETRIC_REPRESENTATION_CONTEXT() REPRESENTATION_CONTEXT('2D SPACE',''
  ) );
#7853 = ORIENTED_EDGE('',*,*,#6754,.T.);
#7854 = ORIENTED_EDGE('',*,*,#7833,.T.);
#7855 = ADVANCED_FACE('',(#7856),#6802,.F.);
#7856 = FACE_BOUND('',#7857,.F.);
#7857 = EDGE_LOOP('',(#7858,#7882,#7903,#7904));
#7858 = ORIENTED_EDGE('',*,*,#7859,.F.);
#7859 = EDGE_CURVE('',#7860,#7860,#7862,.T.);
#7860 = VERTEX_POINT('',#7861);
#7861 = CARTESIAN_POINT('',(-42.,44.,-19.24));
#7862 = SURFACE_CURVE('',#7863,(#7868,#7875),.PCURVE_S1.);
#7863 = CIRCLE('',#7864,2.);
#7864 = AXIS2_PLACEMENT_3D('',#7865,#7866,#7867);
#7865 = CARTESIAN_POINT('',(-44.,44.,-19.24));
#7866 = DIRECTION('',(0.,0.,1.));
#7867 = DIRECTION('',(1.,0.,-0.));
#7868 = PCURVE('',#6802,#7869);
#7869 = DEFINITIONAL_REPRESENTATION('',(#7870),#7874);
#7870 = LINE('',#7871,#7872);
#7871 = CARTESIAN_POINT('',(0.,5.7));
#7872 = VECTOR('',#7873,1.);
#7873 = DIRECTION('',(1.,0.));
#7874 = ( GEOMETRIC_REPRESENTATION_CONTEXT(2) 
PARAMETRIC_REPRESENTATION_CONTEXT() REPRESENTATION_CONTEXT('2D SPACE',''
  ) );
#7875 = PCURVE('',#7122,#7876);
#7876 = DEFINITIONAL_REPRESENTATION('',(#7877),#7881);
#7877 = CIRCLE('',#7878,2.);
#7878 = AXIS2_PLACEMENT_2D('',#7879,#7880);
#7879 = CARTESIAN_POINT('',(0.,0.));
#7880 = DIRECTION('',(1.,0.));
#7881 = ( GEOMETRIC_REPRESENTATION_CONTEXT(2) 
PARAMETRIC_REPRESENTATION_CONTEXT() REPRESENTATION_CONTEXT('2D SPACE',''
  ) );
#7882 = ORIENTED_EDGE('',*,*,#7883,.F.);
#7883 = EDGE_CURVE('',#6786,#7860,#7884,.T.);
#7884 = SEAM_CURVE('',#7885,(#7889,#7896),.PCURVE_S1.);
#7885 = LINE('',#7886,#7887);
#7886 = CARTESIAN_POINT('',(-42.,44.,-24.94));
#7887 = VECTOR('',#7888,1.);
#7888 = DIRECTION('',(0.,0.,1.));
#7889 = PCURVE('',#6802,#7890);
#7890 = DEFINITIONAL_REPRESENTATION('',(#7891),#7895);
#7891 = LINE('',#7892,#7893);
#7892 = CARTESIAN_POINT('',(6.28318530718,-0.));
#7893 = VECTOR('',#7894,1.);
#7894 = DIRECTION('',(0.,1.));
#7895 = ( GEOMETRIC_REPRESENTATION_CONTEXT(2) 
PARAMETRIC_REPRESENTATION_CONTEXT() REPRESENTATION_CONTEXT('2D SPACE',''
  ) );
#7896 = PCURVE('',#6802,#7897);
#7897 = DEFINITIONAL_REPRESENTATION('',(#7898),#7902);
#7898 = LINE('',#7899,#7900);
#7899 = CARTESIAN_POINT('',(0.,-0.));
#7900 = VECTOR('',#7901,1.);
#7901 = DIRECTION('',(0.,1.));
#7902 = ( GEOMETRIC_REPRESENTATION_CONTEXT(2) 
PARAMETRIC_REPRESENTATION_CONTEXT() REPRESENTATION_CONTEXT('2D SPACE',''
  ) );
#7903 = ORIENTED_EDGE('',*,*,#6785,.T.);
#7904 = ORIENTED_EDGE('',*,*,#7883,.T.);
#7905 = ADVANCED_FACE('',(#7906),#6835,.F.);
#7906 = FACE_BOUND('',#7907,.F.);
#7907 = EDGE_LOOP('',(#7908,#7939,#7958,#7959));
#7908 = ORIENTED_EDGE('',*,*,#7909,.F.);
#7909 = EDGE_CURVE('',#7910,#7912,#7914,.T.);
#7910 = VERTEX_POINT('',#7911);
#7911 = CARTESIAN_POINT('',(16.457170783317,4.261634640458,-22.44));
#7912 = VERTEX_POINT('',#7913);
#7913 = CARTESIAN_POINT('',(-16.33997473222,4.690972793592,-22.44));
#7914 = SURFACE_CURVE('',#7915,(#7920,#7927),.PCURVE_S1.);
#7915 = CIRCLE('',#7916,17.);
#7916 = AXIS2_PLACEMENT_3D('',#7917,#7918,#7919);
#7917 = CARTESIAN_POINT('',(0.,0.,-22.44));
#7918 = DIRECTION('',(0.,0.,1.));
#7919 = DIRECTION('',(1.,0.,-0.));
#7920 = PCURVE('',#6835,#7921);
#7921 = DEFINITIONAL_REPRESENTATION('',(#7922),#7926);
#7922 = LINE('',#7923,#7924);
#7923 = CARTESIAN_POINT('',(0.,2.5));
#7924 = VECTOR('',#7925,1.);
#7925 = DIRECTION('',(1.,0.));
#7926 = ( GEOMETRIC_REPRESENTATION_CONTEXT(2) 
PARAMETRIC_REPRESENTATION_CONTEXT() REPRESENTATION_CONTEXT('2D SPACE',''
  ) );
#7927 = PCURVE('',#7928,#7933);
#7928 = PLANE('',#7929);
#7929 = AXIS2_PLACEMENT_3D('',#7930,#7931,#7932);
#7930 = CARTESIAN_POINT('',(0.,0.,-22.44));
#7931 = DIRECTION('',(0.,0.,1.));
#7932 = DIRECTION('',(1.,0.,-0.));
#7933 = DEFINITIONAL_REPRESENTATION('',(#7934),#7938);
#7934 = CIRCLE('',#7935,17.);
#7935 = AXIS2_PLACEMENT_2D('',#7936,#7937);
#7936 = CARTESIAN_POINT('',(0.,0.));
#7937 = DIRECTION('',(1.,0.));
#7938 = ( GEOMETRIC_REPRESENTATION_CONTEXT(2) 
PARAMETRIC_REPRESENTATION_CONTEXT() REPRESENTATION_CONTEXT('2D SPACE',''
  ) );
#7939 = ORIENTED_EDGE('',*,*,#7940,.F.);
#7940 = EDGE_CURVE('',#6817,#7910,#7941,.T.);
#7941 = SURFACE_CURVE('',#7942,(#7946,#7952),.PCURVE_S1.);
#7942 = LINE('',#7943,#7944);
#7943 = CARTESIAN_POINT('',(16.457170783317,4.261634640458,-24.94));
#7944 = VECTOR('',#7945,1.);
#7945 = DIRECTION('',(0.,0.,1.));
#7946 = PCURVE('',#6835,#7947);
#7947 = DEFINITIONAL_REPRESENTATION('',(#7948),#7951);
#7948 = B_SPLINE_CURVE_WITH_KNOTS('',1,(#7949,#7950),.UNSPECIFIED.,.F.,
  .F.,(2,2),(-5.999999999062E-07,2.5000006),.PIECEWISE_BEZIER_KNOTS.);
#7949 = CARTESIAN_POINT('',(0.253387155301,-5.999999999062E-07));
#7950 = CARTESIAN_POINT('',(0.253387155301,2.5000006));
#7951 = ( GEOMETRIC_REPRESENTATION_CONTEXT(2) 
PARAMETRIC_REPRESENTATION_CONTEXT() REPRESENTATION_CONTEXT('2D SPACE',''
  ) );
#7952 = PCURVE('',#6864,#7953);
#7953 = DEFINITIONAL_REPRESENTATION('',(#7954),#7957);
#7954 = B_SPLINE_CURVE_WITH_KNOTS('',1,(#7955,#7956),.UNSPECIFIED.,.F.,
  .F.,(2,2),(0.,2.5),.PIECEWISE_BEZIER_KNOTS.);
#7955 = CARTESIAN_POINT('',(7.639505317727,0.));
#7956 = CARTESIAN_POINT('',(7.639505317727,2.5));
#7957 = ( GEOMETRIC_REPRESENTATION_CONTEXT(2) 
PARAMETRIC_REPRESENTATION_CONTEXT() REPRESENTATION_CONTEXT('2D SPACE',''
  ) );
#7958 = ORIENTED_EDGE('',*,*,#6816,.T.);
#7959 = ORIENTED_EDGE('',*,*,#7960,.T.);
#7960 = EDGE_CURVE('',#6819,#7912,#7961,.T.);
#7961 = SURFACE_CURVE('',#7962,(#7966,#7972),.PCURVE_S1.);
#7962 = LINE('',#7963,#7964);
#7963 = CARTESIAN_POINT('',(-16.33997473222,4.690972793592,-24.94));
#7964 = VECTOR('',#7965,1.);
#7965 = DIRECTION('',(0.,0.,1.));
#7966 = PCURVE('',#6835,#7967);
#7967 = DEFINITIONAL_REPRESENTATION('',(#7968),#7971);
#7968 = B_SPLINE_CURVE_WITH_KNOTS('',1,(#7969,#7970),.UNSPECIFIED.,.F.,
  .F.,(2,2),(-5.999999999062E-07,2.5000006),.PIECEWISE_BEZIER_KNOTS.);
#7969 = CARTESIAN_POINT('',(2.862025559509,-5.999999999062E-07));
#7970 = CARTESIAN_POINT('',(2.862025559509,2.5000006));
#7971 = ( GEOMETRIC_REPRESENTATION_CONTEXT(2) 
PARAMETRIC_REPRESENTATION_CONTEXT() REPRESENTATION_CONTEXT('2D SPACE',''
  ) );
#7972 = PCURVE('',#6920,#7973);
#7973 = DEFINITIONAL_REPRESENTATION('',(#7974),#7977);
#7974 = B_SPLINE_CURVE_WITH_KNOTS('',1,(#7975,#7976),.UNSPECIFIED.,.F.,
  .F.,(2,2),(-5.999999999062E-07,2.5000006),.PIECEWISE_BEZIER_KNOTS.);
#7975 = CARTESIAN_POINT('',(1.759092704262,-5.999999999062E-07));
#7976 = CARTESIAN_POINT('',(1.759092704262,2.5000006));
#7977 = ( GEOMETRIC_REPRESENTATION_CONTEXT(2) 
PARAMETRIC_REPRESENTATION_CONTEXT() REPRESENTATION_CONTEXT('2D SPACE',''
  ) );
#7978 = ADVANCED_FACE('',(#7979),#6864,.F.);
#7979 = FACE_BOUND('',#7980,.F.);
#7980 = EDGE_LOOP('',(#7981,#7982,#7983,#8006,#8025,#8026,#8047,#8075));
#7981 = ORIENTED_EDGE('',*,*,#6847,.T.);
#7982 = ORIENTED_EDGE('',*,*,#7940,.T.);
#7983 = ORIENTED_EDGE('',*,*,#7984,.T.);
#7984 = EDGE_CURVE('',#7910,#7985,#7987,.T.);
#7985 = VERTEX_POINT('',#7986);
#7986 = CARTESIAN_POINT('',(12.577551242924,3.287127124347,-22.44));
#7987 = SURFACE_CURVE('',#7988,(#7993,#7999),.PCURVE_S1.);
#7988 = CIRCLE('',#7989,4.5);
#7989 = AXIS2_PLACEMENT_3D('',#7990,#7991,#7992);
#7990 = CARTESIAN_POINT('',(15.499409807495,-0.135261300225,-22.44));
#7991 = DIRECTION('',(0.,0.,1.));
#7992 = DIRECTION('',(1.,0.,-0.));
#7993 = PCURVE('',#6864,#7994);
#7994 = DEFINITIONAL_REPRESENTATION('',(#7995),#7998);
#7995 = B_SPLINE_CURVE_WITH_KNOTS('',1,(#7996,#7997),.UNSPECIFIED.,.F.,
  .F.,(2,2),(1.356320010548,2.277462496112),.PIECEWISE_BEZIER_KNOTS.);
#7996 = CARTESIAN_POINT('',(7.639505317727,2.5));
#7997 = CARTESIAN_POINT('',(8.560647803292,2.5));
#7998 = ( GEOMETRIC_REPRESENTATION_CONTEXT(2) 
PARAMETRIC_REPRESENTATION_CONTEXT() REPRESENTATION_CONTEXT('2D SPACE',''
  ) );
#7999 = PCURVE('',#7928,#8000);
#8000 = DEFINITIONAL_REPRESENTATION('',(#8001),#8005);
#8001 = CIRCLE('',#8002,4.5);
#8002 = AXIS2_PLACEMENT_2D('',#8003,#8004);
#8003 = CARTESIAN_POINT('',(15.499409807495,-0.135261300225));
#8004 = DIRECTION('',(1.,0.));
#8005 = ( GEOMETRIC_REPRESENTATION_CONTEXT(2) 
PARAMETRIC_REPRESENTATION_CONTEXT() REPRESENTATION_CONTEXT('2D SPACE',''
  ) );
#8006 = ORIENTED_EDGE('',*,*,#8007,.T.);
#8007 = EDGE_CURVE('',#7985,#7510,#8008,.T.);
#8008 = SURFACE_CURVE('',#8009,(#8013,#8019),.PCURVE_S1.);
#8009 = LINE('',#8010,#8011);
#8010 = CARTESIAN_POINT('',(12.577551242924,3.287127124347,-22.44));
#8011 = VECTOR('',#8012,1.);
#8012 = DIRECTION('',(0.,0.,1.));
#8013 = PCURVE('',#6864,#8014);
#8014 = DEFINITIONAL_REPRESENTATION('',(#8015),#8018);
#8015 = B_SPLINE_CURVE_WITH_KNOTS('',1,(#8016,#8017),.UNSPECIFIED.,.F.,
  .F.,(2,2),(0.,2.5),.PIECEWISE_BEZIER_KNOTS.);
#8016 = CARTESIAN_POINT('',(8.560647803292,2.5));
#8017 = CARTESIAN_POINT('',(8.560647803292,5.));
#8018 = ( GEOMETRIC_REPRESENTATION_CONTEXT(2) 
PARAMETRIC_REPRESENTATION_CONTEXT() REPRESENTATION_CONTEXT('2D SPACE',''
  ) );
#8019 = PCURVE('',#7528,#8020);
#8020 = DEFINITIONAL_REPRESENTATION('',(#8021),#8024);
#8021 = B_SPLINE_CURVE_WITH_KNOTS('',1,(#8022,#8023),.UNSPECIFIED.,.F.,
  .F.,(2,2),(-5.999999999062E-07,2.5000006),.PIECEWISE_BEZIER_KNOTS.);
#8022 = CARTESIAN_POINT('',(0.255630978011,-5.999999999062E-07));
#8023 = CARTESIAN_POINT('',(0.255630978011,2.5000006));
#8024 = ( GEOMETRIC_REPRESENTATION_CONTEXT(2) 
PARAMETRIC_REPRESENTATION_CONTEXT() REPRESENTATION_CONTEXT('2D SPACE',''
  ) );
#8025 = ORIENTED_EDGE('',*,*,#7540,.F.);
#8026 = ORIENTED_EDGE('',*,*,#8027,.F.);
#8027 = EDGE_CURVE('',#8028,#7541,#8030,.T.);
#8028 = VERTEX_POINT('',#8029);
#8029 = CARTESIAN_POINT('',(12.518267342364,-3.506135015242,-22.44));
#8030 = SURFACE_CURVE('',#8031,(#8035,#8041),.PCURVE_S1.);
#8031 = LINE('',#8032,#8033);
#8032 = CARTESIAN_POINT('',(12.518267342364,-3.506135015242,-22.44));
#8033 = VECTOR('',#8034,1.);
#8034 = DIRECTION('',(0.,0.,1.));
#8035 = PCURVE('',#6864,#8036);
#8036 = DEFINITIONAL_REPRESENTATION('',(#8037),#8040);
#8037 = B_SPLINE_CURVE_WITH_KNOTS('',1,(#8038,#8039),.UNSPECIFIED.,.F.,
  .F.,(2,2),(0.,2.5),.PIECEWISE_BEZIER_KNOTS.);
#8038 = CARTESIAN_POINT('',(3.988269518548,2.5));
#8039 = CARTESIAN_POINT('',(3.988269518548,5.));
#8040 = ( GEOMETRIC_REPRESENTATION_CONTEXT(2) 
PARAMETRIC_REPRESENTATION_CONTEXT() REPRESENTATION_CONTEXT('2D SPACE',''
  ) );
#8041 = PCURVE('',#7581,#8042);
#8042 = DEFINITIONAL_REPRESENTATION('',(#8043),#8046);
#8043 = B_SPLINE_CURVE_WITH_KNOTS('',1,(#8044,#8045),.UNSPECIFIED.,.F.,
  .F.,(2,2),(-5.999999999062E-07,2.5000006),.PIECEWISE_BEZIER_KNOTS.);
#8044 = CARTESIAN_POINT('',(6.010101036648,-5.999999999062E-07));
#8045 = CARTESIAN_POINT('',(6.010101036648,2.5000006));
#8046 = ( GEOMETRIC_REPRESENTATION_CONTEXT(2) 
PARAMETRIC_REPRESENTATION_CONTEXT() REPRESENTATION_CONTEXT('2D SPACE',''
  ) );
#8047 = ORIENTED_EDGE('',*,*,#8048,.T.);
#8048 = EDGE_CURVE('',#8028,#8049,#8051,.T.);
#8049 = VERTEX_POINT('',#8050);
#8050 = CARTESIAN_POINT('',(16.380288496662,-4.548202806179,-22.44));
#8051 = SURFACE_CURVE('',#8052,(#8057,#8063),.PCURVE_S1.);
#8052 = CIRCLE('',#8053,4.5);
#8053 = AXIS2_PLACEMENT_3D('',#8054,#8055,#8056);
#8054 = CARTESIAN_POINT('',(15.499409807495,-0.135261300225,-22.44));
#8055 = DIRECTION('',(0.,0.,1.));
#8056 = DIRECTION('',(1.,0.,-0.));
#8057 = PCURVE('',#6864,#8058);
#8058 = DEFINITIONAL_REPRESENTATION('',(#8059),#8062);
#8059 = B_SPLINE_CURVE_WITH_KNOTS('',1,(#8060,#8061),.UNSPECIFIED.,.F.,
  .F.,(2,2),(3.988269518548,4.909412004112),.PIECEWISE_BEZIER_KNOTS.);
#8060 = CARTESIAN_POINT('',(3.988269518548,2.5));
#8061 = CARTESIAN_POINT('',(4.909412004112,2.5));
#8062 = ( GEOMETRIC_REPRESENTATION_CONTEXT(2) 
PARAMETRIC_REPRESENTATION_CONTEXT() REPRESENTATION_CONTEXT('2D SPACE',''
  ) );
#8063 = PCURVE('',#8064,#8069);
#8064 = PLANE('',#8065);
#8065 = AXIS2_PLACEMENT_3D('',#8066,#8067,#8068);
#8066 = CARTESIAN_POINT('',(0.,0.,-22.44));
#8067 = DIRECTION('',(0.,0.,1.));
#8068 = DIRECTION('',(1.,0.,-0.));
#8069 = DEFINITIONAL_REPRESENTATION('',(#8070),#8074);
#8070 = CIRCLE('',#8071,4.5);
#8071 = AXIS2_PLACEMENT_2D('',#8072,#8073);
#8072 = CARTESIAN_POINT('',(15.499409807495,-0.135261300225));
#8073 = DIRECTION('',(1.,0.));
#8074 = ( GEOMETRIC_REPRESENTATION_CONTEXT(2) 
PARAMETRIC_REPRESENTATION_CONTEXT() REPRESENTATION_CONTEXT('2D SPACE',''
  ) );
#8075 = ORIENTED_EDGE('',*,*,#8076,.F.);
#8076 = EDGE_CURVE('',#6848,#8049,#8077,.T.);
#8077 = SURFACE_CURVE('',#8078,(#8082,#8088),.PCURVE_S1.);
#8078 = LINE('',#8079,#8080);
#8079 = CARTESIAN_POINT('',(16.380288496662,-4.548202806179,-24.94));
#8080 = VECTOR('',#8081,1.);
#8081 = DIRECTION('',(0.,0.,1.));
#8082 = PCURVE('',#6864,#8083);
#8083 = DEFINITIONAL_REPRESENTATION('',(#8084),#8087);
#8084 = B_SPLINE_CURVE_WITH_KNOTS('',1,(#8085,#8086),.UNSPECIFIED.,.F.,
  .F.,(2,2),(0.,2.5),.PIECEWISE_BEZIER_KNOTS.);
#8085 = CARTESIAN_POINT('',(4.909412004112,0.));
#8086 = CARTESIAN_POINT('',(4.909412004112,2.5));
#8087 = ( GEOMETRIC_REPRESENTATION_CONTEXT(2) 
PARAMETRIC_REPRESENTATION_CONTEXT() REPRESENTATION_CONTEXT('2D SPACE',''
  ) );
#8088 = PCURVE('',#6893,#8089);
#8089 = DEFINITIONAL_REPRESENTATION('',(#8090),#8093);
#8090 = B_SPLINE_CURVE_WITH_KNOTS('',1,(#8091,#8092),.UNSPECIFIED.,.F.,
  .F.,(2,2),(-5.999999999062E-07,2.5000006),.PIECEWISE_BEZIER_KNOTS.);
#8091 = CARTESIAN_POINT('',(6.012344859359,-5.999999999062E-07));
#8092 = CARTESIAN_POINT('',(6.012344859359,2.5000006));
#8093 = ( GEOMETRIC_REPRESENTATION_CONTEXT(2) 
PARAMETRIC_REPRESENTATION_CONTEXT() REPRESENTATION_CONTEXT('2D SPACE',''
  ) );
#8094 = ADVANCED_FACE('',(#8095),#6920,.F.);
#8095 = FACE_BOUND('',#8096,.F.);
#8096 = EDGE_LOOP('',(#8097,#8098,#8119,#8141,#8142,#8143,#8164,#8188));
#8097 = ORIENTED_EDGE('',*,*,#7593,.F.);
#8098 = ORIENTED_EDGE('',*,*,#8099,.F.);
#8099 = EDGE_CURVE('',#8100,#7512,#8102,.T.);
#8100 = VERTEX_POINT('',#8101);
#8101 = CARTESIAN_POINT('',(-12.48719427342,3.615242616705,-22.44));
#8102 = SURFACE_CURVE('',#8103,(#8107,#8113),.PCURVE_S1.);
#8103 = LINE('',#8104,#8105);
#8104 = CARTESIAN_POINT('',(-12.48719427342,3.615242616705,-22.44));
#8105 = VECTOR('',#8106,1.);
#8106 = DIRECTION('',(0.,0.,1.));
#8107 = PCURVE('',#6920,#8108);
#8108 = DEFINITIONAL_REPRESENTATION('',(#8109),#8112);
#8109 = B_SPLINE_CURVE_WITH_KNOTS('',1,(#8110,#8111),.UNSPECIFIED.,.F.,
  .F.,(2,2),(-5.999999999062E-07,2.5000006),.PIECEWISE_BEZIER_KNOTS.);
#8110 = CARTESIAN_POINT('',(0.837950218698,2.4999994));
#8111 = CARTESIAN_POINT('',(0.837950218698,5.0000006));
#8112 = ( GEOMETRIC_REPRESENTATION_CONTEXT(2) 
PARAMETRIC_REPRESENTATION_CONTEXT() REPRESENTATION_CONTEXT('2D SPACE',''
  ) );
#8113 = PCURVE('',#7528,#8114);
#8114 = DEFINITIONAL_REPRESENTATION('',(#8115),#8118);
#8115 = B_SPLINE_CURVE_WITH_KNOTS('',1,(#8116,#8117),.UNSPECIFIED.,.F.,
  .F.,(2,2),(-5.999999999062E-07,2.5000006),.PIECEWISE_BEZIER_KNOTS.);
#8116 = CARTESIAN_POINT('',(2.859781736799,-5.999999999062E-07));
#8117 = CARTESIAN_POINT('',(2.859781736799,2.5000006));
#8118 = ( GEOMETRIC_REPRESENTATION_CONTEXT(2) 
PARAMETRIC_REPRESENTATION_CONTEXT() REPRESENTATION_CONTEXT('2D SPACE',''
  ) );
#8119 = ORIENTED_EDGE('',*,*,#8120,.T.);
#8120 = EDGE_CURVE('',#8100,#7912,#8121,.T.);
#8121 = SURFACE_CURVE('',#8122,(#8127,#8134),.PCURVE_S1.);
#8122 = CIRCLE('',#8123,4.5);
#8123 = AXIS2_PLACEMENT_3D('',#8124,#8125,#8126);
#8124 = CARTESIAN_POINT('',(-15.49763927492,0.270512299778,-22.44));
#8125 = DIRECTION('',(0.,0.,1.));
#8126 = DIRECTION('',(1.,0.,-0.));
#8127 = PCURVE('',#6920,#8128);
#8128 = DEFINITIONAL_REPRESENTATION('',(#8129),#8133);
#8129 = LINE('',#8130,#8131);
#8130 = CARTESIAN_POINT('',(0.,2.5));
#8131 = VECTOR('',#8132,1.);
#8132 = DIRECTION('',(1.,0.));
#8133 = ( GEOMETRIC_REPRESENTATION_CONTEXT(2) 
PARAMETRIC_REPRESENTATION_CONTEXT() REPRESENTATION_CONTEXT('2D SPACE',''
  ) );
#8134 = PCURVE('',#7928,#8135);
#8135 = DEFINITIONAL_REPRESENTATION('',(#8136),#8140);
#8136 = CIRCLE('',#8137,4.5);
#8137 = AXIS2_PLACEMENT_2D('',#8138,#8139);
#8138 = CARTESIAN_POINT('',(-15.49763927492,0.270512299778));
#8139 = DIRECTION('',(1.,0.));
#8140 = ( GEOMETRIC_REPRESENTATION_CONTEXT(2) 
PARAMETRIC_REPRESENTATION_CONTEXT() REPRESENTATION_CONTEXT('2D SPACE',''
  ) );
#8141 = ORIENTED_EDGE('',*,*,#7960,.F.);
#8142 = ORIENTED_EDGE('',*,*,#6905,.T.);
#8143 = ORIENTED_EDGE('',*,*,#8144,.T.);
#8144 = EDGE_CURVE('',#6877,#8145,#8147,.T.);
#8145 = VERTEX_POINT('',#8146);
#8146 = CARTESIAN_POINT('',(-16.49373345065,-4.117858285426,-22.44));
#8147 = SURFACE_CURVE('',#8148,(#8152,#8158),.PCURVE_S1.);
#8148 = LINE('',#8149,#8150);
#8149 = CARTESIAN_POINT('',(-16.49373345065,-4.117858285426,-24.94));
#8150 = VECTOR('',#8151,1.);
#8151 = DIRECTION('',(0.,0.,1.));
#8152 = PCURVE('',#6920,#8153);
#8153 = DEFINITIONAL_REPRESENTATION('',(#8154),#8157);
#8154 = B_SPLINE_CURVE_WITH_KNOTS('',1,(#8155,#8156),.UNSPECIFIED.,.F.,
  .F.,(2,2),(-5.999999999062E-07,2.5000006),.PIECEWISE_BEZIER_KNOTS.);
#8155 = CARTESIAN_POINT('',(4.489186017878,-5.999999999062E-07));
#8156 = CARTESIAN_POINT('',(4.489186017878,2.5000006));
#8157 = ( GEOMETRIC_REPRESENTATION_CONTEXT(2) 
PARAMETRIC_REPRESENTATION_CONTEXT() REPRESENTATION_CONTEXT('2D SPACE',''
  ) );
#8158 = PCURVE('',#6893,#8159);
#8159 = DEFINITIONAL_REPRESENTATION('',(#8160),#8163);
#8160 = B_SPLINE_CURVE_WITH_KNOTS('',1,(#8161,#8162),.UNSPECIFIED.,.F.,
  .F.,(2,2),(-5.999999999062E-07,2.5000006),.PIECEWISE_BEZIER_KNOTS.);
#8161 = CARTESIAN_POINT('',(3.386253162631,-5.999999999062E-07));
#8162 = CARTESIAN_POINT('',(3.386253162631,2.5000006));
#8163 = ( GEOMETRIC_REPRESENTATION_CONTEXT(2) 
PARAMETRIC_REPRESENTATION_CONTEXT() REPRESENTATION_CONTEXT('2D SPACE',''
  ) );
#8164 = ORIENTED_EDGE('',*,*,#8165,.T.);
#8165 = EDGE_CURVE('',#8145,#8166,#8168,.T.);
#8166 = VERTEX_POINT('',#8167);
#8167 = CARTESIAN_POINT('',(-12.60575755985,-3.177243513215,-22.44));
#8168 = SURFACE_CURVE('',#8169,(#8174,#8181),.PCURVE_S1.);
#8169 = CIRCLE('',#8170,4.5);
#8170 = AXIS2_PLACEMENT_3D('',#8171,#8172,#8173);
#8171 = CARTESIAN_POINT('',(-15.49763927492,0.270512299778,-22.44));
#8172 = DIRECTION('',(0.,0.,1.));
#8173 = DIRECTION('',(1.,0.,-0.));
#8174 = PCURVE('',#6920,#8175);
#8175 = DEFINITIONAL_REPRESENTATION('',(#8176),#8180);
#8176 = LINE('',#8177,#8178);
#8177 = CARTESIAN_POINT('',(0.,2.5));
#8178 = VECTOR('',#8179,1.);
#8179 = DIRECTION('',(1.,0.));
#8180 = ( GEOMETRIC_REPRESENTATION_CONTEXT(2) 
PARAMETRIC_REPRESENTATION_CONTEXT() REPRESENTATION_CONTEXT('2D SPACE',''
  ) );
#8181 = PCURVE('',#8064,#8182);
#8182 = DEFINITIONAL_REPRESENTATION('',(#8183),#8187);
#8183 = CIRCLE('',#8184,4.5);
#8184 = AXIS2_PLACEMENT_2D('',#8185,#8186);
#8185 = CARTESIAN_POINT('',(-15.49763927492,0.270512299778));
#8186 = DIRECTION('',(1.,0.));
#8187 = ( GEOMETRIC_REPRESENTATION_CONTEXT(2) 
PARAMETRIC_REPRESENTATION_CONTEXT() REPRESENTATION_CONTEXT('2D SPACE',''
  ) );
#8188 = ORIENTED_EDGE('',*,*,#8189,.T.);
#8189 = EDGE_CURVE('',#8166,#7565,#8190,.T.);
#8190 = SURFACE_CURVE('',#8191,(#8195,#8201),.PCURVE_S1.);
#8191 = LINE('',#8192,#8193);
#8192 = CARTESIAN_POINT('',(-12.60575755985,-3.177243513215,-22.44));
#8193 = VECTOR('',#8194,1.);
#8194 = DIRECTION('',(0.,0.,1.));
#8195 = PCURVE('',#6920,#8196);
#8196 = DEFINITIONAL_REPRESENTATION('',(#8197),#8200);
#8197 = B_SPLINE_CURVE_WITH_KNOTS('',1,(#8198,#8199),.UNSPECIFIED.,.F.,
  .F.,(2,2),(-5.999999999062E-07,2.5000006),.PIECEWISE_BEZIER_KNOTS.);
#8198 = CARTESIAN_POINT('',(5.410328503442,2.4999994));
#8199 = CARTESIAN_POINT('',(5.410328503442,5.0000006));
#8200 = ( GEOMETRIC_REPRESENTATION_CONTEXT(2) 
PARAMETRIC_REPRESENTATION_CONTEXT() REPRESENTATION_CONTEXT('2D SPACE',''
  ) );
#8201 = PCURVE('',#7581,#8202);
#8202 = DEFINITIONAL_REPRESENTATION('',(#8203),#8206);
#8203 = B_SPLINE_CURVE_WITH_KNOTS('',1,(#8204,#8205),.UNSPECIFIED.,.F.,
  .F.,(2,2),(-5.999999999062E-07,2.5000006),.PIECEWISE_BEZIER_KNOTS.);
#8204 = CARTESIAN_POINT('',(3.388496985341,-5.999999999062E-07));
#8205 = CARTESIAN_POINT('',(3.388496985341,2.5000006));
#8206 = ( GEOMETRIC_REPRESENTATION_CONTEXT(2) 
PARAMETRIC_REPRESENTATION_CONTEXT() REPRESENTATION_CONTEXT('2D SPACE',''
  ) );
#8207 = ADVANCED_FACE('',(#8208),#6893,.F.);
#8208 = FACE_BOUND('',#8209,.F.);
#8209 = EDGE_LOOP('',(#8210,#8232,#8233,#8234));
#8210 = ORIENTED_EDGE('',*,*,#8211,.F.);
#8211 = EDGE_CURVE('',#8145,#8049,#8212,.T.);
#8212 = SURFACE_CURVE('',#8213,(#8218,#8225),.PCURVE_S1.);
#8213 = CIRCLE('',#8214,17.);
#8214 = AXIS2_PLACEMENT_3D('',#8215,#8216,#8217);
#8215 = CARTESIAN_POINT('',(0.,0.,-22.44));
#8216 = DIRECTION('',(0.,0.,1.));
#8217 = DIRECTION('',(1.,0.,-0.));
#8218 = PCURVE('',#6893,#8219);
#8219 = DEFINITIONAL_REPRESENTATION('',(#8220),#8224);
#8220 = LINE('',#8221,#8222);
#8221 = CARTESIAN_POINT('',(0.,2.5));
#8222 = VECTOR('',#8223,1.);
#8223 = DIRECTION('',(1.,0.));
#8224 = ( GEOMETRIC_REPRESENTATION_CONTEXT(2) 
PARAMETRIC_REPRESENTATION_CONTEXT() REPRESENTATION_CONTEXT('2D SPACE',''
  ) );
#8225 = PCURVE('',#8064,#8226);
#8226 = DEFINITIONAL_REPRESENTATION('',(#8227),#8231);
#8227 = CIRCLE('',#8228,17.);
#8228 = AXIS2_PLACEMENT_2D('',#8229,#8230);
#8229 = CARTESIAN_POINT('',(0.,0.));
#8230 = DIRECTION('',(1.,0.));
#8231 = ( GEOMETRIC_REPRESENTATION_CONTEXT(2) 
PARAMETRIC_REPRESENTATION_CONTEXT() REPRESENTATION_CONTEXT('2D SPACE',''
  ) );
#8232 = ORIENTED_EDGE('',*,*,#8144,.F.);
#8233 = ORIENTED_EDGE('',*,*,#6876,.T.);
#8234 = ORIENTED_EDGE('',*,*,#8076,.T.);
#8235 = ADVANCED_FACE('',(#8236),#6951,.F.);
#8236 = FACE_BOUND('',#8237,.F.);
#8237 = EDGE_LOOP('',(#8238,#8262,#8283,#8284));
#8238 = ORIENTED_EDGE('',*,*,#8239,.F.);
#8239 = EDGE_CURVE('',#8240,#8240,#8242,.T.);
#8240 = VERTEX_POINT('',#8241);
#8241 = CARTESIAN_POINT('',(46.,44.,-19.24));
#8242 = SURFACE_CURVE('',#8243,(#8248,#8255),.PCURVE_S1.);
#8243 = CIRCLE('',#8244,2.);
#8244 = AXIS2_PLACEMENT_3D('',#8245,#8246,#8247);
#8245 = CARTESIAN_POINT('',(44.,44.,-19.24));
#8246 = DIRECTION('',(0.,0.,1.));
#8247 = DIRECTION('',(1.,0.,-0.));
#8248 = PCURVE('',#6951,#8249);
#8249 = DEFINITIONAL_REPRESENTATION('',(#8250),#8254);
#8250 = LINE('',#8251,#8252);
#8251 = CARTESIAN_POINT('',(0.,5.7));
#8252 = VECTOR('',#8253,1.);
#8253 = DIRECTION('',(1.,0.));
#8254 = ( GEOMETRIC_REPRESENTATION_CONTEXT(2) 
PARAMETRIC_REPRESENTATION_CONTEXT() REPRESENTATION_CONTEXT('2D SPACE',''
  ) );
#8255 = PCURVE('',#7456,#8256);
#8256 = DEFINITIONAL_REPRESENTATION('',(#8257),#8261);
#8257 = CIRCLE('',#8258,2.);
#8258 = AXIS2_PLACEMENT_2D('',#8259,#8260);
#8259 = CARTESIAN_POINT('',(0.,0.));
#8260 = DIRECTION('',(1.,0.));
#8261 = ( GEOMETRIC_REPRESENTATION_CONTEXT(2) 
PARAMETRIC_REPRESENTATION_CONTEXT() REPRESENTATION_CONTEXT('2D SPACE',''
  ) );
#8262 = ORIENTED_EDGE('',*,*,#8263,.F.);
#8263 = EDGE_CURVE('',#6935,#8240,#8264,.T.);
#8264 = SEAM_CURVE('',#8265,(#8269,#8276),.PCURVE_S1.);
#8265 = LINE('',#8266,#8267);
#8266 = CARTESIAN_POINT('',(46.,44.,-24.94));
#8267 = VECTOR('',#8268,1.);
#8268 = DIRECTION('',(0.,0.,1.));
#8269 = PCURVE('',#6951,#8270);
#8270 = DEFINITIONAL_REPRESENTATION('',(#8271),#8275);
#8271 = LINE('',#8272,#8273);
#8272 = CARTESIAN_POINT('',(6.28318530718,-0.));
#8273 = VECTOR('',#8274,1.);
#8274 = DIRECTION('',(0.,1.));
#8275 = ( GEOMETRIC_REPRESENTATION_CONTEXT(2) 
PARAMETRIC_REPRESENTATION_CONTEXT() REPRESENTATION_CONTEXT('2D SPACE',''
  ) );
#8276 = PCURVE('',#6951,#8277);
#8277 = DEFINITIONAL_REPRESENTATION('',(#8278),#8282);
#8278 = LINE('',#8279,#8280);
#8279 = CARTESIAN_POINT('',(0.,-0.));
#8280 = VECTOR('',#8281,1.);
#8281 = DIRECTION('',(0.,1.));
#8282 = ( GEOMETRIC_REPRESENTATION_CONTEXT(2) 
PARAMETRIC_REPRESENTATION_CONTEXT() REPRESENTATION_CONTEXT('2D SPACE',''
  ) );
#8283 = ORIENTED_EDGE('',*,*,#6934,.T.);
#8284 = ORIENTED_EDGE('',*,*,#8263,.T.);
#8285 = ADVANCED_FACE('',(#8286,#8289),#7004,.T.);
#8286 = FACE_BOUND('',#8287,.T.);
#8287 = EDGE_LOOP('',(#8288));
#8288 = ORIENTED_EDGE('',*,*,#6989,.T.);
#8289 = FACE_BOUND('',#8290,.T.);
#8290 = EDGE_LOOP('',(#8291));
#8291 = ORIENTED_EDGE('',*,*,#7649,.F.);
#8292 = ADVANCED_FACE('',(#8293,#8296),#7122,.T.);
#8293 = FACE_BOUND('',#8294,.T.);
#8294 = EDGE_LOOP('',(#8295));
#8295 = ORIENTED_EDGE('',*,*,#7107,.T.);
#8296 = FACE_BOUND('',#8297,.T.);
#8297 = EDGE_LOOP('',(#8298));
#8298 = ORIENTED_EDGE('',*,*,#7859,.F.);
#8299 = ADVANCED_FACE('',(#8300,#8303),#7289,.T.);
#8300 = FACE_BOUND('',#8301,.T.);
#8301 = EDGE_LOOP('',(#8302));
#8302 = ORIENTED_EDGE('',*,*,#7274,.T.);
#8303 = FACE_BOUND('',#8304,.T.);
#8304 = EDGE_LOOP('',(#8305));
#8305 = ORIENTED_EDGE('',*,*,#7699,.F.);
#8306 = ADVANCED_FACE('',(#8307,#8310),#7456,.T.);
#8307 = FACE_BOUND('',#8308,.T.);
#8308 = EDGE_LOOP('',(#8309));
#8309 = ORIENTED_EDGE('',*,*,#7441,.T.);
#8310 = FACE_BOUND('',#8311,.T.);
#8311 = EDGE_LOOP('',(#8312));
#8312 = ORIENTED_EDGE('',*,*,#8239,.F.);
#8313 = ADVANCED_FACE('',(#8314),#7495,.F.);
#8314 = FACE_BOUND('',#8315,.F.);
#8315 = EDGE_LOOP('',(#8316,#8317,#8340,#8362));
#8316 = ORIENTED_EDGE('',*,*,#7478,.F.);
#8317 = ORIENTED_EDGE('',*,*,#8318,.F.);
#8318 = EDGE_CURVE('',#8319,#7479,#8321,.T.);
#8319 = VERTEX_POINT('',#8320);
#8320 = CARTESIAN_POINT('',(15.141440953048,-15.77658500572,-22.24));
#8321 = SEAM_CURVE('',#8322,(#8326,#8333),.PCURVE_S1.);
#8322 = LINE('',#8323,#8324);
#8323 = CARTESIAN_POINT('',(15.141440953048,-15.77658500572,-22.24));
#8324 = VECTOR('',#8325,1.);
#8325 = DIRECTION('',(0.,0.,1.));
#8326 = PCURVE('',#7495,#8327);
#8327 = DEFINITIONAL_REPRESENTATION('',(#8328),#8332);
#8328 = LINE('',#8329,#8330);
#8329 = CARTESIAN_POINT('',(6.28318530718,-0.));
#8330 = VECTOR('',#8331,1.);
#8331 = DIRECTION('',(0.,1.));
#8332 = ( GEOMETRIC_REPRESENTATION_CONTEXT(2) 
PARAMETRIC_REPRESENTATION_CONTEXT() REPRESENTATION_CONTEXT('2D SPACE',''
  ) );
#8333 = PCURVE('',#7495,#8334);
#8334 = DEFINITIONAL_REPRESENTATION('',(#8335),#8339);
#8335 = LINE('',#8336,#8337);
#8336 = CARTESIAN_POINT('',(0.,-0.));
#8337 = VECTOR('',#8338,1.);
#8338 = DIRECTION('',(0.,1.));
#8339 = ( GEOMETRIC_REPRESENTATION_CONTEXT(2) 
PARAMETRIC_REPRESENTATION_CONTEXT() REPRESENTATION_CONTEXT('2D SPACE',''
  ) );
#8340 = ORIENTED_EDGE('',*,*,#8341,.T.);
#8341 = EDGE_CURVE('',#8319,#8319,#8342,.T.);
#8342 = SURFACE_CURVE('',#8343,(#8348,#8355),.PCURVE_S1.);
#8343 = CIRCLE('',#8344,4.5);
#8344 = AXIS2_PLACEMENT_3D('',#8345,#8346,#8347);
#8345 = CARTESIAN_POINT('',(10.641440953048,-15.77658500572,-22.24));
#8346 = DIRECTION('',(0.,0.,1.));
#8347 = DIRECTION('',(1.,0.,-0.));
#8348 = PCURVE('',#7495,#8349);
#8349 = DEFINITIONAL_REPRESENTATION('',(#8350),#8354);
#8350 = LINE('',#8351,#8352);
#8351 = CARTESIAN_POINT('',(0.,0.));
#8352 = VECTOR('',#8353,1.);
#8353 = DIRECTION('',(1.,0.));
#8354 = ( GEOMETRIC_REPRESENTATION_CONTEXT(2) 
PARAMETRIC_REPRESENTATION_CONTEXT() REPRESENTATION_CONTEXT('2D SPACE',''
  ) );
#8355 = PCURVE('',#7766,#8356);
#8356 = DEFINITIONAL_REPRESENTATION('',(#8357),#8361);
#8357 = CIRCLE('',#8358,4.5);
#8358 = AXIS2_PLACEMENT_2D('',#8359,#8360);
#8359 = CARTESIAN_POINT('',(0.,0.));
#8360 = DIRECTION('',(1.,0.));
#8361 = ( GEOMETRIC_REPRESENTATION_CONTEXT(2) 
PARAMETRIC_REPRESENTATION_CONTEXT() REPRESENTATION_CONTEXT('2D SPACE',''
  ) );
#8362 = ORIENTED_EDGE('',*,*,#8318,.T.);
#8363 = ADVANCED_FACE('',(#8364),#7528,.F.);
#8364 = FACE_BOUND('',#8365,.F.);
#8365 = EDGE_LOOP('',(#8366,#8367,#8368,#8390));
#8366 = ORIENTED_EDGE('',*,*,#7509,.F.);
#8367 = ORIENTED_EDGE('',*,*,#8007,.F.);
#8368 = ORIENTED_EDGE('',*,*,#8369,.T.);
#8369 = EDGE_CURVE('',#7985,#8100,#8370,.T.);
#8370 = SURFACE_CURVE('',#8371,(#8376,#8383),.PCURVE_S1.);
#8371 = CIRCLE('',#8372,13.);
#8372 = AXIS2_PLACEMENT_3D('',#8373,#8374,#8375);
#8373 = CARTESIAN_POINT('',(0.,0.,-22.44));
#8374 = DIRECTION('',(0.,0.,1.));
#8375 = DIRECTION('',(1.,0.,-0.));
#8376 = PCURVE('',#7528,#8377);
#8377 = DEFINITIONAL_REPRESENTATION('',(#8378),#8382);
#8378 = LINE('',#8379,#8380);
#8379 = CARTESIAN_POINT('',(0.,0.));
#8380 = VECTOR('',#8381,1.);
#8381 = DIRECTION('',(1.,0.));
#8382 = ( GEOMETRIC_REPRESENTATION_CONTEXT(2) 
PARAMETRIC_REPRESENTATION_CONTEXT() REPRESENTATION_CONTEXT('2D SPACE',''
  ) );
#8383 = PCURVE('',#7928,#8384);
#8384 = DEFINITIONAL_REPRESENTATION('',(#8385),#8389);
#8385 = CIRCLE('',#8386,13.);
#8386 = AXIS2_PLACEMENT_2D('',#8387,#8388);
#8387 = CARTESIAN_POINT('',(0.,0.));
#8388 = DIRECTION('',(1.,0.));
#8389 = ( GEOMETRIC_REPRESENTATION_CONTEXT(2) 
PARAMETRIC_REPRESENTATION_CONTEXT() REPRESENTATION_CONTEXT('2D SPACE',''
  ) );
#8390 = ORIENTED_EDGE('',*,*,#8099,.T.);
#8391 = ADVANCED_FACE('',(#8392),#7581,.F.);
#8392 = FACE_BOUND('',#8393,.F.);
#8393 = EDGE_LOOP('',(#8394,#8395,#8396,#8418));
#8394 = ORIENTED_EDGE('',*,*,#7564,.F.);
#8395 = ORIENTED_EDGE('',*,*,#8189,.F.);
#8396 = ORIENTED_EDGE('',*,*,#8397,.T.);
#8397 = EDGE_CURVE('',#8166,#8028,#8398,.T.);
#8398 = SURFACE_CURVE('',#8399,(#8404,#8411),.PCURVE_S1.);
#8399 = CIRCLE('',#8400,13.);
#8400 = AXIS2_PLACEMENT_3D('',#8401,#8402,#8403);
#8401 = CARTESIAN_POINT('',(0.,0.,-22.44));
#8402 = DIRECTION('',(0.,0.,1.));
#8403 = DIRECTION('',(1.,0.,-0.));
#8404 = PCURVE('',#7581,#8405);
#8405 = DEFINITIONAL_REPRESENTATION('',(#8406),#8410);
#8406 = LINE('',#8407,#8408);
#8407 = CARTESIAN_POINT('',(0.,0.));
#8408 = VECTOR('',#8409,1.);
#8409 = DIRECTION('',(1.,0.));
#8410 = ( GEOMETRIC_REPRESENTATION_CONTEXT(2) 
PARAMETRIC_REPRESENTATION_CONTEXT() REPRESENTATION_CONTEXT('2D SPACE',''
  ) );
#8411 = PCURVE('',#8064,#8412);
#8412 = DEFINITIONAL_REPRESENTATION('',(#8413),#8417);
#8413 = CIRCLE('',#8414,13.);
#8414 = AXIS2_PLACEMENT_2D('',#8415,#8416);
#8415 = CARTESIAN_POINT('',(0.,0.));
#8416 = DIRECTION('',(1.,0.));
#8417 = ( GEOMETRIC_REPRESENTATION_CONTEXT(2) 
PARAMETRIC_REPRESENTATION_CONTEXT() REPRESENTATION_CONTEXT('2D SPACE',''
  ) );
#8418 = ORIENTED_EDGE('',*,*,#8027,.T.);
#8419 = ADVANCED_FACE('',(#8420),#7634,.F.);
#8420 = FACE_BOUND('',#8421,.F.);
#8421 = EDGE_LOOP('',(#8422,#8423,#8446,#8468));
#8422 = ORIENTED_EDGE('',*,*,#7617,.F.);
#8423 = ORIENTED_EDGE('',*,*,#8424,.F.);
#8424 = EDGE_CURVE('',#8425,#7618,#8427,.T.);
#8425 = VERTEX_POINT('',#8426);
#8426 = CARTESIAN_POINT('',(-4.812948056781,16.595478254383,-22.24));
#8427 = SEAM_CURVE('',#8428,(#8432,#8439),.PCURVE_S1.);
#8428 = LINE('',#8429,#8430);
#8429 = CARTESIAN_POINT('',(-4.812948056781,16.595478254383,-22.24));
#8430 = VECTOR('',#8431,1.);
#8431 = DIRECTION('',(0.,0.,1.));
#8432 = PCURVE('',#7634,#8433);
#8433 = DEFINITIONAL_REPRESENTATION('',(#8434),#8438);
#8434 = LINE('',#8435,#8436);
#8435 = CARTESIAN_POINT('',(6.28318530718,-0.));
#8436 = VECTOR('',#8437,1.);
#8437 = DIRECTION('',(0.,1.));
#8438 = ( GEOMETRIC_REPRESENTATION_CONTEXT(2) 
PARAMETRIC_REPRESENTATION_CONTEXT() REPRESENTATION_CONTEXT('2D SPACE',''
  ) );
#8439 = PCURVE('',#7634,#8440);
#8440 = DEFINITIONAL_REPRESENTATION('',(#8441),#8445);
#8441 = LINE('',#8442,#8443);
#8442 = CARTESIAN_POINT('',(0.,-0.));
#8443 = VECTOR('',#8444,1.);
#8444 = DIRECTION('',(0.,1.));
#8445 = ( GEOMETRIC_REPRESENTATION_CONTEXT(2) 
PARAMETRIC_REPRESENTATION_CONTEXT() REPRESENTATION_CONTEXT('2D SPACE',''
  ) );
#8446 = ORIENTED_EDGE('',*,*,#8447,.T.);
#8447 = EDGE_CURVE('',#8425,#8425,#8448,.T.);
#8448 = SURFACE_CURVE('',#8449,(#8454,#8461),.PCURVE_S1.);
#8449 = CIRCLE('',#8450,4.5);
#8450 = AXIS2_PLACEMENT_3D('',#8451,#8452,#8453);
#8451 = CARTESIAN_POINT('',(-9.312948056781,16.595478254383,-22.24));
#8452 = DIRECTION('',(0.,0.,1.));
#8453 = DIRECTION('',(1.,0.,-0.));
#8454 = PCURVE('',#7634,#8455);
#8455 = DEFINITIONAL_REPRESENTATION('',(#8456),#8460);
#8456 = LINE('',#8457,#8458);
#8457 = CARTESIAN_POINT('',(0.,0.));
#8458 = VECTOR('',#8459,1.);
#8459 = DIRECTION('',(1.,0.));
#8460 = ( GEOMETRIC_REPRESENTATION_CONTEXT(2) 
PARAMETRIC_REPRESENTATION_CONTEXT() REPRESENTATION_CONTEXT('2D SPACE',''
  ) );
#8461 = PCURVE('',#7821,#8462);
#8462 = DEFINITIONAL_REPRESENTATION('',(#8463),#8467);
#8463 = CIRCLE('',#8464,4.5);
#8464 = AXIS2_PLACEMENT_2D('',#8465,#8466);
#8465 = CARTESIAN_POINT('',(0.,0.));
#8466 = DIRECTION('',(1.,0.));
#8467 = ( GEOMETRIC_REPRESENTATION_CONTEXT(2) 
PARAMETRIC_REPRESENTATION_CONTEXT() REPRESENTATION_CONTEXT('2D SPACE',''
  ) );
#8468 = ORIENTED_EDGE('',*,*,#8424,.T.);
#8469 = ADVANCED_FACE('',(#8470,#8473),#7766,.T.);
#8470 = FACE_BOUND('',#8471,.T.);
#8471 = EDGE_LOOP('',(#8472));
#8472 = ORIENTED_EDGE('',*,*,#8341,.T.);
#8473 = FACE_BOUND('',#8474,.T.);
#8474 = EDGE_LOOP('',(#8475));
#8475 = ORIENTED_EDGE('',*,*,#7749,.F.);
#8476 = ADVANCED_FACE('',(#8477,#8480),#7821,.T.);
#8477 = FACE_BOUND('',#8478,.T.);
#8478 = EDGE_LOOP('',(#8479));
#8479 = ORIENTED_EDGE('',*,*,#8447,.T.);
#8480 = FACE_BOUND('',#8481,.T.);
#8481 = EDGE_LOOP('',(#8482));
#8482 = ORIENTED_EDGE('',*,*,#7804,.F.);
#8483 = ADVANCED_FACE('',(#8484),#7928,.F.);
#8484 = FACE_BOUND('',#8485,.F.);
#8485 = EDGE_LOOP('',(#8486,#8487,#8488,#8489));
#8486 = ORIENTED_EDGE('',*,*,#7984,.F.);
#8487 = ORIENTED_EDGE('',*,*,#7909,.T.);
#8488 = ORIENTED_EDGE('',*,*,#8120,.F.);
#8489 = ORIENTED_EDGE('',*,*,#8369,.F.);
#8490 = ADVANCED_FACE('',(#8491),#8064,.F.);
#8491 = FACE_BOUND('',#8492,.F.);
#8492 = EDGE_LOOP('',(#8493,#8494,#8495,#8496));
#8493 = ORIENTED_EDGE('',*,*,#8165,.F.);
#8494 = ORIENTED_EDGE('',*,*,#8211,.T.);
#8495 = ORIENTED_EDGE('',*,*,#8048,.F.);
#8496 = ORIENTED_EDGE('',*,*,#8397,.F.);
#8497 = ( GEOMETRIC_REPRESENTATION_CONTEXT(3) 
GLOBAL_UNCERTAINTY_ASSIGNED_CONTEXT((#8501)) 
GLOBAL_UNIT_ASSIGNED_CONTEXT((#8498,#8499,#8500)) REPRESENTATION_CONTEXT
('Context #1','3D Context with UNIT and UNCERTAINTY') );
#8498 = ( LENGTH_UNIT() NAMED_UNIT(*) SI_UNIT(.MILLI.,.METRE.) );
#8499 = ( NAMED_UNIT(*) PLANE_ANGLE_UNIT() SI_UNIT($,.RADIAN.) );
#8500 = ( NAMED_UNIT(*) SI_UNIT($,.STERADIAN.) SOLID_ANGLE_UNIT() );
#8501 = UNCERTAINTY_MEASURE_WITH_UNIT(LENGTH_MEASURE(5.E-06),#8498,
  'distance_accuracy_value','confusion accuracy');
#8502 = PRODUCT_RELATED_PRODUCT_CATEGORY('part',$,(#7));
ENDSEC;
END-ISO-10303-21;
